TP1_MeanHU,TP2_MeanHU,TP3_MeanHU,TP4_MeanHU,TP5_MeanHU,TP6_MeanHU,TP1_MeanSUV,TP2_MeanSUV,TP3_MeanSUV,TP4_MeanSUV,TP5_MeanSUV,TP6_MeanSUV,Compound,Lesion,AUC25_butyrate_Constant,AUC25_butyrate_Termil,AUC25_valerate_Constant,AUC25_valerate_Termil,AUC25_cholesterol_Constant,AUC25_cholesterol_Termil,AUC25_acidic_Constant,AUC25_acidic_Termil,AUC25_standard_ConstantTermil,AUC25_dormancy_Constant,AUC25_dormancy_Termil,GRinf_butyrate_Constant,GRinf_butyrate_Termil,GRinf_valerate_Constant,GRinf_valerate_Termil,GRinf_cholesterol_Constant,GRinf_cholesterol_Termil,GRinf_acidic_Constant,GRinf_acidic_Termil,GRinf_standard_ConstantTermil,GRinf_dormancy_Constant,GRinf_dormancy_Termil,LoeweFIC50_butyrate_Constant,LoeweFIC50_butyrate_Termil,LoeweFIC50_valerate_Constant,LoeweFIC50_valerate_Termil,LoeweFIC50_cholesterol_Constant,LoeweFIC50_cholesterol_Termil,LoeweFIC50_acidic_Constant,LoeweFIC50_acidic_Termil,LoeweFIC50_standard_ConstantTermil,LoeweFIC50_dormancy_Constant,LoeweFIC50_dormancy_Termil,LoeweFIC90_butyrate_Constant,LoeweFIC90_butyrate_Termil,LoeweFIC90_valerate_Constant,LoeweFIC90_valerate_Termil,LoeweFIC90_cholesterol_Constant,LoeweFIC90_cholesterol_Termil,LoeweFIC90_acidic_Constant,LoeweFIC90_acidic_Termil,LoeweFIC90_standard_ConstantTermil,LoeweFIC90_dormancy_Constant,LoeweFIC90_dormancy_Termil,casAUC25_butyrateSimplePK_Constant,casAUC25_butyrateSimplePK_Termil,casAUC25_cholesterolSimplePK_Constant,casAUC25_cholesterolSimplePK_Termil,casAUC25_dormancySimplePK_Constant,casAUC25_dormancySimplePK_Termil,casGRinf_butyrateSimplePK_Constant,casGRinf_butyrateSimplePK_Termil,casGRinf_cholesterolSimplePK_Constant,casGRinf_cholesterolSimplePK_Termil,casGRinf_dormancySimplePK_Constant,casGRinf_dormancySimplePK_Termil,cellAUC25_butyrateSimplePK_Constant,cellAUC25_butyrateSimplePK_Termil,cellAUC25_cholesterolSimplePK_Constant,cellAUC25_cholesterolSimplePK_Termil,cellAUC25_dormancySimplePK_Constant,cellAUC25_dormancySimplePK_Termil,cellGRinf_butyrateSimplePK_Constant,cellGRinf_butyrateSimplePK_Termil,cellGRinf_cholesterolSimplePK_Constant,cellGRinf_cholesterolSimplePK_Termil,cellGRinf_dormancySimplePK_Constant,cellGRinf_dormancySimplePK_Termil,AcidicNequip_Einf,AcidicNequip_AUC50,AcidicNequip_FBC50,AcidicNequip_FBC90,NeutralHequip_Einf,NeutralHequip_AUC50,NeutralHequip_FBC50,NeutralHequip_FBC90,NeutralNequip_Einf,NeutralNequip_AUC50,NeutralNequip_FBC50,NeutralNequip_FBC90,AcidicNcasPK_Einf,AcidicNcasPK_AUC50,AcidicNcasPK_FBC50,AcidicNcasPK_FBC90,NeutralHcasPK_Einf,NeutralHcasPK_AUC50,NeutralHcasPK_FBC50,NeutralHcasPK_FBC90,NeutralNcasPK_Einf,NeutralNcasPK_AUC50,NeutralNcasPK_FBC50,NeutralNcasPK_FBC90,AcidicNcellPK_Einf,AcidicNcellPK_AUC50,AcidicNcellPK_FBC50,AcidicNcellPK_FBC90,NeutralHcellPK_Einf,NeutralHcellPK_AUC50,NeutralHcellPK_FBC50,NeutralHcellPK_FBC90,NeutralNcellPK_Einf,NeutralNcellPK_AUC50,NeutralNcellPK_FBC50,NeutralNcellPK_FBC90
-208.52,-76.17,-77.45,-132.62,-162.28,-210.28,1.31,4.1,1.93,1.41,1.13,0.89,BDQ+DEL,1,0.066738245,0.054897507,0.129540288,0.103106057,0.047607266,0.077539015,0.116972635,0.075398735,0.062446104,0.064241929,0.096081323,-0.024765653,-0.025646494,-0.102944355,-0.139567566,-0.867823017,-0.719430601,-0.349288873,-0.267151859,0.037952754,0.336276107,0.226721692,-0.189892589,-0.391838993,0.113831583,-0.12889138,0.193836888,-0.117843217,0.629486401,0.522360516,-0.047331117,0.324835689,0.939171867,-1.178440151,-0.888690772,-0.319322694,0.074107138,0.088213263,0.477301199,,-0.043878673,-0.313991862,0.336870825,-0.061218301,0.0384097,0.026120058,,0.028008047,0.121114471,0.02996368,-0.064198707,-0.069739397,,-0.936064123,-0.026162858,0.05918336,0.073997712,0.05208999,,0.026018368,0.072378709,0.042489381,-0.12866464,-0.114859987,,-1.0,0.055436756,0.083823009,0.99894653,0.11447463,-0.06542945,0.244341006,0.993185276,0.10888519,-0.583278238,-0.129190935,0.999999189,0.062011864,-0.392537739,-0.805366727,0.997028648,0.092845489,0.345736366,-0.03117601,0.999998643,0.062280254,-0.554563211,-0.230781627,0.999404104,0.06192135,0.07732708,-1.118329222,0.998587248,0.106440583,-0.284940719,-0.674125874,0.994633257,0.089510204,-1.013238678,-1.021436971,0.99861594,0.06195261,-0.84893296,-1.397943855
-278.8,-19.58,-5.36,-47.47,-66.73,-147.61,1.19,5.02,4.24,3.26,3.24,2.07,BDQ+DEL,1,0.066738245,0.054897507,0.129540288,0.103106057,0.047607266,0.077539015,0.116972635,0.075398735,0.062446104,0.064241929,0.096081323,-0.024765653,-0.025646494,-0.102944355,-0.139567566,-0.867823017,-0.719430601,-0.349288873,-0.267151859,0.037952754,0.336276107,0.226721692,-0.189892589,-0.391838993,0.113831583,-0.12889138,0.193836888,-0.117843217,0.629486401,0.522360516,-0.047331117,0.324835689,0.939171867,-1.178440151,-0.888690772,-0.319322694,0.074107138,0.088213263,0.477301199,,-0.043878673,-0.313991862,0.336870825,-0.061218301,0.0384097,0.026120058,,0.028008047,0.121114471,0.02996368,-0.064198707,-0.069739397,,-0.936064123,-0.026162858,0.05918336,0.073997712,0.05208999,,0.026018368,0.072378709,0.042489381,-0.12866464,-0.114859987,,-1.0,0.055436756,0.083823009,0.99894653,0.11447463,-0.06542945,0.244341006,0.993185276,0.10888519,-0.583278238,-0.129190935,0.999999189,0.062011864,-0.392537739,-0.805366727,0.997028648,0.092845489,0.345736366,-0.03117601,0.999998643,0.062280254,-0.554563211,-0.230781627,0.999404104,0.06192135,0.07732708,-1.118329222,0.998587248,0.106440583,-0.284940719,-0.674125874,0.994633257,0.089510204,-1.013238678,-1.021436971,0.99861594,0.06195261,-0.84893296,-1.397943855
-137.5,-68.46,-66.93,-138.0,-182.86,-284.63,1.9,2.68,1.99,1.5,1.38,0.67,BDQ+DEL,1,0.066738245,0.054897507,0.129540288,0.103106057,0.047607266,0.077539015,0.116972635,0.075398735,0.062446104,0.064241929,0.096081323,-0.024765653,-0.025646494,-0.102944355,-0.139567566,-0.867823017,-0.719430601,-0.349288873,-0.267151859,0.037952754,0.336276107,0.226721692,-0.189892589,-0.391838993,0.113831583,-0.12889138,0.193836888,-0.117843217,0.629486401,0.522360516,-0.047331117,0.324835689,0.939171867,-1.178440151,-0.888690772,-0.319322694,0.074107138,0.088213263,0.477301199,,-0.043878673,-0.313991862,0.336870825,-0.061218301,0.0384097,0.026120058,,0.028008047,0.121114471,0.02996368,-0.064198707,-0.069739397,,-0.936064123,-0.026162858,0.05918336,0.073997712,0.05208999,,0.026018368,0.072378709,0.042489381,-0.12866464,-0.114859987,,-1.0,0.055436756,0.083823009,0.99894653,0.11447463,-0.06542945,0.244341006,0.993185276,0.10888519,-0.583278238,-0.129190935,0.999999189,0.062011864,-0.392537739,-0.805366727,0.997028648,0.092845489,0.345736366,-0.03117601,0.999998643,0.062280254,-0.554563211,-0.230781627,0.999404104,0.06192135,0.07732708,-1.118329222,0.998587248,0.106440583,-0.284940719,-0.674125874,0.994633257,0.089510204,-1.013238678,-1.021436971,0.99861594,0.06195261,-0.84893296,-1.397943855
-316.78,-122.14,-162.77,-173.3,-204.56,-198.55,0.67,2.2,1.2,1.19,0.86,0.85,BDQ+DEL,2,0.066738245,0.054897507,0.129540288,0.103106057,0.047607266,0.077539015,0.116972635,0.075398735,0.062446104,0.064241929,0.096081323,-0.024765653,-0.025646494,-0.102944355,-0.139567566,-0.867823017,-0.719430601,-0.349288873,-0.267151859,0.037952754,0.336276107,0.226721692,-0.189892589,-0.391838993,0.113831583,-0.12889138,0.193836888,-0.117843217,0.629486401,0.522360516,-0.047331117,0.324835689,0.939171867,-1.178440151,-0.888690772,-0.319322694,0.074107138,0.088213263,0.477301199,,-0.043878673,-0.313991862,0.336870825,-0.061218301,0.0384097,0.026120058,,0.028008047,0.121114471,0.02996368,-0.064198707,-0.069739397,,-0.936064123,-0.026162858,0.05918336,0.073997712,0.05208999,,0.026018368,0.072378709,0.042489381,-0.12866464,-0.114859987,,-1.0,0.055436756,0.083823009,0.99894653,0.11447463,-0.06542945,0.244341006,0.993185276,0.10888519,-0.583278238,-0.129190935,0.999999189,0.062011864,-0.392537739,-0.805366727,0.997028648,0.092845489,0.345736366,-0.03117601,0.999998643,0.062280254,-0.554563211,-0.230781627,0.999404104,0.06192135,0.07732708,-1.118329222,0.998587248,0.106440583,-0.284940719,-0.674125874,0.994633257,0.089510204,-1.013238678,-1.021436971,0.99861594,0.06195261,-0.84893296,-1.397943855
-219.1,-91.42,-84.93,-124.59,-149.81,-199.0,0.92,2.95,1.87,1.19,1.14,0.83,BDQ+DEL,2,0.066738245,0.054897507,0.129540288,0.103106057,0.047607266,0.077539015,0.116972635,0.075398735,0.062446104,0.064241929,0.096081323,-0.024765653,-0.025646494,-0.102944355,-0.139567566,-0.867823017,-0.719430601,-0.349288873,-0.267151859,0.037952754,0.336276107,0.226721692,-0.189892589,-0.391838993,0.113831583,-0.12889138,0.193836888,-0.117843217,0.629486401,0.522360516,-0.047331117,0.324835689,0.939171867,-1.178440151,-0.888690772,-0.319322694,0.074107138,0.088213263,0.477301199,,-0.043878673,-0.313991862,0.336870825,-0.061218301,0.0384097,0.026120058,,0.028008047,0.121114471,0.02996368,-0.064198707,-0.069739397,,-0.936064123,-0.026162858,0.05918336,0.073997712,0.05208999,,0.026018368,0.072378709,0.042489381,-0.12866464,-0.114859987,,-1.0,0.055436756,0.083823009,0.99894653,0.11447463,-0.06542945,0.244341006,0.993185276,0.10888519,-0.583278238,-0.129190935,0.999999189,0.062011864,-0.392537739,-0.805366727,0.997028648,0.092845489,0.345736366,-0.03117601,0.999998643,0.062280254,-0.554563211,-0.230781627,0.999404104,0.06192135,0.07732708,-1.118329222,0.998587248,0.106440583,-0.284940719,-0.674125874,0.994633257,0.089510204,-1.013238678,-1.021436971,0.99861594,0.06195261,-0.84893296,-1.397943855
-266.68,-102.94,-47.68,-79.89,-133.1,-167.97,0.61,4.19,3.91,3.24,2.63,1.69,BDQ+DEL,2,0.066738245,0.054897507,0.129540288,0.103106057,0.047607266,0.077539015,0.116972635,0.075398735,0.062446104,0.064241929,0.096081323,-0.024765653,-0.025646494,-0.102944355,-0.139567566,-0.867823017,-0.719430601,-0.349288873,-0.267151859,0.037952754,0.336276107,0.226721692,-0.189892589,-0.391838993,0.113831583,-0.12889138,0.193836888,-0.117843217,0.629486401,0.522360516,-0.047331117,0.324835689,0.939171867,-1.178440151,-0.888690772,-0.319322694,0.074107138,0.088213263,0.477301199,,-0.043878673,-0.313991862,0.336870825,-0.061218301,0.0384097,0.026120058,,0.028008047,0.121114471,0.02996368,-0.064198707,-0.069739397,,-0.936064123,-0.026162858,0.05918336,0.073997712,0.05208999,,0.026018368,0.072378709,0.042489381,-0.12866464,-0.114859987,,-1.0,0.055436756,0.083823009,0.99894653,0.11447463,-0.06542945,0.244341006,0.993185276,0.10888519,-0.583278238,-0.129190935,0.999999189,0.062011864,-0.392537739,-0.805366727,0.997028648,0.092845489,0.345736366,-0.03117601,0.999998643,0.062280254,-0.554563211,-0.230781627,0.999404104,0.06192135,0.07732708,-1.118329222,0.998587248,0.106440583,-0.284940719,-0.674125874,0.994633257,0.089510204,-1.013238678,-1.021436971,0.99861594,0.06195261,-0.84893296,-1.397943855
-245.28,-138.08,-98.51,-154.46,-312.52,-353.77,0.98,3.5,3.17,2.18,1.21,0.94,BDQ+DEL,3,0.066738245,0.054897507,0.129540288,0.103106057,0.047607266,0.077539015,0.116972635,0.075398735,0.062446104,0.064241929,0.096081323,-0.024765653,-0.025646494,-0.102944355,-0.139567566,-0.867823017,-0.719430601,-0.349288873,-0.267151859,0.037952754,0.336276107,0.226721692,-0.189892589,-0.391838993,0.113831583,-0.12889138,0.193836888,-0.117843217,0.629486401,0.522360516,-0.047331117,0.324835689,0.939171867,-1.178440151,-0.888690772,-0.319322694,0.074107138,0.088213263,0.477301199,,-0.043878673,-0.313991862,0.336870825,-0.061218301,0.0384097,0.026120058,,0.028008047,0.121114471,0.02996368,-0.064198707,-0.069739397,,-0.936064123,-0.026162858,0.05918336,0.073997712,0.05208999,,0.026018368,0.072378709,0.042489381,-0.12866464,-0.114859987,,-1.0,0.055436756,0.083823009,0.99894653,0.11447463,-0.06542945,0.244341006,0.993185276,0.10888519,-0.583278238,-0.129190935,0.999999189,0.062011864,-0.392537739,-0.805366727,0.997028648,0.092845489,0.345736366,-0.03117601,0.999998643,0.062280254,-0.554563211,-0.230781627,0.999404104,0.06192135,0.07732708,-1.118329222,0.998587248,0.106440583,-0.284940719,-0.674125874,0.994633257,0.089510204,-1.013238678,-1.021436971,0.99861594,0.06195261,-0.84893296,-1.397943855
-292.24,-180.36,-174.09,-166.26,-194.87,-200.04,1.21,2.34,1.38,1.3,1.41,1.32,BDQ+DEL,4,0.066738245,0.054897507,0.129540288,0.103106057,0.047607266,0.077539015,0.116972635,0.075398735,0.062446104,0.064241929,0.096081323,-0.024765653,-0.025646494,-0.102944355,-0.139567566,-0.867823017,-0.719430601,-0.349288873,-0.267151859,0.037952754,0.336276107,0.226721692,-0.189892589,-0.391838993,0.113831583,-0.12889138,0.193836888,-0.117843217,0.629486401,0.522360516,-0.047331117,0.324835689,0.939171867,-1.178440151,-0.888690772,-0.319322694,0.074107138,0.088213263,0.477301199,,-0.043878673,-0.313991862,0.336870825,-0.061218301,0.0384097,0.026120058,,0.028008047,0.121114471,0.02996368,-0.064198707,-0.069739397,,-0.936064123,-0.026162858,0.05918336,0.073997712,0.05208999,,0.026018368,0.072378709,0.042489381,-0.12866464,-0.114859987,,-1.0,0.055436756,0.083823009,0.99894653,0.11447463,-0.06542945,0.244341006,0.993185276,0.10888519,-0.583278238,-0.129190935,0.999999189,0.062011864,-0.392537739,-0.805366727,0.997028648,0.092845489,0.345736366,-0.03117601,0.999998643,0.062280254,-0.554563211,-0.230781627,0.999404104,0.06192135,0.07732708,-1.118329222,0.998587248,0.106440583,-0.284940719,-0.674125874,0.994633257,0.089510204,-1.013238678,-1.021436971,0.99861594,0.06195261,-0.84893296,-1.397943855
-139.46,-46.72,-96.39,-113.99,-128.58,-170.88,1.25,2.77,1.81,1.27,1.13,0.71,BDQ+DEL,6,0.066738245,0.054897507,0.129540288,0.103106057,0.047607266,0.077539015,0.116972635,0.075398735,0.062446104,0.064241929,0.096081323,-0.024765653,-0.025646494,-0.102944355,-0.139567566,-0.867823017,-0.719430601,-0.349288873,-0.267151859,0.037952754,0.336276107,0.226721692,-0.189892589,-0.391838993,0.113831583,-0.12889138,0.193836888,-0.117843217,0.629486401,0.522360516,-0.047331117,0.324835689,0.939171867,-1.178440151,-0.888690772,-0.319322694,0.074107138,0.088213263,0.477301199,,-0.043878673,-0.313991862,0.336870825,-0.061218301,0.0384097,0.026120058,,0.028008047,0.121114471,0.02996368,-0.064198707,-0.069739397,,-0.936064123,-0.026162858,0.05918336,0.073997712,0.05208999,,0.026018368,0.072378709,0.042489381,-0.12866464,-0.114859987,,-1.0,0.055436756,0.083823009,0.99894653,0.11447463,-0.06542945,0.244341006,0.993185276,0.10888519,-0.583278238,-0.129190935,0.999999189,0.062011864,-0.392537739,-0.805366727,0.997028648,0.092845489,0.345736366,-0.03117601,0.999998643,0.062280254,-0.554563211,-0.230781627,0.999404104,0.06192135,0.07732708,-1.118329222,0.998587248,0.106440583,-0.284940719,-0.674125874,0.994633257,0.089510204,-1.013238678,-1.021436971,0.99861594,0.06195261,-0.84893296,-1.397943855
-289.2,-186.22,-160.66,-200.9,-245.89,-263.42,1.05,1.72,1.52,0.93,0.56,0.47,BDQ+DEL,7,0.066738245,0.054897507,0.129540288,0.103106057,0.047607266,0.077539015,0.116972635,0.075398735,0.062446104,0.064241929,0.096081323,-0.024765653,-0.025646494,-0.102944355,-0.139567566,-0.867823017,-0.719430601,-0.349288873,-0.267151859,0.037952754,0.336276107,0.226721692,-0.189892589,-0.391838993,0.113831583,-0.12889138,0.193836888,-0.117843217,0.629486401,0.522360516,-0.047331117,0.324835689,0.939171867,-1.178440151,-0.888690772,-0.319322694,0.074107138,0.088213263,0.477301199,,-0.043878673,-0.313991862,0.336870825,-0.061218301,0.0384097,0.026120058,,0.028008047,0.121114471,0.02996368,-0.064198707,-0.069739397,,-0.936064123,-0.026162858,0.05918336,0.073997712,0.05208999,,0.026018368,0.072378709,0.042489381,-0.12866464,-0.114859987,,-1.0,0.055436756,0.083823009,0.99894653,0.11447463,-0.06542945,0.244341006,0.993185276,0.10888519,-0.583278238,-0.129190935,0.999999189,0.062011864,-0.392537739,-0.805366727,0.997028648,0.092845489,0.345736366,-0.03117601,0.999998643,0.062280254,-0.554563211,-0.230781627,0.999404104,0.06192135,0.07732708,-1.118329222,0.998587248,0.106440583,-0.284940719,-0.674125874,0.994633257,0.089510204,-1.013238678,-1.021436971,0.99861594,0.06195261,-0.84893296,-1.397943855
-191.14,-80.17,-144.66,-208.72,-234.18,-337.41,1.0,2.29,1.51,0.67,0.8,0.53,BDQ+DEL,7,0.066738245,0.054897507,0.129540288,0.103106057,0.047607266,0.077539015,0.116972635,0.075398735,0.062446104,0.064241929,0.096081323,-0.024765653,-0.025646494,-0.102944355,-0.139567566,-0.867823017,-0.719430601,-0.349288873,-0.267151859,0.037952754,0.336276107,0.226721692,-0.189892589,-0.391838993,0.113831583,-0.12889138,0.193836888,-0.117843217,0.629486401,0.522360516,-0.047331117,0.324835689,0.939171867,-1.178440151,-0.888690772,-0.319322694,0.074107138,0.088213263,0.477301199,,-0.043878673,-0.313991862,0.336870825,-0.061218301,0.0384097,0.026120058,,0.028008047,0.121114471,0.02996368,-0.064198707,-0.069739397,,-0.936064123,-0.026162858,0.05918336,0.073997712,0.05208999,,0.026018368,0.072378709,0.042489381,-0.12866464,-0.114859987,,-1.0,0.055436756,0.083823009,0.99894653,0.11447463,-0.06542945,0.244341006,0.993185276,0.10888519,-0.583278238,-0.129190935,0.999999189,0.062011864,-0.392537739,-0.805366727,0.997028648,0.092845489,0.345736366,-0.03117601,0.999998643,0.062280254,-0.554563211,-0.230781627,0.999404104,0.06192135,0.07732708,-1.118329222,0.998587248,0.106440583,-0.284940719,-0.674125874,0.994633257,0.089510204,-1.013238678,-1.021436971,0.99861594,0.06195261,-0.84893296,-1.397943855
-202.61,-106.31,-108.75,-106.54,-147.84,-179.12,1.01,2.35,1.43,1.19,0.9,0.67,BDQ+DEL,7,0.066738245,0.054897507,0.129540288,0.103106057,0.047607266,0.077539015,0.116972635,0.075398735,0.062446104,0.064241929,0.096081323,-0.024765653,-0.025646494,-0.102944355,-0.139567566,-0.867823017,-0.719430601,-0.349288873,-0.267151859,0.037952754,0.336276107,0.226721692,-0.189892589,-0.391838993,0.113831583,-0.12889138,0.193836888,-0.117843217,0.629486401,0.522360516,-0.047331117,0.324835689,0.939171867,-1.178440151,-0.888690772,-0.319322694,0.074107138,0.088213263,0.477301199,,-0.043878673,-0.313991862,0.336870825,-0.061218301,0.0384097,0.026120058,,0.028008047,0.121114471,0.02996368,-0.064198707,-0.069739397,,-0.936064123,-0.026162858,0.05918336,0.073997712,0.05208999,,0.026018368,0.072378709,0.042489381,-0.12866464,-0.114859987,,-1.0,0.055436756,0.083823009,0.99894653,0.11447463,-0.06542945,0.244341006,0.993185276,0.10888519,-0.583278238,-0.129190935,0.999999189,0.062011864,-0.392537739,-0.805366727,0.997028648,0.092845489,0.345736366,-0.03117601,0.999998643,0.062280254,-0.554563211,-0.230781627,0.999404104,0.06192135,0.07732708,-1.118329222,0.998587248,0.106440583,-0.284940719,-0.674125874,0.994633257,0.089510204,-1.013238678,-1.021436971,0.99861594,0.06195261,-0.84893296,-1.397943855
-166.12,-84.35,-90.26,-134.47,-127.32,-158.33,0.96,2.07,1.31,0.8,0.96,0.74,BDQ+DEL,8,0.066738245,0.054897507,0.129540288,0.103106057,0.047607266,0.077539015,0.116972635,0.075398735,0.062446104,0.064241929,0.096081323,-0.024765653,-0.025646494,-0.102944355,-0.139567566,-0.867823017,-0.719430601,-0.349288873,-0.267151859,0.037952754,0.336276107,0.226721692,-0.189892589,-0.391838993,0.113831583,-0.12889138,0.193836888,-0.117843217,0.629486401,0.522360516,-0.047331117,0.324835689,0.939171867,-1.178440151,-0.888690772,-0.319322694,0.074107138,0.088213263,0.477301199,,-0.043878673,-0.313991862,0.336870825,-0.061218301,0.0384097,0.026120058,,0.028008047,0.121114471,0.02996368,-0.064198707,-0.069739397,,-0.936064123,-0.026162858,0.05918336,0.073997712,0.05208999,,0.026018368,0.072378709,0.042489381,-0.12866464,-0.114859987,,-1.0,0.055436756,0.083823009,0.99894653,0.11447463,-0.06542945,0.244341006,0.993185276,0.10888519,-0.583278238,-0.129190935,0.999999189,0.062011864,-0.392537739,-0.805366727,0.997028648,0.092845489,0.345736366,-0.03117601,0.999998643,0.062280254,-0.554563211,-0.230781627,0.999404104,0.06192135,0.07732708,-1.118329222,0.998587248,0.106440583,-0.284940719,-0.674125874,0.994633257,0.089510204,-1.013238678,-1.021436971,0.99861594,0.06195261,-0.84893296,-1.397943855
-323.6,-235.04,-260.25,-323.99,-343.33,-411.08,0.61,2.47,0.91,0.62,0.61,0.54,BDQ+DEL,8,0.066738245,0.054897507,0.129540288,0.103106057,0.047607266,0.077539015,0.116972635,0.075398735,0.062446104,0.064241929,0.096081323,-0.024765653,-0.025646494,-0.102944355,-0.139567566,-0.867823017,-0.719430601,-0.349288873,-0.267151859,0.037952754,0.336276107,0.226721692,-0.189892589,-0.391838993,0.113831583,-0.12889138,0.193836888,-0.117843217,0.629486401,0.522360516,-0.047331117,0.324835689,0.939171867,-1.178440151,-0.888690772,-0.319322694,0.074107138,0.088213263,0.477301199,,-0.043878673,-0.313991862,0.336870825,-0.061218301,0.0384097,0.026120058,,0.028008047,0.121114471,0.02996368,-0.064198707,-0.069739397,,-0.936064123,-0.026162858,0.05918336,0.073997712,0.05208999,,0.026018368,0.072378709,0.042489381,-0.12866464,-0.114859987,,-1.0,0.055436756,0.083823009,0.99894653,0.11447463,-0.06542945,0.244341006,0.993185276,0.10888519,-0.583278238,-0.129190935,0.999999189,0.062011864,-0.392537739,-0.805366727,0.997028648,0.092845489,0.345736366,-0.03117601,0.999998643,0.062280254,-0.554563211,-0.230781627,0.999404104,0.06192135,0.07732708,-1.118329222,0.998587248,0.106440583,-0.284940719,-0.674125874,0.994633257,0.089510204,-1.013238678,-1.021436971,0.99861594,0.06195261,-0.84893296,-1.397943855
-256.24,-138.75,-133.93,-219.98,-273.4,-303.82,0.87,3.92,1.84,1.17,0.93,0.58,BDQ+DEL,10,0.066738245,0.054897507,0.129540288,0.103106057,0.047607266,0.077539015,0.116972635,0.075398735,0.062446104,0.064241929,0.096081323,-0.024765653,-0.025646494,-0.102944355,-0.139567566,-0.867823017,-0.719430601,-0.349288873,-0.267151859,0.037952754,0.336276107,0.226721692,-0.189892589,-0.391838993,0.113831583,-0.12889138,0.193836888,-0.117843217,0.629486401,0.522360516,-0.047331117,0.324835689,0.939171867,-1.178440151,-0.888690772,-0.319322694,0.074107138,0.088213263,0.477301199,,-0.043878673,-0.313991862,0.336870825,-0.061218301,0.0384097,0.026120058,,0.028008047,0.121114471,0.02996368,-0.064198707,-0.069739397,,-0.936064123,-0.026162858,0.05918336,0.073997712,0.05208999,,0.026018368,0.072378709,0.042489381,-0.12866464,-0.114859987,,-1.0,0.055436756,0.083823009,0.99894653,0.11447463,-0.06542945,0.244341006,0.993185276,0.10888519,-0.583278238,-0.129190935,0.999999189,0.062011864,-0.392537739,-0.805366727,0.997028648,0.092845489,0.345736366,-0.03117601,0.999998643,0.062280254,-0.554563211,-0.230781627,0.999404104,0.06192135,0.07732708,-1.118329222,0.998587248,0.106440583,-0.284940719,-0.674125874,0.994633257,0.089510204,-1.013238678,-1.021436971,0.99861594,0.06195261,-0.84893296,-1.397943855
-301.01,-129.52,-65.82,-176.37,-296.25,-396.86,0.52,4.48,3.32,2.51,1.52,0.98,BDQ+DEL,11,0.066738245,0.054897507,0.129540288,0.103106057,0.047607266,0.077539015,0.116972635,0.075398735,0.062446104,0.064241929,0.096081323,-0.024765653,-0.025646494,-0.102944355,-0.139567566,-0.867823017,-0.719430601,-0.349288873,-0.267151859,0.037952754,0.336276107,0.226721692,-0.189892589,-0.391838993,0.113831583,-0.12889138,0.193836888,-0.117843217,0.629486401,0.522360516,-0.047331117,0.324835689,0.939171867,-1.178440151,-0.888690772,-0.319322694,0.074107138,0.088213263,0.477301199,,-0.043878673,-0.313991862,0.336870825,-0.061218301,0.0384097,0.026120058,,0.028008047,0.121114471,0.02996368,-0.064198707,-0.069739397,,-0.936064123,-0.026162858,0.05918336,0.073997712,0.05208999,,0.026018368,0.072378709,0.042489381,-0.12866464,-0.114859987,,-1.0,0.055436756,0.083823009,0.99894653,0.11447463,-0.06542945,0.244341006,0.993185276,0.10888519,-0.583278238,-0.129190935,0.999999189,0.062011864,-0.392537739,-0.805366727,0.997028648,0.092845489,0.345736366,-0.03117601,0.999998643,0.062280254,-0.554563211,-0.230781627,0.999404104,0.06192135,0.07732708,-1.118329222,0.998587248,0.106440583,-0.284940719,-0.674125874,0.994633257,0.089510204,-1.013238678,-1.021436971,0.99861594,0.06195261,-0.84893296,-1.397943855
-202.26,-45.01,-97.02,-154.64,-158.42,-197.3,1.24,4.22,2.01,1.34,1.1,0.85,BDQ+DEL,12,0.066738245,0.054897507,0.129540288,0.103106057,0.047607266,0.077539015,0.116972635,0.075398735,0.062446104,0.064241929,0.096081323,-0.024765653,-0.025646494,-0.102944355,-0.139567566,-0.867823017,-0.719430601,-0.349288873,-0.267151859,0.037952754,0.336276107,0.226721692,-0.189892589,-0.391838993,0.113831583,-0.12889138,0.193836888,-0.117843217,0.629486401,0.522360516,-0.047331117,0.324835689,0.939171867,-1.178440151,-0.888690772,-0.319322694,0.074107138,0.088213263,0.477301199,,-0.043878673,-0.313991862,0.336870825,-0.061218301,0.0384097,0.026120058,,0.028008047,0.121114471,0.02996368,-0.064198707,-0.069739397,,-0.936064123,-0.026162858,0.05918336,0.073997712,0.05208999,,0.026018368,0.072378709,0.042489381,-0.12866464,-0.114859987,,-1.0,0.055436756,0.083823009,0.99894653,0.11447463,-0.06542945,0.244341006,0.993185276,0.10888519,-0.583278238,-0.129190935,0.999999189,0.062011864,-0.392537739,-0.805366727,0.997028648,0.092845489,0.345736366,-0.03117601,0.999998643,0.062280254,-0.554563211,-0.230781627,0.999404104,0.06192135,0.07732708,-1.118329222,0.998587248,0.106440583,-0.284940719,-0.674125874,0.994633257,0.089510204,-1.013238678,-1.021436971,0.99861594,0.06195261,-0.84893296,-1.397943855
-353.98,-142.29,-137.62,-238.3,-219.61,-246.88,0.56,3.24,1.55,0.69,0.63,0.64,BDQ+DEL,15,0.066738245,0.054897507,0.129540288,0.103106057,0.047607266,0.077539015,0.116972635,0.075398735,0.062446104,0.064241929,0.096081323,-0.024765653,-0.025646494,-0.102944355,-0.139567566,-0.867823017,-0.719430601,-0.349288873,-0.267151859,0.037952754,0.336276107,0.226721692,-0.189892589,-0.391838993,0.113831583,-0.12889138,0.193836888,-0.117843217,0.629486401,0.522360516,-0.047331117,0.324835689,0.939171867,-1.178440151,-0.888690772,-0.319322694,0.074107138,0.088213263,0.477301199,,-0.043878673,-0.313991862,0.336870825,-0.061218301,0.0384097,0.026120058,,0.028008047,0.121114471,0.02996368,-0.064198707,-0.069739397,,-0.936064123,-0.026162858,0.05918336,0.073997712,0.05208999,,0.026018368,0.072378709,0.042489381,-0.12866464,-0.114859987,,-1.0,0.055436756,0.083823009,0.99894653,0.11447463,-0.06542945,0.244341006,0.993185276,0.10888519,-0.583278238,-0.129190935,0.999999189,0.062011864,-0.392537739,-0.805366727,0.997028648,0.092845489,0.345736366,-0.03117601,0.999998643,0.062280254,-0.554563211,-0.230781627,0.999404104,0.06192135,0.07732708,-1.118329222,0.998587248,0.106440583,-0.284940719,-0.674125874,0.994633257,0.089510204,-1.013238678,-1.021436971,0.99861594,0.06195261,-0.84893296,-1.397943855
-327.71,-84.75,-84.6,-133.84,-204.28,-108.28,1.03,3.08,2.0,1.69,1.47,1.93,BDQ+DEL,18,0.066738245,0.054897507,0.129540288,0.103106057,0.047607266,0.077539015,0.116972635,0.075398735,0.062446104,0.064241929,0.096081323,-0.024765653,-0.025646494,-0.102944355,-0.139567566,-0.867823017,-0.719430601,-0.349288873,-0.267151859,0.037952754,0.336276107,0.226721692,-0.189892589,-0.391838993,0.113831583,-0.12889138,0.193836888,-0.117843217,0.629486401,0.522360516,-0.047331117,0.324835689,0.939171867,-1.178440151,-0.888690772,-0.319322694,0.074107138,0.088213263,0.477301199,,-0.043878673,-0.313991862,0.336870825,-0.061218301,0.0384097,0.026120058,,0.028008047,0.121114471,0.02996368,-0.064198707,-0.069739397,,-0.936064123,-0.026162858,0.05918336,0.073997712,0.05208999,,0.026018368,0.072378709,0.042489381,-0.12866464,-0.114859987,,-1.0,0.055436756,0.083823009,0.99894653,0.11447463,-0.06542945,0.244341006,0.993185276,0.10888519,-0.583278238,-0.129190935,0.999999189,0.062011864,-0.392537739,-0.805366727,0.997028648,0.092845489,0.345736366,-0.03117601,0.999998643,0.062280254,-0.554563211,-0.230781627,0.999404104,0.06192135,0.07732708,-1.118329222,0.998587248,0.106440583,-0.284940719,-0.674125874,0.994633257,0.089510204,-1.013238678,-1.021436971,0.99861594,0.06195261,-0.84893296,-1.397943855
-310.4,-179.5,-213.08,-258.64,-296.94,-312.08,0.88,1.92,0.9,0.61,0.51,0.49,BDQ+DEL,24,0.066738245,0.054897507,0.129540288,0.103106057,0.047607266,0.077539015,0.116972635,0.075398735,0.062446104,0.064241929,0.096081323,-0.024765653,-0.025646494,-0.102944355,-0.139567566,-0.867823017,-0.719430601,-0.349288873,-0.267151859,0.037952754,0.336276107,0.226721692,-0.189892589,-0.391838993,0.113831583,-0.12889138,0.193836888,-0.117843217,0.629486401,0.522360516,-0.047331117,0.324835689,0.939171867,-1.178440151,-0.888690772,-0.319322694,0.074107138,0.088213263,0.477301199,,-0.043878673,-0.313991862,0.336870825,-0.061218301,0.0384097,0.026120058,,0.028008047,0.121114471,0.02996368,-0.064198707,-0.069739397,,-0.936064123,-0.026162858,0.05918336,0.073997712,0.05208999,,0.026018368,0.072378709,0.042489381,-0.12866464,-0.114859987,,-1.0,0.055436756,0.083823009,0.99894653,0.11447463,-0.06542945,0.244341006,0.993185276,0.10888519,-0.583278238,-0.129190935,0.999999189,0.062011864,-0.392537739,-0.805366727,0.997028648,0.092845489,0.345736366,-0.03117601,0.999998643,0.062280254,-0.554563211,-0.230781627,0.999404104,0.06192135,0.07732708,-1.118329222,0.998587248,0.106440583,-0.284940719,-0.674125874,0.994633257,0.089510204,-1.013238678,-1.021436971,0.99861594,0.06195261,-0.84893296,-1.397943855
-238.82,-35.64,36.61,-0.07,-52.08,-81.67,2.34,4.15,0.4,2.7,2.31,1.97,BDQ+LIN,1,0.047103193,0.046819394,0.093142547,0.057815086,0.110734367,0.118155867,0.10343594,0.095277661,0.0706432,0.044370962,0.026550318,-0.012032825,-0.011972153,-0.024144959,-0.030614166,-0.999999997,-0.886909373,-0.485343292,-0.291648649,0.071249953,0.005339908,0.527468367,0.690060489,0.83166491,0.162871207,0.408500362,0.392806727,-0.30288019,0.42014505,0.392008204,0.211909261,0.439176172,0.199895726,0.505437244,0.978963754,0.739791145,0.572034541,0.745563565,0.731729563,,0.561233029,,0.133829662,-0.583627402,0.086047973,0.052984104,0.092311049,0.082699024,0.115102616,0.036504946,-0.158353823,-0.15608316,-1.0,-1.0,0.041564462,0.152200142,0.069831162,0.05183733,0.026137739,0.026292718,0.096816884,0.066050909,-0.164629778,-0.147966773,-1.0,-0.999999958,0.038360952,-0.007325865,0.974384721,0.081479339,1.682491697,0.31049405,0.95959375,0.068938181,-0.11488982,-0.365937087,0.999834078,0.205298012,-1.075123185,-1.148931945,0.986456831,0.216435814,-1.486796902,-0.709365233,0.999993363,0.091271232,-0.321997225,-2.0,0.997415634,0.062916753,0.805526351,0.275760713,0.984947331,0.092172363,-1.785686274,-1.975519543,0.996105249,0.073672394,-0.616302794,-2.0,0.999959495,0.186365876,-0.358076227,-0.2598661
-281.92,-174.69,-161.64,-199.97,-263.87,-285.85,0.74,2.94,1.36,0.83,0.47,0.35,BDQ+LIN,1,0.047103193,0.046819394,0.093142547,0.057815086,0.110734367,0.118155867,0.10343594,0.095277661,0.0706432,0.044370962,0.026550318,-0.012032825,-0.011972153,-0.024144959,-0.030614166,-0.999999997,-0.886909373,-0.485343292,-0.291648649,0.071249953,0.005339908,0.527468367,0.690060489,0.83166491,0.162871207,0.408500362,0.392806727,-0.30288019,0.42014505,0.392008204,0.211909261,0.439176172,0.199895726,0.505437244,0.978963754,0.739791145,0.572034541,0.745563565,0.731729563,,0.561233029,,0.133829662,-0.583627402,0.086047973,0.052984104,0.092311049,0.082699024,0.115102616,0.036504946,-0.158353823,-0.15608316,-1.0,-1.0,0.041564462,0.152200142,0.069831162,0.05183733,0.026137739,0.026292718,0.096816884,0.066050909,-0.164629778,-0.147966773,-1.0,-0.999999958,0.038360952,-0.007325865,0.974384721,0.081479339,1.682491697,0.31049405,0.95959375,0.068938181,-0.11488982,-0.365937087,0.999834078,0.205298012,-1.075123185,-1.148931945,0.986456831,0.216435814,-1.486796902,-0.709365233,0.999993363,0.091271232,-0.321997225,-2.0,0.997415634,0.062916753,0.805526351,0.275760713,0.984947331,0.092172363,-1.785686274,-1.975519543,0.996105249,0.073672394,-0.616302794,-2.0,0.999959495,0.186365876,-0.358076227,-0.2598661
-294.24,-161.93,-166.03,-227.24,-308.08,-259.19,1.08,2.43,2.87,0.95,0.43,0.59,BDQ+LIN,3,0.047103193,0.046819394,0.093142547,0.057815086,0.110734367,0.118155867,0.10343594,0.095277661,0.0706432,0.044370962,0.026550318,-0.012032825,-0.011972153,-0.024144959,-0.030614166,-0.999999997,-0.886909373,-0.485343292,-0.291648649,0.071249953,0.005339908,0.527468367,0.690060489,0.83166491,0.162871207,0.408500362,0.392806727,-0.30288019,0.42014505,0.392008204,0.211909261,0.439176172,0.199895726,0.505437244,0.978963754,0.739791145,0.572034541,0.745563565,0.731729563,,0.561233029,,0.133829662,-0.583627402,0.086047973,0.052984104,0.092311049,0.082699024,0.115102616,0.036504946,-0.158353823,-0.15608316,-1.0,-1.0,0.041564462,0.152200142,0.069831162,0.05183733,0.026137739,0.026292718,0.096816884,0.066050909,-0.164629778,-0.147966773,-1.0,-0.999999958,0.038360952,-0.007325865,0.974384721,0.081479339,1.682491697,0.31049405,0.95959375,0.068938181,-0.11488982,-0.365937087,0.999834078,0.205298012,-1.075123185,-1.148931945,0.986456831,0.216435814,-1.486796902,-0.709365233,0.999993363,0.091271232,-0.321997225,-2.0,0.997415634,0.062916753,0.805526351,0.275760713,0.984947331,0.092172363,-1.785686274,-1.975519543,0.996105249,0.073672394,-0.616302794,-2.0,0.999959495,0.186365876,-0.358076227,-0.2598661
-297.51,-102.13,-204.29,-282.45,-316.39,-357.77,0.76,3.45,1.52,1.01,0.64,0.47,BDQ+LIN,3,0.047103193,0.046819394,0.093142547,0.057815086,0.110734367,0.118155867,0.10343594,0.095277661,0.0706432,0.044370962,0.026550318,-0.012032825,-0.011972153,-0.024144959,-0.030614166,-0.999999997,-0.886909373,-0.485343292,-0.291648649,0.071249953,0.005339908,0.527468367,0.690060489,0.83166491,0.162871207,0.408500362,0.392806727,-0.30288019,0.42014505,0.392008204,0.211909261,0.439176172,0.199895726,0.505437244,0.978963754,0.739791145,0.572034541,0.745563565,0.731729563,,0.561233029,,0.133829662,-0.583627402,0.086047973,0.052984104,0.092311049,0.082699024,0.115102616,0.036504946,-0.158353823,-0.15608316,-1.0,-1.0,0.041564462,0.152200142,0.069831162,0.05183733,0.026137739,0.026292718,0.096816884,0.066050909,-0.164629778,-0.147966773,-1.0,-0.999999958,0.038360952,-0.007325865,0.974384721,0.081479339,1.682491697,0.31049405,0.95959375,0.068938181,-0.11488982,-0.365937087,0.999834078,0.205298012,-1.075123185,-1.148931945,0.986456831,0.216435814,-1.486796902,-0.709365233,0.999993363,0.091271232,-0.321997225,-2.0,0.997415634,0.062916753,0.805526351,0.275760713,0.984947331,0.092172363,-1.785686274,-1.975519543,0.996105249,0.073672394,-0.616302794,-2.0,0.999959495,0.186365876,-0.358076227,-0.2598661
-168.4,-124.62,-60.05,-91.78,-184.87,-173.7,1.64,2.75,3.13,1.32,0.94,0.94,BDQ+LIN,5,0.047103193,0.046819394,0.093142547,0.057815086,0.110734367,0.118155867,0.10343594,0.095277661,0.0706432,0.044370962,0.026550318,-0.012032825,-0.011972153,-0.024144959,-0.030614166,-0.999999997,-0.886909373,-0.485343292,-0.291648649,0.071249953,0.005339908,0.527468367,0.690060489,0.83166491,0.162871207,0.408500362,0.392806727,-0.30288019,0.42014505,0.392008204,0.211909261,0.439176172,0.199895726,0.505437244,0.978963754,0.739791145,0.572034541,0.745563565,0.731729563,,0.561233029,,0.133829662,-0.583627402,0.086047973,0.052984104,0.092311049,0.082699024,0.115102616,0.036504946,-0.158353823,-0.15608316,-1.0,-1.0,0.041564462,0.152200142,0.069831162,0.05183733,0.026137739,0.026292718,0.096816884,0.066050909,-0.164629778,-0.147966773,-1.0,-0.999999958,0.038360952,-0.007325865,0.974384721,0.081479339,1.682491697,0.31049405,0.95959375,0.068938181,-0.11488982,-0.365937087,0.999834078,0.205298012,-1.075123185,-1.148931945,0.986456831,0.216435814,-1.486796902,-0.709365233,0.999993363,0.091271232,-0.321997225,-2.0,0.997415634,0.062916753,0.805526351,0.275760713,0.984947331,0.092172363,-1.785686274,-1.975519543,0.996105249,0.073672394,-0.616302794,-2.0,0.999959495,0.186365876,-0.358076227,-0.2598661
-213.19,-117.38,-121.5,-116.34,-164.0,-142.78,0.99,1.86,1.1,0.82,0.69,0.76,BDQ+LIN,5,0.047103193,0.046819394,0.093142547,0.057815086,0.110734367,0.118155867,0.10343594,0.095277661,0.0706432,0.044370962,0.026550318,-0.012032825,-0.011972153,-0.024144959,-0.030614166,-0.999999997,-0.886909373,-0.485343292,-0.291648649,0.071249953,0.005339908,0.527468367,0.690060489,0.83166491,0.162871207,0.408500362,0.392806727,-0.30288019,0.42014505,0.392008204,0.211909261,0.439176172,0.199895726,0.505437244,0.978963754,0.739791145,0.572034541,0.745563565,0.731729563,,0.561233029,,0.133829662,-0.583627402,0.086047973,0.052984104,0.092311049,0.082699024,0.115102616,0.036504946,-0.158353823,-0.15608316,-1.0,-1.0,0.041564462,0.152200142,0.069831162,0.05183733,0.026137739,0.026292718,0.096816884,0.066050909,-0.164629778,-0.147966773,-1.0,-0.999999958,0.038360952,-0.007325865,0.974384721,0.081479339,1.682491697,0.31049405,0.95959375,0.068938181,-0.11488982,-0.365937087,0.999834078,0.205298012,-1.075123185,-1.148931945,0.986456831,0.216435814,-1.486796902,-0.709365233,0.999993363,0.091271232,-0.321997225,-2.0,0.997415634,0.062916753,0.805526351,0.275760713,0.984947331,0.092172363,-1.785686274,-1.975519543,0.996105249,0.073672394,-0.616302794,-2.0,0.999959495,0.186365876,-0.358076227,-0.2598661
-247.73,-84.47,-45.81,-98.66,-162.31,-232.54,0.84,4.12,2.21,1.35,0.65,0.45,BDQ+LIN,6,0.047103193,0.046819394,0.093142547,0.057815086,0.110734367,0.118155867,0.10343594,0.095277661,0.0706432,0.044370962,0.026550318,-0.012032825,-0.011972153,-0.024144959,-0.030614166,-0.999999997,-0.886909373,-0.485343292,-0.291648649,0.071249953,0.005339908,0.527468367,0.690060489,0.83166491,0.162871207,0.408500362,0.392806727,-0.30288019,0.42014505,0.392008204,0.211909261,0.439176172,0.199895726,0.505437244,0.978963754,0.739791145,0.572034541,0.745563565,0.731729563,,0.561233029,,0.133829662,-0.583627402,0.086047973,0.052984104,0.092311049,0.082699024,0.115102616,0.036504946,-0.158353823,-0.15608316,-1.0,-1.0,0.041564462,0.152200142,0.069831162,0.05183733,0.026137739,0.026292718,0.096816884,0.066050909,-0.164629778,-0.147966773,-1.0,-0.999999958,0.038360952,-0.007325865,0.974384721,0.081479339,1.682491697,0.31049405,0.95959375,0.068938181,-0.11488982,-0.365937087,0.999834078,0.205298012,-1.075123185,-1.148931945,0.986456831,0.216435814,-1.486796902,-0.709365233,0.999993363,0.091271232,-0.321997225,-2.0,0.997415634,0.062916753,0.805526351,0.275760713,0.984947331,0.092172363,-1.785686274,-1.975519543,0.996105249,0.073672394,-0.616302794,-2.0,0.999959495,0.186365876,-0.358076227,-0.2598661
-305.94,-178.31,-94.41,-161.82,-177.69,-198.44,2.13,2.86,3.98,2.68,1.08,2.49,BDQ+LIN,7,0.047103193,0.046819394,0.093142547,0.057815086,0.110734367,0.118155867,0.10343594,0.095277661,0.0706432,0.044370962,0.026550318,-0.012032825,-0.011972153,-0.024144959,-0.030614166,-0.999999997,-0.886909373,-0.485343292,-0.291648649,0.071249953,0.005339908,0.527468367,0.690060489,0.83166491,0.162871207,0.408500362,0.392806727,-0.30288019,0.42014505,0.392008204,0.211909261,0.439176172,0.199895726,0.505437244,0.978963754,0.739791145,0.572034541,0.745563565,0.731729563,,0.561233029,,0.133829662,-0.583627402,0.086047973,0.052984104,0.092311049,0.082699024,0.115102616,0.036504946,-0.158353823,-0.15608316,-1.0,-1.0,0.041564462,0.152200142,0.069831162,0.05183733,0.026137739,0.026292718,0.096816884,0.066050909,-0.164629778,-0.147966773,-1.0,-0.999999958,0.038360952,-0.007325865,0.974384721,0.081479339,1.682491697,0.31049405,0.95959375,0.068938181,-0.11488982,-0.365937087,0.999834078,0.205298012,-1.075123185,-1.148931945,0.986456831,0.216435814,-1.486796902,-0.709365233,0.999993363,0.091271232,-0.321997225,-2.0,0.997415634,0.062916753,0.805526351,0.275760713,0.984947331,0.092172363,-1.785686274,-1.975519543,0.996105249,0.073672394,-0.616302794,-2.0,0.999959495,0.186365876,-0.358076227,-0.2598661
-192.28,-155.5,-135.55,-185.09,-221.71,-250.09,1.26,1.87,1.06,1.02,0.8,1.0,BDQ+LIN,7,0.047103193,0.046819394,0.093142547,0.057815086,0.110734367,0.118155867,0.10343594,0.095277661,0.0706432,0.044370962,0.026550318,-0.012032825,-0.011972153,-0.024144959,-0.030614166,-0.999999997,-0.886909373,-0.485343292,-0.291648649,0.071249953,0.005339908,0.527468367,0.690060489,0.83166491,0.162871207,0.408500362,0.392806727,-0.30288019,0.42014505,0.392008204,0.211909261,0.439176172,0.199895726,0.505437244,0.978963754,0.739791145,0.572034541,0.745563565,0.731729563,,0.561233029,,0.133829662,-0.583627402,0.086047973,0.052984104,0.092311049,0.082699024,0.115102616,0.036504946,-0.158353823,-0.15608316,-1.0,-1.0,0.041564462,0.152200142,0.069831162,0.05183733,0.026137739,0.026292718,0.096816884,0.066050909,-0.164629778,-0.147966773,-1.0,-0.999999958,0.038360952,-0.007325865,0.974384721,0.081479339,1.682491697,0.31049405,0.95959375,0.068938181,-0.11488982,-0.365937087,0.999834078,0.205298012,-1.075123185,-1.148931945,0.986456831,0.216435814,-1.486796902,-0.709365233,0.999993363,0.091271232,-0.321997225,-2.0,0.997415634,0.062916753,0.805526351,0.275760713,0.984947331,0.092172363,-1.785686274,-1.975519543,0.996105249,0.073672394,-0.616302794,-2.0,0.999959495,0.186365876,-0.358076227,-0.2598661
-226.98,-228.64,-188.91,-332.97,-356.2,-346.05,1.12,2.86,1.55,0.78,0.47,0.33,BDQ+LIN,9,0.047103193,0.046819394,0.093142547,0.057815086,0.110734367,0.118155867,0.10343594,0.095277661,0.0706432,0.044370962,0.026550318,-0.012032825,-0.011972153,-0.024144959,-0.030614166,-0.999999997,-0.886909373,-0.485343292,-0.291648649,0.071249953,0.005339908,0.527468367,0.690060489,0.83166491,0.162871207,0.408500362,0.392806727,-0.30288019,0.42014505,0.392008204,0.211909261,0.439176172,0.199895726,0.505437244,0.978963754,0.739791145,0.572034541,0.745563565,0.731729563,,0.561233029,,0.133829662,-0.583627402,0.086047973,0.052984104,0.092311049,0.082699024,0.115102616,0.036504946,-0.158353823,-0.15608316,-1.0,-1.0,0.041564462,0.152200142,0.069831162,0.05183733,0.026137739,0.026292718,0.096816884,0.066050909,-0.164629778,-0.147966773,-1.0,-0.999999958,0.038360952,-0.007325865,0.974384721,0.081479339,1.682491697,0.31049405,0.95959375,0.068938181,-0.11488982,-0.365937087,0.999834078,0.205298012,-1.075123185,-1.148931945,0.986456831,0.216435814,-1.486796902,-0.709365233,0.999993363,0.091271232,-0.321997225,-2.0,0.997415634,0.062916753,0.805526351,0.275760713,0.984947331,0.092172363,-1.785686274,-1.975519543,0.996105249,0.073672394,-0.616302794,-2.0,0.999959495,0.186365876,-0.358076227,-0.2598661
-163.39,-15.94,-35.81,-44.67,-94.38,-191.42,2.1,3.67,4.25,1.74,0.86,1.08,BDQ+LIN,9,0.047103193,0.046819394,0.093142547,0.057815086,0.110734367,0.118155867,0.10343594,0.095277661,0.0706432,0.044370962,0.026550318,-0.012032825,-0.011972153,-0.024144959,-0.030614166,-0.999999997,-0.886909373,-0.485343292,-0.291648649,0.071249953,0.005339908,0.527468367,0.690060489,0.83166491,0.162871207,0.408500362,0.392806727,-0.30288019,0.42014505,0.392008204,0.211909261,0.439176172,0.199895726,0.505437244,0.978963754,0.739791145,0.572034541,0.745563565,0.731729563,,0.561233029,,0.133829662,-0.583627402,0.086047973,0.052984104,0.092311049,0.082699024,0.115102616,0.036504946,-0.158353823,-0.15608316,-1.0,-1.0,0.041564462,0.152200142,0.069831162,0.05183733,0.026137739,0.026292718,0.096816884,0.066050909,-0.164629778,-0.147966773,-1.0,-0.999999958,0.038360952,-0.007325865,0.974384721,0.081479339,1.682491697,0.31049405,0.95959375,0.068938181,-0.11488982,-0.365937087,0.999834078,0.205298012,-1.075123185,-1.148931945,0.986456831,0.216435814,-1.486796902,-0.709365233,0.999993363,0.091271232,-0.321997225,-2.0,0.997415634,0.062916753,0.805526351,0.275760713,0.984947331,0.092172363,-1.785686274,-1.975519543,0.996105249,0.073672394,-0.616302794,-2.0,0.999959495,0.186365876,-0.358076227,-0.2598661
-223.58,-135.1,-87.14,-147.75,-129.15,-195.38,1.61,2.78,0.29,1.83,1.91,1.76,BDQ+LIN,9,0.047103193,0.046819394,0.093142547,0.057815086,0.110734367,0.118155867,0.10343594,0.095277661,0.0706432,0.044370962,0.026550318,-0.012032825,-0.011972153,-0.024144959,-0.030614166,-0.999999997,-0.886909373,-0.485343292,-0.291648649,0.071249953,0.005339908,0.527468367,0.690060489,0.83166491,0.162871207,0.408500362,0.392806727,-0.30288019,0.42014505,0.392008204,0.211909261,0.439176172,0.199895726,0.505437244,0.978963754,0.739791145,0.572034541,0.745563565,0.731729563,,0.561233029,,0.133829662,-0.583627402,0.086047973,0.052984104,0.092311049,0.082699024,0.115102616,0.036504946,-0.158353823,-0.15608316,-1.0,-1.0,0.041564462,0.152200142,0.069831162,0.05183733,0.026137739,0.026292718,0.096816884,0.066050909,-0.164629778,-0.147966773,-1.0,-0.999999958,0.038360952,-0.007325865,0.974384721,0.081479339,1.682491697,0.31049405,0.95959375,0.068938181,-0.11488982,-0.365937087,0.999834078,0.205298012,-1.075123185,-1.148931945,0.986456831,0.216435814,-1.486796902,-0.709365233,0.999993363,0.091271232,-0.321997225,-2.0,0.997415634,0.062916753,0.805526351,0.275760713,0.984947331,0.092172363,-1.785686274,-1.975519543,0.996105249,0.073672394,-0.616302794,-2.0,0.999959495,0.186365876,-0.358076227,-0.2598661
-287.14,-146.04,-194.14,-206.76,-230.44,-303.85,0.93,2.66,0.22,1.28,0.76,0.65,BDQ+LIN,10,0.047103193,0.046819394,0.093142547,0.057815086,0.110734367,0.118155867,0.10343594,0.095277661,0.0706432,0.044370962,0.026550318,-0.012032825,-0.011972153,-0.024144959,-0.030614166,-0.999999997,-0.886909373,-0.485343292,-0.291648649,0.071249953,0.005339908,0.527468367,0.690060489,0.83166491,0.162871207,0.408500362,0.392806727,-0.30288019,0.42014505,0.392008204,0.211909261,0.439176172,0.199895726,0.505437244,0.978963754,0.739791145,0.572034541,0.745563565,0.731729563,,0.561233029,,0.133829662,-0.583627402,0.086047973,0.052984104,0.092311049,0.082699024,0.115102616,0.036504946,-0.158353823,-0.15608316,-1.0,-1.0,0.041564462,0.152200142,0.069831162,0.05183733,0.026137739,0.026292718,0.096816884,0.066050909,-0.164629778,-0.147966773,-1.0,-0.999999958,0.038360952,-0.007325865,0.974384721,0.081479339,1.682491697,0.31049405,0.95959375,0.068938181,-0.11488982,-0.365937087,0.999834078,0.205298012,-1.075123185,-1.148931945,0.986456831,0.216435814,-1.486796902,-0.709365233,0.999993363,0.091271232,-0.321997225,-2.0,0.997415634,0.062916753,0.805526351,0.275760713,0.984947331,0.092172363,-1.785686274,-1.975519543,0.996105249,0.073672394,-0.616302794,-2.0,0.999959495,0.186365876,-0.358076227,-0.2598661
-336.23,-185.43,-181.02,-194.04,-296.52,-304.08,1.02,2.0,1.48,1.08,0.71,0.81,BDQ+LIN,11,0.047103193,0.046819394,0.093142547,0.057815086,0.110734367,0.118155867,0.10343594,0.095277661,0.0706432,0.044370962,0.026550318,-0.012032825,-0.011972153,-0.024144959,-0.030614166,-0.999999997,-0.886909373,-0.485343292,-0.291648649,0.071249953,0.005339908,0.527468367,0.690060489,0.83166491,0.162871207,0.408500362,0.392806727,-0.30288019,0.42014505,0.392008204,0.211909261,0.439176172,0.199895726,0.505437244,0.978963754,0.739791145,0.572034541,0.745563565,0.731729563,,0.561233029,,0.133829662,-0.583627402,0.086047973,0.052984104,0.092311049,0.082699024,0.115102616,0.036504946,-0.158353823,-0.15608316,-1.0,-1.0,0.041564462,0.152200142,0.069831162,0.05183733,0.026137739,0.026292718,0.096816884,0.066050909,-0.164629778,-0.147966773,-1.0,-0.999999958,0.038360952,-0.007325865,0.974384721,0.081479339,1.682491697,0.31049405,0.95959375,0.068938181,-0.11488982,-0.365937087,0.999834078,0.205298012,-1.075123185,-1.148931945,0.986456831,0.216435814,-1.486796902,-0.709365233,0.999993363,0.091271232,-0.321997225,-2.0,0.997415634,0.062916753,0.805526351,0.275760713,0.984947331,0.092172363,-1.785686274,-1.975519543,0.996105249,0.073672394,-0.616302794,-2.0,0.999959495,0.186365876,-0.358076227,-0.2598661
-258.64,-166.46,-97.93,-186.17,-234.79,-277.88,1.02,2.3,2.76,0.99,0.6,0.52,BDQ+LIN,12,0.047103193,0.046819394,0.093142547,0.057815086,0.110734367,0.118155867,0.10343594,0.095277661,0.0706432,0.044370962,0.026550318,-0.012032825,-0.011972153,-0.024144959,-0.030614166,-0.999999997,-0.886909373,-0.485343292,-0.291648649,0.071249953,0.005339908,0.527468367,0.690060489,0.83166491,0.162871207,0.408500362,0.392806727,-0.30288019,0.42014505,0.392008204,0.211909261,0.439176172,0.199895726,0.505437244,0.978963754,0.739791145,0.572034541,0.745563565,0.731729563,,0.561233029,,0.133829662,-0.583627402,0.086047973,0.052984104,0.092311049,0.082699024,0.115102616,0.036504946,-0.158353823,-0.15608316,-1.0,-1.0,0.041564462,0.152200142,0.069831162,0.05183733,0.026137739,0.026292718,0.096816884,0.066050909,-0.164629778,-0.147966773,-1.0,-0.999999958,0.038360952,-0.007325865,0.974384721,0.081479339,1.682491697,0.31049405,0.95959375,0.068938181,-0.11488982,-0.365937087,0.999834078,0.205298012,-1.075123185,-1.148931945,0.986456831,0.216435814,-1.486796902,-0.709365233,0.999993363,0.091271232,-0.321997225,-2.0,0.997415634,0.062916753,0.805526351,0.275760713,0.984947331,0.092172363,-1.785686274,-1.975519543,0.996105249,0.073672394,-0.616302794,-2.0,0.999959495,0.186365876,-0.358076227,-0.2598661
-350.73,-183.65,-90.02,-219.69,-281.46,-312.91,1.04,2.41,3.42,1.02,0.57,0.6,BDQ+LIN,14,0.047103193,0.046819394,0.093142547,0.057815086,0.110734367,0.118155867,0.10343594,0.095277661,0.0706432,0.044370962,0.026550318,-0.012032825,-0.011972153,-0.024144959,-0.030614166,-0.999999997,-0.886909373,-0.485343292,-0.291648649,0.071249953,0.005339908,0.527468367,0.690060489,0.83166491,0.162871207,0.408500362,0.392806727,-0.30288019,0.42014505,0.392008204,0.211909261,0.439176172,0.199895726,0.505437244,0.978963754,0.739791145,0.572034541,0.745563565,0.731729563,,0.561233029,,0.133829662,-0.583627402,0.086047973,0.052984104,0.092311049,0.082699024,0.115102616,0.036504946,-0.158353823,-0.15608316,-1.0,-1.0,0.041564462,0.152200142,0.069831162,0.05183733,0.026137739,0.026292718,0.096816884,0.066050909,-0.164629778,-0.147966773,-1.0,-0.999999958,0.038360952,-0.007325865,0.974384721,0.081479339,1.682491697,0.31049405,0.95959375,0.068938181,-0.11488982,-0.365937087,0.999834078,0.205298012,-1.075123185,-1.148931945,0.986456831,0.216435814,-1.486796902,-0.709365233,0.999993363,0.091271232,-0.321997225,-2.0,0.997415634,0.062916753,0.805526351,0.275760713,0.984947331,0.092172363,-1.785686274,-1.975519543,0.996105249,0.073672394,-0.616302794,-2.0,0.999959495,0.186365876,-0.358076227,-0.2598661
-220.49,-115.05,-84.18,-78.4,-98.87,-136.62,1.38,3.08,0.29,2.13,1.74,1.48,BDQ+LIN,14,0.047103193,0.046819394,0.093142547,0.057815086,0.110734367,0.118155867,0.10343594,0.095277661,0.0706432,0.044370962,0.026550318,-0.012032825,-0.011972153,-0.024144959,-0.030614166,-0.999999997,-0.886909373,-0.485343292,-0.291648649,0.071249953,0.005339908,0.527468367,0.690060489,0.83166491,0.162871207,0.408500362,0.392806727,-0.30288019,0.42014505,0.392008204,0.211909261,0.439176172,0.199895726,0.505437244,0.978963754,0.739791145,0.572034541,0.745563565,0.731729563,,0.561233029,,0.133829662,-0.583627402,0.086047973,0.052984104,0.092311049,0.082699024,0.115102616,0.036504946,-0.158353823,-0.15608316,-1.0,-1.0,0.041564462,0.152200142,0.069831162,0.05183733,0.026137739,0.026292718,0.096816884,0.066050909,-0.164629778,-0.147966773,-1.0,-0.999999958,0.038360952,-0.007325865,0.974384721,0.081479339,1.682491697,0.31049405,0.95959375,0.068938181,-0.11488982,-0.365937087,0.999834078,0.205298012,-1.075123185,-1.148931945,0.986456831,0.216435814,-1.486796902,-0.709365233,0.999993363,0.091271232,-0.321997225,-2.0,0.997415634,0.062916753,0.805526351,0.275760713,0.984947331,0.092172363,-1.785686274,-1.975519543,0.996105249,0.073672394,-0.616302794,-2.0,0.999959495,0.186365876,-0.358076227,-0.2598661
-237.16,-117.18,-134.79,-236.79,-241.05,-282.62,0.76,3.11,1.66,1.17,0.56,0.56,BDQ+LIN,14,0.047103193,0.046819394,0.093142547,0.057815086,0.110734367,0.118155867,0.10343594,0.095277661,0.0706432,0.044370962,0.026550318,-0.012032825,-0.011972153,-0.024144959,-0.030614166,-0.999999997,-0.886909373,-0.485343292,-0.291648649,0.071249953,0.005339908,0.527468367,0.690060489,0.83166491,0.162871207,0.408500362,0.392806727,-0.30288019,0.42014505,0.392008204,0.211909261,0.439176172,0.199895726,0.505437244,0.978963754,0.739791145,0.572034541,0.745563565,0.731729563,,0.561233029,,0.133829662,-0.583627402,0.086047973,0.052984104,0.092311049,0.082699024,0.115102616,0.036504946,-0.158353823,-0.15608316,-1.0,-1.0,0.041564462,0.152200142,0.069831162,0.05183733,0.026137739,0.026292718,0.096816884,0.066050909,-0.164629778,-0.147966773,-1.0,-0.999999958,0.038360952,-0.007325865,0.974384721,0.081479339,1.682491697,0.31049405,0.95959375,0.068938181,-0.11488982,-0.365937087,0.999834078,0.205298012,-1.075123185,-1.148931945,0.986456831,0.216435814,-1.486796902,-0.709365233,0.999993363,0.091271232,-0.321997225,-2.0,0.997415634,0.062916753,0.805526351,0.275760713,0.984947331,0.092172363,-1.785686274,-1.975519543,0.996105249,0.073672394,-0.616302794,-2.0,0.999959495,0.186365876,-0.358076227,-0.2598661
-222.22,-15.64,-63.22,-117.42,-144.22,-145.51,2.43,2.83,3.51,2.27,0.79,1.98,BDQ+LIN,14,0.047103193,0.046819394,0.093142547,0.057815086,0.110734367,0.118155867,0.10343594,0.095277661,0.0706432,0.044370962,0.026550318,-0.012032825,-0.011972153,-0.024144959,-0.030614166,-0.999999997,-0.886909373,-0.485343292,-0.291648649,0.071249953,0.005339908,0.527468367,0.690060489,0.83166491,0.162871207,0.408500362,0.392806727,-0.30288019,0.42014505,0.392008204,0.211909261,0.439176172,0.199895726,0.505437244,0.978963754,0.739791145,0.572034541,0.745563565,0.731729563,,0.561233029,,0.133829662,-0.583627402,0.086047973,0.052984104,0.092311049,0.082699024,0.115102616,0.036504946,-0.158353823,-0.15608316,-1.0,-1.0,0.041564462,0.152200142,0.069831162,0.05183733,0.026137739,0.026292718,0.096816884,0.066050909,-0.164629778,-0.147966773,-1.0,-0.999999958,0.038360952,-0.007325865,0.974384721,0.081479339,1.682491697,0.31049405,0.95959375,0.068938181,-0.11488982,-0.365937087,0.999834078,0.205298012,-1.075123185,-1.148931945,0.986456831,0.216435814,-1.486796902,-0.709365233,0.999993363,0.091271232,-0.321997225,-2.0,0.997415634,0.062916753,0.805526351,0.275760713,0.984947331,0.092172363,-1.785686274,-1.975519543,0.996105249,0.073672394,-0.616302794,-2.0,0.999959495,0.186365876,-0.358076227,-0.2598661
-246.48,-222.22,-180.57,-245.76,-273.23,-239.07,1.29,2.31,2.53,0.97,0.72,0.81,BDQ+LIN,15,0.047103193,0.046819394,0.093142547,0.057815086,0.110734367,0.118155867,0.10343594,0.095277661,0.0706432,0.044370962,0.026550318,-0.012032825,-0.011972153,-0.024144959,-0.030614166,-0.999999997,-0.886909373,-0.485343292,-0.291648649,0.071249953,0.005339908,0.527468367,0.690060489,0.83166491,0.162871207,0.408500362,0.392806727,-0.30288019,0.42014505,0.392008204,0.211909261,0.439176172,0.199895726,0.505437244,0.978963754,0.739791145,0.572034541,0.745563565,0.731729563,,0.561233029,,0.133829662,-0.583627402,0.086047973,0.052984104,0.092311049,0.082699024,0.115102616,0.036504946,-0.158353823,-0.15608316,-1.0,-1.0,0.041564462,0.152200142,0.069831162,0.05183733,0.026137739,0.026292718,0.096816884,0.066050909,-0.164629778,-0.147966773,-1.0,-0.999999958,0.038360952,-0.007325865,0.974384721,0.081479339,1.682491697,0.31049405,0.95959375,0.068938181,-0.11488982,-0.365937087,0.999834078,0.205298012,-1.075123185,-1.148931945,0.986456831,0.216435814,-1.486796902,-0.709365233,0.999993363,0.091271232,-0.321997225,-2.0,0.997415634,0.062916753,0.805526351,0.275760713,0.984947331,0.092172363,-1.785686274,-1.975519543,0.996105249,0.073672394,-0.616302794,-2.0,0.999959495,0.186365876,-0.358076227,-0.2598661
-247.88,-121.94,-79.84,-103.9,-148.44,-219.0,1.64,2.43,3.08,2.32,0.76,1.69,BDQ+LIN,19,0.047103193,0.046819394,0.093142547,0.057815086,0.110734367,0.118155867,0.10343594,0.095277661,0.0706432,0.044370962,0.026550318,-0.012032825,-0.011972153,-0.024144959,-0.030614166,-0.999999997,-0.886909373,-0.485343292,-0.291648649,0.071249953,0.005339908,0.527468367,0.690060489,0.83166491,0.162871207,0.408500362,0.392806727,-0.30288019,0.42014505,0.392008204,0.211909261,0.439176172,0.199895726,0.505437244,0.978963754,0.739791145,0.572034541,0.745563565,0.731729563,,0.561233029,,0.133829662,-0.583627402,0.086047973,0.052984104,0.092311049,0.082699024,0.115102616,0.036504946,-0.158353823,-0.15608316,-1.0,-1.0,0.041564462,0.152200142,0.069831162,0.05183733,0.026137739,0.026292718,0.096816884,0.066050909,-0.164629778,-0.147966773,-1.0,-0.999999958,0.038360952,-0.007325865,0.974384721,0.081479339,1.682491697,0.31049405,0.95959375,0.068938181,-0.11488982,-0.365937087,0.999834078,0.205298012,-1.075123185,-1.148931945,0.986456831,0.216435814,-1.486796902,-0.709365233,0.999993363,0.091271232,-0.321997225,-2.0,0.997415634,0.062916753,0.805526351,0.275760713,0.984947331,0.092172363,-1.785686274,-1.975519543,0.996105249,0.073672394,-0.616302794,-2.0,0.999959495,0.186365876,-0.358076227,-0.2598661
-267.65,-119.05,-133.55,-210.77,-215.71,-239.25,1.14,3.0,0.22,1.52,1.2,1.35,BDQ+LIN,25,0.047103193,0.046819394,0.093142547,0.057815086,0.110734367,0.118155867,0.10343594,0.095277661,0.0706432,0.044370962,0.026550318,-0.012032825,-0.011972153,-0.024144959,-0.030614166,-0.999999997,-0.886909373,-0.485343292,-0.291648649,0.071249953,0.005339908,0.527468367,0.690060489,0.83166491,0.162871207,0.408500362,0.392806727,-0.30288019,0.42014505,0.392008204,0.211909261,0.439176172,0.199895726,0.505437244,0.978963754,0.739791145,0.572034541,0.745563565,0.731729563,,0.561233029,,0.133829662,-0.583627402,0.086047973,0.052984104,0.092311049,0.082699024,0.115102616,0.036504946,-0.158353823,-0.15608316,-1.0,-1.0,0.041564462,0.152200142,0.069831162,0.05183733,0.026137739,0.026292718,0.096816884,0.066050909,-0.164629778,-0.147966773,-1.0,-0.999999958,0.038360952,-0.007325865,0.974384721,0.081479339,1.682491697,0.31049405,0.95959375,0.068938181,-0.11488982,-0.365937087,0.999834078,0.205298012,-1.075123185,-1.148931945,0.986456831,0.216435814,-1.486796902,-0.709365233,0.999993363,0.091271232,-0.321997225,-2.0,0.997415634,0.062916753,0.805526351,0.275760713,0.984947331,0.092172363,-1.785686274,-1.975519543,0.996105249,0.073672394,-0.616302794,-2.0,0.999959495,0.186365876,-0.358076227,-0.2598661
-258.39,-146.08,-168.32,-15.7,-257.25,-283.62,1.3,2.32,1.94,0.9,0.52,0.82,BDQ+LIN+PRE,1,0.110057295,0.088107746,0.10653939,0.089646264,0.089024269,0.113358554,,,0.07999141,0.028929761,0.02676493,-0.246494513,-0.118624284,-0.241681164,-0.18078767,-0.9353326,-0.999999999,,,-0.506768966,0.002863023,0.073437712,0.683404576,0.502353273,0.524485242,0.422322707,-0.138255788,-0.016699692,,,0.668260247,-0.007426785,0.04598328,0.793982984,0.758090873,0.491652843,0.182875912,0.465402374,0.618390256,,,,0.030768269,-0.529957199,0.09231135,0.070469748,0.026417943,0.037450106,0.094988497,0.028587469,-0.139277607,-0.113851443,-0.82572629,-0.833154159,-0.006558017,-0.008578063,0.093581302,0.062815459,0.069187299,0.030166452,0.085843456,0.028008481,-0.162480506,-0.143608605,-0.95813586,-0.883729107,0.093236549,0.010340859,0.993563445,0.116045474,-0.506903297,-0.771273666,0.993327111,0.129919853,-2.160045312,-1.666674801,0.999999986,0.061970313,-0.825671421,-0.285530607,0.998105978,0.092784499,-0.501668363,-0.120796107,0.995822853,0.06219078,-1.147121291,-1.569462785,1.0,0.062161826,1.036368824,1.22090891,0.999999977,0.19401784,-1.965363911,-1.283977351,0.996167203,0.153023642,-2.293685799,-1.891764807,0.999295256,0.076908032,-1.024720589,-0.993838306
-217.16,-102.44,-130.01,-120.17,-172.47,-194.83,2.06,2.94,1.6,1.04,0.84,0.97,BDQ+LIN+PRE,1,0.110057295,0.088107746,0.10653939,0.089646264,0.089024269,0.113358554,,,0.07999141,0.028929761,0.02676493,-0.246494513,-0.118624284,-0.241681164,-0.18078767,-0.9353326,-0.999999999,,,-0.506768966,0.002863023,0.073437712,0.683404576,0.502353273,0.524485242,0.422322707,-0.138255788,-0.016699692,,,0.668260247,-0.007426785,0.04598328,0.793982984,0.758090873,0.491652843,0.182875912,0.465402374,0.618390256,,,,0.030768269,-0.529957199,0.09231135,0.070469748,0.026417943,0.037450106,0.094988497,0.028587469,-0.139277607,-0.113851443,-0.82572629,-0.833154159,-0.006558017,-0.008578063,0.093581302,0.062815459,0.069187299,0.030166452,0.085843456,0.028008481,-0.162480506,-0.143608605,-0.95813586,-0.883729107,0.093236549,0.010340859,0.993563445,0.116045474,-0.506903297,-0.771273666,0.993327111,0.129919853,-2.160045312,-1.666674801,0.999999986,0.061970313,-0.825671421,-0.285530607,0.998105978,0.092784499,-0.501668363,-0.120796107,0.995822853,0.06219078,-1.147121291,-1.569462785,1.0,0.062161826,1.036368824,1.22090891,0.999999977,0.19401784,-1.965363911,-1.283977351,0.996167203,0.153023642,-2.293685799,-1.891764807,0.999295256,0.076908032,-1.024720589,-0.993838306
-115.15,-61.44,-73.19,-148.89,-107.73,-130.89,2.21,1.3,2.5,2.82,0.99,1.3,BDQ+LIN+PRE,2,0.110057295,0.088107746,0.10653939,0.089646264,0.089024269,0.113358554,,,0.07999141,0.028929761,0.02676493,-0.246494513,-0.118624284,-0.241681164,-0.18078767,-0.9353326,-0.999999999,,,-0.506768966,0.002863023,0.073437712,0.683404576,0.502353273,0.524485242,0.422322707,-0.138255788,-0.016699692,,,0.668260247,-0.007426785,0.04598328,0.793982984,0.758090873,0.491652843,0.182875912,0.465402374,0.618390256,,,,0.030768269,-0.529957199,0.09231135,0.070469748,0.026417943,0.037450106,0.094988497,0.028587469,-0.139277607,-0.113851443,-0.82572629,-0.833154159,-0.006558017,-0.008578063,0.093581302,0.062815459,0.069187299,0.030166452,0.085843456,0.028008481,-0.162480506,-0.143608605,-0.95813586,-0.883729107,0.093236549,0.010340859,0.993563445,0.116045474,-0.506903297,-0.771273666,0.993327111,0.129919853,-2.160045312,-1.666674801,0.999999986,0.061970313,-0.825671421,-0.285530607,0.998105978,0.092784499,-0.501668363,-0.120796107,0.995822853,0.06219078,-1.147121291,-1.569462785,1.0,0.062161826,1.036368824,1.22090891,0.999999977,0.19401784,-1.965363911,-1.283977351,0.996167203,0.153023642,-2.293685799,-1.891764807,0.999295256,0.076908032,-1.024720589,-0.993838306
-264.78,-156.74,-166.68,-185.85,-169.33,-209.21,1.34,3.39,3.38,1.72,2.36,2.14,BDQ+LIN+PRE,3,0.110057295,0.088107746,0.10653939,0.089646264,0.089024269,0.113358554,,,0.07999141,0.028929761,0.02676493,-0.246494513,-0.118624284,-0.241681164,-0.18078767,-0.9353326,-0.999999999,,,-0.506768966,0.002863023,0.073437712,0.683404576,0.502353273,0.524485242,0.422322707,-0.138255788,-0.016699692,,,0.668260247,-0.007426785,0.04598328,0.793982984,0.758090873,0.491652843,0.182875912,0.465402374,0.618390256,,,,0.030768269,-0.529957199,0.09231135,0.070469748,0.026417943,0.037450106,0.094988497,0.028587469,-0.139277607,-0.113851443,-0.82572629,-0.833154159,-0.006558017,-0.008578063,0.093581302,0.062815459,0.069187299,0.030166452,0.085843456,0.028008481,-0.162480506,-0.143608605,-0.95813586,-0.883729107,0.093236549,0.010340859,0.993563445,0.116045474,-0.506903297,-0.771273666,0.993327111,0.129919853,-2.160045312,-1.666674801,0.999999986,0.061970313,-0.825671421,-0.285530607,0.998105978,0.092784499,-0.501668363,-0.120796107,0.995822853,0.06219078,-1.147121291,-1.569462785,1.0,0.062161826,1.036368824,1.22090891,0.999999977,0.19401784,-1.965363911,-1.283977351,0.996167203,0.153023642,-2.293685799,-1.891764807,0.999295256,0.076908032,-1.024720589,-0.993838306
-305.61,-86.07,-252.65,-237.26,-289.22,-371.65,1.37,2.37,1.21,2.05,1.65,1.38,BDQ+LIN+PRE,4,0.110057295,0.088107746,0.10653939,0.089646264,0.089024269,0.113358554,,,0.07999141,0.028929761,0.02676493,-0.246494513,-0.118624284,-0.241681164,-0.18078767,-0.9353326,-0.999999999,,,-0.506768966,0.002863023,0.073437712,0.683404576,0.502353273,0.524485242,0.422322707,-0.138255788,-0.016699692,,,0.668260247,-0.007426785,0.04598328,0.793982984,0.758090873,0.491652843,0.182875912,0.465402374,0.618390256,,,,0.030768269,-0.529957199,0.09231135,0.070469748,0.026417943,0.037450106,0.094988497,0.028587469,-0.139277607,-0.113851443,-0.82572629,-0.833154159,-0.006558017,-0.008578063,0.093581302,0.062815459,0.069187299,0.030166452,0.085843456,0.028008481,-0.162480506,-0.143608605,-0.95813586,-0.883729107,0.093236549,0.010340859,0.993563445,0.116045474,-0.506903297,-0.771273666,0.993327111,0.129919853,-2.160045312,-1.666674801,0.999999986,0.061970313,-0.825671421,-0.285530607,0.998105978,0.092784499,-0.501668363,-0.120796107,0.995822853,0.06219078,-1.147121291,-1.569462785,1.0,0.062161826,1.036368824,1.22090891,0.999999977,0.19401784,-1.965363911,-1.283977351,0.996167203,0.153023642,-2.293685799,-1.891764807,0.999295256,0.076908032,-1.024720589,-0.993838306
-198.19,-132.69,-172.7,-287.34,-225.84,-339.31,2.79,2.38,1.58,0.89,0.82,0.98,BDQ+LIN+PRE,5,0.110057295,0.088107746,0.10653939,0.089646264,0.089024269,0.113358554,,,0.07999141,0.028929761,0.02676493,-0.246494513,-0.118624284,-0.241681164,-0.18078767,-0.9353326,-0.999999999,,,-0.506768966,0.002863023,0.073437712,0.683404576,0.502353273,0.524485242,0.422322707,-0.138255788,-0.016699692,,,0.668260247,-0.007426785,0.04598328,0.793982984,0.758090873,0.491652843,0.182875912,0.465402374,0.618390256,,,,0.030768269,-0.529957199,0.09231135,0.070469748,0.026417943,0.037450106,0.094988497,0.028587469,-0.139277607,-0.113851443,-0.82572629,-0.833154159,-0.006558017,-0.008578063,0.093581302,0.062815459,0.069187299,0.030166452,0.085843456,0.028008481,-0.162480506,-0.143608605,-0.95813586,-0.883729107,0.093236549,0.010340859,0.993563445,0.116045474,-0.506903297,-0.771273666,0.993327111,0.129919853,-2.160045312,-1.666674801,0.999999986,0.061970313,-0.825671421,-0.285530607,0.998105978,0.092784499,-0.501668363,-0.120796107,0.995822853,0.06219078,-1.147121291,-1.569462785,1.0,0.062161826,1.036368824,1.22090891,0.999999977,0.19401784,-1.965363911,-1.283977351,0.996167203,0.153023642,-2.293685799,-1.891764807,0.999295256,0.076908032,-1.024720589,-0.993838306
-235.59,-206.53,-181.39,-285.74,-302.89,-325.78,1.78,1.05,2.34,1.25,0.86,0.54,BDQ+LIN+PRE,5,0.110057295,0.088107746,0.10653939,0.089646264,0.089024269,0.113358554,,,0.07999141,0.028929761,0.02676493,-0.246494513,-0.118624284,-0.241681164,-0.18078767,-0.9353326,-0.999999999,,,-0.506768966,0.002863023,0.073437712,0.683404576,0.502353273,0.524485242,0.422322707,-0.138255788,-0.016699692,,,0.668260247,-0.007426785,0.04598328,0.793982984,0.758090873,0.491652843,0.182875912,0.465402374,0.618390256,,,,0.030768269,-0.529957199,0.09231135,0.070469748,0.026417943,0.037450106,0.094988497,0.028587469,-0.139277607,-0.113851443,-0.82572629,-0.833154159,-0.006558017,-0.008578063,0.093581302,0.062815459,0.069187299,0.030166452,0.085843456,0.028008481,-0.162480506,-0.143608605,-0.95813586,-0.883729107,0.093236549,0.010340859,0.993563445,0.116045474,-0.506903297,-0.771273666,0.993327111,0.129919853,-2.160045312,-1.666674801,0.999999986,0.061970313,-0.825671421,-0.285530607,0.998105978,0.092784499,-0.501668363,-0.120796107,0.995822853,0.06219078,-1.147121291,-1.569462785,1.0,0.062161826,1.036368824,1.22090891,0.999999977,0.19401784,-1.965363911,-1.283977351,0.996167203,0.153023642,-2.293685799,-1.891764807,0.999295256,0.076908032,-1.024720589,-0.993838306
-259.89,-197.65,-198.39,-301.82,-282.53,-322.16,1.54,0.93,2.04,0.97,0.63,0.41,BDQ+LIN+PRE,6,0.110057295,0.088107746,0.10653939,0.089646264,0.089024269,0.113358554,,,0.07999141,0.028929761,0.02676493,-0.246494513,-0.118624284,-0.241681164,-0.18078767,-0.9353326,-0.999999999,,,-0.506768966,0.002863023,0.073437712,0.683404576,0.502353273,0.524485242,0.422322707,-0.138255788,-0.016699692,,,0.668260247,-0.007426785,0.04598328,0.793982984,0.758090873,0.491652843,0.182875912,0.465402374,0.618390256,,,,0.030768269,-0.529957199,0.09231135,0.070469748,0.026417943,0.037450106,0.094988497,0.028587469,-0.139277607,-0.113851443,-0.82572629,-0.833154159,-0.006558017,-0.008578063,0.093581302,0.062815459,0.069187299,0.030166452,0.085843456,0.028008481,-0.162480506,-0.143608605,-0.95813586,-0.883729107,0.093236549,0.010340859,0.993563445,0.116045474,-0.506903297,-0.771273666,0.993327111,0.129919853,-2.160045312,-1.666674801,0.999999986,0.061970313,-0.825671421,-0.285530607,0.998105978,0.092784499,-0.501668363,-0.120796107,0.995822853,0.06219078,-1.147121291,-1.569462785,1.0,0.062161826,1.036368824,1.22090891,0.999999977,0.19401784,-1.965363911,-1.283977351,0.996167203,0.153023642,-2.293685799,-1.891764807,0.999295256,0.076908032,-1.024720589,-0.993838306
-74.36,-15.95,-59.96,-6.86,-133.72,-129.99,2.59,1.83,4.35,3.47,2.26,3.35,BDQ+LIN+PRE,7,0.110057295,0.088107746,0.10653939,0.089646264,0.089024269,0.113358554,,,0.07999141,0.028929761,0.02676493,-0.246494513,-0.118624284,-0.241681164,-0.18078767,-0.9353326,-0.999999999,,,-0.506768966,0.002863023,0.073437712,0.683404576,0.502353273,0.524485242,0.422322707,-0.138255788,-0.016699692,,,0.668260247,-0.007426785,0.04598328,0.793982984,0.758090873,0.491652843,0.182875912,0.465402374,0.618390256,,,,0.030768269,-0.529957199,0.09231135,0.070469748,0.026417943,0.037450106,0.094988497,0.028587469,-0.139277607,-0.113851443,-0.82572629,-0.833154159,-0.006558017,-0.008578063,0.093581302,0.062815459,0.069187299,0.030166452,0.085843456,0.028008481,-0.162480506,-0.143608605,-0.95813586,-0.883729107,0.093236549,0.010340859,0.993563445,0.116045474,-0.506903297,-0.771273666,0.993327111,0.129919853,-2.160045312,-1.666674801,0.999999986,0.061970313,-0.825671421,-0.285530607,0.998105978,0.092784499,-0.501668363,-0.120796107,0.995822853,0.06219078,-1.147121291,-1.569462785,1.0,0.062161826,1.036368824,1.22090891,0.999999977,0.19401784,-1.965363911,-1.283977351,0.996167203,0.153023642,-2.293685799,-1.891764807,0.999295256,0.076908032,-1.024720589,-0.993838306
-205.4,-117.27,-121.85,-158.56,-149.64,-208.76,2.33,1.33,2.74,3.02,1.72,1.2,BDQ+LIN+PRE,7,0.110057295,0.088107746,0.10653939,0.089646264,0.089024269,0.113358554,,,0.07999141,0.028929761,0.02676493,-0.246494513,-0.118624284,-0.241681164,-0.18078767,-0.9353326,-0.999999999,,,-0.506768966,0.002863023,0.073437712,0.683404576,0.502353273,0.524485242,0.422322707,-0.138255788,-0.016699692,,,0.668260247,-0.007426785,0.04598328,0.793982984,0.758090873,0.491652843,0.182875912,0.465402374,0.618390256,,,,0.030768269,-0.529957199,0.09231135,0.070469748,0.026417943,0.037450106,0.094988497,0.028587469,-0.139277607,-0.113851443,-0.82572629,-0.833154159,-0.006558017,-0.008578063,0.093581302,0.062815459,0.069187299,0.030166452,0.085843456,0.028008481,-0.162480506,-0.143608605,-0.95813586,-0.883729107,0.093236549,0.010340859,0.993563445,0.116045474,-0.506903297,-0.771273666,0.993327111,0.129919853,-2.160045312,-1.666674801,0.999999986,0.061970313,-0.825671421,-0.285530607,0.998105978,0.092784499,-0.501668363,-0.120796107,0.995822853,0.06219078,-1.147121291,-1.569462785,1.0,0.062161826,1.036368824,1.22090891,0.999999977,0.19401784,-1.965363911,-1.283977351,0.996167203,0.153023642,-2.293685799,-1.891764807,0.999295256,0.076908032,-1.024720589,-0.993838306
-206.32,-96.7,-123.51,-137.21,-212.13,-227.56,2.16,2.63,1.69,0.78,0.59,0.6,BDQ+LIN+PRE,8,0.110057295,0.088107746,0.10653939,0.089646264,0.089024269,0.113358554,,,0.07999141,0.028929761,0.02676493,-0.246494513,-0.118624284,-0.241681164,-0.18078767,-0.9353326,-0.999999999,,,-0.506768966,0.002863023,0.073437712,0.683404576,0.502353273,0.524485242,0.422322707,-0.138255788,-0.016699692,,,0.668260247,-0.007426785,0.04598328,0.793982984,0.758090873,0.491652843,0.182875912,0.465402374,0.618390256,,,,0.030768269,-0.529957199,0.09231135,0.070469748,0.026417943,0.037450106,0.094988497,0.028587469,-0.139277607,-0.113851443,-0.82572629,-0.833154159,-0.006558017,-0.008578063,0.093581302,0.062815459,0.069187299,0.030166452,0.085843456,0.028008481,-0.162480506,-0.143608605,-0.95813586,-0.883729107,0.093236549,0.010340859,0.993563445,0.116045474,-0.506903297,-0.771273666,0.993327111,0.129919853,-2.160045312,-1.666674801,0.999999986,0.061970313,-0.825671421,-0.285530607,0.998105978,0.092784499,-0.501668363,-0.120796107,0.995822853,0.06219078,-1.147121291,-1.569462785,1.0,0.062161826,1.036368824,1.22090891,0.999999977,0.19401784,-1.965363911,-1.283977351,0.996167203,0.153023642,-2.293685799,-1.891764807,0.999295256,0.076908032,-1.024720589,-0.993838306
-195.55,-132.61,-125.19,-159.92,-210.85,-247.85,1.74,1.3,4.67,2.25,1.02,0.63,BDQ+LIN+PRE,11,0.110057295,0.088107746,0.10653939,0.089646264,0.089024269,0.113358554,,,0.07999141,0.028929761,0.02676493,-0.246494513,-0.118624284,-0.241681164,-0.18078767,-0.9353326,-0.999999999,,,-0.506768966,0.002863023,0.073437712,0.683404576,0.502353273,0.524485242,0.422322707,-0.138255788,-0.016699692,,,0.668260247,-0.007426785,0.04598328,0.793982984,0.758090873,0.491652843,0.182875912,0.465402374,0.618390256,,,,0.030768269,-0.529957199,0.09231135,0.070469748,0.026417943,0.037450106,0.094988497,0.028587469,-0.139277607,-0.113851443,-0.82572629,-0.833154159,-0.006558017,-0.008578063,0.093581302,0.062815459,0.069187299,0.030166452,0.085843456,0.028008481,-0.162480506,-0.143608605,-0.95813586,-0.883729107,0.093236549,0.010340859,0.993563445,0.116045474,-0.506903297,-0.771273666,0.993327111,0.129919853,-2.160045312,-1.666674801,0.999999986,0.061970313,-0.825671421,-0.285530607,0.998105978,0.092784499,-0.501668363,-0.120796107,0.995822853,0.06219078,-1.147121291,-1.569462785,1.0,0.062161826,1.036368824,1.22090891,0.999999977,0.19401784,-1.965363911,-1.283977351,0.996167203,0.153023642,-2.293685799,-1.891764807,0.999295256,0.076908032,-1.024720589,-0.993838306
-205.22,-92.19,-51.69,-108.35,-81.2,-122.53,1.77,1.23,2.87,3.4,2.64,1.53,BDQ+LIN+PRE,11,0.110057295,0.088107746,0.10653939,0.089646264,0.089024269,0.113358554,,,0.07999141,0.028929761,0.02676493,-0.246494513,-0.118624284,-0.241681164,-0.18078767,-0.9353326,-0.999999999,,,-0.506768966,0.002863023,0.073437712,0.683404576,0.502353273,0.524485242,0.422322707,-0.138255788,-0.016699692,,,0.668260247,-0.007426785,0.04598328,0.793982984,0.758090873,0.491652843,0.182875912,0.465402374,0.618390256,,,,0.030768269,-0.529957199,0.09231135,0.070469748,0.026417943,0.037450106,0.094988497,0.028587469,-0.139277607,-0.113851443,-0.82572629,-0.833154159,-0.006558017,-0.008578063,0.093581302,0.062815459,0.069187299,0.030166452,0.085843456,0.028008481,-0.162480506,-0.143608605,-0.95813586,-0.883729107,0.093236549,0.010340859,0.993563445,0.116045474,-0.506903297,-0.771273666,0.993327111,0.129919853,-2.160045312,-1.666674801,0.999999986,0.061970313,-0.825671421,-0.285530607,0.998105978,0.092784499,-0.501668363,-0.120796107,0.995822853,0.06219078,-1.147121291,-1.569462785,1.0,0.062161826,1.036368824,1.22090891,0.999999977,0.19401784,-1.965363911,-1.283977351,0.996167203,0.153023642,-2.293685799,-1.891764807,0.999295256,0.076908032,-1.024720589,-0.993838306
-251.4,-133.44,-117.54,-207.86,-248.91,-323.68,1.8,1.31,4.79,1.91,1.21,0.75,BDQ+LIN+PRE,12,0.110057295,0.088107746,0.10653939,0.089646264,0.089024269,0.113358554,,,0.07999141,0.028929761,0.02676493,-0.246494513,-0.118624284,-0.241681164,-0.18078767,-0.9353326,-0.999999999,,,-0.506768966,0.002863023,0.073437712,0.683404576,0.502353273,0.524485242,0.422322707,-0.138255788,-0.016699692,,,0.668260247,-0.007426785,0.04598328,0.793982984,0.758090873,0.491652843,0.182875912,0.465402374,0.618390256,,,,0.030768269,-0.529957199,0.09231135,0.070469748,0.026417943,0.037450106,0.094988497,0.028587469,-0.139277607,-0.113851443,-0.82572629,-0.833154159,-0.006558017,-0.008578063,0.093581302,0.062815459,0.069187299,0.030166452,0.085843456,0.028008481,-0.162480506,-0.143608605,-0.95813586,-0.883729107,0.093236549,0.010340859,0.993563445,0.116045474,-0.506903297,-0.771273666,0.993327111,0.129919853,-2.160045312,-1.666674801,0.999999986,0.061970313,-0.825671421,-0.285530607,0.998105978,0.092784499,-0.501668363,-0.120796107,0.995822853,0.06219078,-1.147121291,-1.569462785,1.0,0.062161826,1.036368824,1.22090891,0.999999977,0.19401784,-1.965363911,-1.283977351,0.996167203,0.153023642,-2.293685799,-1.891764807,0.999295256,0.076908032,-1.024720589,-0.993838306
-176.93,-84.99,-164.23,-152.92,-296.16,-154.27,1.62,2.82,2.35,0.78,0.55,0.86,BDQ+LIN+PRE,14,0.110057295,0.088107746,0.10653939,0.089646264,0.089024269,0.113358554,,,0.07999141,0.028929761,0.02676493,-0.246494513,-0.118624284,-0.241681164,-0.18078767,-0.9353326,-0.999999999,,,-0.506768966,0.002863023,0.073437712,0.683404576,0.502353273,0.524485242,0.422322707,-0.138255788,-0.016699692,,,0.668260247,-0.007426785,0.04598328,0.793982984,0.758090873,0.491652843,0.182875912,0.465402374,0.618390256,,,,0.030768269,-0.529957199,0.09231135,0.070469748,0.026417943,0.037450106,0.094988497,0.028587469,-0.139277607,-0.113851443,-0.82572629,-0.833154159,-0.006558017,-0.008578063,0.093581302,0.062815459,0.069187299,0.030166452,0.085843456,0.028008481,-0.162480506,-0.143608605,-0.95813586,-0.883729107,0.093236549,0.010340859,0.993563445,0.116045474,-0.506903297,-0.771273666,0.993327111,0.129919853,-2.160045312,-1.666674801,0.999999986,0.061970313,-0.825671421,-0.285530607,0.998105978,0.092784499,-0.501668363,-0.120796107,0.995822853,0.06219078,-1.147121291,-1.569462785,1.0,0.062161826,1.036368824,1.22090891,0.999999977,0.19401784,-1.965363911,-1.283977351,0.996167203,0.153023642,-2.293685799,-1.891764807,0.999295256,0.076908032,-1.024720589,-0.993838306
-428.28,-42.21,-274.85,-241.18,-312.88,-410.45,0.89,2.9,1.42,0.95,0.33,0.34,BDQ+LIN+PRE,15,0.110057295,0.088107746,0.10653939,0.089646264,0.089024269,0.113358554,,,0.07999141,0.028929761,0.02676493,-0.246494513,-0.118624284,-0.241681164,-0.18078767,-0.9353326,-0.999999999,,,-0.506768966,0.002863023,0.073437712,0.683404576,0.502353273,0.524485242,0.422322707,-0.138255788,-0.016699692,,,0.668260247,-0.007426785,0.04598328,0.793982984,0.758090873,0.491652843,0.182875912,0.465402374,0.618390256,,,,0.030768269,-0.529957199,0.09231135,0.070469748,0.026417943,0.037450106,0.094988497,0.028587469,-0.139277607,-0.113851443,-0.82572629,-0.833154159,-0.006558017,-0.008578063,0.093581302,0.062815459,0.069187299,0.030166452,0.085843456,0.028008481,-0.162480506,-0.143608605,-0.95813586,-0.883729107,0.093236549,0.010340859,0.993563445,0.116045474,-0.506903297,-0.771273666,0.993327111,0.129919853,-2.160045312,-1.666674801,0.999999986,0.061970313,-0.825671421,-0.285530607,0.998105978,0.092784499,-0.501668363,-0.120796107,0.995822853,0.06219078,-1.147121291,-1.569462785,1.0,0.062161826,1.036368824,1.22090891,0.999999977,0.19401784,-1.965363911,-1.283977351,0.996167203,0.153023642,-2.293685799,-1.891764807,0.999295256,0.076908032,-1.024720589,-0.993838306
-226.89,-72.62,-149.28,-187.3,-249.73,-206.4,1.62,2.47,1.18,0.53,0.31,0.34,BDQ+LIN+PRE,16,0.110057295,0.088107746,0.10653939,0.089646264,0.089024269,0.113358554,,,0.07999141,0.028929761,0.02676493,-0.246494513,-0.118624284,-0.241681164,-0.18078767,-0.9353326,-0.999999999,,,-0.506768966,0.002863023,0.073437712,0.683404576,0.502353273,0.524485242,0.422322707,-0.138255788,-0.016699692,,,0.668260247,-0.007426785,0.04598328,0.793982984,0.758090873,0.491652843,0.182875912,0.465402374,0.618390256,,,,0.030768269,-0.529957199,0.09231135,0.070469748,0.026417943,0.037450106,0.094988497,0.028587469,-0.139277607,-0.113851443,-0.82572629,-0.833154159,-0.006558017,-0.008578063,0.093581302,0.062815459,0.069187299,0.030166452,0.085843456,0.028008481,-0.162480506,-0.143608605,-0.95813586,-0.883729107,0.093236549,0.010340859,0.993563445,0.116045474,-0.506903297,-0.771273666,0.993327111,0.129919853,-2.160045312,-1.666674801,0.999999986,0.061970313,-0.825671421,-0.285530607,0.998105978,0.092784499,-0.501668363,-0.120796107,0.995822853,0.06219078,-1.147121291,-1.569462785,1.0,0.062161826,1.036368824,1.22090891,0.999999977,0.19401784,-1.965363911,-1.283977351,0.996167203,0.153023642,-2.293685799,-1.891764807,0.999295256,0.076908032,-1.024720589,-0.993838306
-188.92,-91.03,-204.87,-313.75,-294.32,-476.63,2.23,2.54,0.95,0.48,0.47,0.41,BDQ+LIN+PRE,18,0.110057295,0.088107746,0.10653939,0.089646264,0.089024269,0.113358554,,,0.07999141,0.028929761,0.02676493,-0.246494513,-0.118624284,-0.241681164,-0.18078767,-0.9353326,-0.999999999,,,-0.506768966,0.002863023,0.073437712,0.683404576,0.502353273,0.524485242,0.422322707,-0.138255788,-0.016699692,,,0.668260247,-0.007426785,0.04598328,0.793982984,0.758090873,0.491652843,0.182875912,0.465402374,0.618390256,,,,0.030768269,-0.529957199,0.09231135,0.070469748,0.026417943,0.037450106,0.094988497,0.028587469,-0.139277607,-0.113851443,-0.82572629,-0.833154159,-0.006558017,-0.008578063,0.093581302,0.062815459,0.069187299,0.030166452,0.085843456,0.028008481,-0.162480506,-0.143608605,-0.95813586,-0.883729107,0.093236549,0.010340859,0.993563445,0.116045474,-0.506903297,-0.771273666,0.993327111,0.129919853,-2.160045312,-1.666674801,0.999999986,0.061970313,-0.825671421,-0.285530607,0.998105978,0.092784499,-0.501668363,-0.120796107,0.995822853,0.06219078,-1.147121291,-1.569462785,1.0,0.062161826,1.036368824,1.22090891,0.999999977,0.19401784,-1.965363911,-1.283977351,0.996167203,0.153023642,-2.293685799,-1.891764807,0.999295256,0.076908032,-1.024720589,-0.993838306
-237.15,-133.56,-138.32,-123.01,-173.72,-138.43,1.72,3.02,3.62,1.61,2.08,2.07,BDQ+LIN+PRE,19,0.110057295,0.088107746,0.10653939,0.089646264,0.089024269,0.113358554,,,0.07999141,0.028929761,0.02676493,-0.246494513,-0.118624284,-0.241681164,-0.18078767,-0.9353326,-0.999999999,,,-0.506768966,0.002863023,0.073437712,0.683404576,0.502353273,0.524485242,0.422322707,-0.138255788,-0.016699692,,,0.668260247,-0.007426785,0.04598328,0.793982984,0.758090873,0.491652843,0.182875912,0.465402374,0.618390256,,,,0.030768269,-0.529957199,0.09231135,0.070469748,0.026417943,0.037450106,0.094988497,0.028587469,-0.139277607,-0.113851443,-0.82572629,-0.833154159,-0.006558017,-0.008578063,0.093581302,0.062815459,0.069187299,0.030166452,0.085843456,0.028008481,-0.162480506,-0.143608605,-0.95813586,-0.883729107,0.093236549,0.010340859,0.993563445,0.116045474,-0.506903297,-0.771273666,0.993327111,0.129919853,-2.160045312,-1.666674801,0.999999986,0.061970313,-0.825671421,-0.285530607,0.998105978,0.092784499,-0.501668363,-0.120796107,0.995822853,0.06219078,-1.147121291,-1.569462785,1.0,0.062161826,1.036368824,1.22090891,0.999999977,0.19401784,-1.965363911,-1.283977351,0.996167203,0.153023642,-2.293685799,-1.891764807,0.999295256,0.076908032,-1.024720589,-0.993838306
-355.1,-142.49,-250.02,-387.37,-538.56,-537.83,1.84,2.28,1.13,0.48,0.33,0.33,BDQ+LIN+PRE,20,0.110057295,0.088107746,0.10653939,0.089646264,0.089024269,0.113358554,,,0.07999141,0.028929761,0.02676493,-0.246494513,-0.118624284,-0.241681164,-0.18078767,-0.9353326,-0.999999999,,,-0.506768966,0.002863023,0.073437712,0.683404576,0.502353273,0.524485242,0.422322707,-0.138255788,-0.016699692,,,0.668260247,-0.007426785,0.04598328,0.793982984,0.758090873,0.491652843,0.182875912,0.465402374,0.618390256,,,,0.030768269,-0.529957199,0.09231135,0.070469748,0.026417943,0.037450106,0.094988497,0.028587469,-0.139277607,-0.113851443,-0.82572629,-0.833154159,-0.006558017,-0.008578063,0.093581302,0.062815459,0.069187299,0.030166452,0.085843456,0.028008481,-0.162480506,-0.143608605,-0.95813586,-0.883729107,0.093236549,0.010340859,0.993563445,0.116045474,-0.506903297,-0.771273666,0.993327111,0.129919853,-2.160045312,-1.666674801,0.999999986,0.061970313,-0.825671421,-0.285530607,0.998105978,0.092784499,-0.501668363,-0.120796107,0.995822853,0.06219078,-1.147121291,-1.569462785,1.0,0.062161826,1.036368824,1.22090891,0.999999977,0.19401784,-1.965363911,-1.283977351,0.996167203,0.153023642,-2.293685799,-1.891764807,0.999295256,0.076908032,-1.024720589,-0.993838306
-218.16,-49.71,-85.34,-41.71,-89.22,-87.22,1.61,4.47,4.49,2.31,2.88,2.72,BDQ+LIN+PRE,21,0.110057295,0.088107746,0.10653939,0.089646264,0.089024269,0.113358554,,,0.07999141,0.028929761,0.02676493,-0.246494513,-0.118624284,-0.241681164,-0.18078767,-0.9353326,-0.999999999,,,-0.506768966,0.002863023,0.073437712,0.683404576,0.502353273,0.524485242,0.422322707,-0.138255788,-0.016699692,,,0.668260247,-0.007426785,0.04598328,0.793982984,0.758090873,0.491652843,0.182875912,0.465402374,0.618390256,,,,0.030768269,-0.529957199,0.09231135,0.070469748,0.026417943,0.037450106,0.094988497,0.028587469,-0.139277607,-0.113851443,-0.82572629,-0.833154159,-0.006558017,-0.008578063,0.093581302,0.062815459,0.069187299,0.030166452,0.085843456,0.028008481,-0.162480506,-0.143608605,-0.95813586,-0.883729107,0.093236549,0.010340859,0.993563445,0.116045474,-0.506903297,-0.771273666,0.993327111,0.129919853,-2.160045312,-1.666674801,0.999999986,0.061970313,-0.825671421,-0.285530607,0.998105978,0.092784499,-0.501668363,-0.120796107,0.995822853,0.06219078,-1.147121291,-1.569462785,1.0,0.062161826,1.036368824,1.22090891,0.999999977,0.19401784,-1.965363911,-1.283977351,0.996167203,0.153023642,-2.293685799,-1.891764807,0.999295256,0.076908032,-1.024720589,-0.993838306
-259.21,-159.31,-123.75,-164.62,-173.04,-247.78,1.91,3.95,2.0,1.76,1.58,0.95,BDQ+PRE,1,0.091004458,0.068196175,0.106069851,0.040434128,0.043133262,0.058283276,0.108028703,0.080077006,0.086509484,0.037904236,0.065635187,-0.059100359,-0.07104192,-0.254144971,-0.101998337,-0.375690826,-0.455118507,-0.531863213,-0.301480571,-0.096977531,0.388660403,0.233587317,0.456629155,0.53277392,0.603685979,0.3545252,0.871035652,0.738460652,0.263759389,0.271720561,-0.4047844,-0.286731795,-0.250339982,0.612172754,0.670903296,0.75887154,0.42736219,0.702125724,1.316861912,-0.210751289,0.041827243,-0.365982498,-0.685190696,-0.761627931,0.105613031,0.07409219,0.048910806,0.063234463,0.101702887,0.04092995,-0.13212334,-0.09475234,-0.655186801,-0.708628683,0.068332214,0.087552931,0.08306873,0.066794927,0.06007524,0.046739889,0.084586485,0.026811162,-0.134034354,-0.120257644,-0.967681965,-0.825080613,0.037767443,0.058496768,0.991771731,0.06212012,0.63325327,-0.568564429,0.996016421,0.090102528,-0.051501936,-0.029613072,0.999999241,0.086322542,-0.201279333,-0.246924404,0.987600467,0.08140107,-0.113260181,-0.062052497,0.990200606,0.132748746,-1.294901443,-1.210444037,0.993305229,0.062298357,0.678161034,0.519629798,0.988931021,0.077167109,-1.678097419,-1.666700152,0.992638862,0.062275329,-1.726742107,-2.153517259,0.998350728,0.062087605,-0.761267201,-0.817599004
-179.87,-126.7,-72.01,-100.03,-115.25,-180.86,1.41,2.1,3.6,2.54,0.86,0.59,BDQ+PRE,1,0.091004458,0.068196175,0.106069851,0.040434128,0.043133262,0.058283276,0.108028703,0.080077006,0.086509484,0.037904236,0.065635187,-0.059100359,-0.07104192,-0.254144971,-0.101998337,-0.375690826,-0.455118507,-0.531863213,-0.301480571,-0.096977531,0.388660403,0.233587317,0.456629155,0.53277392,0.603685979,0.3545252,0.871035652,0.738460652,0.263759389,0.271720561,-0.4047844,-0.286731795,-0.250339982,0.612172754,0.670903296,0.75887154,0.42736219,0.702125724,1.316861912,-0.210751289,0.041827243,-0.365982498,-0.685190696,-0.761627931,0.105613031,0.07409219,0.048910806,0.063234463,0.101702887,0.04092995,-0.13212334,-0.09475234,-0.655186801,-0.708628683,0.068332214,0.087552931,0.08306873,0.066794927,0.06007524,0.046739889,0.084586485,0.026811162,-0.134034354,-0.120257644,-0.967681965,-0.825080613,0.037767443,0.058496768,0.991771731,0.06212012,0.63325327,-0.568564429,0.996016421,0.090102528,-0.051501936,-0.029613072,0.999999241,0.086322542,-0.201279333,-0.246924404,0.987600467,0.08140107,-0.113260181,-0.062052497,0.990200606,0.132748746,-1.294901443,-1.210444037,0.993305229,0.062298357,0.678161034,0.519629798,0.988931021,0.077167109,-1.678097419,-1.666700152,0.992638862,0.062275329,-1.726742107,-2.153517259,0.998350728,0.062087605,-0.761267201,-0.817599004
-116.7,-78.0,-86.69,-68.95,-118.53,-157.75,1.3,2.02,2.82,1.73,0.93,0.76,BDQ+PRE,1,0.091004458,0.068196175,0.106069851,0.040434128,0.043133262,0.058283276,0.108028703,0.080077006,0.086509484,0.037904236,0.065635187,-0.059100359,-0.07104192,-0.254144971,-0.101998337,-0.375690826,-0.455118507,-0.531863213,-0.301480571,-0.096977531,0.388660403,0.233587317,0.456629155,0.53277392,0.603685979,0.3545252,0.871035652,0.738460652,0.263759389,0.271720561,-0.4047844,-0.286731795,-0.250339982,0.612172754,0.670903296,0.75887154,0.42736219,0.702125724,1.316861912,-0.210751289,0.041827243,-0.365982498,-0.685190696,-0.761627931,0.105613031,0.07409219,0.048910806,0.063234463,0.101702887,0.04092995,-0.13212334,-0.09475234,-0.655186801,-0.708628683,0.068332214,0.087552931,0.08306873,0.066794927,0.06007524,0.046739889,0.084586485,0.026811162,-0.134034354,-0.120257644,-0.967681965,-0.825080613,0.037767443,0.058496768,0.991771731,0.06212012,0.63325327,-0.568564429,0.996016421,0.090102528,-0.051501936,-0.029613072,0.999999241,0.086322542,-0.201279333,-0.246924404,0.987600467,0.08140107,-0.113260181,-0.062052497,0.990200606,0.132748746,-1.294901443,-1.210444037,0.993305229,0.062298357,0.678161034,0.519629798,0.988931021,0.077167109,-1.678097419,-1.666700152,0.992638862,0.062275329,-1.726742107,-2.153517259,0.998350728,0.062087605,-0.761267201,-0.817599004
-163.97,-114.39,-139.94,-151.16,-148.74,-165.92,1.2,2.37,1.96,2.4,1.81,1.41,BDQ+PRE,2,0.091004458,0.068196175,0.106069851,0.040434128,0.043133262,0.058283276,0.108028703,0.080077006,0.086509484,0.037904236,0.065635187,-0.059100359,-0.07104192,-0.254144971,-0.101998337,-0.375690826,-0.455118507,-0.531863213,-0.301480571,-0.096977531,0.388660403,0.233587317,0.456629155,0.53277392,0.603685979,0.3545252,0.871035652,0.738460652,0.263759389,0.271720561,-0.4047844,-0.286731795,-0.250339982,0.612172754,0.670903296,0.75887154,0.42736219,0.702125724,1.316861912,-0.210751289,0.041827243,-0.365982498,-0.685190696,-0.761627931,0.105613031,0.07409219,0.048910806,0.063234463,0.101702887,0.04092995,-0.13212334,-0.09475234,-0.655186801,-0.708628683,0.068332214,0.087552931,0.08306873,0.066794927,0.06007524,0.046739889,0.084586485,0.026811162,-0.134034354,-0.120257644,-0.967681965,-0.825080613,0.037767443,0.058496768,0.991771731,0.06212012,0.63325327,-0.568564429,0.996016421,0.090102528,-0.051501936,-0.029613072,0.999999241,0.086322542,-0.201279333,-0.246924404,0.987600467,0.08140107,-0.113260181,-0.062052497,0.990200606,0.132748746,-1.294901443,-1.210444037,0.993305229,0.062298357,0.678161034,0.519629798,0.988931021,0.077167109,-1.678097419,-1.666700152,0.992638862,0.062275329,-1.726742107,-2.153517259,0.998350728,0.062087605,-0.761267201,-0.817599004
-268.66,-115.17,-140.16,-217.05,-247.24,-236.01,1.22,3.45,1.76,1.88,1.91,2.63,BDQ+PRE,4,0.091004458,0.068196175,0.106069851,0.040434128,0.043133262,0.058283276,0.108028703,0.080077006,0.086509484,0.037904236,0.065635187,-0.059100359,-0.07104192,-0.254144971,-0.101998337,-0.375690826,-0.455118507,-0.531863213,-0.301480571,-0.096977531,0.388660403,0.233587317,0.456629155,0.53277392,0.603685979,0.3545252,0.871035652,0.738460652,0.263759389,0.271720561,-0.4047844,-0.286731795,-0.250339982,0.612172754,0.670903296,0.75887154,0.42736219,0.702125724,1.316861912,-0.210751289,0.041827243,-0.365982498,-0.685190696,-0.761627931,0.105613031,0.07409219,0.048910806,0.063234463,0.101702887,0.04092995,-0.13212334,-0.09475234,-0.655186801,-0.708628683,0.068332214,0.087552931,0.08306873,0.066794927,0.06007524,0.046739889,0.084586485,0.026811162,-0.134034354,-0.120257644,-0.967681965,-0.825080613,0.037767443,0.058496768,0.991771731,0.06212012,0.63325327,-0.568564429,0.996016421,0.090102528,-0.051501936,-0.029613072,0.999999241,0.086322542,-0.201279333,-0.246924404,0.987600467,0.08140107,-0.113260181,-0.062052497,0.990200606,0.132748746,-1.294901443,-1.210444037,0.993305229,0.062298357,0.678161034,0.519629798,0.988931021,0.077167109,-1.678097419,-1.666700152,0.992638862,0.062275329,-1.726742107,-2.153517259,0.998350728,0.062087605,-0.761267201,-0.817599004
-320.52,-196.18,-154.76,-289.37,-304.02,-278.7,0.81,2.33,1.61,1.23,1.09,0.83,BDQ+PRE,5,0.091004458,0.068196175,0.106069851,0.040434128,0.043133262,0.058283276,0.108028703,0.080077006,0.086509484,0.037904236,0.065635187,-0.059100359,-0.07104192,-0.254144971,-0.101998337,-0.375690826,-0.455118507,-0.531863213,-0.301480571,-0.096977531,0.388660403,0.233587317,0.456629155,0.53277392,0.603685979,0.3545252,0.871035652,0.738460652,0.263759389,0.271720561,-0.4047844,-0.286731795,-0.250339982,0.612172754,0.670903296,0.75887154,0.42736219,0.702125724,1.316861912,-0.210751289,0.041827243,-0.365982498,-0.685190696,-0.761627931,0.105613031,0.07409219,0.048910806,0.063234463,0.101702887,0.04092995,-0.13212334,-0.09475234,-0.655186801,-0.708628683,0.068332214,0.087552931,0.08306873,0.066794927,0.06007524,0.046739889,0.084586485,0.026811162,-0.134034354,-0.120257644,-0.967681965,-0.825080613,0.037767443,0.058496768,0.991771731,0.06212012,0.63325327,-0.568564429,0.996016421,0.090102528,-0.051501936,-0.029613072,0.999999241,0.086322542,-0.201279333,-0.246924404,0.987600467,0.08140107,-0.113260181,-0.062052497,0.990200606,0.132748746,-1.294901443,-1.210444037,0.993305229,0.062298357,0.678161034,0.519629798,0.988931021,0.077167109,-1.678097419,-1.666700152,0.992638862,0.062275329,-1.726742107,-2.153517259,0.998350728,0.062087605,-0.761267201,-0.817599004
-217.72,-112.79,-141.37,-201.02,-207.34,-200.91,0.79,2.29,2.09,1.98,1.75,1.27,BDQ+PRE,5,0.091004458,0.068196175,0.106069851,0.040434128,0.043133262,0.058283276,0.108028703,0.080077006,0.086509484,0.037904236,0.065635187,-0.059100359,-0.07104192,-0.254144971,-0.101998337,-0.375690826,-0.455118507,-0.531863213,-0.301480571,-0.096977531,0.388660403,0.233587317,0.456629155,0.53277392,0.603685979,0.3545252,0.871035652,0.738460652,0.263759389,0.271720561,-0.4047844,-0.286731795,-0.250339982,0.612172754,0.670903296,0.75887154,0.42736219,0.702125724,1.316861912,-0.210751289,0.041827243,-0.365982498,-0.685190696,-0.761627931,0.105613031,0.07409219,0.048910806,0.063234463,0.101702887,0.04092995,-0.13212334,-0.09475234,-0.655186801,-0.708628683,0.068332214,0.087552931,0.08306873,0.066794927,0.06007524,0.046739889,0.084586485,0.026811162,-0.134034354,-0.120257644,-0.967681965,-0.825080613,0.037767443,0.058496768,0.991771731,0.06212012,0.63325327,-0.568564429,0.996016421,0.090102528,-0.051501936,-0.029613072,0.999999241,0.086322542,-0.201279333,-0.246924404,0.987600467,0.08140107,-0.113260181,-0.062052497,0.990200606,0.132748746,-1.294901443,-1.210444037,0.993305229,0.062298357,0.678161034,0.519629798,0.988931021,0.077167109,-1.678097419,-1.666700152,0.992638862,0.062275329,-1.726742107,-2.153517259,0.998350728,0.062087605,-0.761267201,-0.817599004
-14.79,11.47,24.5,23.57,24.4,-7.06,2.56,6.89,3.76,3.05,2.07,1.4,BDQ+PRE,6,0.091004458,0.068196175,0.106069851,0.040434128,0.043133262,0.058283276,0.108028703,0.080077006,0.086509484,0.037904236,0.065635187,-0.059100359,-0.07104192,-0.254144971,-0.101998337,-0.375690826,-0.455118507,-0.531863213,-0.301480571,-0.096977531,0.388660403,0.233587317,0.456629155,0.53277392,0.603685979,0.3545252,0.871035652,0.738460652,0.263759389,0.271720561,-0.4047844,-0.286731795,-0.250339982,0.612172754,0.670903296,0.75887154,0.42736219,0.702125724,1.316861912,-0.210751289,0.041827243,-0.365982498,-0.685190696,-0.761627931,0.105613031,0.07409219,0.048910806,0.063234463,0.101702887,0.04092995,-0.13212334,-0.09475234,-0.655186801,-0.708628683,0.068332214,0.087552931,0.08306873,0.066794927,0.06007524,0.046739889,0.084586485,0.026811162,-0.134034354,-0.120257644,-0.967681965,-0.825080613,0.037767443,0.058496768,0.991771731,0.06212012,0.63325327,-0.568564429,0.996016421,0.090102528,-0.051501936,-0.029613072,0.999999241,0.086322542,-0.201279333,-0.246924404,0.987600467,0.08140107,-0.113260181,-0.062052497,0.990200606,0.132748746,-1.294901443,-1.210444037,0.993305229,0.062298357,0.678161034,0.519629798,0.988931021,0.077167109,-1.678097419,-1.666700152,0.992638862,0.062275329,-1.726742107,-2.153517259,0.998350728,0.062087605,-0.761267201,-0.817599004
-197.45,-131.48,-161.52,-155.84,-199.91,-193.05,0.48,1.47,1.94,1.42,0.64,0.38,BDQ+PRE,6,0.091004458,0.068196175,0.106069851,0.040434128,0.043133262,0.058283276,0.108028703,0.080077006,0.086509484,0.037904236,0.065635187,-0.059100359,-0.07104192,-0.254144971,-0.101998337,-0.375690826,-0.455118507,-0.531863213,-0.301480571,-0.096977531,0.388660403,0.233587317,0.456629155,0.53277392,0.603685979,0.3545252,0.871035652,0.738460652,0.263759389,0.271720561,-0.4047844,-0.286731795,-0.250339982,0.612172754,0.670903296,0.75887154,0.42736219,0.702125724,1.316861912,-0.210751289,0.041827243,-0.365982498,-0.685190696,-0.761627931,0.105613031,0.07409219,0.048910806,0.063234463,0.101702887,0.04092995,-0.13212334,-0.09475234,-0.655186801,-0.708628683,0.068332214,0.087552931,0.08306873,0.066794927,0.06007524,0.046739889,0.084586485,0.026811162,-0.134034354,-0.120257644,-0.967681965,-0.825080613,0.037767443,0.058496768,0.991771731,0.06212012,0.63325327,-0.568564429,0.996016421,0.090102528,-0.051501936,-0.029613072,0.999999241,0.086322542,-0.201279333,-0.246924404,0.987600467,0.08140107,-0.113260181,-0.062052497,0.990200606,0.132748746,-1.294901443,-1.210444037,0.993305229,0.062298357,0.678161034,0.519629798,0.988931021,0.077167109,-1.678097419,-1.666700152,0.992638862,0.062275329,-1.726742107,-2.153517259,0.998350728,0.062087605,-0.761267201,-0.817599004
-284.04,-182.55,-178.98,-187.7,-190.8,-226.06,0.91,1.93,3.26,1.84,0.45,0.43,BDQ+PRE,7,0.091004458,0.068196175,0.106069851,0.040434128,0.043133262,0.058283276,0.108028703,0.080077006,0.086509484,0.037904236,0.065635187,-0.059100359,-0.07104192,-0.254144971,-0.101998337,-0.375690826,-0.455118507,-0.531863213,-0.301480571,-0.096977531,0.388660403,0.233587317,0.456629155,0.53277392,0.603685979,0.3545252,0.871035652,0.738460652,0.263759389,0.271720561,-0.4047844,-0.286731795,-0.250339982,0.612172754,0.670903296,0.75887154,0.42736219,0.702125724,1.316861912,-0.210751289,0.041827243,-0.365982498,-0.685190696,-0.761627931,0.105613031,0.07409219,0.048910806,0.063234463,0.101702887,0.04092995,-0.13212334,-0.09475234,-0.655186801,-0.708628683,0.068332214,0.087552931,0.08306873,0.066794927,0.06007524,0.046739889,0.084586485,0.026811162,-0.134034354,-0.120257644,-0.967681965,-0.825080613,0.037767443,0.058496768,0.991771731,0.06212012,0.63325327,-0.568564429,0.996016421,0.090102528,-0.051501936,-0.029613072,0.999999241,0.086322542,-0.201279333,-0.246924404,0.987600467,0.08140107,-0.113260181,-0.062052497,0.990200606,0.132748746,-1.294901443,-1.210444037,0.993305229,0.062298357,0.678161034,0.519629798,0.988931021,0.077167109,-1.678097419,-1.666700152,0.992638862,0.062275329,-1.726742107,-2.153517259,0.998350728,0.062087605,-0.761267201,-0.817599004
-231.9,-98.94,-59.71,-156.82,-228.42,-277.79,1.16,3.53,2.44,1.65,1.13,0.66,BDQ+PRE,8,0.091004458,0.068196175,0.106069851,0.040434128,0.043133262,0.058283276,0.108028703,0.080077006,0.086509484,0.037904236,0.065635187,-0.059100359,-0.07104192,-0.254144971,-0.101998337,-0.375690826,-0.455118507,-0.531863213,-0.301480571,-0.096977531,0.388660403,0.233587317,0.456629155,0.53277392,0.603685979,0.3545252,0.871035652,0.738460652,0.263759389,0.271720561,-0.4047844,-0.286731795,-0.250339982,0.612172754,0.670903296,0.75887154,0.42736219,0.702125724,1.316861912,-0.210751289,0.041827243,-0.365982498,-0.685190696,-0.761627931,0.105613031,0.07409219,0.048910806,0.063234463,0.101702887,0.04092995,-0.13212334,-0.09475234,-0.655186801,-0.708628683,0.068332214,0.087552931,0.08306873,0.066794927,0.06007524,0.046739889,0.084586485,0.026811162,-0.134034354,-0.120257644,-0.967681965,-0.825080613,0.037767443,0.058496768,0.991771731,0.06212012,0.63325327,-0.568564429,0.996016421,0.090102528,-0.051501936,-0.029613072,0.999999241,0.086322542,-0.201279333,-0.246924404,0.987600467,0.08140107,-0.113260181,-0.062052497,0.990200606,0.132748746,-1.294901443,-1.210444037,0.993305229,0.062298357,0.678161034,0.519629798,0.988931021,0.077167109,-1.678097419,-1.666700152,0.992638862,0.062275329,-1.726742107,-2.153517259,0.998350728,0.062087605,-0.761267201,-0.817599004
-317.1,-88.55,-138.5,-146.0,-149.75,-121.85,0.68,1.86,2.17,1.58,0.61,0.75,BDQ+PRE,9,0.091004458,0.068196175,0.106069851,0.040434128,0.043133262,0.058283276,0.108028703,0.080077006,0.086509484,0.037904236,0.065635187,-0.059100359,-0.07104192,-0.254144971,-0.101998337,-0.375690826,-0.455118507,-0.531863213,-0.301480571,-0.096977531,0.388660403,0.233587317,0.456629155,0.53277392,0.603685979,0.3545252,0.871035652,0.738460652,0.263759389,0.271720561,-0.4047844,-0.286731795,-0.250339982,0.612172754,0.670903296,0.75887154,0.42736219,0.702125724,1.316861912,-0.210751289,0.041827243,-0.365982498,-0.685190696,-0.761627931,0.105613031,0.07409219,0.048910806,0.063234463,0.101702887,0.04092995,-0.13212334,-0.09475234,-0.655186801,-0.708628683,0.068332214,0.087552931,0.08306873,0.066794927,0.06007524,0.046739889,0.084586485,0.026811162,-0.134034354,-0.120257644,-0.967681965,-0.825080613,0.037767443,0.058496768,0.991771731,0.06212012,0.63325327,-0.568564429,0.996016421,0.090102528,-0.051501936,-0.029613072,0.999999241,0.086322542,-0.201279333,-0.246924404,0.987600467,0.08140107,-0.113260181,-0.062052497,0.990200606,0.132748746,-1.294901443,-1.210444037,0.993305229,0.062298357,0.678161034,0.519629798,0.988931021,0.077167109,-1.678097419,-1.666700152,0.992638862,0.062275329,-1.726742107,-2.153517259,0.998350728,0.062087605,-0.761267201,-0.817599004
-280.13,-149.16,-144.59,-141.92,-145.91,-121.32,0.95,1.72,2.47,2.03,0.73,0.57,BDQ+PRE,10,0.091004458,0.068196175,0.106069851,0.040434128,0.043133262,0.058283276,0.108028703,0.080077006,0.086509484,0.037904236,0.065635187,-0.059100359,-0.07104192,-0.254144971,-0.101998337,-0.375690826,-0.455118507,-0.531863213,-0.301480571,-0.096977531,0.388660403,0.233587317,0.456629155,0.53277392,0.603685979,0.3545252,0.871035652,0.738460652,0.263759389,0.271720561,-0.4047844,-0.286731795,-0.250339982,0.612172754,0.670903296,0.75887154,0.42736219,0.702125724,1.316861912,-0.210751289,0.041827243,-0.365982498,-0.685190696,-0.761627931,0.105613031,0.07409219,0.048910806,0.063234463,0.101702887,0.04092995,-0.13212334,-0.09475234,-0.655186801,-0.708628683,0.068332214,0.087552931,0.08306873,0.066794927,0.06007524,0.046739889,0.084586485,0.026811162,-0.134034354,-0.120257644,-0.967681965,-0.825080613,0.037767443,0.058496768,0.991771731,0.06212012,0.63325327,-0.568564429,0.996016421,0.090102528,-0.051501936,-0.029613072,0.999999241,0.086322542,-0.201279333,-0.246924404,0.987600467,0.08140107,-0.113260181,-0.062052497,0.990200606,0.132748746,-1.294901443,-1.210444037,0.993305229,0.062298357,0.678161034,0.519629798,0.988931021,0.077167109,-1.678097419,-1.666700152,0.992638862,0.062275329,-1.726742107,-2.153517259,0.998350728,0.062087605,-0.761267201,-0.817599004
-169.28,-90.94,-127.02,-144.59,-165.45,-190.87,0.94,2.04,1.79,1.72,1.13,0.85,BDQ+PRE,10,0.091004458,0.068196175,0.106069851,0.040434128,0.043133262,0.058283276,0.108028703,0.080077006,0.086509484,0.037904236,0.065635187,-0.059100359,-0.07104192,-0.254144971,-0.101998337,-0.375690826,-0.455118507,-0.531863213,-0.301480571,-0.096977531,0.388660403,0.233587317,0.456629155,0.53277392,0.603685979,0.3545252,0.871035652,0.738460652,0.263759389,0.271720561,-0.4047844,-0.286731795,-0.250339982,0.612172754,0.670903296,0.75887154,0.42736219,0.702125724,1.316861912,-0.210751289,0.041827243,-0.365982498,-0.685190696,-0.761627931,0.105613031,0.07409219,0.048910806,0.063234463,0.101702887,0.04092995,-0.13212334,-0.09475234,-0.655186801,-0.708628683,0.068332214,0.087552931,0.08306873,0.066794927,0.06007524,0.046739889,0.084586485,0.026811162,-0.134034354,-0.120257644,-0.967681965,-0.825080613,0.037767443,0.058496768,0.991771731,0.06212012,0.63325327,-0.568564429,0.996016421,0.090102528,-0.051501936,-0.029613072,0.999999241,0.086322542,-0.201279333,-0.246924404,0.987600467,0.08140107,-0.113260181,-0.062052497,0.990200606,0.132748746,-1.294901443,-1.210444037,0.993305229,0.062298357,0.678161034,0.519629798,0.988931021,0.077167109,-1.678097419,-1.666700152,0.992638862,0.062275329,-1.726742107,-2.153517259,0.998350728,0.062087605,-0.761267201,-0.817599004
-141.51,-77.1,-58.93,-98.92,-178.97,-176.44,1.09,4.13,2.19,1.63,1.24,0.99,BDQ+PRE,10,0.091004458,0.068196175,0.106069851,0.040434128,0.043133262,0.058283276,0.108028703,0.080077006,0.086509484,0.037904236,0.065635187,-0.059100359,-0.07104192,-0.254144971,-0.101998337,-0.375690826,-0.455118507,-0.531863213,-0.301480571,-0.096977531,0.388660403,0.233587317,0.456629155,0.53277392,0.603685979,0.3545252,0.871035652,0.738460652,0.263759389,0.271720561,-0.4047844,-0.286731795,-0.250339982,0.612172754,0.670903296,0.75887154,0.42736219,0.702125724,1.316861912,-0.210751289,0.041827243,-0.365982498,-0.685190696,-0.761627931,0.105613031,0.07409219,0.048910806,0.063234463,0.101702887,0.04092995,-0.13212334,-0.09475234,-0.655186801,-0.708628683,0.068332214,0.087552931,0.08306873,0.066794927,0.06007524,0.046739889,0.084586485,0.026811162,-0.134034354,-0.120257644,-0.967681965,-0.825080613,0.037767443,0.058496768,0.991771731,0.06212012,0.63325327,-0.568564429,0.996016421,0.090102528,-0.051501936,-0.029613072,0.999999241,0.086322542,-0.201279333,-0.246924404,0.987600467,0.08140107,-0.113260181,-0.062052497,0.990200606,0.132748746,-1.294901443,-1.210444037,0.993305229,0.062298357,0.678161034,0.519629798,0.988931021,0.077167109,-1.678097419,-1.666700152,0.992638862,0.062275329,-1.726742107,-2.153517259,0.998350728,0.062087605,-0.761267201,-0.817599004
-150.47,-143.95,-140.3,-143.49,-191.79,-231.48,1.27,3.58,1.87,2.04,1.66,0.82,BDQ+PRE,13,0.091004458,0.068196175,0.106069851,0.040434128,0.043133262,0.058283276,0.108028703,0.080077006,0.086509484,0.037904236,0.065635187,-0.059100359,-0.07104192,-0.254144971,-0.101998337,-0.375690826,-0.455118507,-0.531863213,-0.301480571,-0.096977531,0.388660403,0.233587317,0.456629155,0.53277392,0.603685979,0.3545252,0.871035652,0.738460652,0.263759389,0.271720561,-0.4047844,-0.286731795,-0.250339982,0.612172754,0.670903296,0.75887154,0.42736219,0.702125724,1.316861912,-0.210751289,0.041827243,-0.365982498,-0.685190696,-0.761627931,0.105613031,0.07409219,0.048910806,0.063234463,0.101702887,0.04092995,-0.13212334,-0.09475234,-0.655186801,-0.708628683,0.068332214,0.087552931,0.08306873,0.066794927,0.06007524,0.046739889,0.084586485,0.026811162,-0.134034354,-0.120257644,-0.967681965,-0.825080613,0.037767443,0.058496768,0.991771731,0.06212012,0.63325327,-0.568564429,0.996016421,0.090102528,-0.051501936,-0.029613072,0.999999241,0.086322542,-0.201279333,-0.246924404,0.987600467,0.08140107,-0.113260181,-0.062052497,0.990200606,0.132748746,-1.294901443,-1.210444037,0.993305229,0.062298357,0.678161034,0.519629798,0.988931021,0.077167109,-1.678097419,-1.666700152,0.992638862,0.062275329,-1.726742107,-2.153517259,0.998350728,0.062087605,-0.761267201,-0.817599004
-254.98,-135.14,-112.59,-181.35,-104.46,-191.71,1.01,1.72,2.57,1.72,0.61,0.55,BDQ+PRE,14,0.091004458,0.068196175,0.106069851,0.040434128,0.043133262,0.058283276,0.108028703,0.080077006,0.086509484,0.037904236,0.065635187,-0.059100359,-0.07104192,-0.254144971,-0.101998337,-0.375690826,-0.455118507,-0.531863213,-0.301480571,-0.096977531,0.388660403,0.233587317,0.456629155,0.53277392,0.603685979,0.3545252,0.871035652,0.738460652,0.263759389,0.271720561,-0.4047844,-0.286731795,-0.250339982,0.612172754,0.670903296,0.75887154,0.42736219,0.702125724,1.316861912,-0.210751289,0.041827243,-0.365982498,-0.685190696,-0.761627931,0.105613031,0.07409219,0.048910806,0.063234463,0.101702887,0.04092995,-0.13212334,-0.09475234,-0.655186801,-0.708628683,0.068332214,0.087552931,0.08306873,0.066794927,0.06007524,0.046739889,0.084586485,0.026811162,-0.134034354,-0.120257644,-0.967681965,-0.825080613,0.037767443,0.058496768,0.991771731,0.06212012,0.63325327,-0.568564429,0.996016421,0.090102528,-0.051501936,-0.029613072,0.999999241,0.086322542,-0.201279333,-0.246924404,0.987600467,0.08140107,-0.113260181,-0.062052497,0.990200606,0.132748746,-1.294901443,-1.210444037,0.993305229,0.062298357,0.678161034,0.519629798,0.988931021,0.077167109,-1.678097419,-1.666700152,0.992638862,0.062275329,-1.726742107,-2.153517259,0.998350728,0.062087605,-0.761267201,-0.817599004
-216.28,-94.88,-90.1,-185.22,-239.05,-250.99,1.02,3.21,2.25,1.82,1.42,0.88,BDQ+PRE,15,0.091004458,0.068196175,0.106069851,0.040434128,0.043133262,0.058283276,0.108028703,0.080077006,0.086509484,0.037904236,0.065635187,-0.059100359,-0.07104192,-0.254144971,-0.101998337,-0.375690826,-0.455118507,-0.531863213,-0.301480571,-0.096977531,0.388660403,0.233587317,0.456629155,0.53277392,0.603685979,0.3545252,0.871035652,0.738460652,0.263759389,0.271720561,-0.4047844,-0.286731795,-0.250339982,0.612172754,0.670903296,0.75887154,0.42736219,0.702125724,1.316861912,-0.210751289,0.041827243,-0.365982498,-0.685190696,-0.761627931,0.105613031,0.07409219,0.048910806,0.063234463,0.101702887,0.04092995,-0.13212334,-0.09475234,-0.655186801,-0.708628683,0.068332214,0.087552931,0.08306873,0.066794927,0.06007524,0.046739889,0.084586485,0.026811162,-0.134034354,-0.120257644,-0.967681965,-0.825080613,0.037767443,0.058496768,0.991771731,0.06212012,0.63325327,-0.568564429,0.996016421,0.090102528,-0.051501936,-0.029613072,0.999999241,0.086322542,-0.201279333,-0.246924404,0.987600467,0.08140107,-0.113260181,-0.062052497,0.990200606,0.132748746,-1.294901443,-1.210444037,0.993305229,0.062298357,0.678161034,0.519629798,0.988931021,0.077167109,-1.678097419,-1.666700152,0.992638862,0.062275329,-1.726742107,-2.153517259,0.998350728,0.062087605,-0.761267201,-0.817599004
-174.04,-110.91,-113.15,-161.35,-229.41,-200.79,0.99,2.86,2.39,1.93,1.07,1.0,BDQ+PRE,15,0.091004458,0.068196175,0.106069851,0.040434128,0.043133262,0.058283276,0.108028703,0.080077006,0.086509484,0.037904236,0.065635187,-0.059100359,-0.07104192,-0.254144971,-0.101998337,-0.375690826,-0.455118507,-0.531863213,-0.301480571,-0.096977531,0.388660403,0.233587317,0.456629155,0.53277392,0.603685979,0.3545252,0.871035652,0.738460652,0.263759389,0.271720561,-0.4047844,-0.286731795,-0.250339982,0.612172754,0.670903296,0.75887154,0.42736219,0.702125724,1.316861912,-0.210751289,0.041827243,-0.365982498,-0.685190696,-0.761627931,0.105613031,0.07409219,0.048910806,0.063234463,0.101702887,0.04092995,-0.13212334,-0.09475234,-0.655186801,-0.708628683,0.068332214,0.087552931,0.08306873,0.066794927,0.06007524,0.046739889,0.084586485,0.026811162,-0.134034354,-0.120257644,-0.967681965,-0.825080613,0.037767443,0.058496768,0.991771731,0.06212012,0.63325327,-0.568564429,0.996016421,0.090102528,-0.051501936,-0.029613072,0.999999241,0.086322542,-0.201279333,-0.246924404,0.987600467,0.08140107,-0.113260181,-0.062052497,0.990200606,0.132748746,-1.294901443,-1.210444037,0.993305229,0.062298357,0.678161034,0.519629798,0.988931021,0.077167109,-1.678097419,-1.666700152,0.992638862,0.062275329,-1.726742107,-2.153517259,0.998350728,0.062087605,-0.761267201,-0.817599004
-260.86,-102.1,-124.32,-122.09,-200.96,-235.78,0.57,2.15,2.35,1.53,0.71,0.5,BDQ+PRE,17,0.091004458,0.068196175,0.106069851,0.040434128,0.043133262,0.058283276,0.108028703,0.080077006,0.086509484,0.037904236,0.065635187,-0.059100359,-0.07104192,-0.254144971,-0.101998337,-0.375690826,-0.455118507,-0.531863213,-0.301480571,-0.096977531,0.388660403,0.233587317,0.456629155,0.53277392,0.603685979,0.3545252,0.871035652,0.738460652,0.263759389,0.271720561,-0.4047844,-0.286731795,-0.250339982,0.612172754,0.670903296,0.75887154,0.42736219,0.702125724,1.316861912,-0.210751289,0.041827243,-0.365982498,-0.685190696,-0.761627931,0.105613031,0.07409219,0.048910806,0.063234463,0.101702887,0.04092995,-0.13212334,-0.09475234,-0.655186801,-0.708628683,0.068332214,0.087552931,0.08306873,0.066794927,0.06007524,0.046739889,0.084586485,0.026811162,-0.134034354,-0.120257644,-0.967681965,-0.825080613,0.037767443,0.058496768,0.991771731,0.06212012,0.63325327,-0.568564429,0.996016421,0.090102528,-0.051501936,-0.029613072,0.999999241,0.086322542,-0.201279333,-0.246924404,0.987600467,0.08140107,-0.113260181,-0.062052497,0.990200606,0.132748746,-1.294901443,-1.210444037,0.993305229,0.062298357,0.678161034,0.519629798,0.988931021,0.077167109,-1.678097419,-1.666700152,0.992638862,0.062275329,-1.726742107,-2.153517259,0.998350728,0.062087605,-0.761267201,-0.817599004
-247.02,-63.38,-185.6,-218.88,-296.25,-361.81,0.88,1.9,1.91,0.71,0.68,0.57,BDQ+PRE,21,0.091004458,0.068196175,0.106069851,0.040434128,0.043133262,0.058283276,0.108028703,0.080077006,0.086509484,0.037904236,0.065635187,-0.059100359,-0.07104192,-0.254144971,-0.101998337,-0.375690826,-0.455118507,-0.531863213,-0.301480571,-0.096977531,0.388660403,0.233587317,0.456629155,0.53277392,0.603685979,0.3545252,0.871035652,0.738460652,0.263759389,0.271720561,-0.4047844,-0.286731795,-0.250339982,0.612172754,0.670903296,0.75887154,0.42736219,0.702125724,1.316861912,-0.210751289,0.041827243,-0.365982498,-0.685190696,-0.761627931,0.105613031,0.07409219,0.048910806,0.063234463,0.101702887,0.04092995,-0.13212334,-0.09475234,-0.655186801,-0.708628683,0.068332214,0.087552931,0.08306873,0.066794927,0.06007524,0.046739889,0.084586485,0.026811162,-0.134034354,-0.120257644,-0.967681965,-0.825080613,0.037767443,0.058496768,0.991771731,0.06212012,0.63325327,-0.568564429,0.996016421,0.090102528,-0.051501936,-0.029613072,0.999999241,0.086322542,-0.201279333,-0.246924404,0.987600467,0.08140107,-0.113260181,-0.062052497,0.990200606,0.132748746,-1.294901443,-1.210444037,0.993305229,0.062298357,0.678161034,0.519629798,0.988931021,0.077167109,-1.678097419,-1.666700152,0.992638862,0.062275329,-1.726742107,-2.153517259,0.998350728,0.062087605,-0.761267201,-0.817599004
-239.08,-190.36,-189.3,-262.26,-276.94,-281.52,0.71,1.94,1.74,1.59,1.14,0.97,BDQ+PRE,23,0.091004458,0.068196175,0.106069851,0.040434128,0.043133262,0.058283276,0.108028703,0.080077006,0.086509484,0.037904236,0.065635187,-0.059100359,-0.07104192,-0.254144971,-0.101998337,-0.375690826,-0.455118507,-0.531863213,-0.301480571,-0.096977531,0.388660403,0.233587317,0.456629155,0.53277392,0.603685979,0.3545252,0.871035652,0.738460652,0.263759389,0.271720561,-0.4047844,-0.286731795,-0.250339982,0.612172754,0.670903296,0.75887154,0.42736219,0.702125724,1.316861912,-0.210751289,0.041827243,-0.365982498,-0.685190696,-0.761627931,0.105613031,0.07409219,0.048910806,0.063234463,0.101702887,0.04092995,-0.13212334,-0.09475234,-0.655186801,-0.708628683,0.068332214,0.087552931,0.08306873,0.066794927,0.06007524,0.046739889,0.084586485,0.026811162,-0.134034354,-0.120257644,-0.967681965,-0.825080613,0.037767443,0.058496768,0.991771731,0.06212012,0.63325327,-0.568564429,0.996016421,0.090102528,-0.051501936,-0.029613072,0.999999241,0.086322542,-0.201279333,-0.246924404,0.987600467,0.08140107,-0.113260181,-0.062052497,0.990200606,0.132748746,-1.294901443,-1.210444037,0.993305229,0.062298357,0.678161034,0.519629798,0.988931021,0.077167109,-1.678097419,-1.666700152,0.992638862,0.062275329,-1.726742107,-2.153517259,0.998350728,0.062087605,-0.761267201,-0.817599004
-161.71,-145.3,-178.71,-174.85,-227.69,-295.8,0.93,1.42,1.63,0.6,0.69,0.62,BDQ+PRE,23,0.091004458,0.068196175,0.106069851,0.040434128,0.043133262,0.058283276,0.108028703,0.080077006,0.086509484,0.037904236,0.065635187,-0.059100359,-0.07104192,-0.254144971,-0.101998337,-0.375690826,-0.455118507,-0.531863213,-0.301480571,-0.096977531,0.388660403,0.233587317,0.456629155,0.53277392,0.603685979,0.3545252,0.871035652,0.738460652,0.263759389,0.271720561,-0.4047844,-0.286731795,-0.250339982,0.612172754,0.670903296,0.75887154,0.42736219,0.702125724,1.316861912,-0.210751289,0.041827243,-0.365982498,-0.685190696,-0.761627931,0.105613031,0.07409219,0.048910806,0.063234463,0.101702887,0.04092995,-0.13212334,-0.09475234,-0.655186801,-0.708628683,0.068332214,0.087552931,0.08306873,0.066794927,0.06007524,0.046739889,0.084586485,0.026811162,-0.134034354,-0.120257644,-0.967681965,-0.825080613,0.037767443,0.058496768,0.991771731,0.06212012,0.63325327,-0.568564429,0.996016421,0.090102528,-0.051501936,-0.029613072,0.999999241,0.086322542,-0.201279333,-0.246924404,0.987600467,0.08140107,-0.113260181,-0.062052497,0.990200606,0.132748746,-1.294901443,-1.210444037,0.993305229,0.062298357,0.678161034,0.519629798,0.988931021,0.077167109,-1.678097419,-1.666700152,0.992638862,0.062275329,-1.726742107,-2.153517259,0.998350728,0.062087605,-0.761267201,-0.817599004
-172.77,-37.03,-59.43,-74.89,-75.19,-107.83,2.25,4.42,1.85,2.29,2.01,1.63,EMB+INH+PZA+RIF,1,0.073521548,0.061128092,,,0.050063732,0.0542328,,,,,,-0.019216694,-0.004110918,,,-1.0,-0.828199596,,,,,,0.625746639,0.413742528,,,1.278510272,1.233830904,,,,,,,,,,0.333298183,0.438300125,,,,,,0.091304405,0.079849877,0.025968846,0.025968845,0.081351711,0.052622601,-0.014739031,-0.022215726,-1.0,-1.0,0.056025605,0.049093435,0.083038122,0.066657652,0.026156571,0.02598151,0.089895677,0.029037323,0.003337544,-0.012018357,-0.999999997,-0.86281669,-0.147867056,0.147171948,0.977150789,0.080039614,-1.303547059,-1.54374451,0.966633173,0.073353262,-1.466263344,-2.143321765,0.980563538,0.160868744,-1.622257732,-2.021898999,0.990738908,0.176516943,-3.471337142,-1.881763153,0.990050106,0.100443584,-6.302046088,-5.646461269,0.991069747,0.065580278,-0.366416411,-1.506772793,0.997476074,0.263263181,-3.280375101,-1.318522147,0.962196363,0.181491049,-5.449430681,-4.175438745,0.995150404,0.170871003,-2.563785654,-4.042308338
-255.39,-135.14,-165.08,-199.88,-215.75,-244.98,1.6,2.95,2.41,2.51,1.63,1.45,EMB+INH+PZA+RIF,1,0.073521548,0.061128092,,,0.050063732,0.0542328,,,,,,-0.019216694,-0.004110918,,,-1.0,-0.828199596,,,,,,0.625746639,0.413742528,,,1.278510272,1.233830904,,,,,,,,,,0.333298183,0.438300125,,,,,,0.091304405,0.079849877,0.025968846,0.025968845,0.081351711,0.052622601,-0.014739031,-0.022215726,-1.0,-1.0,0.056025605,0.049093435,0.083038122,0.066657652,0.026156571,0.02598151,0.089895677,0.029037323,0.003337544,-0.012018357,-0.999999997,-0.86281669,-0.147867056,0.147171948,0.977150789,0.080039614,-1.303547059,-1.54374451,0.966633173,0.073353262,-1.466263344,-2.143321765,0.980563538,0.160868744,-1.622257732,-2.021898999,0.990738908,0.176516943,-3.471337142,-1.881763153,0.990050106,0.100443584,-6.302046088,-5.646461269,0.991069747,0.065580278,-0.366416411,-1.506772793,0.997476074,0.263263181,-3.280375101,-1.318522147,0.962196363,0.181491049,-5.449430681,-4.175438745,0.995150404,0.170871003,-2.563785654,-4.042308338
-228.59,-122.15,-123.5,-174.32,-207.64,9.04,3.12,3.97,2.51,2.97,2.51,1.87,EMB+INH+PZA+RIF,2,0.073521548,0.061128092,,,0.050063732,0.0542328,,,,,,-0.019216694,-0.004110918,,,-1.0,-0.828199596,,,,,,0.625746639,0.413742528,,,1.278510272,1.233830904,,,,,,,,,,0.333298183,0.438300125,,,,,,0.091304405,0.079849877,0.025968846,0.025968845,0.081351711,0.052622601,-0.014739031,-0.022215726,-1.0,-1.0,0.056025605,0.049093435,0.083038122,0.066657652,0.026156571,0.02598151,0.089895677,0.029037323,0.003337544,-0.012018357,-0.999999997,-0.86281669,-0.147867056,0.147171948,0.977150789,0.080039614,-1.303547059,-1.54374451,0.966633173,0.073353262,-1.466263344,-2.143321765,0.980563538,0.160868744,-1.622257732,-2.021898999,0.990738908,0.176516943,-3.471337142,-1.881763153,0.990050106,0.100443584,-6.302046088,-5.646461269,0.991069747,0.065580278,-0.366416411,-1.506772793,0.997476074,0.263263181,-3.280375101,-1.318522147,0.962196363,0.181491049,-5.449430681,-4.175438745,0.995150404,0.170871003,-2.563785654,-4.042308338
-288.47,-207.44,-280.68,-274.75,-264.09,-247.13,1.17,3.18,1.18,1.18,0.99,1.36,EMB+INH+PZA+RIF,2,0.073521548,0.061128092,,,0.050063732,0.0542328,,,,,,-0.019216694,-0.004110918,,,-1.0,-0.828199596,,,,,,0.625746639,0.413742528,,,1.278510272,1.233830904,,,,,,,,,,0.333298183,0.438300125,,,,,,0.091304405,0.079849877,0.025968846,0.025968845,0.081351711,0.052622601,-0.014739031,-0.022215726,-1.0,-1.0,0.056025605,0.049093435,0.083038122,0.066657652,0.026156571,0.02598151,0.089895677,0.029037323,0.003337544,-0.012018357,-0.999999997,-0.86281669,-0.147867056,0.147171948,0.977150789,0.080039614,-1.303547059,-1.54374451,0.966633173,0.073353262,-1.466263344,-2.143321765,0.980563538,0.160868744,-1.622257732,-2.021898999,0.990738908,0.176516943,-3.471337142,-1.881763153,0.990050106,0.100443584,-6.302046088,-5.646461269,0.991069747,0.065580278,-0.366416411,-1.506772793,0.997476074,0.263263181,-3.280375101,-1.318522147,0.962196363,0.181491049,-5.449430681,-4.175438745,0.995150404,0.170871003,-2.563785654,-4.042308338
-203.8,-17.36,-54.99,-85.93,-108.99,-82.52,1.62,2.85,2.18,2.65,1.21,1.27,EMB+INH+PZA+RIF,2,0.073521548,0.061128092,,,0.050063732,0.0542328,,,,,,-0.019216694,-0.004110918,,,-1.0,-0.828199596,,,,,,0.625746639,0.413742528,,,1.278510272,1.233830904,,,,,,,,,,0.333298183,0.438300125,,,,,,0.091304405,0.079849877,0.025968846,0.025968845,0.081351711,0.052622601,-0.014739031,-0.022215726,-1.0,-1.0,0.056025605,0.049093435,0.083038122,0.066657652,0.026156571,0.02598151,0.089895677,0.029037323,0.003337544,-0.012018357,-0.999999997,-0.86281669,-0.147867056,0.147171948,0.977150789,0.080039614,-1.303547059,-1.54374451,0.966633173,0.073353262,-1.466263344,-2.143321765,0.980563538,0.160868744,-1.622257732,-2.021898999,0.990738908,0.176516943,-3.471337142,-1.881763153,0.990050106,0.100443584,-6.302046088,-5.646461269,0.991069747,0.065580278,-0.366416411,-1.506772793,0.997476074,0.263263181,-3.280375101,-1.318522147,0.962196363,0.181491049,-5.449430681,-4.175438745,0.995150404,0.170871003,-2.563785654,-4.042308338
-266.34,-74.43,-140.04,-227.34,-261.68,-345.3,1.64,3.37,2.09,1.83,1.98,0.84,EMB+INH+PZA+RIF,4,0.073521548,0.061128092,,,0.050063732,0.0542328,,,,,,-0.019216694,-0.004110918,,,-1.0,-0.828199596,,,,,,0.625746639,0.413742528,,,1.278510272,1.233830904,,,,,,,,,,0.333298183,0.438300125,,,,,,0.091304405,0.079849877,0.025968846,0.025968845,0.081351711,0.052622601,-0.014739031,-0.022215726,-1.0,-1.0,0.056025605,0.049093435,0.083038122,0.066657652,0.026156571,0.02598151,0.089895677,0.029037323,0.003337544,-0.012018357,-0.999999997,-0.86281669,-0.147867056,0.147171948,0.977150789,0.080039614,-1.303547059,-1.54374451,0.966633173,0.073353262,-1.466263344,-2.143321765,0.980563538,0.160868744,-1.622257732,-2.021898999,0.990738908,0.176516943,-3.471337142,-1.881763153,0.990050106,0.100443584,-6.302046088,-5.646461269,0.991069747,0.065580278,-0.366416411,-1.506772793,0.997476074,0.263263181,-3.280375101,-1.318522147,0.962196363,0.181491049,-5.449430681,-4.175438745,0.995150404,0.170871003,-2.563785654,-4.042308338
-45.99,-27.92,-11.81,-42.83,-29.86,18.35,2.59,3.54,2.33,2.88,2.18,2.77,EMB+INH+PZA+RIF,4,0.073521548,0.061128092,,,0.050063732,0.0542328,,,,,,-0.019216694,-0.004110918,,,-1.0,-0.828199596,,,,,,0.625746639,0.413742528,,,1.278510272,1.233830904,,,,,,,,,,0.333298183,0.438300125,,,,,,0.091304405,0.079849877,0.025968846,0.025968845,0.081351711,0.052622601,-0.014739031,-0.022215726,-1.0,-1.0,0.056025605,0.049093435,0.083038122,0.066657652,0.026156571,0.02598151,0.089895677,0.029037323,0.003337544,-0.012018357,-0.999999997,-0.86281669,-0.147867056,0.147171948,0.977150789,0.080039614,-1.303547059,-1.54374451,0.966633173,0.073353262,-1.466263344,-2.143321765,0.980563538,0.160868744,-1.622257732,-2.021898999,0.990738908,0.176516943,-3.471337142,-1.881763153,0.990050106,0.100443584,-6.302046088,-5.646461269,0.991069747,0.065580278,-0.366416411,-1.506772793,0.997476074,0.263263181,-3.280375101,-1.318522147,0.962196363,0.181491049,-5.449430681,-4.175438745,0.995150404,0.170871003,-2.563785654,-4.042308338
-238.32,-209.26,-243.16,-285.56,-339.25,-330.47,1.49,1.81,1.6,1.29,0.88,0.61,EMB+INH+PZA+RIF,4,0.073521548,0.061128092,,,0.050063732,0.0542328,,,,,,-0.019216694,-0.004110918,,,-1.0,-0.828199596,,,,,,0.625746639,0.413742528,,,1.278510272,1.233830904,,,,,,,,,,0.333298183,0.438300125,,,,,,0.091304405,0.079849877,0.025968846,0.025968845,0.081351711,0.052622601,-0.014739031,-0.022215726,-1.0,-1.0,0.056025605,0.049093435,0.083038122,0.066657652,0.026156571,0.02598151,0.089895677,0.029037323,0.003337544,-0.012018357,-0.999999997,-0.86281669,-0.147867056,0.147171948,0.977150789,0.080039614,-1.303547059,-1.54374451,0.966633173,0.073353262,-1.466263344,-2.143321765,0.980563538,0.160868744,-1.622257732,-2.021898999,0.990738908,0.176516943,-3.471337142,-1.881763153,0.990050106,0.100443584,-6.302046088,-5.646461269,0.991069747,0.065580278,-0.366416411,-1.506772793,0.997476074,0.263263181,-3.280375101,-1.318522147,0.962196363,0.181491049,-5.449430681,-4.175438745,0.995150404,0.170871003,-2.563785654,-4.042308338
-106.19,-80.87,-93.43,-146.52,-169.25,-125.38,3.29,1.67,2.05,1.88,1.52,2.07,EMB+INH+PZA+RIF,4,0.073521548,0.061128092,,,0.050063732,0.0542328,,,,,,-0.019216694,-0.004110918,,,-1.0,-0.828199596,,,,,,0.625746639,0.413742528,,,1.278510272,1.233830904,,,,,,,,,,0.333298183,0.438300125,,,,,,0.091304405,0.079849877,0.025968846,0.025968845,0.081351711,0.052622601,-0.014739031,-0.022215726,-1.0,-1.0,0.056025605,0.049093435,0.083038122,0.066657652,0.026156571,0.02598151,0.089895677,0.029037323,0.003337544,-0.012018357,-0.999999997,-0.86281669,-0.147867056,0.147171948,0.977150789,0.080039614,-1.303547059,-1.54374451,0.966633173,0.073353262,-1.466263344,-2.143321765,0.980563538,0.160868744,-1.622257732,-2.021898999,0.990738908,0.176516943,-3.471337142,-1.881763153,0.990050106,0.100443584,-6.302046088,-5.646461269,0.991069747,0.065580278,-0.366416411,-1.506772793,0.997476074,0.263263181,-3.280375101,-1.318522147,0.962196363,0.181491049,-5.449430681,-4.175438745,0.995150404,0.170871003,-2.563785654,-4.042308338
-353.69,-190.19,-212.14,-315.3,-330.23,-362.64,1.2,1.57,1.64,1.1,0.95,0.57,EMB+INH+PZA+RIF,5,0.073521548,0.061128092,,,0.050063732,0.0542328,,,,,,-0.019216694,-0.004110918,,,-1.0,-0.828199596,,,,,,0.625746639,0.413742528,,,1.278510272,1.233830904,,,,,,,,,,0.333298183,0.438300125,,,,,,0.091304405,0.079849877,0.025968846,0.025968845,0.081351711,0.052622601,-0.014739031,-0.022215726,-1.0,-1.0,0.056025605,0.049093435,0.083038122,0.066657652,0.026156571,0.02598151,0.089895677,0.029037323,0.003337544,-0.012018357,-0.999999997,-0.86281669,-0.147867056,0.147171948,0.977150789,0.080039614,-1.303547059,-1.54374451,0.966633173,0.073353262,-1.466263344,-2.143321765,0.980563538,0.160868744,-1.622257732,-2.021898999,0.990738908,0.176516943,-3.471337142,-1.881763153,0.990050106,0.100443584,-6.302046088,-5.646461269,0.991069747,0.065580278,-0.366416411,-1.506772793,0.997476074,0.263263181,-3.280375101,-1.318522147,0.962196363,0.181491049,-5.449430681,-4.175438745,0.995150404,0.170871003,-2.563785654,-4.042308338
-193.93,29.56,5.7,25.5,12.39,6.41,2.72,5.64,3.35,3.48,2.23,2.49,EMB+INH+PZA+RIF,7,0.073521548,0.061128092,,,0.050063732,0.0542328,,,,,,-0.019216694,-0.004110918,,,-1.0,-0.828199596,,,,,,0.625746639,0.413742528,,,1.278510272,1.233830904,,,,,,,,,,0.333298183,0.438300125,,,,,,0.091304405,0.079849877,0.025968846,0.025968845,0.081351711,0.052622601,-0.014739031,-0.022215726,-1.0,-1.0,0.056025605,0.049093435,0.083038122,0.066657652,0.026156571,0.02598151,0.089895677,0.029037323,0.003337544,-0.012018357,-0.999999997,-0.86281669,-0.147867056,0.147171948,0.977150789,0.080039614,-1.303547059,-1.54374451,0.966633173,0.073353262,-1.466263344,-2.143321765,0.980563538,0.160868744,-1.622257732,-2.021898999,0.990738908,0.176516943,-3.471337142,-1.881763153,0.990050106,0.100443584,-6.302046088,-5.646461269,0.991069747,0.065580278,-0.366416411,-1.506772793,0.997476074,0.263263181,-3.280375101,-1.318522147,0.962196363,0.181491049,-5.449430681,-4.175438745,0.995150404,0.170871003,-2.563785654,-4.042308338
-188.86,-184.23,-235.92,-253.33,-246.43,-212.36,1.13,3.75,1.17,1.23,1.08,1.68,EMB+INH+PZA+RIF,7,0.073521548,0.061128092,,,0.050063732,0.0542328,,,,,,-0.019216694,-0.004110918,,,-1.0,-0.828199596,,,,,,0.625746639,0.413742528,,,1.278510272,1.233830904,,,,,,,,,,0.333298183,0.438300125,,,,,,0.091304405,0.079849877,0.025968846,0.025968845,0.081351711,0.052622601,-0.014739031,-0.022215726,-1.0,-1.0,0.056025605,0.049093435,0.083038122,0.066657652,0.026156571,0.02598151,0.089895677,0.029037323,0.003337544,-0.012018357,-0.999999997,-0.86281669,-0.147867056,0.147171948,0.977150789,0.080039614,-1.303547059,-1.54374451,0.966633173,0.073353262,-1.466263344,-2.143321765,0.980563538,0.160868744,-1.622257732,-2.021898999,0.990738908,0.176516943,-3.471337142,-1.881763153,0.990050106,0.100443584,-6.302046088,-5.646461269,0.991069747,0.065580278,-0.366416411,-1.506772793,0.997476074,0.263263181,-3.280375101,-1.318522147,0.962196363,0.181491049,-5.449430681,-4.175438745,0.995150404,0.170871003,-2.563785654,-4.042308338
-202.14,-39.5,-91.75,-80.14,-84.76,-84.42,2.24,2.7,2.36,1.98,1.78,1.3,EMB+INH+PZA+RIF,8,0.073521548,0.061128092,,,0.050063732,0.0542328,,,,,,-0.019216694,-0.004110918,,,-1.0,-0.828199596,,,,,,0.625746639,0.413742528,,,1.278510272,1.233830904,,,,,,,,,,0.333298183,0.438300125,,,,,,0.091304405,0.079849877,0.025968846,0.025968845,0.081351711,0.052622601,-0.014739031,-0.022215726,-1.0,-1.0,0.056025605,0.049093435,0.083038122,0.066657652,0.026156571,0.02598151,0.089895677,0.029037323,0.003337544,-0.012018357,-0.999999997,-0.86281669,-0.147867056,0.147171948,0.977150789,0.080039614,-1.303547059,-1.54374451,0.966633173,0.073353262,-1.466263344,-2.143321765,0.980563538,0.160868744,-1.622257732,-2.021898999,0.990738908,0.176516943,-3.471337142,-1.881763153,0.990050106,0.100443584,-6.302046088,-5.646461269,0.991069747,0.065580278,-0.366416411,-1.506772793,0.997476074,0.263263181,-3.280375101,-1.318522147,0.962196363,0.181491049,-5.449430681,-4.175438745,0.995150404,0.170871003,-2.563785654,-4.042308338
-185.68,-39.91,-109.71,-182.01,-102.86,-79.07,1.7,2.21,2.88,1.9,1.91,2.38,EMB+INH+PZA+RIF,13,0.073521548,0.061128092,,,0.050063732,0.0542328,,,,,,-0.019216694,-0.004110918,,,-1.0,-0.828199596,,,,,,0.625746639,0.413742528,,,1.278510272,1.233830904,,,,,,,,,,0.333298183,0.438300125,,,,,,0.091304405,0.079849877,0.025968846,0.025968845,0.081351711,0.052622601,-0.014739031,-0.022215726,-1.0,-1.0,0.056025605,0.049093435,0.083038122,0.066657652,0.026156571,0.02598151,0.089895677,0.029037323,0.003337544,-0.012018357,-0.999999997,-0.86281669,-0.147867056,0.147171948,0.977150789,0.080039614,-1.303547059,-1.54374451,0.966633173,0.073353262,-1.466263344,-2.143321765,0.980563538,0.160868744,-1.622257732,-2.021898999,0.990738908,0.176516943,-3.471337142,-1.881763153,0.990050106,0.100443584,-6.302046088,-5.646461269,0.991069747,0.065580278,-0.366416411,-1.506772793,0.997476074,0.263263181,-3.280375101,-1.318522147,0.962196363,0.181491049,-5.449430681,-4.175438745,0.995150404,0.170871003,-2.563785654,-4.042308338
-242.68,-88.25,-135.2,-192.29,-140.2,-129.5,1.49,2.19,2.85,1.84,2.45,2.35,EMB+INH+PZA+RIF,14,0.073521548,0.061128092,,,0.050063732,0.0542328,,,,,,-0.019216694,-0.004110918,,,-1.0,-0.828199596,,,,,,0.625746639,0.413742528,,,1.278510272,1.233830904,,,,,,,,,,0.333298183,0.438300125,,,,,,0.091304405,0.079849877,0.025968846,0.025968845,0.081351711,0.052622601,-0.014739031,-0.022215726,-1.0,-1.0,0.056025605,0.049093435,0.083038122,0.066657652,0.026156571,0.02598151,0.089895677,0.029037323,0.003337544,-0.012018357,-0.999999997,-0.86281669,-0.147867056,0.147171948,0.977150789,0.080039614,-1.303547059,-1.54374451,0.966633173,0.073353262,-1.466263344,-2.143321765,0.980563538,0.160868744,-1.622257732,-2.021898999,0.990738908,0.176516943,-3.471337142,-1.881763153,0.990050106,0.100443584,-6.302046088,-5.646461269,0.991069747,0.065580278,-0.366416411,-1.506772793,0.997476074,0.263263181,-3.280375101,-1.318522147,0.962196363,0.181491049,-5.449430681,-4.175438745,0.995150404,0.170871003,-2.563785654,-4.042308338
-249.14,-105.72,-150.81,-145.43,-178.27,-118.88,2.36,2.99,2.47,1.66,1.52,1.67,EMB+MOX+PZA+RIF,1,0.089873491,0.073474356,,,0.04283387,0.048176993,,,,,,-0.043690299,-0.032618958,,,-1.0,-0.827039536,,,,,,0.955309268,0.727756875,,,1.3932439,1.592336866,,,,,,,,,,0.047712998,0.433011542,,,,,,,,,,,,,,,,,,,,,,,,,,,,,,0.996191635,0.140949611,-0.811936838,-0.823812952,0.956061187,0.063723521,-1.466556176,-1.559310814,0.999994555,0.126713112,0.005969981,0.073508629,0.994344937,0.124013292,-0.351325089,-0.115270166,0.993200574,0.065066487,-0.41183915,-1.47959059,0.99053037,0.11766444,-0.079269673,-0.095967355,0.99361788,0.144216045,-0.299143012,-0.466713826,0.988287182,0.117312429,-0.198639139,-1.258474517,0.987209553,0.151905341,0.042712817,0.358564585
-236.64,-2.71,-16.77,-19.12,-20.05,-12.47,2.43,3.45,2.53,2.66,2.24,2.32,EMB+MOX+PZA+RIF,1,0.089873491,0.073474356,,,0.04283387,0.048176993,,,,,,-0.043690299,-0.032618958,,,-1.0,-0.827039536,,,,,,0.955309268,0.727756875,,,1.3932439,1.592336866,,,,,,,,,,0.047712998,0.433011542,,,,,,,,,,,,,,,,,,,,,,,,,,,,,,0.996191635,0.140949611,-0.811936838,-0.823812952,0.956061187,0.063723521,-1.466556176,-1.559310814,0.999994555,0.126713112,0.005969981,0.073508629,0.994344937,0.124013292,-0.351325089,-0.115270166,0.993200574,0.065066487,-0.41183915,-1.47959059,0.99053037,0.11766444,-0.079269673,-0.095967355,0.99361788,0.144216045,-0.299143012,-0.466713826,0.988287182,0.117312429,-0.198639139,-1.258474517,0.987209553,0.151905341,0.042712817,0.358564585
-147.7,-28.41,-62.61,-45.08,-48.28,-56.68,2.04,4.66,4.65,3.34,1.91,2.55,EMB+MOX+PZA+RIF,1,0.089873491,0.073474356,,,0.04283387,0.048176993,,,,,,-0.043690299,-0.032618958,,,-1.0,-0.827039536,,,,,,0.955309268,0.727756875,,,1.3932439,1.592336866,,,,,,,,,,0.047712998,0.433011542,,,,,,,,,,,,,,,,,,,,,,,,,,,,,,0.996191635,0.140949611,-0.811936838,-0.823812952,0.956061187,0.063723521,-1.466556176,-1.559310814,0.999994555,0.126713112,0.005969981,0.073508629,0.994344937,0.124013292,-0.351325089,-0.115270166,0.993200574,0.065066487,-0.41183915,-1.47959059,0.99053037,0.11766444,-0.079269673,-0.095967355,0.99361788,0.144216045,-0.299143012,-0.466713826,0.988287182,0.117312429,-0.198639139,-1.258474517,0.987209553,0.151905341,0.042712817,0.358564585
-269.29,-134.79,-196.11,-236.49,-223.13,-177.16,2.03,3.12,2.38,1.77,1.34,1.81,EMB+MOX+PZA+RIF,2,0.089873491,0.073474356,,,0.04283387,0.048176993,,,,,,-0.043690299,-0.032618958,,,-1.0,-0.827039536,,,,,,0.955309268,0.727756875,,,1.3932439,1.592336866,,,,,,,,,,0.047712998,0.433011542,,,,,,,,,,,,,,,,,,,,,,,,,,,,,,0.996191635,0.140949611,-0.811936838,-0.823812952,0.956061187,0.063723521,-1.466556176,-1.559310814,0.999994555,0.126713112,0.005969981,0.073508629,0.994344937,0.124013292,-0.351325089,-0.115270166,0.993200574,0.065066487,-0.41183915,-1.47959059,0.99053037,0.11766444,-0.079269673,-0.095967355,0.99361788,0.144216045,-0.299143012,-0.466713826,0.988287182,0.117312429,-0.198639139,-1.258474517,0.987209553,0.151905341,0.042712817,0.358564585
-501.67,-228.82,-266.18,-265.1,-277.46,-256.67,0.85,2.93,1.21,1.06,0.88,0.92,EMB+MOX+PZA+RIF,3,0.089873491,0.073474356,,,0.04283387,0.048176993,,,,,,-0.043690299,-0.032618958,,,-1.0,-0.827039536,,,,,,0.955309268,0.727756875,,,1.3932439,1.592336866,,,,,,,,,,0.047712998,0.433011542,,,,,,,,,,,,,,,,,,,,,,,,,,,,,,0.996191635,0.140949611,-0.811936838,-0.823812952,0.956061187,0.063723521,-1.466556176,-1.559310814,0.999994555,0.126713112,0.005969981,0.073508629,0.994344937,0.124013292,-0.351325089,-0.115270166,0.993200574,0.065066487,-0.41183915,-1.47959059,0.99053037,0.11766444,-0.079269673,-0.095967355,0.99361788,0.144216045,-0.299143012,-0.466713826,0.988287182,0.117312429,-0.198639139,-1.258474517,0.987209553,0.151905341,0.042712817,0.358564585
-373.74,-177.77,-301.48,-268.96,-272.17,-176.97,1.15,2.96,1.2,1.1,1.22,1.26,EMB+MOX+PZA+RIF,4,0.089873491,0.073474356,,,0.04283387,0.048176993,,,,,,-0.043690299,-0.032618958,,,-1.0,-0.827039536,,,,,,0.955309268,0.727756875,,,1.3932439,1.592336866,,,,,,,,,,0.047712998,0.433011542,,,,,,,,,,,,,,,,,,,,,,,,,,,,,,0.996191635,0.140949611,-0.811936838,-0.823812952,0.956061187,0.063723521,-1.466556176,-1.559310814,0.999994555,0.126713112,0.005969981,0.073508629,0.994344937,0.124013292,-0.351325089,-0.115270166,0.993200574,0.065066487,-0.41183915,-1.47959059,0.99053037,0.11766444,-0.079269673,-0.095967355,0.99361788,0.144216045,-0.299143012,-0.466713826,0.988287182,0.117312429,-0.198639139,-1.258474517,0.987209553,0.151905341,0.042712817,0.358564585
-121.38,-92.89,-211.84,-108.17,-143.89,-143.88,1.77,2.26,2.23,1.82,1.6,1.48,EMB+MOX+PZA+RIF,4,0.089873491,0.073474356,,,0.04283387,0.048176993,,,,,,-0.043690299,-0.032618958,,,-1.0,-0.827039536,,,,,,0.955309268,0.727756875,,,1.3932439,1.592336866,,,,,,,,,,0.047712998,0.433011542,,,,,,,,,,,,,,,,,,,,,,,,,,,,,,0.996191635,0.140949611,-0.811936838,-0.823812952,0.956061187,0.063723521,-1.466556176,-1.559310814,0.999994555,0.126713112,0.005969981,0.073508629,0.994344937,0.124013292,-0.351325089,-0.115270166,0.993200574,0.065066487,-0.41183915,-1.47959059,0.99053037,0.11766444,-0.079269673,-0.095967355,0.99361788,0.144216045,-0.299143012,-0.466713826,0.988287182,0.117312429,-0.198639139,-1.258474517,0.987209553,0.151905341,0.042712817,0.358564585
-146.63,-72.52,-69.73,-108.25,-93.8,-125.66,2.45,3.35,2.47,2.0,2.0,2.98,EMB+MOX+PZA+RIF,4,0.089873491,0.073474356,,,0.04283387,0.048176993,,,,,,-0.043690299,-0.032618958,,,-1.0,-0.827039536,,,,,,0.955309268,0.727756875,,,1.3932439,1.592336866,,,,,,,,,,0.047712998,0.433011542,,,,,,,,,,,,,,,,,,,,,,,,,,,,,,0.996191635,0.140949611,-0.811936838,-0.823812952,0.956061187,0.063723521,-1.466556176,-1.559310814,0.999994555,0.126713112,0.005969981,0.073508629,0.994344937,0.124013292,-0.351325089,-0.115270166,0.993200574,0.065066487,-0.41183915,-1.47959059,0.99053037,0.11766444,-0.079269673,-0.095967355,0.99361788,0.144216045,-0.299143012,-0.466713826,0.988287182,0.117312429,-0.198639139,-1.258474517,0.987209553,0.151905341,0.042712817,0.358564585
-289.83,-46.21,-66.48,-36.23,-85.3,-14.22,2.42,4.81,3.39,3.15,2.41,3.16,EMB+MOX+PZA+RIF,4,0.089873491,0.073474356,,,0.04283387,0.048176993,,,,,,-0.043690299,-0.032618958,,,-1.0,-0.827039536,,,,,,0.955309268,0.727756875,,,1.3932439,1.592336866,,,,,,,,,,0.047712998,0.433011542,,,,,,,,,,,,,,,,,,,,,,,,,,,,,,0.996191635,0.140949611,-0.811936838,-0.823812952,0.956061187,0.063723521,-1.466556176,-1.559310814,0.999994555,0.126713112,0.005969981,0.073508629,0.994344937,0.124013292,-0.351325089,-0.115270166,0.993200574,0.065066487,-0.41183915,-1.47959059,0.99053037,0.11766444,-0.079269673,-0.095967355,0.99361788,0.144216045,-0.299143012,-0.466713826,0.988287182,0.117312429,-0.198639139,-1.258474517,0.987209553,0.151905341,0.042712817,0.358564585
-167.22,-130.26,-92.29,-129.14,-105.59,-102.11,2.32,2.79,4.23,2.59,1.6,1.86,EMB+MOX+PZA+RIF,5,0.089873491,0.073474356,,,0.04283387,0.048176993,,,,,,-0.043690299,-0.032618958,,,-1.0,-0.827039536,,,,,,0.955309268,0.727756875,,,1.3932439,1.592336866,,,,,,,,,,0.047712998,0.433011542,,,,,,,,,,,,,,,,,,,,,,,,,,,,,,0.996191635,0.140949611,-0.811936838,-0.823812952,0.956061187,0.063723521,-1.466556176,-1.559310814,0.999994555,0.126713112,0.005969981,0.073508629,0.994344937,0.124013292,-0.351325089,-0.115270166,0.993200574,0.065066487,-0.41183915,-1.47959059,0.99053037,0.11766444,-0.079269673,-0.095967355,0.99361788,0.144216045,-0.299143012,-0.466713826,0.988287182,0.117312429,-0.198639139,-1.258474517,0.987209553,0.151905341,0.042712817,0.358564585
-90.77,-38.88,-40.48,-19.02,-28.94,-41.29,2.55,3.68,3.34,2.38,2.42,3.43,EMB+MOX+PZA+RIF,6,0.089873491,0.073474356,,,0.04283387,0.048176993,,,,,,-0.043690299,-0.032618958,,,-1.0,-0.827039536,,,,,,0.955309268,0.727756875,,,1.3932439,1.592336866,,,,,,,,,,0.047712998,0.433011542,,,,,,,,,,,,,,,,,,,,,,,,,,,,,,0.996191635,0.140949611,-0.811936838,-0.823812952,0.956061187,0.063723521,-1.466556176,-1.559310814,0.999994555,0.126713112,0.005969981,0.073508629,0.994344937,0.124013292,-0.351325089,-0.115270166,0.993200574,0.065066487,-0.41183915,-1.47959059,0.99053037,0.11766444,-0.079269673,-0.095967355,0.99361788,0.144216045,-0.299143012,-0.466713826,0.988287182,0.117312429,-0.198639139,-1.258474517,0.987209553,0.151905341,0.042712817,0.358564585
-522.79,-163.89,-228.74,-215.83,-248.92,-259.8,0.87,2.74,1.61,1.48,1.26,1.35,EMB+MOX+PZA+RIF,8,0.089873491,0.073474356,,,0.04283387,0.048176993,,,,,,-0.043690299,-0.032618958,,,-1.0,-0.827039536,,,,,,0.955309268,0.727756875,,,1.3932439,1.592336866,,,,,,,,,,0.047712998,0.433011542,,,,,,,,,,,,,,,,,,,,,,,,,,,,,,0.996191635,0.140949611,-0.811936838,-0.823812952,0.956061187,0.063723521,-1.466556176,-1.559310814,0.999994555,0.126713112,0.005969981,0.073508629,0.994344937,0.124013292,-0.351325089,-0.115270166,0.993200574,0.065066487,-0.41183915,-1.47959059,0.99053037,0.11766444,-0.079269673,-0.095967355,0.99361788,0.144216045,-0.299143012,-0.466713826,0.988287182,0.117312429,-0.198639139,-1.258474517,0.987209553,0.151905341,0.042712817,0.358564585
-518.23,-205.2,-341.57,-279.86,-316.53,-384.28,0.48,2.73,0.98,1.39,0.78,0.66,EMB+MOX+PZA+RIF,10,0.089873491,0.073474356,,,0.04283387,0.048176993,,,,,,-0.043690299,-0.032618958,,,-1.0,-0.827039536,,,,,,0.955309268,0.727756875,,,1.3932439,1.592336866,,,,,,,,,,0.047712998,0.433011542,,,,,,,,,,,,,,,,,,,,,,,,,,,,,,0.996191635,0.140949611,-0.811936838,-0.823812952,0.956061187,0.063723521,-1.466556176,-1.559310814,0.999994555,0.126713112,0.005969981,0.073508629,0.994344937,0.124013292,-0.351325089,-0.115270166,0.993200574,0.065066487,-0.41183915,-1.47959059,0.99053037,0.11766444,-0.079269673,-0.095967355,0.99361788,0.144216045,-0.299143012,-0.466713826,0.988287182,0.117312429,-0.198639139,-1.258474517,0.987209553,0.151905341,0.042712817,0.358564585
-175.15,-185.23,-153.74,-27.79,-68.79,-67.49,2.37,3.35,2.16,2.37,2.09,2.12,EMB+MOX+PZA+RIF,10,0.089873491,0.073474356,,,0.04283387,0.048176993,,,,,,-0.043690299,-0.032618958,,,-1.0,-0.827039536,,,,,,0.955309268,0.727756875,,,1.3932439,1.592336866,,,,,,,,,,0.047712998,0.433011542,,,,,,,,,,,,,,,,,,,,,,,,,,,,,,0.996191635,0.140949611,-0.811936838,-0.823812952,0.956061187,0.063723521,-1.466556176,-1.559310814,0.999994555,0.126713112,0.005969981,0.073508629,0.994344937,0.124013292,-0.351325089,-0.115270166,0.993200574,0.065066487,-0.41183915,-1.47959059,0.99053037,0.11766444,-0.079269673,-0.095967355,0.99361788,0.144216045,-0.299143012,-0.466713826,0.988287182,0.117312429,-0.198639139,-1.258474517,0.987209553,0.151905341,0.042712817,0.358564585
-158.79,-112.8,-147.41,-116.28,-156.05,-145.48,1.88,2.02,2.79,2.34,1.52,1.83,EMB+MOX+PZA+RIF,10,0.089873491,0.073474356,,,0.04283387,0.048176993,,,,,,-0.043690299,-0.032618958,,,-1.0,-0.827039536,,,,,,0.955309268,0.727756875,,,1.3932439,1.592336866,,,,,,,,,,0.047712998,0.433011542,,,,,,,,,,,,,,,,,,,,,,,,,,,,,,0.996191635,0.140949611,-0.811936838,-0.823812952,0.956061187,0.063723521,-1.466556176,-1.559310814,0.999994555,0.126713112,0.005969981,0.073508629,0.994344937,0.124013292,-0.351325089,-0.115270166,0.993200574,0.065066487,-0.41183915,-1.47959059,0.99053037,0.11766444,-0.079269673,-0.095967355,0.99361788,0.144216045,-0.299143012,-0.466713826,0.988287182,0.117312429,-0.198639139,-1.258474517,0.987209553,0.151905341,0.042712817,0.358564585
-185.11,-92.47,-92.16,-91.12,-102.77,-129.16,1.49,4.02,4.33,2.75,1.5,1.69,EMB+MOX+PZA+RIF,11,0.089873491,0.073474356,,,0.04283387,0.048176993,,,,,,-0.043690299,-0.032618958,,,-1.0,-0.827039536,,,,,,0.955309268,0.727756875,,,1.3932439,1.592336866,,,,,,,,,,0.047712998,0.433011542,,,,,,,,,,,,,,,,,,,,,,,,,,,,,,0.996191635,0.140949611,-0.811936838,-0.823812952,0.956061187,0.063723521,-1.466556176,-1.559310814,0.999994555,0.126713112,0.005969981,0.073508629,0.994344937,0.124013292,-0.351325089,-0.115270166,0.993200574,0.065066487,-0.41183915,-1.47959059,0.99053037,0.11766444,-0.079269673,-0.095967355,0.99361788,0.144216045,-0.299143012,-0.466713826,0.988287182,0.117312429,-0.198639139,-1.258474517,0.987209553,0.151905341,0.042712817,0.358564585
-194.16,-137.93,-125.5,-99.61,-88.72,-86.48,1.48,4.12,4.33,2.98,1.54,1.74,EMB+MOX+PZA+RIF,12,0.089873491,0.073474356,,,0.04283387,0.048176993,,,,,,-0.043690299,-0.032618958,,,-1.0,-0.827039536,,,,,,0.955309268,0.727756875,,,1.3932439,1.592336866,,,,,,,,,,0.047712998,0.433011542,,,,,,,,,,,,,,,,,,,,,,,,,,,,,,0.996191635,0.140949611,-0.811936838,-0.823812952,0.956061187,0.063723521,-1.466556176,-1.559310814,0.999994555,0.126713112,0.005969981,0.073508629,0.994344937,0.124013292,-0.351325089,-0.115270166,0.993200574,0.065066487,-0.41183915,-1.47959059,0.99053037,0.11766444,-0.079269673,-0.095967355,0.99361788,0.144216045,-0.299143012,-0.466713826,0.988287182,0.117312429,-0.198639139,-1.258474517,0.987209553,0.151905341,0.042712817,0.358564585
-375.35,-175.12,-154.63,-154.3,-164.24,-193.24,2.0,3.16,2.76,2.82,1.71,1.75,EMB+MOX+PZA+RIF,12,0.089873491,0.073474356,,,0.04283387,0.048176993,,,,,,-0.043690299,-0.032618958,,,-1.0,-0.827039536,,,,,,0.955309268,0.727756875,,,1.3932439,1.592336866,,,,,,,,,,0.047712998,0.433011542,,,,,,,,,,,,,,,,,,,,,,,,,,,,,,0.996191635,0.140949611,-0.811936838,-0.823812952,0.956061187,0.063723521,-1.466556176,-1.559310814,0.999994555,0.126713112,0.005969981,0.073508629,0.994344937,0.124013292,-0.351325089,-0.115270166,0.993200574,0.065066487,-0.41183915,-1.47959059,0.99053037,0.11766444,-0.079269673,-0.095967355,0.99361788,0.144216045,-0.299143012,-0.466713826,0.988287182,0.117312429,-0.198639139,-1.258474517,0.987209553,0.151905341,0.042712817,0.358564585
-373.12,-286.4,-263.3,-241.81,-229.31,-240.37,1.39,2.88,2.19,2.36,1.8,2.13,EMB+MOX+PZA+RIF,13,0.089873491,0.073474356,,,0.04283387,0.048176993,,,,,,-0.043690299,-0.032618958,,,-1.0,-0.827039536,,,,,,0.955309268,0.727756875,,,1.3932439,1.592336866,,,,,,,,,,0.047712998,0.433011542,,,,,,,,,,,,,,,,,,,,,,,,,,,,,,0.996191635,0.140949611,-0.811936838,-0.823812952,0.956061187,0.063723521,-1.466556176,-1.559310814,0.999994555,0.126713112,0.005969981,0.073508629,0.994344937,0.124013292,-0.351325089,-0.115270166,0.993200574,0.065066487,-0.41183915,-1.47959059,0.99053037,0.11766444,-0.079269673,-0.095967355,0.99361788,0.144216045,-0.299143012,-0.466713826,0.988287182,0.117312429,-0.198639139,-1.258474517,0.987209553,0.151905341,0.042712817,0.358564585
-147.85,-59.12,-138.52,-152.71,-209.28,-149.63,1.55,2.27,2.83,1.74,1.71,1.7,EMB+MOX+PZA+RIF,13,0.089873491,0.073474356,,,0.04283387,0.048176993,,,,,,-0.043690299,-0.032618958,,,-1.0,-0.827039536,,,,,,0.955309268,0.727756875,,,1.3932439,1.592336866,,,,,,,,,,0.047712998,0.433011542,,,,,,,,,,,,,,,,,,,,,,,,,,,,,,0.996191635,0.140949611,-0.811936838,-0.823812952,0.956061187,0.063723521,-1.466556176,-1.559310814,0.999994555,0.126713112,0.005969981,0.073508629,0.994344937,0.124013292,-0.351325089,-0.115270166,0.993200574,0.065066487,-0.41183915,-1.47959059,0.99053037,0.11766444,-0.079269673,-0.095967355,0.99361788,0.144216045,-0.299143012,-0.466713826,0.988287182,0.117312429,-0.198639139,-1.258474517,0.987209553,0.151905341,0.042712817,0.358564585
-441.76,-136.46,-102.42,-243.44,-152.68,-168.15,1.66,3.81,2.61,2.09,1.44,1.74,EMB+MOX+PZA+RIF,14,0.089873491,0.073474356,,,0.04283387,0.048176993,,,,,,-0.043690299,-0.032618958,,,-1.0,-0.827039536,,,,,,0.955309268,0.727756875,,,1.3932439,1.592336866,,,,,,,,,,0.047712998,0.433011542,,,,,,,,,,,,,,,,,,,,,,,,,,,,,,0.996191635,0.140949611,-0.811936838,-0.823812952,0.956061187,0.063723521,-1.466556176,-1.559310814,0.999994555,0.126713112,0.005969981,0.073508629,0.994344937,0.124013292,-0.351325089,-0.115270166,0.993200574,0.065066487,-0.41183915,-1.47959059,0.99053037,0.11766444,-0.079269673,-0.095967355,0.99361788,0.144216045,-0.299143012,-0.466713826,0.988287182,0.117312429,-0.198639139,-1.258474517,0.987209553,0.151905341,0.042712817,0.358564585
-166.94,-92.4,-127.21,-123.03,-137.11,-123.06,1.96,2.16,2.86,2.31,2.09,1.97,EMB+MOX+PZA+RIF,14,0.089873491,0.073474356,,,0.04283387,0.048176993,,,,,,-0.043690299,-0.032618958,,,-1.0,-0.827039536,,,,,,0.955309268,0.727756875,,,1.3932439,1.592336866,,,,,,,,,,0.047712998,0.433011542,,,,,,,,,,,,,,,,,,,,,,,,,,,,,,0.996191635,0.140949611,-0.811936838,-0.823812952,0.956061187,0.063723521,-1.466556176,-1.559310814,0.999994555,0.126713112,0.005969981,0.073508629,0.994344937,0.124013292,-0.351325089,-0.115270166,0.993200574,0.065066487,-0.41183915,-1.47959059,0.99053037,0.11766444,-0.079269673,-0.095967355,0.99361788,0.144216045,-0.299143012,-0.466713826,0.988287182,0.117312429,-0.198639139,-1.258474517,0.987209553,0.151905341,0.042712817,0.358564585
-419.2,-225.03,-233.22,-243.67,-198.68,-277.13,1.44,3.07,2.31,2.4,1.95,1.87,EMB+MOX+PZA+RIF,16,0.089873491,0.073474356,,,0.04283387,0.048176993,,,,,,-0.043690299,-0.032618958,,,-1.0,-0.827039536,,,,,,0.955309268,0.727756875,,,1.3932439,1.592336866,,,,,,,,,,0.047712998,0.433011542,,,,,,,,,,,,,,,,,,,,,,,,,,,,,,0.996191635,0.140949611,-0.811936838,-0.823812952,0.956061187,0.063723521,-1.466556176,-1.559310814,0.999994555,0.126713112,0.005969981,0.073508629,0.994344937,0.124013292,-0.351325089,-0.115270166,0.993200574,0.065066487,-0.41183915,-1.47959059,0.99053037,0.11766444,-0.079269673,-0.095967355,0.99361788,0.144216045,-0.299143012,-0.466713826,0.988287182,0.117312429,-0.198639139,-1.258474517,0.987209553,0.151905341,0.042712817,0.358564585
-237.99,-217.43,-220.53,-178.56,-230.66,-208.73,2.36,3.72,2.67,2.31,1.77,1.82,EMB+MOX+PZA+RIF,17,0.089873491,0.073474356,,,0.04283387,0.048176993,,,,,,-0.043690299,-0.032618958,,,-1.0,-0.827039536,,,,,,0.955309268,0.727756875,,,1.3932439,1.592336866,,,,,,,,,,0.047712998,0.433011542,,,,,,,,,,,,,,,,,,,,,,,,,,,,,,0.996191635,0.140949611,-0.811936838,-0.823812952,0.956061187,0.063723521,-1.466556176,-1.559310814,0.999994555,0.126713112,0.005969981,0.073508629,0.994344937,0.124013292,-0.351325089,-0.115270166,0.993200574,0.065066487,-0.41183915,-1.47959059,0.99053037,0.11766444,-0.079269673,-0.095967355,0.99361788,0.144216045,-0.299143012,-0.466713826,0.988287182,0.117312429,-0.198639139,-1.258474517,0.987209553,0.151905341,0.042712817,0.358564585
-233.49,-129.91,-53.63,-60.65,-5.34,-13.37,1.52,2.36,2.73,2.07,2.66,2.85,INH+PZA,1,0.062824489,0.041655808,0.049344935,0.039322969,0.081954687,0.07403364,0.121049912,0.110365882,0.036705151,0.082674973,0.055324935,-0.018061161,0.037238973,0.007199243,0.011701402,-0.852357202,-0.56003302,-0.229189758,-0.395741331,0.223492426,0.238405447,0.562912386,0.137692295,0.396335234,0.648524019,0.394575058,0.461230659,0.361231353,-0.039644974,-0.089567633,-0.080784316,,,,,,,-0.532283179,0.066912797,,-0.564807275,,,,0.070804743,0.048975948,0.055403684,0.056450853,0.105725567,0.026473673,0.022344491,0.008874979,-1.0,-1.0,0.118038756,0.169229028,0.077911257,0.063845322,0.048018548,0.06458979,0.068591684,0.034480234,0.00838903,-0.021075067,-1.0,-0.955913037,-0.256733646,-0.006598806,0.983096599,0.065790419,-2.964747437,-0.215214926,0.948663413,0.225173629,-0.419451172,0.108537365,0.999999984,0.212031362,0.594667623,-0.796856775,0.993272105,0.179830204,-9.034482338,-2.0,0.0,0.0,1.0,2.0,0.545266716,0.076350469,-1.061569865,2.0,0.966393656,0.06409471,-6.962480023,-2.0,0.797512331,0.06965787,-2.50538723,2.0,0.816094831,0.06969667,-1.470367119,2.0
-201.98,-41.11,-53.77,-119.32,-165.59,-179.06,1.95,3.14,2.69,1.34,2.32,1.55,INH+PZA,1,0.062824489,0.041655808,0.049344935,0.039322969,0.081954687,0.07403364,0.121049912,0.110365882,0.036705151,0.082674973,0.055324935,-0.018061161,0.037238973,0.007199243,0.011701402,-0.852357202,-0.56003302,-0.229189758,-0.395741331,0.223492426,0.238405447,0.562912386,0.137692295,0.396335234,0.648524019,0.394575058,0.461230659,0.361231353,-0.039644974,-0.089567633,-0.080784316,,,,,,,-0.532283179,0.066912797,,-0.564807275,,,,0.070804743,0.048975948,0.055403684,0.056450853,0.105725567,0.026473673,0.022344491,0.008874979,-1.0,-1.0,0.118038756,0.169229028,0.077911257,0.063845322,0.048018548,0.06458979,0.068591684,0.034480234,0.00838903,-0.021075067,-1.0,-0.955913037,-0.256733646,-0.006598806,0.983096599,0.065790419,-2.964747437,-0.215214926,0.948663413,0.225173629,-0.419451172,0.108537365,0.999999984,0.212031362,0.594667623,-0.796856775,0.993272105,0.179830204,-9.034482338,-2.0,0.0,0.0,1.0,2.0,0.545266716,0.076350469,-1.061569865,2.0,0.966393656,0.06409471,-6.962480023,-2.0,0.797512331,0.06965787,-2.50538723,2.0,0.816094831,0.06969667,-1.470367119,2.0
-287.92,-159.88,-154.95,-140.56,-163.18,-171.82,1.29,2.11,2.48,1.98,2.05,1.78,INH+PZA,1,0.062824489,0.041655808,0.049344935,0.039322969,0.081954687,0.07403364,0.121049912,0.110365882,0.036705151,0.082674973,0.055324935,-0.018061161,0.037238973,0.007199243,0.011701402,-0.852357202,-0.56003302,-0.229189758,-0.395741331,0.223492426,0.238405447,0.562912386,0.137692295,0.396335234,0.648524019,0.394575058,0.461230659,0.361231353,-0.039644974,-0.089567633,-0.080784316,,,,,,,-0.532283179,0.066912797,,-0.564807275,,,,0.070804743,0.048975948,0.055403684,0.056450853,0.105725567,0.026473673,0.022344491,0.008874979,-1.0,-1.0,0.118038756,0.169229028,0.077911257,0.063845322,0.048018548,0.06458979,0.068591684,0.034480234,0.00838903,-0.021075067,-1.0,-0.955913037,-0.256733646,-0.006598806,0.983096599,0.065790419,-2.964747437,-0.215214926,0.948663413,0.225173629,-0.419451172,0.108537365,0.999999984,0.212031362,0.594667623,-0.796856775,0.993272105,0.179830204,-9.034482338,-2.0,0.0,0.0,1.0,2.0,0.545266716,0.076350469,-1.061569865,2.0,0.966393656,0.06409471,-6.962480023,-2.0,0.797512331,0.06965787,-2.50538723,2.0,0.816094831,0.06969667,-1.470367119,2.0
-269.38,-125.96,-168.91,-144.06,-171.6,-180.82,1.15,2.27,2.03,1.74,2.1,2.23,INH+PZA,2,0.062824489,0.041655808,0.049344935,0.039322969,0.081954687,0.07403364,0.121049912,0.110365882,0.036705151,0.082674973,0.055324935,-0.018061161,0.037238973,0.007199243,0.011701402,-0.852357202,-0.56003302,-0.229189758,-0.395741331,0.223492426,0.238405447,0.562912386,0.137692295,0.396335234,0.648524019,0.394575058,0.461230659,0.361231353,-0.039644974,-0.089567633,-0.080784316,,,,,,,-0.532283179,0.066912797,,-0.564807275,,,,0.070804743,0.048975948,0.055403684,0.056450853,0.105725567,0.026473673,0.022344491,0.008874979,-1.0,-1.0,0.118038756,0.169229028,0.077911257,0.063845322,0.048018548,0.06458979,0.068591684,0.034480234,0.00838903,-0.021075067,-1.0,-0.955913037,-0.256733646,-0.006598806,0.983096599,0.065790419,-2.964747437,-0.215214926,0.948663413,0.225173629,-0.419451172,0.108537365,0.999999984,0.212031362,0.594667623,-0.796856775,0.993272105,0.179830204,-9.034482338,-2.0,0.0,0.0,1.0,2.0,0.545266716,0.076350469,-1.061569865,2.0,0.966393656,0.06409471,-6.962480023,-2.0,0.797512331,0.06965787,-2.50538723,2.0,0.816094831,0.06969667,-1.470367119,2.0
-223.19,-51.87,-153.3,-175.16,-206.18,-155.24,1.17,1.97,2.3,1.25,1.31,0.88,INH+PZA,3,0.062824489,0.041655808,0.049344935,0.039322969,0.081954687,0.07403364,0.121049912,0.110365882,0.036705151,0.082674973,0.055324935,-0.018061161,0.037238973,0.007199243,0.011701402,-0.852357202,-0.56003302,-0.229189758,-0.395741331,0.223492426,0.238405447,0.562912386,0.137692295,0.396335234,0.648524019,0.394575058,0.461230659,0.361231353,-0.039644974,-0.089567633,-0.080784316,,,,,,,-0.532283179,0.066912797,,-0.564807275,,,,0.070804743,0.048975948,0.055403684,0.056450853,0.105725567,0.026473673,0.022344491,0.008874979,-1.0,-1.0,0.118038756,0.169229028,0.077911257,0.063845322,0.048018548,0.06458979,0.068591684,0.034480234,0.00838903,-0.021075067,-1.0,-0.955913037,-0.256733646,-0.006598806,0.983096599,0.065790419,-2.964747437,-0.215214926,0.948663413,0.225173629,-0.419451172,0.108537365,0.999999984,0.212031362,0.594667623,-0.796856775,0.993272105,0.179830204,-9.034482338,-2.0,0.0,0.0,1.0,2.0,0.545266716,0.076350469,-1.061569865,2.0,0.966393656,0.06409471,-6.962480023,-2.0,0.797512331,0.06965787,-2.50538723,2.0,0.816094831,0.06969667,-1.470367119,2.0
-211.86,-59.76,-84.68,-140.2,-189.75,-153.71,1.7,3.05,2.46,1.75,1.29,1.03,INH+PZA,3,0.062824489,0.041655808,0.049344935,0.039322969,0.081954687,0.07403364,0.121049912,0.110365882,0.036705151,0.082674973,0.055324935,-0.018061161,0.037238973,0.007199243,0.011701402,-0.852357202,-0.56003302,-0.229189758,-0.395741331,0.223492426,0.238405447,0.562912386,0.137692295,0.396335234,0.648524019,0.394575058,0.461230659,0.361231353,-0.039644974,-0.089567633,-0.080784316,,,,,,,-0.532283179,0.066912797,,-0.564807275,,,,0.070804743,0.048975948,0.055403684,0.056450853,0.105725567,0.026473673,0.022344491,0.008874979,-1.0,-1.0,0.118038756,0.169229028,0.077911257,0.063845322,0.048018548,0.06458979,0.068591684,0.034480234,0.00838903,-0.021075067,-1.0,-0.955913037,-0.256733646,-0.006598806,0.983096599,0.065790419,-2.964747437,-0.215214926,0.948663413,0.225173629,-0.419451172,0.108537365,0.999999984,0.212031362,0.594667623,-0.796856775,0.993272105,0.179830204,-9.034482338,-2.0,0.0,0.0,1.0,2.0,0.545266716,0.076350469,-1.061569865,2.0,0.966393656,0.06409471,-6.962480023,-2.0,0.797512331,0.06965787,-2.50538723,2.0,0.816094831,0.06969667,-1.470367119,2.0
-266.92,-171.89,-186.84,-200.7,-224.93,-191.17,1.09,2.31,2.62,1.65,1.38,0.85,INH+PZA,6,0.062824489,0.041655808,0.049344935,0.039322969,0.081954687,0.07403364,0.121049912,0.110365882,0.036705151,0.082674973,0.055324935,-0.018061161,0.037238973,0.007199243,0.011701402,-0.852357202,-0.56003302,-0.229189758,-0.395741331,0.223492426,0.238405447,0.562912386,0.137692295,0.396335234,0.648524019,0.394575058,0.461230659,0.361231353,-0.039644974,-0.089567633,-0.080784316,,,,,,,-0.532283179,0.066912797,,-0.564807275,,,,0.070804743,0.048975948,0.055403684,0.056450853,0.105725567,0.026473673,0.022344491,0.008874979,-1.0,-1.0,0.118038756,0.169229028,0.077911257,0.063845322,0.048018548,0.06458979,0.068591684,0.034480234,0.00838903,-0.021075067,-1.0,-0.955913037,-0.256733646,-0.006598806,0.983096599,0.065790419,-2.964747437,-0.215214926,0.948663413,0.225173629,-0.419451172,0.108537365,0.999999984,0.212031362,0.594667623,-0.796856775,0.993272105,0.179830204,-9.034482338,-2.0,0.0,0.0,1.0,2.0,0.545266716,0.076350469,-1.061569865,2.0,0.966393656,0.06409471,-6.962480023,-2.0,0.797512331,0.06965787,-2.50538723,2.0,0.816094831,0.06969667,-1.470367119,2.0
-225.16,-89.94,-108.75,-197.45,-241.78,-212.38,2.14,2.86,2.23,1.15,1.76,1.09,INH+PZA,6,0.062824489,0.041655808,0.049344935,0.039322969,0.081954687,0.07403364,0.121049912,0.110365882,0.036705151,0.082674973,0.055324935,-0.018061161,0.037238973,0.007199243,0.011701402,-0.852357202,-0.56003302,-0.229189758,-0.395741331,0.223492426,0.238405447,0.562912386,0.137692295,0.396335234,0.648524019,0.394575058,0.461230659,0.361231353,-0.039644974,-0.089567633,-0.080784316,,,,,,,-0.532283179,0.066912797,,-0.564807275,,,,0.070804743,0.048975948,0.055403684,0.056450853,0.105725567,0.026473673,0.022344491,0.008874979,-1.0,-1.0,0.118038756,0.169229028,0.077911257,0.063845322,0.048018548,0.06458979,0.068591684,0.034480234,0.00838903,-0.021075067,-1.0,-0.955913037,-0.256733646,-0.006598806,0.983096599,0.065790419,-2.964747437,-0.215214926,0.948663413,0.225173629,-0.419451172,0.108537365,0.999999984,0.212031362,0.594667623,-0.796856775,0.993272105,0.179830204,-9.034482338,-2.0,0.0,0.0,1.0,2.0,0.545266716,0.076350469,-1.061569865,2.0,0.966393656,0.06409471,-6.962480023,-2.0,0.797512331,0.06965787,-2.50538723,2.0,0.816094831,0.06969667,-1.470367119,2.0
-211.82,-43.37,-56.97,-61.93,-69.66,-67.39,1.61,2.56,2.55,2.21,3.26,2.86,INH+PZA,7,0.062824489,0.041655808,0.049344935,0.039322969,0.081954687,0.07403364,0.121049912,0.110365882,0.036705151,0.082674973,0.055324935,-0.018061161,0.037238973,0.007199243,0.011701402,-0.852357202,-0.56003302,-0.229189758,-0.395741331,0.223492426,0.238405447,0.562912386,0.137692295,0.396335234,0.648524019,0.394575058,0.461230659,0.361231353,-0.039644974,-0.089567633,-0.080784316,,,,,,,-0.532283179,0.066912797,,-0.564807275,,,,0.070804743,0.048975948,0.055403684,0.056450853,0.105725567,0.026473673,0.022344491,0.008874979,-1.0,-1.0,0.118038756,0.169229028,0.077911257,0.063845322,0.048018548,0.06458979,0.068591684,0.034480234,0.00838903,-0.021075067,-1.0,-0.955913037,-0.256733646,-0.006598806,0.983096599,0.065790419,-2.964747437,-0.215214926,0.948663413,0.225173629,-0.419451172,0.108537365,0.999999984,0.212031362,0.594667623,-0.796856775,0.993272105,0.179830204,-9.034482338,-2.0,0.0,0.0,1.0,2.0,0.545266716,0.076350469,-1.061569865,2.0,0.966393656,0.06409471,-6.962480023,-2.0,0.797512331,0.06965787,-2.50538723,2.0,0.816094831,0.06969667,-1.470367119,2.0
-203.65,-140.34,-166.68,-148.66,-189.48,-187.29,1.43,2.99,2.06,1.05,0.83,0.81,INH+PZA,8,0.062824489,0.041655808,0.049344935,0.039322969,0.081954687,0.07403364,0.121049912,0.110365882,0.036705151,0.082674973,0.055324935,-0.018061161,0.037238973,0.007199243,0.011701402,-0.852357202,-0.56003302,-0.229189758,-0.395741331,0.223492426,0.238405447,0.562912386,0.137692295,0.396335234,0.648524019,0.394575058,0.461230659,0.361231353,-0.039644974,-0.089567633,-0.080784316,,,,,,,-0.532283179,0.066912797,,-0.564807275,,,,0.070804743,0.048975948,0.055403684,0.056450853,0.105725567,0.026473673,0.022344491,0.008874979,-1.0,-1.0,0.118038756,0.169229028,0.077911257,0.063845322,0.048018548,0.06458979,0.068591684,0.034480234,0.00838903,-0.021075067,-1.0,-0.955913037,-0.256733646,-0.006598806,0.983096599,0.065790419,-2.964747437,-0.215214926,0.948663413,0.225173629,-0.419451172,0.108537365,0.999999984,0.212031362,0.594667623,-0.796856775,0.993272105,0.179830204,-9.034482338,-2.0,0.0,0.0,1.0,2.0,0.545266716,0.076350469,-1.061569865,2.0,0.966393656,0.06409471,-6.962480023,-2.0,0.797512331,0.06965787,-2.50538723,2.0,0.816094831,0.06969667,-1.470367119,2.0
-260.1,-21.08,-62.57,-124.97,-135.08,-147.37,0.72,1.9,1.78,1.41,1.64,1.34,INH+PZA,10,0.062824489,0.041655808,0.049344935,0.039322969,0.081954687,0.07403364,0.121049912,0.110365882,0.036705151,0.082674973,0.055324935,-0.018061161,0.037238973,0.007199243,0.011701402,-0.852357202,-0.56003302,-0.229189758,-0.395741331,0.223492426,0.238405447,0.562912386,0.137692295,0.396335234,0.648524019,0.394575058,0.461230659,0.361231353,-0.039644974,-0.089567633,-0.080784316,,,,,,,-0.532283179,0.066912797,,-0.564807275,,,,0.070804743,0.048975948,0.055403684,0.056450853,0.105725567,0.026473673,0.022344491,0.008874979,-1.0,-1.0,0.118038756,0.169229028,0.077911257,0.063845322,0.048018548,0.06458979,0.068591684,0.034480234,0.00838903,-0.021075067,-1.0,-0.955913037,-0.256733646,-0.006598806,0.983096599,0.065790419,-2.964747437,-0.215214926,0.948663413,0.225173629,-0.419451172,0.108537365,0.999999984,0.212031362,0.594667623,-0.796856775,0.993272105,0.179830204,-9.034482338,-2.0,0.0,0.0,1.0,2.0,0.545266716,0.076350469,-1.061569865,2.0,0.966393656,0.06409471,-6.962480023,-2.0,0.797512331,0.06965787,-2.50538723,2.0,0.816094831,0.06969667,-1.470367119,2.0
-290.57,-71.82,-142.97,-149.34,-191.62,-150.67,1.24,2.56,2.73,1.72,1.49,1.06,INH+PZA,10,0.062824489,0.041655808,0.049344935,0.039322969,0.081954687,0.07403364,0.121049912,0.110365882,0.036705151,0.082674973,0.055324935,-0.018061161,0.037238973,0.007199243,0.011701402,-0.852357202,-0.56003302,-0.229189758,-0.395741331,0.223492426,0.238405447,0.562912386,0.137692295,0.396335234,0.648524019,0.394575058,0.461230659,0.361231353,-0.039644974,-0.089567633,-0.080784316,,,,,,,-0.532283179,0.066912797,,-0.564807275,,,,0.070804743,0.048975948,0.055403684,0.056450853,0.105725567,0.026473673,0.022344491,0.008874979,-1.0,-1.0,0.118038756,0.169229028,0.077911257,0.063845322,0.048018548,0.06458979,0.068591684,0.034480234,0.00838903,-0.021075067,-1.0,-0.955913037,-0.256733646,-0.006598806,0.983096599,0.065790419,-2.964747437,-0.215214926,0.948663413,0.225173629,-0.419451172,0.108537365,0.999999984,0.212031362,0.594667623,-0.796856775,0.993272105,0.179830204,-9.034482338,-2.0,0.0,0.0,1.0,2.0,0.545266716,0.076350469,-1.061569865,2.0,0.966393656,0.06409471,-6.962480023,-2.0,0.797512331,0.06965787,-2.50538723,2.0,0.816094831,0.06969667,-1.470367119,2.0
-191.72,-118.26,-105.37,-182.44,-167.73,-158.8,0.94,1.72,2.01,1.25,1.21,1.57,INH+PZA,12,0.062824489,0.041655808,0.049344935,0.039322969,0.081954687,0.07403364,0.121049912,0.110365882,0.036705151,0.082674973,0.055324935,-0.018061161,0.037238973,0.007199243,0.011701402,-0.852357202,-0.56003302,-0.229189758,-0.395741331,0.223492426,0.238405447,0.562912386,0.137692295,0.396335234,0.648524019,0.394575058,0.461230659,0.361231353,-0.039644974,-0.089567633,-0.080784316,,,,,,,-0.532283179,0.066912797,,-0.564807275,,,,0.070804743,0.048975948,0.055403684,0.056450853,0.105725567,0.026473673,0.022344491,0.008874979,-1.0,-1.0,0.118038756,0.169229028,0.077911257,0.063845322,0.048018548,0.06458979,0.068591684,0.034480234,0.00838903,-0.021075067,-1.0,-0.955913037,-0.256733646,-0.006598806,0.983096599,0.065790419,-2.964747437,-0.215214926,0.948663413,0.225173629,-0.419451172,0.108537365,0.999999984,0.212031362,0.594667623,-0.796856775,0.993272105,0.179830204,-9.034482338,-2.0,0.0,0.0,1.0,2.0,0.545266716,0.076350469,-1.061569865,2.0,0.966393656,0.06409471,-6.962480023,-2.0,0.797512331,0.06965787,-2.50538723,2.0,0.816094831,0.06969667,-1.470367119,2.0
-291.25,-130.32,-94.63,-187.76,-126.23,-87.53,0.84,2.14,2.18,1.38,2.0,2.23,INH+PZA,13,0.062824489,0.041655808,0.049344935,0.039322969,0.081954687,0.07403364,0.121049912,0.110365882,0.036705151,0.082674973,0.055324935,-0.018061161,0.037238973,0.007199243,0.011701402,-0.852357202,-0.56003302,-0.229189758,-0.395741331,0.223492426,0.238405447,0.562912386,0.137692295,0.396335234,0.648524019,0.394575058,0.461230659,0.361231353,-0.039644974,-0.089567633,-0.080784316,,,,,,,-0.532283179,0.066912797,,-0.564807275,,,,0.070804743,0.048975948,0.055403684,0.056450853,0.105725567,0.026473673,0.022344491,0.008874979,-1.0,-1.0,0.118038756,0.169229028,0.077911257,0.063845322,0.048018548,0.06458979,0.068591684,0.034480234,0.00838903,-0.021075067,-1.0,-0.955913037,-0.256733646,-0.006598806,0.983096599,0.065790419,-2.964747437,-0.215214926,0.948663413,0.225173629,-0.419451172,0.108537365,0.999999984,0.212031362,0.594667623,-0.796856775,0.993272105,0.179830204,-9.034482338,-2.0,0.0,0.0,1.0,2.0,0.545266716,0.076350469,-1.061569865,2.0,0.966393656,0.06409471,-6.962480023,-2.0,0.797512331,0.06965787,-2.50538723,2.0,0.816094831,0.06969667,-1.470367119,2.0
-351.96,-139.48,-224.48,-200.45,-260.99,-211.78,0.88,1.77,1.54,1.06,0.84,0.66,INH+PZA,15,0.062824489,0.041655808,0.049344935,0.039322969,0.081954687,0.07403364,0.121049912,0.110365882,0.036705151,0.082674973,0.055324935,-0.018061161,0.037238973,0.007199243,0.011701402,-0.852357202,-0.56003302,-0.229189758,-0.395741331,0.223492426,0.238405447,0.562912386,0.137692295,0.396335234,0.648524019,0.394575058,0.461230659,0.361231353,-0.039644974,-0.089567633,-0.080784316,,,,,,,-0.532283179,0.066912797,,-0.564807275,,,,0.070804743,0.048975948,0.055403684,0.056450853,0.105725567,0.026473673,0.022344491,0.008874979,-1.0,-1.0,0.118038756,0.169229028,0.077911257,0.063845322,0.048018548,0.06458979,0.068591684,0.034480234,0.00838903,-0.021075067,-1.0,-0.955913037,-0.256733646,-0.006598806,0.983096599,0.065790419,-2.964747437,-0.215214926,0.948663413,0.225173629,-0.419451172,0.108537365,0.999999984,0.212031362,0.594667623,-0.796856775,0.993272105,0.179830204,-9.034482338,-2.0,0.0,0.0,1.0,2.0,0.545266716,0.076350469,-1.061569865,2.0,0.966393656,0.06409471,-6.962480023,-2.0,0.797512331,0.06965787,-2.50538723,2.0,0.816094831,0.06969667,-1.470367119,2.0
-360.35,-150.38,-207.29,-263.64,-219.0,-174.91,0.67,2.05,1.4,0.98,1.65,1.35,INH+PZA,16,0.062824489,0.041655808,0.049344935,0.039322969,0.081954687,0.07403364,0.121049912,0.110365882,0.036705151,0.082674973,0.055324935,-0.018061161,0.037238973,0.007199243,0.011701402,-0.852357202,-0.56003302,-0.229189758,-0.395741331,0.223492426,0.238405447,0.562912386,0.137692295,0.396335234,0.648524019,0.394575058,0.461230659,0.361231353,-0.039644974,-0.089567633,-0.080784316,,,,,,,-0.532283179,0.066912797,,-0.564807275,,,,0.070804743,0.048975948,0.055403684,0.056450853,0.105725567,0.026473673,0.022344491,0.008874979,-1.0,-1.0,0.118038756,0.169229028,0.077911257,0.063845322,0.048018548,0.06458979,0.068591684,0.034480234,0.00838903,-0.021075067,-1.0,-0.955913037,-0.256733646,-0.006598806,0.983096599,0.065790419,-2.964747437,-0.215214926,0.948663413,0.225173629,-0.419451172,0.108537365,0.999999984,0.212031362,0.594667623,-0.796856775,0.993272105,0.179830204,-9.034482338,-2.0,0.0,0.0,1.0,2.0,0.545266716,0.076350469,-1.061569865,2.0,0.966393656,0.06409471,-6.962480023,-2.0,0.797512331,0.06965787,-2.50538723,2.0,0.816094831,0.06969667,-1.470367119,2.0
-195.66,-83.79,-48.59,-86.7,-142.93,-141.61,1.24,2.79,2.61,1.4,1.18,0.91,INH+PZA,17,0.062824489,0.041655808,0.049344935,0.039322969,0.081954687,0.07403364,0.121049912,0.110365882,0.036705151,0.082674973,0.055324935,-0.018061161,0.037238973,0.007199243,0.011701402,-0.852357202,-0.56003302,-0.229189758,-0.395741331,0.223492426,0.238405447,0.562912386,0.137692295,0.396335234,0.648524019,0.394575058,0.461230659,0.361231353,-0.039644974,-0.089567633,-0.080784316,,,,,,,-0.532283179,0.066912797,,-0.564807275,,,,0.070804743,0.048975948,0.055403684,0.056450853,0.105725567,0.026473673,0.022344491,0.008874979,-1.0,-1.0,0.118038756,0.169229028,0.077911257,0.063845322,0.048018548,0.06458979,0.068591684,0.034480234,0.00838903,-0.021075067,-1.0,-0.955913037,-0.256733646,-0.006598806,0.983096599,0.065790419,-2.964747437,-0.215214926,0.948663413,0.225173629,-0.419451172,0.108537365,0.999999984,0.212031362,0.594667623,-0.796856775,0.993272105,0.179830204,-9.034482338,-2.0,0.0,0.0,1.0,2.0,0.545266716,0.076350469,-1.061569865,2.0,0.966393656,0.06409471,-6.962480023,-2.0,0.797512331,0.06965787,-2.50538723,2.0,0.816094831,0.06969667,-1.470367119,2.0
-214.62,-132.95,-144.93,-190.89,-221.04,-228.56,1.89,3.0,2.16,1.26,1.61,1.24,INH+PZA,22,0.062824489,0.041655808,0.049344935,0.039322969,0.081954687,0.07403364,0.121049912,0.110365882,0.036705151,0.082674973,0.055324935,-0.018061161,0.037238973,0.007199243,0.011701402,-0.852357202,-0.56003302,-0.229189758,-0.395741331,0.223492426,0.238405447,0.562912386,0.137692295,0.396335234,0.648524019,0.394575058,0.461230659,0.361231353,-0.039644974,-0.089567633,-0.080784316,,,,,,,-0.532283179,0.066912797,,-0.564807275,,,,0.070804743,0.048975948,0.055403684,0.056450853,0.105725567,0.026473673,0.022344491,0.008874979,-1.0,-1.0,0.118038756,0.169229028,0.077911257,0.063845322,0.048018548,0.06458979,0.068591684,0.034480234,0.00838903,-0.021075067,-1.0,-0.955913037,-0.256733646,-0.006598806,0.983096599,0.065790419,-2.964747437,-0.215214926,0.948663413,0.225173629,-0.419451172,0.108537365,0.999999984,0.212031362,0.594667623,-0.796856775,0.993272105,0.179830204,-9.034482338,-2.0,0.0,0.0,1.0,2.0,0.545266716,0.076350469,-1.061569865,2.0,0.966393656,0.06409471,-6.962480023,-2.0,0.797512331,0.06965787,-2.50538723,2.0,0.816094831,0.06969667,-1.470367119,2.0
-294.97,-109.87,-215.89,-262.16,-223.57,-259.89,1.14,2.41,1.93,0.77,1.22,1.12,INH+PZA,25,0.062824489,0.041655808,0.049344935,0.039322969,0.081954687,0.07403364,0.121049912,0.110365882,0.036705151,0.082674973,0.055324935,-0.018061161,0.037238973,0.007199243,0.011701402,-0.852357202,-0.56003302,-0.229189758,-0.395741331,0.223492426,0.238405447,0.562912386,0.137692295,0.396335234,0.648524019,0.394575058,0.461230659,0.361231353,-0.039644974,-0.089567633,-0.080784316,,,,,,,-0.532283179,0.066912797,,-0.564807275,,,,0.070804743,0.048975948,0.055403684,0.056450853,0.105725567,0.026473673,0.022344491,0.008874979,-1.0,-1.0,0.118038756,0.169229028,0.077911257,0.063845322,0.048018548,0.06458979,0.068591684,0.034480234,0.00838903,-0.021075067,-1.0,-0.955913037,-0.256733646,-0.006598806,0.983096599,0.065790419,-2.964747437,-0.215214926,0.948663413,0.225173629,-0.419451172,0.108537365,0.999999984,0.212031362,0.594667623,-0.796856775,0.993272105,0.179830204,-9.034482338,-2.0,0.0,0.0,1.0,2.0,0.545266716,0.076350469,-1.061569865,2.0,0.966393656,0.06409471,-6.962480023,-2.0,0.797512331,0.06965787,-2.50538723,2.0,0.816094831,0.06969667,-1.470367119,2.0
-341.38,-134.48,-238.97,-265.34,-254.68,-235.7,1.14,2.1,1.62,1.11,1.48,1.21,INH+PZA,26,0.062824489,0.041655808,0.049344935,0.039322969,0.081954687,0.07403364,0.121049912,0.110365882,0.036705151,0.082674973,0.055324935,-0.018061161,0.037238973,0.007199243,0.011701402,-0.852357202,-0.56003302,-0.229189758,-0.395741331,0.223492426,0.238405447,0.562912386,0.137692295,0.396335234,0.648524019,0.394575058,0.461230659,0.361231353,-0.039644974,-0.089567633,-0.080784316,,,,,,,-0.532283179,0.066912797,,-0.564807275,,,,0.070804743,0.048975948,0.055403684,0.056450853,0.105725567,0.026473673,0.022344491,0.008874979,-1.0,-1.0,0.118038756,0.169229028,0.077911257,0.063845322,0.048018548,0.06458979,0.068591684,0.034480234,0.00838903,-0.021075067,-1.0,-0.955913037,-0.256733646,-0.006598806,0.983096599,0.065790419,-2.964747437,-0.215214926,0.948663413,0.225173629,-0.419451172,0.108537365,0.999999984,0.212031362,0.594667623,-0.796856775,0.993272105,0.179830204,-9.034482338,-2.0,0.0,0.0,1.0,2.0,0.545266716,0.076350469,-1.061569865,2.0,0.966393656,0.06409471,-6.962480023,-2.0,0.797512331,0.06965787,-2.50538723,2.0,0.816094831,0.06969667,-1.470367119,2.0
-183.1,-149.32,-175.99,-189.85,-224.78,-273.25,0.95,1.53,1.33,1.28,0.97,0.79,LIN+PRE,1,0.113111182,0.076929989,0.099963388,0.0531616,0.08326963,0.114345937,0.122837243,0.082154042,0.063511392,0.026344996,0.027620938,0.004571761,0.01416695,-0.188959234,-0.014643395,-0.458495446,-0.426078334,-0.608577147,-0.346344724,-0.02276961,0.202510484,0.325031262,0.427653546,0.205566601,0.191014489,0.088460813,0.058211664,-0.10349296,0.156869035,0.349411098,0.755833435,0.636048004,0.572711812,,0.335964664,0.380118835,0.082602153,-0.60696751,0.702878236,,0.206332042,0.312233139,0.426267351,-0.032431354,0.122870875,0.084122809,0.037908299,0.026354184,0.108989337,0.028961228,-0.088768806,-0.063180171,-0.753642463,-0.584417578,-0.012187676,0.053424362,0.117562519,0.087133163,0.063354452,0.044713351,0.037631858,0.027490318,-0.042374548,-0.04968287,-0.439680551,-0.583924405,0.000453271,-0.043269477,0.997307503,0.15956127,-1.704883885,-0.047465137,0.998362185,0.079839123,-1.056625775,-1.218001172,0.997310471,0.082210304,0.019972821,-0.035534182,0.998814068,0.061987974,0.735919469,0.653755977,0.9869769,0.0789314,-0.990180091,-1.305958434,0.992460997,0.085015714,1.343058971,0.957550294,0.998006555,0.062257816,-1.214821637,-1.287659501,0.992818067,0.075061091,-1.320420872,-1.643240922,0.999999879,0.089390778,0.061135358,-0.379290596
-240.59,-159.81,-153.47,-147.61,-48.44,-29.07,1.64,2.05,2.04,2.94,2.69,3.69,LIN+PRE,1,0.113111182,0.076929989,0.099963388,0.0531616,0.08326963,0.114345937,0.122837243,0.082154042,0.063511392,0.026344996,0.027620938,0.004571761,0.01416695,-0.188959234,-0.014643395,-0.458495446,-0.426078334,-0.608577147,-0.346344724,-0.02276961,0.202510484,0.325031262,0.427653546,0.205566601,0.191014489,0.088460813,0.058211664,-0.10349296,0.156869035,0.349411098,0.755833435,0.636048004,0.572711812,,0.335964664,0.380118835,0.082602153,-0.60696751,0.702878236,,0.206332042,0.312233139,0.426267351,-0.032431354,0.122870875,0.084122809,0.037908299,0.026354184,0.108989337,0.028961228,-0.088768806,-0.063180171,-0.753642463,-0.584417578,-0.012187676,0.053424362,0.117562519,0.087133163,0.063354452,0.044713351,0.037631858,0.027490318,-0.042374548,-0.04968287,-0.439680551,-0.583924405,0.000453271,-0.043269477,0.997307503,0.15956127,-1.704883885,-0.047465137,0.998362185,0.079839123,-1.056625775,-1.218001172,0.997310471,0.082210304,0.019972821,-0.035534182,0.998814068,0.061987974,0.735919469,0.653755977,0.9869769,0.0789314,-0.990180091,-1.305958434,0.992460997,0.085015714,1.343058971,0.957550294,0.998006555,0.062257816,-1.214821637,-1.287659501,0.992818067,0.075061091,-1.320420872,-1.643240922,0.999999879,0.089390778,0.061135358,-0.379290596
-155.28,-57.76,-63.14,-66.96,-84.87,-100.24,1.19,2.7,2.45,3.03,2.4,2.02,LIN+PRE,4,0.113111182,0.076929989,0.099963388,0.0531616,0.08326963,0.114345937,0.122837243,0.082154042,0.063511392,0.026344996,0.027620938,0.004571761,0.01416695,-0.188959234,-0.014643395,-0.458495446,-0.426078334,-0.608577147,-0.346344724,-0.02276961,0.202510484,0.325031262,0.427653546,0.205566601,0.191014489,0.088460813,0.058211664,-0.10349296,0.156869035,0.349411098,0.755833435,0.636048004,0.572711812,,0.335964664,0.380118835,0.082602153,-0.60696751,0.702878236,,0.206332042,0.312233139,0.426267351,-0.032431354,0.122870875,0.084122809,0.037908299,0.026354184,0.108989337,0.028961228,-0.088768806,-0.063180171,-0.753642463,-0.584417578,-0.012187676,0.053424362,0.117562519,0.087133163,0.063354452,0.044713351,0.037631858,0.027490318,-0.042374548,-0.04968287,-0.439680551,-0.583924405,0.000453271,-0.043269477,0.997307503,0.15956127,-1.704883885,-0.047465137,0.998362185,0.079839123,-1.056625775,-1.218001172,0.997310471,0.082210304,0.019972821,-0.035534182,0.998814068,0.061987974,0.735919469,0.653755977,0.9869769,0.0789314,-0.990180091,-1.305958434,0.992460997,0.085015714,1.343058971,0.957550294,0.998006555,0.062257816,-1.214821637,-1.287659501,0.992818067,0.075061091,-1.320420872,-1.643240922,0.999999879,0.089390778,0.061135358,-0.379290596
-140.47,-112.04,-112.88,-124.07,-170.1,-199.48,1.79,2.12,1.79,1.27,1.29,1.02,LIN+PRE,6,0.113111182,0.076929989,0.099963388,0.0531616,0.08326963,0.114345937,0.122837243,0.082154042,0.063511392,0.026344996,0.027620938,0.004571761,0.01416695,-0.188959234,-0.014643395,-0.458495446,-0.426078334,-0.608577147,-0.346344724,-0.02276961,0.202510484,0.325031262,0.427653546,0.205566601,0.191014489,0.088460813,0.058211664,-0.10349296,0.156869035,0.349411098,0.755833435,0.636048004,0.572711812,,0.335964664,0.380118835,0.082602153,-0.60696751,0.702878236,,0.206332042,0.312233139,0.426267351,-0.032431354,0.122870875,0.084122809,0.037908299,0.026354184,0.108989337,0.028961228,-0.088768806,-0.063180171,-0.753642463,-0.584417578,-0.012187676,0.053424362,0.117562519,0.087133163,0.063354452,0.044713351,0.037631858,0.027490318,-0.042374548,-0.04968287,-0.439680551,-0.583924405,0.000453271,-0.043269477,0.997307503,0.15956127,-1.704883885,-0.047465137,0.998362185,0.079839123,-1.056625775,-1.218001172,0.997310471,0.082210304,0.019972821,-0.035534182,0.998814068,0.061987974,0.735919469,0.653755977,0.9869769,0.0789314,-0.990180091,-1.305958434,0.992460997,0.085015714,1.343058971,0.957550294,0.998006555,0.062257816,-1.214821637,-1.287659501,0.992818067,0.075061091,-1.320420872,-1.643240922,0.999999879,0.089390778,0.061135358,-0.379290596
-324.93,-93.12,-202.8,-250.06,-307.22,-254.47,1.56,3.32,1.94,0.84,0.7,0.51,LIN+PRE,6,0.113111182,0.076929989,0.099963388,0.0531616,0.08326963,0.114345937,0.122837243,0.082154042,0.063511392,0.026344996,0.027620938,0.004571761,0.01416695,-0.188959234,-0.014643395,-0.458495446,-0.426078334,-0.608577147,-0.346344724,-0.02276961,0.202510484,0.325031262,0.427653546,0.205566601,0.191014489,0.088460813,0.058211664,-0.10349296,0.156869035,0.349411098,0.755833435,0.636048004,0.572711812,,0.335964664,0.380118835,0.082602153,-0.60696751,0.702878236,,0.206332042,0.312233139,0.426267351,-0.032431354,0.122870875,0.084122809,0.037908299,0.026354184,0.108989337,0.028961228,-0.088768806,-0.063180171,-0.753642463,-0.584417578,-0.012187676,0.053424362,0.117562519,0.087133163,0.063354452,0.044713351,0.037631858,0.027490318,-0.042374548,-0.04968287,-0.439680551,-0.583924405,0.000453271,-0.043269477,0.997307503,0.15956127,-1.704883885,-0.047465137,0.998362185,0.079839123,-1.056625775,-1.218001172,0.997310471,0.082210304,0.019972821,-0.035534182,0.998814068,0.061987974,0.735919469,0.653755977,0.9869769,0.0789314,-0.990180091,-1.305958434,0.992460997,0.085015714,1.343058971,0.957550294,0.998006555,0.062257816,-1.214821637,-1.287659501,0.992818067,0.075061091,-1.320420872,-1.643240922,0.999999879,0.089390778,0.061135358,-0.379290596
-313.73,-206.2,-179.44,-198.0,-235.46,-226.1,1.65,2.19,2.27,2.64,1.89,2.46,LIN+PRE,7,0.113111182,0.076929989,0.099963388,0.0531616,0.08326963,0.114345937,0.122837243,0.082154042,0.063511392,0.026344996,0.027620938,0.004571761,0.01416695,-0.188959234,-0.014643395,-0.458495446,-0.426078334,-0.608577147,-0.346344724,-0.02276961,0.202510484,0.325031262,0.427653546,0.205566601,0.191014489,0.088460813,0.058211664,-0.10349296,0.156869035,0.349411098,0.755833435,0.636048004,0.572711812,,0.335964664,0.380118835,0.082602153,-0.60696751,0.702878236,,0.206332042,0.312233139,0.426267351,-0.032431354,0.122870875,0.084122809,0.037908299,0.026354184,0.108989337,0.028961228,-0.088768806,-0.063180171,-0.753642463,-0.584417578,-0.012187676,0.053424362,0.117562519,0.087133163,0.063354452,0.044713351,0.037631858,0.027490318,-0.042374548,-0.04968287,-0.439680551,-0.583924405,0.000453271,-0.043269477,0.997307503,0.15956127,-1.704883885,-0.047465137,0.998362185,0.079839123,-1.056625775,-1.218001172,0.997310471,0.082210304,0.019972821,-0.035534182,0.998814068,0.061987974,0.735919469,0.653755977,0.9869769,0.0789314,-0.990180091,-1.305958434,0.992460997,0.085015714,1.343058971,0.957550294,0.998006555,0.062257816,-1.214821637,-1.287659501,0.992818067,0.075061091,-1.320420872,-1.643240922,0.999999879,0.089390778,0.061135358,-0.379290596
-194.78,-146.37,-161.8,-178.11,-190.04,-282.13,1.84,2.38,1.87,0.97,1.4,1.16,LIN+PRE,9,0.113111182,0.076929989,0.099963388,0.0531616,0.08326963,0.114345937,0.122837243,0.082154042,0.063511392,0.026344996,0.027620938,0.004571761,0.01416695,-0.188959234,-0.014643395,-0.458495446,-0.426078334,-0.608577147,-0.346344724,-0.02276961,0.202510484,0.325031262,0.427653546,0.205566601,0.191014489,0.088460813,0.058211664,-0.10349296,0.156869035,0.349411098,0.755833435,0.636048004,0.572711812,,0.335964664,0.380118835,0.082602153,-0.60696751,0.702878236,,0.206332042,0.312233139,0.426267351,-0.032431354,0.122870875,0.084122809,0.037908299,0.026354184,0.108989337,0.028961228,-0.088768806,-0.063180171,-0.753642463,-0.584417578,-0.012187676,0.053424362,0.117562519,0.087133163,0.063354452,0.044713351,0.037631858,0.027490318,-0.042374548,-0.04968287,-0.439680551,-0.583924405,0.000453271,-0.043269477,0.997307503,0.15956127,-1.704883885,-0.047465137,0.998362185,0.079839123,-1.056625775,-1.218001172,0.997310471,0.082210304,0.019972821,-0.035534182,0.998814068,0.061987974,0.735919469,0.653755977,0.9869769,0.0789314,-0.990180091,-1.305958434,0.992460997,0.085015714,1.343058971,0.957550294,0.998006555,0.062257816,-1.214821637,-1.287659501,0.992818067,0.075061091,-1.320420872,-1.643240922,0.999999879,0.089390778,0.061135358,-0.379290596
-302.86,-90.02,-82.57,-54.7,-49.48,-69.15,1.82,2.74,2.86,4.1,2.87,3.3,LIN+PRE,11,0.113111182,0.076929989,0.099963388,0.0531616,0.08326963,0.114345937,0.122837243,0.082154042,0.063511392,0.026344996,0.027620938,0.004571761,0.01416695,-0.188959234,-0.014643395,-0.458495446,-0.426078334,-0.608577147,-0.346344724,-0.02276961,0.202510484,0.325031262,0.427653546,0.205566601,0.191014489,0.088460813,0.058211664,-0.10349296,0.156869035,0.349411098,0.755833435,0.636048004,0.572711812,,0.335964664,0.380118835,0.082602153,-0.60696751,0.702878236,,0.206332042,0.312233139,0.426267351,-0.032431354,0.122870875,0.084122809,0.037908299,0.026354184,0.108989337,0.028961228,-0.088768806,-0.063180171,-0.753642463,-0.584417578,-0.012187676,0.053424362,0.117562519,0.087133163,0.063354452,0.044713351,0.037631858,0.027490318,-0.042374548,-0.04968287,-0.439680551,-0.583924405,0.000453271,-0.043269477,0.997307503,0.15956127,-1.704883885,-0.047465137,0.998362185,0.079839123,-1.056625775,-1.218001172,0.997310471,0.082210304,0.019972821,-0.035534182,0.998814068,0.061987974,0.735919469,0.653755977,0.9869769,0.0789314,-0.990180091,-1.305958434,0.992460997,0.085015714,1.343058971,0.957550294,0.998006555,0.062257816,-1.214821637,-1.287659501,0.992818067,0.075061091,-1.320420872,-1.643240922,0.999999879,0.089390778,0.061135358,-0.379290596
-236.26,-191.99,-228.97,-230.94,-253.15,-310.86,0.9,1.62,1.55,1.95,1.01,0.75,LIN+PRE,13,0.113111182,0.076929989,0.099963388,0.0531616,0.08326963,0.114345937,0.122837243,0.082154042,0.063511392,0.026344996,0.027620938,0.004571761,0.01416695,-0.188959234,-0.014643395,-0.458495446,-0.426078334,-0.608577147,-0.346344724,-0.02276961,0.202510484,0.325031262,0.427653546,0.205566601,0.191014489,0.088460813,0.058211664,-0.10349296,0.156869035,0.349411098,0.755833435,0.636048004,0.572711812,,0.335964664,0.380118835,0.082602153,-0.60696751,0.702878236,,0.206332042,0.312233139,0.426267351,-0.032431354,0.122870875,0.084122809,0.037908299,0.026354184,0.108989337,0.028961228,-0.088768806,-0.063180171,-0.753642463,-0.584417578,-0.012187676,0.053424362,0.117562519,0.087133163,0.063354452,0.044713351,0.037631858,0.027490318,-0.042374548,-0.04968287,-0.439680551,-0.583924405,0.000453271,-0.043269477,0.997307503,0.15956127,-1.704883885,-0.047465137,0.998362185,0.079839123,-1.056625775,-1.218001172,0.997310471,0.082210304,0.019972821,-0.035534182,0.998814068,0.061987974,0.735919469,0.653755977,0.9869769,0.0789314,-0.990180091,-1.305958434,0.992460997,0.085015714,1.343058971,0.957550294,0.998006555,0.062257816,-1.214821637,-1.287659501,0.992818067,0.075061091,-1.320420872,-1.643240922,0.999999879,0.089390778,0.061135358,-0.379290596
-318.29,-127.58,-59.85,-143.8,-146.76,-130.22,1.34,2.27,2.6,2.55,2.23,2.36,LIN+PRE,14,0.113111182,0.076929989,0.099963388,0.0531616,0.08326963,0.114345937,0.122837243,0.082154042,0.063511392,0.026344996,0.027620938,0.004571761,0.01416695,-0.188959234,-0.014643395,-0.458495446,-0.426078334,-0.608577147,-0.346344724,-0.02276961,0.202510484,0.325031262,0.427653546,0.205566601,0.191014489,0.088460813,0.058211664,-0.10349296,0.156869035,0.349411098,0.755833435,0.636048004,0.572711812,,0.335964664,0.380118835,0.082602153,-0.60696751,0.702878236,,0.206332042,0.312233139,0.426267351,-0.032431354,0.122870875,0.084122809,0.037908299,0.026354184,0.108989337,0.028961228,-0.088768806,-0.063180171,-0.753642463,-0.584417578,-0.012187676,0.053424362,0.117562519,0.087133163,0.063354452,0.044713351,0.037631858,0.027490318,-0.042374548,-0.04968287,-0.439680551,-0.583924405,0.000453271,-0.043269477,0.997307503,0.15956127,-1.704883885,-0.047465137,0.998362185,0.079839123,-1.056625775,-1.218001172,0.997310471,0.082210304,0.019972821,-0.035534182,0.998814068,0.061987974,0.735919469,0.653755977,0.9869769,0.0789314,-0.990180091,-1.305958434,0.992460997,0.085015714,1.343058971,0.957550294,0.998006555,0.062257816,-1.214821637,-1.287659501,0.992818067,0.075061091,-1.320420872,-1.643240922,0.999999879,0.089390778,0.061135358,-0.379290596
-372.73,-163.55,-287.93,-299.72,-301.76,-379.35,0.73,1.1,1.16,0.6,0.5,0.55,LIN+PRE,14,0.113111182,0.076929989,0.099963388,0.0531616,0.08326963,0.114345937,0.122837243,0.082154042,0.063511392,0.026344996,0.027620938,0.004571761,0.01416695,-0.188959234,-0.014643395,-0.458495446,-0.426078334,-0.608577147,-0.346344724,-0.02276961,0.202510484,0.325031262,0.427653546,0.205566601,0.191014489,0.088460813,0.058211664,-0.10349296,0.156869035,0.349411098,0.755833435,0.636048004,0.572711812,,0.335964664,0.380118835,0.082602153,-0.60696751,0.702878236,,0.206332042,0.312233139,0.426267351,-0.032431354,0.122870875,0.084122809,0.037908299,0.026354184,0.108989337,0.028961228,-0.088768806,-0.063180171,-0.753642463,-0.584417578,-0.012187676,0.053424362,0.117562519,0.087133163,0.063354452,0.044713351,0.037631858,0.027490318,-0.042374548,-0.04968287,-0.439680551,-0.583924405,0.000453271,-0.043269477,0.997307503,0.15956127,-1.704883885,-0.047465137,0.998362185,0.079839123,-1.056625775,-1.218001172,0.997310471,0.082210304,0.019972821,-0.035534182,0.998814068,0.061987974,0.735919469,0.653755977,0.9869769,0.0789314,-0.990180091,-1.305958434,0.992460997,0.085015714,1.343058971,0.957550294,0.998006555,0.062257816,-1.214821637,-1.287659501,0.992818067,0.075061091,-1.320420872,-1.643240922,0.999999879,0.089390778,0.061135358,-0.379290596
-193.29,-152.41,-189.54,-159.18,-172.11,-242.27,1.34,2.05,1.52,0.97,1.12,0.99,LIN+PRE,15,0.113111182,0.076929989,0.099963388,0.0531616,0.08326963,0.114345937,0.122837243,0.082154042,0.063511392,0.026344996,0.027620938,0.004571761,0.01416695,-0.188959234,-0.014643395,-0.458495446,-0.426078334,-0.608577147,-0.346344724,-0.02276961,0.202510484,0.325031262,0.427653546,0.205566601,0.191014489,0.088460813,0.058211664,-0.10349296,0.156869035,0.349411098,0.755833435,0.636048004,0.572711812,,0.335964664,0.380118835,0.082602153,-0.60696751,0.702878236,,0.206332042,0.312233139,0.426267351,-0.032431354,0.122870875,0.084122809,0.037908299,0.026354184,0.108989337,0.028961228,-0.088768806,-0.063180171,-0.753642463,-0.584417578,-0.012187676,0.053424362,0.117562519,0.087133163,0.063354452,0.044713351,0.037631858,0.027490318,-0.042374548,-0.04968287,-0.439680551,-0.583924405,0.000453271,-0.043269477,0.997307503,0.15956127,-1.704883885,-0.047465137,0.998362185,0.079839123,-1.056625775,-1.218001172,0.997310471,0.082210304,0.019972821,-0.035534182,0.998814068,0.061987974,0.735919469,0.653755977,0.9869769,0.0789314,-0.990180091,-1.305958434,0.992460997,0.085015714,1.343058971,0.957550294,0.998006555,0.062257816,-1.214821637,-1.287659501,0.992818067,0.075061091,-1.320420872,-1.643240922,0.999999879,0.089390778,0.061135358,-0.379290596
-303.4,-181.52,-111.69,-163.29,-187.39,-220.78,1.41,2.33,2.67,2.38,1.92,2.32,LIN+PRE,18,0.113111182,0.076929989,0.099963388,0.0531616,0.08326963,0.114345937,0.122837243,0.082154042,0.063511392,0.026344996,0.027620938,0.004571761,0.01416695,-0.188959234,-0.014643395,-0.458495446,-0.426078334,-0.608577147,-0.346344724,-0.02276961,0.202510484,0.325031262,0.427653546,0.205566601,0.191014489,0.088460813,0.058211664,-0.10349296,0.156869035,0.349411098,0.755833435,0.636048004,0.572711812,,0.335964664,0.380118835,0.082602153,-0.60696751,0.702878236,,0.206332042,0.312233139,0.426267351,-0.032431354,0.122870875,0.084122809,0.037908299,0.026354184,0.108989337,0.028961228,-0.088768806,-0.063180171,-0.753642463,-0.584417578,-0.012187676,0.053424362,0.117562519,0.087133163,0.063354452,0.044713351,0.037631858,0.027490318,-0.042374548,-0.04968287,-0.439680551,-0.583924405,0.000453271,-0.043269477,0.997307503,0.15956127,-1.704883885,-0.047465137,0.998362185,0.079839123,-1.056625775,-1.218001172,0.997310471,0.082210304,0.019972821,-0.035534182,0.998814068,0.061987974,0.735919469,0.653755977,0.9869769,0.0789314,-0.990180091,-1.305958434,0.992460997,0.085015714,1.343058971,0.957550294,0.998006555,0.062257816,-1.214821637,-1.287659501,0.992818067,0.075061091,-1.320420872,-1.643240922,0.999999879,0.089390778,0.061135358,-0.379290596
-281.67,-135.38,-174.55,-14.89,-268.2,-319.22,0.76,1.34,1.26,0.86,0.76,0.65,LIN+PRE,19,0.113111182,0.076929989,0.099963388,0.0531616,0.08326963,0.114345937,0.122837243,0.082154042,0.063511392,0.026344996,0.027620938,0.004571761,0.01416695,-0.188959234,-0.014643395,-0.458495446,-0.426078334,-0.608577147,-0.346344724,-0.02276961,0.202510484,0.325031262,0.427653546,0.205566601,0.191014489,0.088460813,0.058211664,-0.10349296,0.156869035,0.349411098,0.755833435,0.636048004,0.572711812,,0.335964664,0.380118835,0.082602153,-0.60696751,0.702878236,,0.206332042,0.312233139,0.426267351,-0.032431354,0.122870875,0.084122809,0.037908299,0.026354184,0.108989337,0.028961228,-0.088768806,-0.063180171,-0.753642463,-0.584417578,-0.012187676,0.053424362,0.117562519,0.087133163,0.063354452,0.044713351,0.037631858,0.027490318,-0.042374548,-0.04968287,-0.439680551,-0.583924405,0.000453271,-0.043269477,0.997307503,0.15956127,-1.704883885,-0.047465137,0.998362185,0.079839123,-1.056625775,-1.218001172,0.997310471,0.082210304,0.019972821,-0.035534182,0.998814068,0.061987974,0.735919469,0.653755977,0.9869769,0.0789314,-0.990180091,-1.305958434,0.992460997,0.085015714,1.343058971,0.957550294,0.998006555,0.062257816,-1.214821637,-1.287659501,0.992818067,0.075061091,-1.320420872,-1.643240922,0.999999879,0.089390778,0.061135358,-0.379290596
-115.81,-109.42,-95.7,-97.96,-133.01,-121.24,2.0,2.81,2.58,1.59,1.51,1.27,LIN+PRE,26,0.113111182,0.076929989,0.099963388,0.0531616,0.08326963,0.114345937,0.122837243,0.082154042,0.063511392,0.026344996,0.027620938,0.004571761,0.01416695,-0.188959234,-0.014643395,-0.458495446,-0.426078334,-0.608577147,-0.346344724,-0.02276961,0.202510484,0.325031262,0.427653546,0.205566601,0.191014489,0.088460813,0.058211664,-0.10349296,0.156869035,0.349411098,0.755833435,0.636048004,0.572711812,,0.335964664,0.380118835,0.082602153,-0.60696751,0.702878236,,0.206332042,0.312233139,0.426267351,-0.032431354,0.122870875,0.084122809,0.037908299,0.026354184,0.108989337,0.028961228,-0.088768806,-0.063180171,-0.753642463,-0.584417578,-0.012187676,0.053424362,0.117562519,0.087133163,0.063354452,0.044713351,0.037631858,0.027490318,-0.042374548,-0.04968287,-0.439680551,-0.583924405,0.000453271,-0.043269477,0.997307503,0.15956127,-1.704883885,-0.047465137,0.998362185,0.079839123,-1.056625775,-1.218001172,0.997310471,0.082210304,0.019972821,-0.035534182,0.998814068,0.061987974,0.735919469,0.653755977,0.9869769,0.0789314,-0.990180091,-1.305958434,0.992460997,0.085015714,1.343058971,0.957550294,0.998006555,0.062257816,-1.214821637,-1.287659501,0.992818067,0.075061091,-1.320420872,-1.643240922,0.999999879,0.089390778,0.061135358,-0.379290596
-336.61,-169.8,-213.75,-166.42,-284.05,-136.31,0.64,1.08,1.18,0.79,0.59,0.91,LIN+PRE,28,0.113111182,0.076929989,0.099963388,0.0531616,0.08326963,0.114345937,0.122837243,0.082154042,0.063511392,0.026344996,0.027620938,0.004571761,0.01416695,-0.188959234,-0.014643395,-0.458495446,-0.426078334,-0.608577147,-0.346344724,-0.02276961,0.202510484,0.325031262,0.427653546,0.205566601,0.191014489,0.088460813,0.058211664,-0.10349296,0.156869035,0.349411098,0.755833435,0.636048004,0.572711812,,0.335964664,0.380118835,0.082602153,-0.60696751,0.702878236,,0.206332042,0.312233139,0.426267351,-0.032431354,0.122870875,0.084122809,0.037908299,0.026354184,0.108989337,0.028961228,-0.088768806,-0.063180171,-0.753642463,-0.584417578,-0.012187676,0.053424362,0.117562519,0.087133163,0.063354452,0.044713351,0.037631858,0.027490318,-0.042374548,-0.04968287,-0.439680551,-0.583924405,0.000453271,-0.043269477,0.997307503,0.15956127,-1.704883885,-0.047465137,0.998362185,0.079839123,-1.056625775,-1.218001172,0.997310471,0.082210304,0.019972821,-0.035534182,0.998814068,0.061987974,0.735919469,0.653755977,0.9869769,0.0789314,-0.990180091,-1.305958434,0.992460997,0.085015714,1.343058971,0.957550294,0.998006555,0.062257816,-1.214821637,-1.287659501,0.992818067,0.075061091,-1.320420872,-1.643240922,0.999999879,0.089390778,0.061135358,-0.379290596
-353.12,-209.34,-295.81,-301.43,-357.49,-373.29,1.46,2.23,1.46,0.68,0.59,0.38,LIN+PRE,28,0.113111182,0.076929989,0.099963388,0.0531616,0.08326963,0.114345937,0.122837243,0.082154042,0.063511392,0.026344996,0.027620938,0.004571761,0.01416695,-0.188959234,-0.014643395,-0.458495446,-0.426078334,-0.608577147,-0.346344724,-0.02276961,0.202510484,0.325031262,0.427653546,0.205566601,0.191014489,0.088460813,0.058211664,-0.10349296,0.156869035,0.349411098,0.755833435,0.636048004,0.572711812,,0.335964664,0.380118835,0.082602153,-0.60696751,0.702878236,,0.206332042,0.312233139,0.426267351,-0.032431354,0.122870875,0.084122809,0.037908299,0.026354184,0.108989337,0.028961228,-0.088768806,-0.063180171,-0.753642463,-0.584417578,-0.012187676,0.053424362,0.117562519,0.087133163,0.063354452,0.044713351,0.037631858,0.027490318,-0.042374548,-0.04968287,-0.439680551,-0.583924405,0.000453271,-0.043269477,0.997307503,0.15956127,-1.704883885,-0.047465137,0.998362185,0.079839123,-1.056625775,-1.218001172,0.997310471,0.082210304,0.019972821,-0.035534182,0.998814068,0.061987974,0.735919469,0.653755977,0.9869769,0.0789314,-0.990180091,-1.305958434,0.992460997,0.085015714,1.343058971,0.957550294,0.998006555,0.062257816,-1.214821637,-1.287659501,0.992818067,0.075061091,-1.320420872,-1.643240922,0.999999879,0.089390778,0.061135358,-0.379290596
-290.4,-112.82,-221.9,-191.63,-243.3,-285.43,1.04,1.42,1.56,0.84,0.62,0.77,LIN+PRE,32,0.113111182,0.076929989,0.099963388,0.0531616,0.08326963,0.114345937,0.122837243,0.082154042,0.063511392,0.026344996,0.027620938,0.004571761,0.01416695,-0.188959234,-0.014643395,-0.458495446,-0.426078334,-0.608577147,-0.346344724,-0.02276961,0.202510484,0.325031262,0.427653546,0.205566601,0.191014489,0.088460813,0.058211664,-0.10349296,0.156869035,0.349411098,0.755833435,0.636048004,0.572711812,,0.335964664,0.380118835,0.082602153,-0.60696751,0.702878236,,0.206332042,0.312233139,0.426267351,-0.032431354,0.122870875,0.084122809,0.037908299,0.026354184,0.108989337,0.028961228,-0.088768806,-0.063180171,-0.753642463,-0.584417578,-0.012187676,0.053424362,0.117562519,0.087133163,0.063354452,0.044713351,0.037631858,0.027490318,-0.042374548,-0.04968287,-0.439680551,-0.583924405,0.000453271,-0.043269477,0.997307503,0.15956127,-1.704883885,-0.047465137,0.998362185,0.079839123,-1.056625775,-1.218001172,0.997310471,0.082210304,0.019972821,-0.035534182,0.998814068,0.061987974,0.735919469,0.653755977,0.9869769,0.0789314,-0.990180091,-1.305958434,0.992460997,0.085015714,1.343058971,0.957550294,0.998006555,0.062257816,-1.214821637,-1.287659501,0.992818067,0.075061091,-1.320420872,-1.643240922,0.999999879,0.089390778,0.061135358,-0.379290596
-94.95,-79.61,-118.08,-85.99,-121.73,-122.08,1.82,2.33,1.67,1.07,1.33,1.33,LIN+PRE,34,0.113111182,0.076929989,0.099963388,0.0531616,0.08326963,0.114345937,0.122837243,0.082154042,0.063511392,0.026344996,0.027620938,0.004571761,0.01416695,-0.188959234,-0.014643395,-0.458495446,-0.426078334,-0.608577147,-0.346344724,-0.02276961,0.202510484,0.325031262,0.427653546,0.205566601,0.191014489,0.088460813,0.058211664,-0.10349296,0.156869035,0.349411098,0.755833435,0.636048004,0.572711812,,0.335964664,0.380118835,0.082602153,-0.60696751,0.702878236,,0.206332042,0.312233139,0.426267351,-0.032431354,0.122870875,0.084122809,0.037908299,0.026354184,0.108989337,0.028961228,-0.088768806,-0.063180171,-0.753642463,-0.584417578,-0.012187676,0.053424362,0.117562519,0.087133163,0.063354452,0.044713351,0.037631858,0.027490318,-0.042374548,-0.04968287,-0.439680551,-0.583924405,0.000453271,-0.043269477,0.997307503,0.15956127,-1.704883885,-0.047465137,0.998362185,0.079839123,-1.056625775,-1.218001172,0.997310471,0.082210304,0.019972821,-0.035534182,0.998814068,0.061987974,0.735919469,0.653755977,0.9869769,0.0789314,-0.990180091,-1.305958434,0.992460997,0.085015714,1.343058971,0.957550294,0.998006555,0.062257816,-1.214821637,-1.287659501,0.992818067,0.075061091,-1.320420872,-1.643240922,0.999999879,0.089390778,0.061135358,-0.379290596
-199.01,-128.86,-171.88,-195.8,-233.18,-266.54,1.32,1.89,1.48,0.86,1.01,0.92,LIN+PRE,38,0.113111182,0.076929989,0.099963388,0.0531616,0.08326963,0.114345937,0.122837243,0.082154042,0.063511392,0.026344996,0.027620938,0.004571761,0.01416695,-0.188959234,-0.014643395,-0.458495446,-0.426078334,-0.608577147,-0.346344724,-0.02276961,0.202510484,0.325031262,0.427653546,0.205566601,0.191014489,0.088460813,0.058211664,-0.10349296,0.156869035,0.349411098,0.755833435,0.636048004,0.572711812,,0.335964664,0.380118835,0.082602153,-0.60696751,0.702878236,,0.206332042,0.312233139,0.426267351,-0.032431354,0.122870875,0.084122809,0.037908299,0.026354184,0.108989337,0.028961228,-0.088768806,-0.063180171,-0.753642463,-0.584417578,-0.012187676,0.053424362,0.117562519,0.087133163,0.063354452,0.044713351,0.037631858,0.027490318,-0.042374548,-0.04968287,-0.439680551,-0.583924405,0.000453271,-0.043269477,0.997307503,0.15956127,-1.704883885,-0.047465137,0.998362185,0.079839123,-1.056625775,-1.218001172,0.997310471,0.082210304,0.019972821,-0.035534182,0.998814068,0.061987974,0.735919469,0.653755977,0.9869769,0.0789314,-0.990180091,-1.305958434,0.992460997,0.085015714,1.343058971,0.957550294,0.998006555,0.062257816,-1.214821637,-1.287659501,0.992818067,0.075061091,-1.320420872,-1.643240922,0.999999879,0.089390778,0.061135358,-0.379290596
-217.17,-133.69,-183.06,-167.57,-212.5,-247.94,1.1,1.94,1.28,0.89,1.02,0.91,LIN+PRE,45,0.113111182,0.076929989,0.099963388,0.0531616,0.08326963,0.114345937,0.122837243,0.082154042,0.063511392,0.026344996,0.027620938,0.004571761,0.01416695,-0.188959234,-0.014643395,-0.458495446,-0.426078334,-0.608577147,-0.346344724,-0.02276961,0.202510484,0.325031262,0.427653546,0.205566601,0.191014489,0.088460813,0.058211664,-0.10349296,0.156869035,0.349411098,0.755833435,0.636048004,0.572711812,,0.335964664,0.380118835,0.082602153,-0.60696751,0.702878236,,0.206332042,0.312233139,0.426267351,-0.032431354,0.122870875,0.084122809,0.037908299,0.026354184,0.108989337,0.028961228,-0.088768806,-0.063180171,-0.753642463,-0.584417578,-0.012187676,0.053424362,0.117562519,0.087133163,0.063354452,0.044713351,0.037631858,0.027490318,-0.042374548,-0.04968287,-0.439680551,-0.583924405,0.000453271,-0.043269477,0.997307503,0.15956127,-1.704883885,-0.047465137,0.998362185,0.079839123,-1.056625775,-1.218001172,0.997310471,0.082210304,0.019972821,-0.035534182,0.998814068,0.061987974,0.735919469,0.653755977,0.9869769,0.0789314,-0.990180091,-1.305958434,0.992460997,0.085015714,1.343058971,0.957550294,0.998006555,0.062257816,-1.214821637,-1.287659501,0.992818067,0.075061091,-1.320420872,-1.643240922,0.999999879,0.089390778,0.061135358,-0.379290596
-257.61,-11.26,-14.72,-57.4,-61.4,-42.34,1.67,1.67,3.36,2.18,2.06,1.91,MOX+RIF,1,0.109617462,0.09889132,0.075139615,0.050931358,0.079009433,0.081567177,0.115110263,0.093100259,0.068660843,0.069829401,0.067330562,-0.0112254,-0.007136362,-0.029105978,-0.094388788,-0.646388899,-0.601662436,0.136613884,0.043181666,0.196903192,0.130820151,0.157680796,0.682551198,0.427925828,0.397709378,0.225323872,0.541858779,0.519055193,0.309751506,0.271732421,0.539304948,0.238900283,0.763109717,0.077922935,0.641215607,,0.563322695,0.05678938,0.456327845,,0.500078136,0.382741591,0.054969468,0.410395283,0.089624769,0.071434544,0.063227186,0.032173201,0.100504648,0.03831389,0.092189715,0.040378754,-1.0,-1.0,0.001290799,0.041670169,0.098573828,0.090074339,0.084190115,0.061358332,0.100838123,0.034729422,0.10474571,0.047400963,-0.970564139,-0.979475501,-0.040523205,0.090188489,0.995042142,0.23060933,-1.636272349,-0.3045356,0.999230543,0.12180819,-0.13967488,0.080086863,0.987228605,0.075126048,-0.17156891,0.717317124,1.0,0.357506776,-4.351282253,-2.367146951,0.995718123,0.242674172,-2.346675329,-2.019188221,0.993926408,0.155080189,-1.374600754,-1.252747401,0.999999957,0.239819958,-2.432869556,0.656881684,0.996116667,0.062053805,-0.587994741,-1.375012573,0.995130384,0.223039917,-2.152283061,-1.362994214
-275.63,-52.84,-116.42,-177.43,-261.13,-342.05,1.28,3.17,1.77,0.88,0.79,0.53,MOX+RIF,1,0.109617462,0.09889132,0.075139615,0.050931358,0.079009433,0.081567177,0.115110263,0.093100259,0.068660843,0.069829401,0.067330562,-0.0112254,-0.007136362,-0.029105978,-0.094388788,-0.646388899,-0.601662436,0.136613884,0.043181666,0.196903192,0.130820151,0.157680796,0.682551198,0.427925828,0.397709378,0.225323872,0.541858779,0.519055193,0.309751506,0.271732421,0.539304948,0.238900283,0.763109717,0.077922935,0.641215607,,0.563322695,0.05678938,0.456327845,,0.500078136,0.382741591,0.054969468,0.410395283,0.089624769,0.071434544,0.063227186,0.032173201,0.100504648,0.03831389,0.092189715,0.040378754,-1.0,-1.0,0.001290799,0.041670169,0.098573828,0.090074339,0.084190115,0.061358332,0.100838123,0.034729422,0.10474571,0.047400963,-0.970564139,-0.979475501,-0.040523205,0.090188489,0.995042142,0.23060933,-1.636272349,-0.3045356,0.999230543,0.12180819,-0.13967488,0.080086863,0.987228605,0.075126048,-0.17156891,0.717317124,1.0,0.357506776,-4.351282253,-2.367146951,0.995718123,0.242674172,-2.346675329,-2.019188221,0.993926408,0.155080189,-1.374600754,-1.252747401,0.999999957,0.239819958,-2.432869556,0.656881684,0.996116667,0.062053805,-0.587994741,-1.375012573,0.995130384,0.223039917,-2.152283061,-1.362994214
-439.63,-69.35,-102.98,-71.79,-104.52,-100.63,1.21,2.49,2.52,1.69,1.44,1.35,MOX+RIF,3,0.109617462,0.09889132,0.075139615,0.050931358,0.079009433,0.081567177,0.115110263,0.093100259,0.068660843,0.069829401,0.067330562,-0.0112254,-0.007136362,-0.029105978,-0.094388788,-0.646388899,-0.601662436,0.136613884,0.043181666,0.196903192,0.130820151,0.157680796,0.682551198,0.427925828,0.397709378,0.225323872,0.541858779,0.519055193,0.309751506,0.271732421,0.539304948,0.238900283,0.763109717,0.077922935,0.641215607,,0.563322695,0.05678938,0.456327845,,0.500078136,0.382741591,0.054969468,0.410395283,0.089624769,0.071434544,0.063227186,0.032173201,0.100504648,0.03831389,0.092189715,0.040378754,-1.0,-1.0,0.001290799,0.041670169,0.098573828,0.090074339,0.084190115,0.061358332,0.100838123,0.034729422,0.10474571,0.047400963,-0.970564139,-0.979475501,-0.040523205,0.090188489,0.995042142,0.23060933,-1.636272349,-0.3045356,0.999230543,0.12180819,-0.13967488,0.080086863,0.987228605,0.075126048,-0.17156891,0.717317124,1.0,0.357506776,-4.351282253,-2.367146951,0.995718123,0.242674172,-2.346675329,-2.019188221,0.993926408,0.155080189,-1.374600754,-1.252747401,0.999999957,0.239819958,-2.432869556,0.656881684,0.996116667,0.062053805,-0.587994741,-1.375012573,0.995130384,0.223039917,-2.152283061,-1.362994214
-210.44,-154.08,-181.24,-142.82,-265.37,-277.01,0.94,2.27,1.45,0.74,0.67,0.61,MOX+RIF,4,0.109617462,0.09889132,0.075139615,0.050931358,0.079009433,0.081567177,0.115110263,0.093100259,0.068660843,0.069829401,0.067330562,-0.0112254,-0.007136362,-0.029105978,-0.094388788,-0.646388899,-0.601662436,0.136613884,0.043181666,0.196903192,0.130820151,0.157680796,0.682551198,0.427925828,0.397709378,0.225323872,0.541858779,0.519055193,0.309751506,0.271732421,0.539304948,0.238900283,0.763109717,0.077922935,0.641215607,,0.563322695,0.05678938,0.456327845,,0.500078136,0.382741591,0.054969468,0.410395283,0.089624769,0.071434544,0.063227186,0.032173201,0.100504648,0.03831389,0.092189715,0.040378754,-1.0,-1.0,0.001290799,0.041670169,0.098573828,0.090074339,0.084190115,0.061358332,0.100838123,0.034729422,0.10474571,0.047400963,-0.970564139,-0.979475501,-0.040523205,0.090188489,0.995042142,0.23060933,-1.636272349,-0.3045356,0.999230543,0.12180819,-0.13967488,0.080086863,0.987228605,0.075126048,-0.17156891,0.717317124,1.0,0.357506776,-4.351282253,-2.367146951,0.995718123,0.242674172,-2.346675329,-2.019188221,0.993926408,0.155080189,-1.374600754,-1.252747401,0.999999957,0.239819958,-2.432869556,0.656881684,0.996116667,0.062053805,-0.587994741,-1.375012573,0.995130384,0.223039917,-2.152283061,-1.362994214
-287.48,-130.60168,-127.4,-97.95,-149.99,-120.46,1.16,2.88,2.42,1.72,1.28,1.49,MOX+RIF,4,0.109617462,0.09889132,0.075139615,0.050931358,0.079009433,0.081567177,0.115110263,0.093100259,0.068660843,0.069829401,0.067330562,-0.0112254,-0.007136362,-0.029105978,-0.094388788,-0.646388899,-0.601662436,0.136613884,0.043181666,0.196903192,0.130820151,0.157680796,0.682551198,0.427925828,0.397709378,0.225323872,0.541858779,0.519055193,0.309751506,0.271732421,0.539304948,0.238900283,0.763109717,0.077922935,0.641215607,,0.563322695,0.05678938,0.456327845,,0.500078136,0.382741591,0.054969468,0.410395283,0.089624769,0.071434544,0.063227186,0.032173201,0.100504648,0.03831389,0.092189715,0.040378754,-1.0,-1.0,0.001290799,0.041670169,0.098573828,0.090074339,0.084190115,0.061358332,0.100838123,0.034729422,0.10474571,0.047400963,-0.970564139,-0.979475501,-0.040523205,0.090188489,0.995042142,0.23060933,-1.636272349,-0.3045356,0.999230543,0.12180819,-0.13967488,0.080086863,0.987228605,0.075126048,-0.17156891,0.717317124,1.0,0.357506776,-4.351282253,-2.367146951,0.995718123,0.242674172,-2.346675329,-2.019188221,0.993926408,0.155080189,-1.374600754,-1.252747401,0.999999957,0.239819958,-2.432869556,0.656881684,0.996116667,0.062053805,-0.587994741,-1.375012573,0.995130384,0.223039917,-2.152283061,-1.362994214
-201.99,-71.58,-87.89,-125.9,-192.87,-236.15,1.9,4.25,2.37,1.56,0.93,0.52,MOX+RIF,5,0.109617462,0.09889132,0.075139615,0.050931358,0.079009433,0.081567177,0.115110263,0.093100259,0.068660843,0.069829401,0.067330562,-0.0112254,-0.007136362,-0.029105978,-0.094388788,-0.646388899,-0.601662436,0.136613884,0.043181666,0.196903192,0.130820151,0.157680796,0.682551198,0.427925828,0.397709378,0.225323872,0.541858779,0.519055193,0.309751506,0.271732421,0.539304948,0.238900283,0.763109717,0.077922935,0.641215607,,0.563322695,0.05678938,0.456327845,,0.500078136,0.382741591,0.054969468,0.410395283,0.089624769,0.071434544,0.063227186,0.032173201,0.100504648,0.03831389,0.092189715,0.040378754,-1.0,-1.0,0.001290799,0.041670169,0.098573828,0.090074339,0.084190115,0.061358332,0.100838123,0.034729422,0.10474571,0.047400963,-0.970564139,-0.979475501,-0.040523205,0.090188489,0.995042142,0.23060933,-1.636272349,-0.3045356,0.999230543,0.12180819,-0.13967488,0.080086863,0.987228605,0.075126048,-0.17156891,0.717317124,1.0,0.357506776,-4.351282253,-2.367146951,0.995718123,0.242674172,-2.346675329,-2.019188221,0.993926408,0.155080189,-1.374600754,-1.252747401,0.999999957,0.239819958,-2.432869556,0.656881684,0.996116667,0.062053805,-0.587994741,-1.375012573,0.995130384,0.223039917,-2.152283061,-1.362994214
-247.21,-122.15,-114.48,-155.52,-147.25,-171.4,1.54,1.54,2.27,1.37,1.32,1.17,MOX+RIF,6,0.109617462,0.09889132,0.075139615,0.050931358,0.079009433,0.081567177,0.115110263,0.093100259,0.068660843,0.069829401,0.067330562,-0.0112254,-0.007136362,-0.029105978,-0.094388788,-0.646388899,-0.601662436,0.136613884,0.043181666,0.196903192,0.130820151,0.157680796,0.682551198,0.427925828,0.397709378,0.225323872,0.541858779,0.519055193,0.309751506,0.271732421,0.539304948,0.238900283,0.763109717,0.077922935,0.641215607,,0.563322695,0.05678938,0.456327845,,0.500078136,0.382741591,0.054969468,0.410395283,0.089624769,0.071434544,0.063227186,0.032173201,0.100504648,0.03831389,0.092189715,0.040378754,-1.0,-1.0,0.001290799,0.041670169,0.098573828,0.090074339,0.084190115,0.061358332,0.100838123,0.034729422,0.10474571,0.047400963,-0.970564139,-0.979475501,-0.040523205,0.090188489,0.995042142,0.23060933,-1.636272349,-0.3045356,0.999230543,0.12180819,-0.13967488,0.080086863,0.987228605,0.075126048,-0.17156891,0.717317124,1.0,0.357506776,-4.351282253,-2.367146951,0.995718123,0.242674172,-2.346675329,-2.019188221,0.993926408,0.155080189,-1.374600754,-1.252747401,0.999999957,0.239819958,-2.432869556,0.656881684,0.996116667,0.062053805,-0.587994741,-1.375012573,0.995130384,0.223039917,-2.152283061,-1.362994214
-156.33,-142.81,-94.11,-92.87,-178.08,-159.67,0.97,2.63,1.57,1.07,0.63,0.77,MOX+RIF,9,0.109617462,0.09889132,0.075139615,0.050931358,0.079009433,0.081567177,0.115110263,0.093100259,0.068660843,0.069829401,0.067330562,-0.0112254,-0.007136362,-0.029105978,-0.094388788,-0.646388899,-0.601662436,0.136613884,0.043181666,0.196903192,0.130820151,0.157680796,0.682551198,0.427925828,0.397709378,0.225323872,0.541858779,0.519055193,0.309751506,0.271732421,0.539304948,0.238900283,0.763109717,0.077922935,0.641215607,,0.563322695,0.05678938,0.456327845,,0.500078136,0.382741591,0.054969468,0.410395283,0.089624769,0.071434544,0.063227186,0.032173201,0.100504648,0.03831389,0.092189715,0.040378754,-1.0,-1.0,0.001290799,0.041670169,0.098573828,0.090074339,0.084190115,0.061358332,0.100838123,0.034729422,0.10474571,0.047400963,-0.970564139,-0.979475501,-0.040523205,0.090188489,0.995042142,0.23060933,-1.636272349,-0.3045356,0.999230543,0.12180819,-0.13967488,0.080086863,0.987228605,0.075126048,-0.17156891,0.717317124,1.0,0.357506776,-4.351282253,-2.367146951,0.995718123,0.242674172,-2.346675329,-2.019188221,0.993926408,0.155080189,-1.374600754,-1.252747401,0.999999957,0.239819958,-2.432869556,0.656881684,0.996116667,0.062053805,-0.587994741,-1.375012573,0.995130384,0.223039917,-2.152283061,-1.362994214
-280.23,-160.01,-139.28,-121.22,-166.43,-158.4,1.12,2.81,2.43,1.72,1.32,1.48,MOX+RIF,9,0.109617462,0.09889132,0.075139615,0.050931358,0.079009433,0.081567177,0.115110263,0.093100259,0.068660843,0.069829401,0.067330562,-0.0112254,-0.007136362,-0.029105978,-0.094388788,-0.646388899,-0.601662436,0.136613884,0.043181666,0.196903192,0.130820151,0.157680796,0.682551198,0.427925828,0.397709378,0.225323872,0.541858779,0.519055193,0.309751506,0.271732421,0.539304948,0.238900283,0.763109717,0.077922935,0.641215607,,0.563322695,0.05678938,0.456327845,,0.500078136,0.382741591,0.054969468,0.410395283,0.089624769,0.071434544,0.063227186,0.032173201,0.100504648,0.03831389,0.092189715,0.040378754,-1.0,-1.0,0.001290799,0.041670169,0.098573828,0.090074339,0.084190115,0.061358332,0.100838123,0.034729422,0.10474571,0.047400963,-0.970564139,-0.979475501,-0.040523205,0.090188489,0.995042142,0.23060933,-1.636272349,-0.3045356,0.999230543,0.12180819,-0.13967488,0.080086863,0.987228605,0.075126048,-0.17156891,0.717317124,1.0,0.357506776,-4.351282253,-2.367146951,0.995718123,0.242674172,-2.346675329,-2.019188221,0.993926408,0.155080189,-1.374600754,-1.252747401,0.999999957,0.239819958,-2.432869556,0.656881684,0.996116667,0.062053805,-0.587994741,-1.375012573,0.995130384,0.223039917,-2.152283061,-1.362994214
-307.27,-223.67,-155.96,-167.47,-190.05,-219.0,0.97,2.41,2.38,1.59,0.97,1.24,MOX+RIF,11,0.109617462,0.09889132,0.075139615,0.050931358,0.079009433,0.081567177,0.115110263,0.093100259,0.068660843,0.069829401,0.067330562,-0.0112254,-0.007136362,-0.029105978,-0.094388788,-0.646388899,-0.601662436,0.136613884,0.043181666,0.196903192,0.130820151,0.157680796,0.682551198,0.427925828,0.397709378,0.225323872,0.541858779,0.519055193,0.309751506,0.271732421,0.539304948,0.238900283,0.763109717,0.077922935,0.641215607,,0.563322695,0.05678938,0.456327845,,0.500078136,0.382741591,0.054969468,0.410395283,0.089624769,0.071434544,0.063227186,0.032173201,0.100504648,0.03831389,0.092189715,0.040378754,-1.0,-1.0,0.001290799,0.041670169,0.098573828,0.090074339,0.084190115,0.061358332,0.100838123,0.034729422,0.10474571,0.047400963,-0.970564139,-0.979475501,-0.040523205,0.090188489,0.995042142,0.23060933,-1.636272349,-0.3045356,0.999230543,0.12180819,-0.13967488,0.080086863,0.987228605,0.075126048,-0.17156891,0.717317124,1.0,0.357506776,-4.351282253,-2.367146951,0.995718123,0.242674172,-2.346675329,-2.019188221,0.993926408,0.155080189,-1.374600754,-1.252747401,0.999999957,0.239819958,-2.432869556,0.656881684,0.996116667,0.062053805,-0.587994741,-1.375012573,0.995130384,0.223039917,-2.152283061,-1.362994214
-223.4,-151.55,-144.87,-133.17,-264.08,-231.23,0.74,2.14,1.23,0.63,0.41,0.55,MOX+RIF,11,0.109617462,0.09889132,0.075139615,0.050931358,0.079009433,0.081567177,0.115110263,0.093100259,0.068660843,0.069829401,0.067330562,-0.0112254,-0.007136362,-0.029105978,-0.094388788,-0.646388899,-0.601662436,0.136613884,0.043181666,0.196903192,0.130820151,0.157680796,0.682551198,0.427925828,0.397709378,0.225323872,0.541858779,0.519055193,0.309751506,0.271732421,0.539304948,0.238900283,0.763109717,0.077922935,0.641215607,,0.563322695,0.05678938,0.456327845,,0.500078136,0.382741591,0.054969468,0.410395283,0.089624769,0.071434544,0.063227186,0.032173201,0.100504648,0.03831389,0.092189715,0.040378754,-1.0,-1.0,0.001290799,0.041670169,0.098573828,0.090074339,0.084190115,0.061358332,0.100838123,0.034729422,0.10474571,0.047400963,-0.970564139,-0.979475501,-0.040523205,0.090188489,0.995042142,0.23060933,-1.636272349,-0.3045356,0.999230543,0.12180819,-0.13967488,0.080086863,0.987228605,0.075126048,-0.17156891,0.717317124,1.0,0.357506776,-4.351282253,-2.367146951,0.995718123,0.242674172,-2.346675329,-2.019188221,0.993926408,0.155080189,-1.374600754,-1.252747401,0.999999957,0.239819958,-2.432869556,0.656881684,0.996116667,0.062053805,-0.587994741,-1.375012573,0.995130384,0.223039917,-2.152283061,-1.362994214
-211.26,-64.93,-30.38,-37.53,-75.17,-64.65,1.97,3.71,3.56,2.52,1.95,1.99,MOX+RIF,12,0.109617462,0.09889132,0.075139615,0.050931358,0.079009433,0.081567177,0.115110263,0.093100259,0.068660843,0.069829401,0.067330562,-0.0112254,-0.007136362,-0.029105978,-0.094388788,-0.646388899,-0.601662436,0.136613884,0.043181666,0.196903192,0.130820151,0.157680796,0.682551198,0.427925828,0.397709378,0.225323872,0.541858779,0.519055193,0.309751506,0.271732421,0.539304948,0.238900283,0.763109717,0.077922935,0.641215607,,0.563322695,0.05678938,0.456327845,,0.500078136,0.382741591,0.054969468,0.410395283,0.089624769,0.071434544,0.063227186,0.032173201,0.100504648,0.03831389,0.092189715,0.040378754,-1.0,-1.0,0.001290799,0.041670169,0.098573828,0.090074339,0.084190115,0.061358332,0.100838123,0.034729422,0.10474571,0.047400963,-0.970564139,-0.979475501,-0.040523205,0.090188489,0.995042142,0.23060933,-1.636272349,-0.3045356,0.999230543,0.12180819,-0.13967488,0.080086863,0.987228605,0.075126048,-0.17156891,0.717317124,1.0,0.357506776,-4.351282253,-2.367146951,0.995718123,0.242674172,-2.346675329,-2.019188221,0.993926408,0.155080189,-1.374600754,-1.252747401,0.999999957,0.239819958,-2.432869556,0.656881684,0.996116667,0.062053805,-0.587994741,-1.375012573,0.995130384,0.223039917,-2.152283061,-1.362994214
-32.87,12.15,-0.22,20.03,20.3,13.36,3.3,5.6,2.61,1.86,1.99,0.98,MOX+RIF,12,0.109617462,0.09889132,0.075139615,0.050931358,0.079009433,0.081567177,0.115110263,0.093100259,0.068660843,0.069829401,0.067330562,-0.0112254,-0.007136362,-0.029105978,-0.094388788,-0.646388899,-0.601662436,0.136613884,0.043181666,0.196903192,0.130820151,0.157680796,0.682551198,0.427925828,0.397709378,0.225323872,0.541858779,0.519055193,0.309751506,0.271732421,0.539304948,0.238900283,0.763109717,0.077922935,0.641215607,,0.563322695,0.05678938,0.456327845,,0.500078136,0.382741591,0.054969468,0.410395283,0.089624769,0.071434544,0.063227186,0.032173201,0.100504648,0.03831389,0.092189715,0.040378754,-1.0,-1.0,0.001290799,0.041670169,0.098573828,0.090074339,0.084190115,0.061358332,0.100838123,0.034729422,0.10474571,0.047400963,-0.970564139,-0.979475501,-0.040523205,0.090188489,0.995042142,0.23060933,-1.636272349,-0.3045356,0.999230543,0.12180819,-0.13967488,0.080086863,0.987228605,0.075126048,-0.17156891,0.717317124,1.0,0.357506776,-4.351282253,-2.367146951,0.995718123,0.242674172,-2.346675329,-2.019188221,0.993926408,0.155080189,-1.374600754,-1.252747401,0.999999957,0.239819958,-2.432869556,0.656881684,0.996116667,0.062053805,-0.587994741,-1.375012573,0.995130384,0.223039917,-2.152283061,-1.362994214
-278.41,-222.27,-170.04,-241.39,-310.82,-350.67,1.53,2.62,1.8,1.21,0.68,0.69,MOX+RIF,12,0.109617462,0.09889132,0.075139615,0.050931358,0.079009433,0.081567177,0.115110263,0.093100259,0.068660843,0.069829401,0.067330562,-0.0112254,-0.007136362,-0.029105978,-0.094388788,-0.646388899,-0.601662436,0.136613884,0.043181666,0.196903192,0.130820151,0.157680796,0.682551198,0.427925828,0.397709378,0.225323872,0.541858779,0.519055193,0.309751506,0.271732421,0.539304948,0.238900283,0.763109717,0.077922935,0.641215607,,0.563322695,0.05678938,0.456327845,,0.500078136,0.382741591,0.054969468,0.410395283,0.089624769,0.071434544,0.063227186,0.032173201,0.100504648,0.03831389,0.092189715,0.040378754,-1.0,-1.0,0.001290799,0.041670169,0.098573828,0.090074339,0.084190115,0.061358332,0.100838123,0.034729422,0.10474571,0.047400963,-0.970564139,-0.979475501,-0.040523205,0.090188489,0.995042142,0.23060933,-1.636272349,-0.3045356,0.999230543,0.12180819,-0.13967488,0.080086863,0.987228605,0.075126048,-0.17156891,0.717317124,1.0,0.357506776,-4.351282253,-2.367146951,0.995718123,0.242674172,-2.346675329,-2.019188221,0.993926408,0.155080189,-1.374600754,-1.252747401,0.999999957,0.239819958,-2.432869556,0.656881684,0.996116667,0.062053805,-0.587994741,-1.375012573,0.995130384,0.223039917,-2.152283061,-1.362994214
-159.32,-113.04,-76.25,-60.3,1.53,-25.91,1.87,1.87,2.67,1.88,2.01,1.73,MOX+RIF,13,0.109617462,0.09889132,0.075139615,0.050931358,0.079009433,0.081567177,0.115110263,0.093100259,0.068660843,0.069829401,0.067330562,-0.0112254,-0.007136362,-0.029105978,-0.094388788,-0.646388899,-0.601662436,0.136613884,0.043181666,0.196903192,0.130820151,0.157680796,0.682551198,0.427925828,0.397709378,0.225323872,0.541858779,0.519055193,0.309751506,0.271732421,0.539304948,0.238900283,0.763109717,0.077922935,0.641215607,,0.563322695,0.05678938,0.456327845,,0.500078136,0.382741591,0.054969468,0.410395283,0.089624769,0.071434544,0.063227186,0.032173201,0.100504648,0.03831389,0.092189715,0.040378754,-1.0,-1.0,0.001290799,0.041670169,0.098573828,0.090074339,0.084190115,0.061358332,0.100838123,0.034729422,0.10474571,0.047400963,-0.970564139,-0.979475501,-0.040523205,0.090188489,0.995042142,0.23060933,-1.636272349,-0.3045356,0.999230543,0.12180819,-0.13967488,0.080086863,0.987228605,0.075126048,-0.17156891,0.717317124,1.0,0.357506776,-4.351282253,-2.367146951,0.995718123,0.242674172,-2.346675329,-2.019188221,0.993926408,0.155080189,-1.374600754,-1.252747401,0.999999957,0.239819958,-2.432869556,0.656881684,0.996116667,0.062053805,-0.587994741,-1.375012573,0.995130384,0.223039917,-2.152283061,-1.362994214
-295.85,-192.59,-243.55,-307.05,-298.25,-361.67,1.61,3.59,1.49,0.83,0.4,0.24,MOX+RIF,13,0.109617462,0.09889132,0.075139615,0.050931358,0.079009433,0.081567177,0.115110263,0.093100259,0.068660843,0.069829401,0.067330562,-0.0112254,-0.007136362,-0.029105978,-0.094388788,-0.646388899,-0.601662436,0.136613884,0.043181666,0.196903192,0.130820151,0.157680796,0.682551198,0.427925828,0.397709378,0.225323872,0.541858779,0.519055193,0.309751506,0.271732421,0.539304948,0.238900283,0.763109717,0.077922935,0.641215607,,0.563322695,0.05678938,0.456327845,,0.500078136,0.382741591,0.054969468,0.410395283,0.089624769,0.071434544,0.063227186,0.032173201,0.100504648,0.03831389,0.092189715,0.040378754,-1.0,-1.0,0.001290799,0.041670169,0.098573828,0.090074339,0.084190115,0.061358332,0.100838123,0.034729422,0.10474571,0.047400963,-0.970564139,-0.979475501,-0.040523205,0.090188489,0.995042142,0.23060933,-1.636272349,-0.3045356,0.999230543,0.12180819,-0.13967488,0.080086863,0.987228605,0.075126048,-0.17156891,0.717317124,1.0,0.357506776,-4.351282253,-2.367146951,0.995718123,0.242674172,-2.346675329,-2.019188221,0.993926408,0.155080189,-1.374600754,-1.252747401,0.999999957,0.239819958,-2.432869556,0.656881684,0.996116667,0.062053805,-0.587994741,-1.375012573,0.995130384,0.223039917,-2.152283061,-1.362994214
-182.14,-144.36,-133.81,-81.53,-214.8,-181.12,0.98,2.32,1.47,1.0,0.49,0.81,MOX+RIF,15,0.109617462,0.09889132,0.075139615,0.050931358,0.079009433,0.081567177,0.115110263,0.093100259,0.068660843,0.069829401,0.067330562,-0.0112254,-0.007136362,-0.029105978,-0.094388788,-0.646388899,-0.601662436,0.136613884,0.043181666,0.196903192,0.130820151,0.157680796,0.682551198,0.427925828,0.397709378,0.225323872,0.541858779,0.519055193,0.309751506,0.271732421,0.539304948,0.238900283,0.763109717,0.077922935,0.641215607,,0.563322695,0.05678938,0.456327845,,0.500078136,0.382741591,0.054969468,0.410395283,0.089624769,0.071434544,0.063227186,0.032173201,0.100504648,0.03831389,0.092189715,0.040378754,-1.0,-1.0,0.001290799,0.041670169,0.098573828,0.090074339,0.084190115,0.061358332,0.100838123,0.034729422,0.10474571,0.047400963,-0.970564139,-0.979475501,-0.040523205,0.090188489,0.995042142,0.23060933,-1.636272349,-0.3045356,0.999230543,0.12180819,-0.13967488,0.080086863,0.987228605,0.075126048,-0.17156891,0.717317124,1.0,0.357506776,-4.351282253,-2.367146951,0.995718123,0.242674172,-2.346675329,-2.019188221,0.993926408,0.155080189,-1.374600754,-1.252747401,0.999999957,0.239819958,-2.432869556,0.656881684,0.996116667,0.062053805,-0.587994741,-1.375012573,0.995130384,0.223039917,-2.152283061,-1.362994214
-210.04,-115.47,-159.31,-158.09,-247.28,-209.02,2.08,2.21,1.58,1.64,1.23,0.97,MOX+RIF,15,0.109617462,0.09889132,0.075139615,0.050931358,0.079009433,0.081567177,0.115110263,0.093100259,0.068660843,0.069829401,0.067330562,-0.0112254,-0.007136362,-0.029105978,-0.094388788,-0.646388899,-0.601662436,0.136613884,0.043181666,0.196903192,0.130820151,0.157680796,0.682551198,0.427925828,0.397709378,0.225323872,0.541858779,0.519055193,0.309751506,0.271732421,0.539304948,0.238900283,0.763109717,0.077922935,0.641215607,,0.563322695,0.05678938,0.456327845,,0.500078136,0.382741591,0.054969468,0.410395283,0.089624769,0.071434544,0.063227186,0.032173201,0.100504648,0.03831389,0.092189715,0.040378754,-1.0,-1.0,0.001290799,0.041670169,0.098573828,0.090074339,0.084190115,0.061358332,0.100838123,0.034729422,0.10474571,0.047400963,-0.970564139,-0.979475501,-0.040523205,0.090188489,0.995042142,0.23060933,-1.636272349,-0.3045356,0.999230543,0.12180819,-0.13967488,0.080086863,0.987228605,0.075126048,-0.17156891,0.717317124,1.0,0.357506776,-4.351282253,-2.367146951,0.995718123,0.242674172,-2.346675329,-2.019188221,0.993926408,0.155080189,-1.374600754,-1.252747401,0.999999957,0.239819958,-2.432869556,0.656881684,0.996116667,0.062053805,-0.587994741,-1.375012573,0.995130384,0.223039917,-2.152283061,-1.362994214
-133.45,-44.86,-57.34,-93.7,-79.02,-80.39,2.11,2.11,2.58,1.67,1.48,1.45,MOX+RIF,16,0.109617462,0.09889132,0.075139615,0.050931358,0.079009433,0.081567177,0.115110263,0.093100259,0.068660843,0.069829401,0.067330562,-0.0112254,-0.007136362,-0.029105978,-0.094388788,-0.646388899,-0.601662436,0.136613884,0.043181666,0.196903192,0.130820151,0.157680796,0.682551198,0.427925828,0.397709378,0.225323872,0.541858779,0.519055193,0.309751506,0.271732421,0.539304948,0.238900283,0.763109717,0.077922935,0.641215607,,0.563322695,0.05678938,0.456327845,,0.500078136,0.382741591,0.054969468,0.410395283,0.089624769,0.071434544,0.063227186,0.032173201,0.100504648,0.03831389,0.092189715,0.040378754,-1.0,-1.0,0.001290799,0.041670169,0.098573828,0.090074339,0.084190115,0.061358332,0.100838123,0.034729422,0.10474571,0.047400963,-0.970564139,-0.979475501,-0.040523205,0.090188489,0.995042142,0.23060933,-1.636272349,-0.3045356,0.999230543,0.12180819,-0.13967488,0.080086863,0.987228605,0.075126048,-0.17156891,0.717317124,1.0,0.357506776,-4.351282253,-2.367146951,0.995718123,0.242674172,-2.346675329,-2.019188221,0.993926408,0.155080189,-1.374600754,-1.252747401,0.999999957,0.239819958,-2.432869556,0.656881684,0.996116667,0.062053805,-0.587994741,-1.375012573,0.995130384,0.223039917,-2.152283061,-1.362994214
-307.05,-94.44,-181.13,-237.37,-260.05,-314.81,1.55,2.6,1.34,1.06,0.77,0.64,MOX+RIF,17,0.109617462,0.09889132,0.075139615,0.050931358,0.079009433,0.081567177,0.115110263,0.093100259,0.068660843,0.069829401,0.067330562,-0.0112254,-0.007136362,-0.029105978,-0.094388788,-0.646388899,-0.601662436,0.136613884,0.043181666,0.196903192,0.130820151,0.157680796,0.682551198,0.427925828,0.397709378,0.225323872,0.541858779,0.519055193,0.309751506,0.271732421,0.539304948,0.238900283,0.763109717,0.077922935,0.641215607,,0.563322695,0.05678938,0.456327845,,0.500078136,0.382741591,0.054969468,0.410395283,0.089624769,0.071434544,0.063227186,0.032173201,0.100504648,0.03831389,0.092189715,0.040378754,-1.0,-1.0,0.001290799,0.041670169,0.098573828,0.090074339,0.084190115,0.061358332,0.100838123,0.034729422,0.10474571,0.047400963,-0.970564139,-0.979475501,-0.040523205,0.090188489,0.995042142,0.23060933,-1.636272349,-0.3045356,0.999230543,0.12180819,-0.13967488,0.080086863,0.987228605,0.075126048,-0.17156891,0.717317124,1.0,0.357506776,-4.351282253,-2.367146951,0.995718123,0.242674172,-2.346675329,-2.019188221,0.993926408,0.155080189,-1.374600754,-1.252747401,0.999999957,0.239819958,-2.432869556,0.656881684,0.996116667,0.062053805,-0.587994741,-1.375012573,0.995130384,0.223039917,-2.152283061,-1.362994214
-178.69,-35.24,-22.34,-17.52,5.53,-14.79,2.05,2.05,2.82,1.9,1.88,1.81,MOX+RIF,20,0.109617462,0.09889132,0.075139615,0.050931358,0.079009433,0.081567177,0.115110263,0.093100259,0.068660843,0.069829401,0.067330562,-0.0112254,-0.007136362,-0.029105978,-0.094388788,-0.646388899,-0.601662436,0.136613884,0.043181666,0.196903192,0.130820151,0.157680796,0.682551198,0.427925828,0.397709378,0.225323872,0.541858779,0.519055193,0.309751506,0.271732421,0.539304948,0.238900283,0.763109717,0.077922935,0.641215607,,0.563322695,0.05678938,0.456327845,,0.500078136,0.382741591,0.054969468,0.410395283,0.089624769,0.071434544,0.063227186,0.032173201,0.100504648,0.03831389,0.092189715,0.040378754,-1.0,-1.0,0.001290799,0.041670169,0.098573828,0.090074339,0.084190115,0.061358332,0.100838123,0.034729422,0.10474571,0.047400963,-0.970564139,-0.979475501,-0.040523205,0.090188489,0.995042142,0.23060933,-1.636272349,-0.3045356,0.999230543,0.12180819,-0.13967488,0.080086863,0.987228605,0.075126048,-0.17156891,0.717317124,1.0,0.357506776,-4.351282253,-2.367146951,0.995718123,0.242674172,-2.346675329,-2.019188221,0.993926408,0.155080189,-1.374600754,-1.252747401,0.999999957,0.239819958,-2.432869556,0.656881684,0.996116667,0.062053805,-0.587994741,-1.375012573,0.995130384,0.223039917,-2.152283061,-1.362994214
-222.73,-91.68,-95.11,-108.06,-160.46,-177.37,2.23,4.21,2.65,1.96,1.56,1.35,MOX+RIF,21,0.109617462,0.09889132,0.075139615,0.050931358,0.079009433,0.081567177,0.115110263,0.093100259,0.068660843,0.069829401,0.067330562,-0.0112254,-0.007136362,-0.029105978,-0.094388788,-0.646388899,-0.601662436,0.136613884,0.043181666,0.196903192,0.130820151,0.157680796,0.682551198,0.427925828,0.397709378,0.225323872,0.541858779,0.519055193,0.309751506,0.271732421,0.539304948,0.238900283,0.763109717,0.077922935,0.641215607,,0.563322695,0.05678938,0.456327845,,0.500078136,0.382741591,0.054969468,0.410395283,0.089624769,0.071434544,0.063227186,0.032173201,0.100504648,0.03831389,0.092189715,0.040378754,-1.0,-1.0,0.001290799,0.041670169,0.098573828,0.090074339,0.084190115,0.061358332,0.100838123,0.034729422,0.10474571,0.047400963,-0.970564139,-0.979475501,-0.040523205,0.090188489,0.995042142,0.23060933,-1.636272349,-0.3045356,0.999230543,0.12180819,-0.13967488,0.080086863,0.987228605,0.075126048,-0.17156891,0.717317124,1.0,0.357506776,-4.351282253,-2.367146951,0.995718123,0.242674172,-2.346675329,-2.019188221,0.993926408,0.155080189,-1.374600754,-1.252747401,0.999999957,0.239819958,-2.432869556,0.656881684,0.996116667,0.062053805,-0.587994741,-1.375012573,0.995130384,0.223039917,-2.152283061,-1.362994214
-121.38,-71.88,-80.0,-146.37,-230.38,-213.49,1.23,2.13,1.69,2.0,1.69,1.84,MOX+RIF,22,0.109617462,0.09889132,0.075139615,0.050931358,0.079009433,0.081567177,0.115110263,0.093100259,0.068660843,0.069829401,0.067330562,-0.0112254,-0.007136362,-0.029105978,-0.094388788,-0.646388899,-0.601662436,0.136613884,0.043181666,0.196903192,0.130820151,0.157680796,0.682551198,0.427925828,0.397709378,0.225323872,0.541858779,0.519055193,0.309751506,0.271732421,0.539304948,0.238900283,0.763109717,0.077922935,0.641215607,,0.563322695,0.05678938,0.456327845,,0.500078136,0.382741591,0.054969468,0.410395283,0.089624769,0.071434544,0.063227186,0.032173201,0.100504648,0.03831389,0.092189715,0.040378754,-1.0,-1.0,0.001290799,0.041670169,0.098573828,0.090074339,0.084190115,0.061358332,0.100838123,0.034729422,0.10474571,0.047400963,-0.970564139,-0.979475501,-0.040523205,0.090188489,0.995042142,0.23060933,-1.636272349,-0.3045356,0.999230543,0.12180819,-0.13967488,0.080086863,0.987228605,0.075126048,-0.17156891,0.717317124,1.0,0.357506776,-4.351282253,-2.367146951,0.995718123,0.242674172,-2.346675329,-2.019188221,0.993926408,0.155080189,-1.374600754,-1.252747401,0.999999957,0.239819958,-2.432869556,0.656881684,0.996116667,0.062053805,-0.587994741,-1.375012573,0.995130384,0.223039917,-2.152283061,-1.362994214
-231.53,-180.76,-147.33,-219.33,-239.4,-318.6,1.6,3.24,2.13,1.4,1.12,0.9,MOX+RIF,24,0.109617462,0.09889132,0.075139615,0.050931358,0.079009433,0.081567177,0.115110263,0.093100259,0.068660843,0.069829401,0.067330562,-0.0112254,-0.007136362,-0.029105978,-0.094388788,-0.646388899,-0.601662436,0.136613884,0.043181666,0.196903192,0.130820151,0.157680796,0.682551198,0.427925828,0.397709378,0.225323872,0.541858779,0.519055193,0.309751506,0.271732421,0.539304948,0.238900283,0.763109717,0.077922935,0.641215607,,0.563322695,0.05678938,0.456327845,,0.500078136,0.382741591,0.054969468,0.410395283,0.089624769,0.071434544,0.063227186,0.032173201,0.100504648,0.03831389,0.092189715,0.040378754,-1.0,-1.0,0.001290799,0.041670169,0.098573828,0.090074339,0.084190115,0.061358332,0.100838123,0.034729422,0.10474571,0.047400963,-0.970564139,-0.979475501,-0.040523205,0.090188489,0.995042142,0.23060933,-1.636272349,-0.3045356,0.999230543,0.12180819,-0.13967488,0.080086863,0.987228605,0.075126048,-0.17156891,0.717317124,1.0,0.357506776,-4.351282253,-2.367146951,0.995718123,0.242674172,-2.346675329,-2.019188221,0.993926408,0.155080189,-1.374600754,-1.252747401,0.999999957,0.239819958,-2.432869556,0.656881684,0.996116667,0.062053805,-0.587994741,-1.375012573,0.995130384,0.223039917,-2.152283061,-1.362994214
-250.12,-159.6,-192.77,-205.89,-197.07,-212.75,1.39,3.24,1.42,1.01,0.74,0.71,PZA+RIF,1,0.096945171,0.103492138,0.073508477,0.054529937,0.041566272,0.067890898,0.114077104,0.078559546,0.078191332,0.075267956,0.026386895,0.09195075,0.106776759,0.076336626,0.028735206,-0.431230679,-0.564986736,-0.222365676,-0.225827703,0.240561243,0.225664762,0.423136881,0.687669617,,0.372977599,0.514896564,0.755342929,1.025796454,-0.40095502,-0.099489755,0.151739777,,,,,,,-0.759756292,0.28560855,,-1.69354867,,,,0.129241318,0.113511044,0.045500142,0.025971497,0.097310339,0.053251682,0.080276733,0.035405023,-1.0,-1.0,-0.07762444,0.014850619,0.132810325,0.117452632,0.047647111,0.056997692,0.090446509,0.044681385,0.039120568,0.035644529,-1.0,-0.971613026,-0.00580244,0.092839965,0.997946201,0.181289351,-1.620126881,-0.603660102,0.997877541,0.062582367,-0.93977294,-1.316598692,0.988493492,0.111367782,-1.217928881,-2.291286269,0.990647456,0.151707947,-2.643869253,-0.884981573,0.992671495,0.257451793,-5.25995499,-2.0,1.0,0.195649085,-1.055605546,-2.081721974,0.995336278,0.260063568,-2.672576782,-0.818132241,0.988084946,0.084284766,-3.612731501,-2.0,0.998566332,0.075711637,-0.404102733,-2.134626128
-197.1,-58.83,-108.91,-103.75,-58.83,2.34,0.94,3.07,2.88,1.99,1.97,2.93,PZA+RIF,1,0.096945171,0.103492138,0.073508477,0.054529937,0.041566272,0.067890898,0.114077104,0.078559546,0.078191332,0.075267956,0.026386895,0.09195075,0.106776759,0.076336626,0.028735206,-0.431230679,-0.564986736,-0.222365676,-0.225827703,0.240561243,0.225664762,0.423136881,0.687669617,,0.372977599,0.514896564,0.755342929,1.025796454,-0.40095502,-0.099489755,0.151739777,,,,,,,-0.759756292,0.28560855,,-1.69354867,,,,0.129241318,0.113511044,0.045500142,0.025971497,0.097310339,0.053251682,0.080276733,0.035405023,-1.0,-1.0,-0.07762444,0.014850619,0.132810325,0.117452632,0.047647111,0.056997692,0.090446509,0.044681385,0.039120568,0.035644529,-1.0,-0.971613026,-0.00580244,0.092839965,0.997946201,0.181289351,-1.620126881,-0.603660102,0.997877541,0.062582367,-0.93977294,-1.316598692,0.988493492,0.111367782,-1.217928881,-2.291286269,0.990647456,0.151707947,-2.643869253,-0.884981573,0.992671495,0.257451793,-5.25995499,-2.0,1.0,0.195649085,-1.055605546,-2.081721974,0.995336278,0.260063568,-2.672576782,-0.818132241,0.988084946,0.084284766,-3.612731501,-2.0,0.998566332,0.075711637,-0.404102733,-2.134626128
-324.0,-98.91,-80.1,-103.71,-101.14,-143.97,0.69,2.08,1.79,2.33,1.46,1.27,PZA+RIF,2,0.096945171,0.103492138,0.073508477,0.054529937,0.041566272,0.067890898,0.114077104,0.078559546,0.078191332,0.075267956,0.026386895,0.09195075,0.106776759,0.076336626,0.028735206,-0.431230679,-0.564986736,-0.222365676,-0.225827703,0.240561243,0.225664762,0.423136881,0.687669617,,0.372977599,0.514896564,0.755342929,1.025796454,-0.40095502,-0.099489755,0.151739777,,,,,,,-0.759756292,0.28560855,,-1.69354867,,,,0.129241318,0.113511044,0.045500142,0.025971497,0.097310339,0.053251682,0.080276733,0.035405023,-1.0,-1.0,-0.07762444,0.014850619,0.132810325,0.117452632,0.047647111,0.056997692,0.090446509,0.044681385,0.039120568,0.035644529,-1.0,-0.971613026,-0.00580244,0.092839965,0.997946201,0.181289351,-1.620126881,-0.603660102,0.997877541,0.062582367,-0.93977294,-1.316598692,0.988493492,0.111367782,-1.217928881,-2.291286269,0.990647456,0.151707947,-2.643869253,-0.884981573,0.992671495,0.257451793,-5.25995499,-2.0,1.0,0.195649085,-1.055605546,-2.081721974,0.995336278,0.260063568,-2.672576782,-0.818132241,0.988084946,0.084284766,-3.612731501,-2.0,0.998566332,0.075711637,-0.404102733,-2.134626128
-249.77,-153.32,-185.1,-189.81,-157.1,-177.0,1.04,1.71,1.13,0.94,0.8,0.6,PZA+RIF,2,0.096945171,0.103492138,0.073508477,0.054529937,0.041566272,0.067890898,0.114077104,0.078559546,0.078191332,0.075267956,0.026386895,0.09195075,0.106776759,0.076336626,0.028735206,-0.431230679,-0.564986736,-0.222365676,-0.225827703,0.240561243,0.225664762,0.423136881,0.687669617,,0.372977599,0.514896564,0.755342929,1.025796454,-0.40095502,-0.099489755,0.151739777,,,,,,,-0.759756292,0.28560855,,-1.69354867,,,,0.129241318,0.113511044,0.045500142,0.025971497,0.097310339,0.053251682,0.080276733,0.035405023,-1.0,-1.0,-0.07762444,0.014850619,0.132810325,0.117452632,0.047647111,0.056997692,0.090446509,0.044681385,0.039120568,0.035644529,-1.0,-0.971613026,-0.00580244,0.092839965,0.997946201,0.181289351,-1.620126881,-0.603660102,0.997877541,0.062582367,-0.93977294,-1.316598692,0.988493492,0.111367782,-1.217928881,-2.291286269,0.990647456,0.151707947,-2.643869253,-0.884981573,0.992671495,0.257451793,-5.25995499,-2.0,1.0,0.195649085,-1.055605546,-2.081721974,0.995336278,0.260063568,-2.672576782,-0.818132241,0.988084946,0.084284766,-3.612731501,-2.0,0.998566332,0.075711637,-0.404102733,-2.134626128
-249.63,-108.41,-137.66,-130.95,-55.61,-182.85,0.99,2.57,1.93,1.82,1.54,0.63,PZA+RIF,2,0.096945171,0.103492138,0.073508477,0.054529937,0.041566272,0.067890898,0.114077104,0.078559546,0.078191332,0.075267956,0.026386895,0.09195075,0.106776759,0.076336626,0.028735206,-0.431230679,-0.564986736,-0.222365676,-0.225827703,0.240561243,0.225664762,0.423136881,0.687669617,,0.372977599,0.514896564,0.755342929,1.025796454,-0.40095502,-0.099489755,0.151739777,,,,,,,-0.759756292,0.28560855,,-1.69354867,,,,0.129241318,0.113511044,0.045500142,0.025971497,0.097310339,0.053251682,0.080276733,0.035405023,-1.0,-1.0,-0.07762444,0.014850619,0.132810325,0.117452632,0.047647111,0.056997692,0.090446509,0.044681385,0.039120568,0.035644529,-1.0,-0.971613026,-0.00580244,0.092839965,0.997946201,0.181289351,-1.620126881,-0.603660102,0.997877541,0.062582367,-0.93977294,-1.316598692,0.988493492,0.111367782,-1.217928881,-2.291286269,0.990647456,0.151707947,-2.643869253,-0.884981573,0.992671495,0.257451793,-5.25995499,-2.0,1.0,0.195649085,-1.055605546,-2.081721974,0.995336278,0.260063568,-2.672576782,-0.818132241,0.988084946,0.084284766,-3.612731501,-2.0,0.998566332,0.075711637,-0.404102733,-2.134626128
-277.22,-124.06,-124.15,-146.57,-149.7,-240.68,1.48,2.64,2.49,3.2,1.89,1.96,PZA+RIF,4,0.096945171,0.103492138,0.073508477,0.054529937,0.041566272,0.067890898,0.114077104,0.078559546,0.078191332,0.075267956,0.026386895,0.09195075,0.106776759,0.076336626,0.028735206,-0.431230679,-0.564986736,-0.222365676,-0.225827703,0.240561243,0.225664762,0.423136881,0.687669617,,0.372977599,0.514896564,0.755342929,1.025796454,-0.40095502,-0.099489755,0.151739777,,,,,,,-0.759756292,0.28560855,,-1.69354867,,,,0.129241318,0.113511044,0.045500142,0.025971497,0.097310339,0.053251682,0.080276733,0.035405023,-1.0,-1.0,-0.07762444,0.014850619,0.132810325,0.117452632,0.047647111,0.056997692,0.090446509,0.044681385,0.039120568,0.035644529,-1.0,-0.971613026,-0.00580244,0.092839965,0.997946201,0.181289351,-1.620126881,-0.603660102,0.997877541,0.062582367,-0.93977294,-1.316598692,0.988493492,0.111367782,-1.217928881,-2.291286269,0.990647456,0.151707947,-2.643869253,-0.884981573,0.992671495,0.257451793,-5.25995499,-2.0,1.0,0.195649085,-1.055605546,-2.081721974,0.995336278,0.260063568,-2.672576782,-0.818132241,0.988084946,0.084284766,-3.612731501,-2.0,0.998566332,0.075711637,-0.404102733,-2.134626128
-390.37,-103.03,-121.27,-109.64,-146.25,-81.06,0.36,1.57,1.18,1.91,1.6,1.71,PZA+RIF,4,0.096945171,0.103492138,0.073508477,0.054529937,0.041566272,0.067890898,0.114077104,0.078559546,0.078191332,0.075267956,0.026386895,0.09195075,0.106776759,0.076336626,0.028735206,-0.431230679,-0.564986736,-0.222365676,-0.225827703,0.240561243,0.225664762,0.423136881,0.687669617,,0.372977599,0.514896564,0.755342929,1.025796454,-0.40095502,-0.099489755,0.151739777,,,,,,,-0.759756292,0.28560855,,-1.69354867,,,,0.129241318,0.113511044,0.045500142,0.025971497,0.097310339,0.053251682,0.080276733,0.035405023,-1.0,-1.0,-0.07762444,0.014850619,0.132810325,0.117452632,0.047647111,0.056997692,0.090446509,0.044681385,0.039120568,0.035644529,-1.0,-0.971613026,-0.00580244,0.092839965,0.997946201,0.181289351,-1.620126881,-0.603660102,0.997877541,0.062582367,-0.93977294,-1.316598692,0.988493492,0.111367782,-1.217928881,-2.291286269,0.990647456,0.151707947,-2.643869253,-0.884981573,0.992671495,0.257451793,-5.25995499,-2.0,1.0,0.195649085,-1.055605546,-2.081721974,0.995336278,0.260063568,-2.672576782,-0.818132241,0.988084946,0.084284766,-3.612731501,-2.0,0.998566332,0.075711637,-0.404102733,-2.134626128
-317.79,-138.76,-149.84,-145.53,-137.53,-210.31,1.0,2.1,1.81,1.49,1.06,0.51,PZA+RIF,5,0.096945171,0.103492138,0.073508477,0.054529937,0.041566272,0.067890898,0.114077104,0.078559546,0.078191332,0.075267956,0.026386895,0.09195075,0.106776759,0.076336626,0.028735206,-0.431230679,-0.564986736,-0.222365676,-0.225827703,0.240561243,0.225664762,0.423136881,0.687669617,,0.372977599,0.514896564,0.755342929,1.025796454,-0.40095502,-0.099489755,0.151739777,,,,,,,-0.759756292,0.28560855,,-1.69354867,,,,0.129241318,0.113511044,0.045500142,0.025971497,0.097310339,0.053251682,0.080276733,0.035405023,-1.0,-1.0,-0.07762444,0.014850619,0.132810325,0.117452632,0.047647111,0.056997692,0.090446509,0.044681385,0.039120568,0.035644529,-1.0,-0.971613026,-0.00580244,0.092839965,0.997946201,0.181289351,-1.620126881,-0.603660102,0.997877541,0.062582367,-0.93977294,-1.316598692,0.988493492,0.111367782,-1.217928881,-2.291286269,0.990647456,0.151707947,-2.643869253,-0.884981573,0.992671495,0.257451793,-5.25995499,-2.0,1.0,0.195649085,-1.055605546,-2.081721974,0.995336278,0.260063568,-2.672576782,-0.818132241,0.988084946,0.084284766,-3.612731501,-2.0,0.998566332,0.075711637,-0.404102733,-2.134626128
-236.79,-66.81,-130.07,-150.67,-138.13,-224.58,1.38,3.09,1.96,1.45,1.0,0.61,PZA+RIF,6,0.096945171,0.103492138,0.073508477,0.054529937,0.041566272,0.067890898,0.114077104,0.078559546,0.078191332,0.075267956,0.026386895,0.09195075,0.106776759,0.076336626,0.028735206,-0.431230679,-0.564986736,-0.222365676,-0.225827703,0.240561243,0.225664762,0.423136881,0.687669617,,0.372977599,0.514896564,0.755342929,1.025796454,-0.40095502,-0.099489755,0.151739777,,,,,,,-0.759756292,0.28560855,,-1.69354867,,,,0.129241318,0.113511044,0.045500142,0.025971497,0.097310339,0.053251682,0.080276733,0.035405023,-1.0,-1.0,-0.07762444,0.014850619,0.132810325,0.117452632,0.047647111,0.056997692,0.090446509,0.044681385,0.039120568,0.035644529,-1.0,-0.971613026,-0.00580244,0.092839965,0.997946201,0.181289351,-1.620126881,-0.603660102,0.997877541,0.062582367,-0.93977294,-1.316598692,0.988493492,0.111367782,-1.217928881,-2.291286269,0.990647456,0.151707947,-2.643869253,-0.884981573,0.992671495,0.257451793,-5.25995499,-2.0,1.0,0.195649085,-1.055605546,-2.081721974,0.995336278,0.260063568,-2.672576782,-0.818132241,0.988084946,0.084284766,-3.612731501,-2.0,0.998566332,0.075711637,-0.404102733,-2.134626128
-165.86,-75.58,-138.07,-116.35,-130.59,-158.95,2.42,3.04,1.84,1.2,1.45,1.04,PZA+RIF,6,0.096945171,0.103492138,0.073508477,0.054529937,0.041566272,0.067890898,0.114077104,0.078559546,0.078191332,0.075267956,0.026386895,0.09195075,0.106776759,0.076336626,0.028735206,-0.431230679,-0.564986736,-0.222365676,-0.225827703,0.240561243,0.225664762,0.423136881,0.687669617,,0.372977599,0.514896564,0.755342929,1.025796454,-0.40095502,-0.099489755,0.151739777,,,,,,,-0.759756292,0.28560855,,-1.69354867,,,,0.129241318,0.113511044,0.045500142,0.025971497,0.097310339,0.053251682,0.080276733,0.035405023,-1.0,-1.0,-0.07762444,0.014850619,0.132810325,0.117452632,0.047647111,0.056997692,0.090446509,0.044681385,0.039120568,0.035644529,-1.0,-0.971613026,-0.00580244,0.092839965,0.997946201,0.181289351,-1.620126881,-0.603660102,0.997877541,0.062582367,-0.93977294,-1.316598692,0.988493492,0.111367782,-1.217928881,-2.291286269,0.990647456,0.151707947,-2.643869253,-0.884981573,0.992671495,0.257451793,-5.25995499,-2.0,1.0,0.195649085,-1.055605546,-2.081721974,0.995336278,0.260063568,-2.672576782,-0.818132241,0.988084946,0.084284766,-3.612731501,-2.0,0.998566332,0.075711637,-0.404102733,-2.134626128
-219.56,-96.57,-115.31,-83.25,-88.62,-87.94,0.82,3.42,2.81,2.07,1.96,1.92,PZA+RIF,7,0.096945171,0.103492138,0.073508477,0.054529937,0.041566272,0.067890898,0.114077104,0.078559546,0.078191332,0.075267956,0.026386895,0.09195075,0.106776759,0.076336626,0.028735206,-0.431230679,-0.564986736,-0.222365676,-0.225827703,0.240561243,0.225664762,0.423136881,0.687669617,,0.372977599,0.514896564,0.755342929,1.025796454,-0.40095502,-0.099489755,0.151739777,,,,,,,-0.759756292,0.28560855,,-1.69354867,,,,0.129241318,0.113511044,0.045500142,0.025971497,0.097310339,0.053251682,0.080276733,0.035405023,-1.0,-1.0,-0.07762444,0.014850619,0.132810325,0.117452632,0.047647111,0.056997692,0.090446509,0.044681385,0.039120568,0.035644529,-1.0,-0.971613026,-0.00580244,0.092839965,0.997946201,0.181289351,-1.620126881,-0.603660102,0.997877541,0.062582367,-0.93977294,-1.316598692,0.988493492,0.111367782,-1.217928881,-2.291286269,0.990647456,0.151707947,-2.643869253,-0.884981573,0.992671495,0.257451793,-5.25995499,-2.0,1.0,0.195649085,-1.055605546,-2.081721974,0.995336278,0.260063568,-2.672576782,-0.818132241,0.988084946,0.084284766,-3.612731501,-2.0,0.998566332,0.075711637,-0.404102733,-2.134626128
-415.6,-175.54,-158.22,-178.82,-144.78,-213.28,0.77,1.89,2.02,0.89,1.1,0.89,PZA+RIF,7,0.096945171,0.103492138,0.073508477,0.054529937,0.041566272,0.067890898,0.114077104,0.078559546,0.078191332,0.075267956,0.026386895,0.09195075,0.106776759,0.076336626,0.028735206,-0.431230679,-0.564986736,-0.222365676,-0.225827703,0.240561243,0.225664762,0.423136881,0.687669617,,0.372977599,0.514896564,0.755342929,1.025796454,-0.40095502,-0.099489755,0.151739777,,,,,,,-0.759756292,0.28560855,,-1.69354867,,,,0.129241318,0.113511044,0.045500142,0.025971497,0.097310339,0.053251682,0.080276733,0.035405023,-1.0,-1.0,-0.07762444,0.014850619,0.132810325,0.117452632,0.047647111,0.056997692,0.090446509,0.044681385,0.039120568,0.035644529,-1.0,-0.971613026,-0.00580244,0.092839965,0.997946201,0.181289351,-1.620126881,-0.603660102,0.997877541,0.062582367,-0.93977294,-1.316598692,0.988493492,0.111367782,-1.217928881,-2.291286269,0.990647456,0.151707947,-2.643869253,-0.884981573,0.992671495,0.257451793,-5.25995499,-2.0,1.0,0.195649085,-1.055605546,-2.081721974,0.995336278,0.260063568,-2.672576782,-0.818132241,0.988084946,0.084284766,-3.612731501,-2.0,0.998566332,0.075711637,-0.404102733,-2.134626128
-334.19,-172.46198,-215.42328,-219.7,-271.08,-246.28,1.18,3.8,1.37,1.09,0.83,0.77,PZA+RIF,9,0.096945171,0.103492138,0.073508477,0.054529937,0.041566272,0.067890898,0.114077104,0.078559546,0.078191332,0.075267956,0.026386895,0.09195075,0.106776759,0.076336626,0.028735206,-0.431230679,-0.564986736,-0.222365676,-0.225827703,0.240561243,0.225664762,0.423136881,0.687669617,,0.372977599,0.514896564,0.755342929,1.025796454,-0.40095502,-0.099489755,0.151739777,,,,,,,-0.759756292,0.28560855,,-1.69354867,,,,0.129241318,0.113511044,0.045500142,0.025971497,0.097310339,0.053251682,0.080276733,0.035405023,-1.0,-1.0,-0.07762444,0.014850619,0.132810325,0.117452632,0.047647111,0.056997692,0.090446509,0.044681385,0.039120568,0.035644529,-1.0,-0.971613026,-0.00580244,0.092839965,0.997946201,0.181289351,-1.620126881,-0.603660102,0.997877541,0.062582367,-0.93977294,-1.316598692,0.988493492,0.111367782,-1.217928881,-2.291286269,0.990647456,0.151707947,-2.643869253,-0.884981573,0.992671495,0.257451793,-5.25995499,-2.0,1.0,0.195649085,-1.055605546,-2.081721974,0.995336278,0.260063568,-2.672576782,-0.818132241,0.988084946,0.084284766,-3.612731501,-2.0,0.998566332,0.075711637,-0.404102733,-2.134626128
-256.64,-68.56,-77.29,-64.47,-41.05,-67.85,1.86,3.42,2.55,1.58,1.1,0.98,PZA+RIF,10,0.096945171,0.103492138,0.073508477,0.054529937,0.041566272,0.067890898,0.114077104,0.078559546,0.078191332,0.075267956,0.026386895,0.09195075,0.106776759,0.076336626,0.028735206,-0.431230679,-0.564986736,-0.222365676,-0.225827703,0.240561243,0.225664762,0.423136881,0.687669617,,0.372977599,0.514896564,0.755342929,1.025796454,-0.40095502,-0.099489755,0.151739777,,,,,,,-0.759756292,0.28560855,,-1.69354867,,,,0.129241318,0.113511044,0.045500142,0.025971497,0.097310339,0.053251682,0.080276733,0.035405023,-1.0,-1.0,-0.07762444,0.014850619,0.132810325,0.117452632,0.047647111,0.056997692,0.090446509,0.044681385,0.039120568,0.035644529,-1.0,-0.971613026,-0.00580244,0.092839965,0.997946201,0.181289351,-1.620126881,-0.603660102,0.997877541,0.062582367,-0.93977294,-1.316598692,0.988493492,0.111367782,-1.217928881,-2.291286269,0.990647456,0.151707947,-2.643869253,-0.884981573,0.992671495,0.257451793,-5.25995499,-2.0,1.0,0.195649085,-1.055605546,-2.081721974,0.995336278,0.260063568,-2.672576782,-0.818132241,0.988084946,0.084284766,-3.612731501,-2.0,0.998566332,0.075711637,-0.404102733,-2.134626128
-182.18,-18.21,-37.14,-70.08,-66.79,-19.77,0.91,4.07,3.07,2.37,1.91,2.06,PZA+RIF,11,0.096945171,0.103492138,0.073508477,0.054529937,0.041566272,0.067890898,0.114077104,0.078559546,0.078191332,0.075267956,0.026386895,0.09195075,0.106776759,0.076336626,0.028735206,-0.431230679,-0.564986736,-0.222365676,-0.225827703,0.240561243,0.225664762,0.423136881,0.687669617,,0.372977599,0.514896564,0.755342929,1.025796454,-0.40095502,-0.099489755,0.151739777,,,,,,,-0.759756292,0.28560855,,-1.69354867,,,,0.129241318,0.113511044,0.045500142,0.025971497,0.097310339,0.053251682,0.080276733,0.035405023,-1.0,-1.0,-0.07762444,0.014850619,0.132810325,0.117452632,0.047647111,0.056997692,0.090446509,0.044681385,0.039120568,0.035644529,-1.0,-0.971613026,-0.00580244,0.092839965,0.997946201,0.181289351,-1.620126881,-0.603660102,0.997877541,0.062582367,-0.93977294,-1.316598692,0.988493492,0.111367782,-1.217928881,-2.291286269,0.990647456,0.151707947,-2.643869253,-0.884981573,0.992671495,0.257451793,-5.25995499,-2.0,1.0,0.195649085,-1.055605546,-2.081721974,0.995336278,0.260063568,-2.672576782,-0.818132241,0.988084946,0.084284766,-3.612731501,-2.0,0.998566332,0.075711637,-0.404102733,-2.134626128
-230.71,-138.54,-167.86,-167.36,-122.39,-96.35,1.79,2.48,1.95,1.22,1.44,1.05,PZA+RIF,11,0.096945171,0.103492138,0.073508477,0.054529937,0.041566272,0.067890898,0.114077104,0.078559546,0.078191332,0.075267956,0.026386895,0.09195075,0.106776759,0.076336626,0.028735206,-0.431230679,-0.564986736,-0.222365676,-0.225827703,0.240561243,0.225664762,0.423136881,0.687669617,,0.372977599,0.514896564,0.755342929,1.025796454,-0.40095502,-0.099489755,0.151739777,,,,,,,-0.759756292,0.28560855,,-1.69354867,,,,0.129241318,0.113511044,0.045500142,0.025971497,0.097310339,0.053251682,0.080276733,0.035405023,-1.0,-1.0,-0.07762444,0.014850619,0.132810325,0.117452632,0.047647111,0.056997692,0.090446509,0.044681385,0.039120568,0.035644529,-1.0,-0.971613026,-0.00580244,0.092839965,0.997946201,0.181289351,-1.620126881,-0.603660102,0.997877541,0.062582367,-0.93977294,-1.316598692,0.988493492,0.111367782,-1.217928881,-2.291286269,0.990647456,0.151707947,-2.643869253,-0.884981573,0.992671495,0.257451793,-5.25995499,-2.0,1.0,0.195649085,-1.055605546,-2.081721974,0.995336278,0.260063568,-2.672576782,-0.818132241,0.988084946,0.084284766,-3.612731501,-2.0,0.998566332,0.075711637,-0.404102733,-2.134626128
-103.82,-85.66,-94.73,-194.39,-172.36,-181.78,1.31,2.57,1.98,1.3,1.06,0.92,PZA+RIF,11,0.096945171,0.103492138,0.073508477,0.054529937,0.041566272,0.067890898,0.114077104,0.078559546,0.078191332,0.075267956,0.026386895,0.09195075,0.106776759,0.076336626,0.028735206,-0.431230679,-0.564986736,-0.222365676,-0.225827703,0.240561243,0.225664762,0.423136881,0.687669617,,0.372977599,0.514896564,0.755342929,1.025796454,-0.40095502,-0.099489755,0.151739777,,,,,,,-0.759756292,0.28560855,,-1.69354867,,,,0.129241318,0.113511044,0.045500142,0.025971497,0.097310339,0.053251682,0.080276733,0.035405023,-1.0,-1.0,-0.07762444,0.014850619,0.132810325,0.117452632,0.047647111,0.056997692,0.090446509,0.044681385,0.039120568,0.035644529,-1.0,-0.971613026,-0.00580244,0.092839965,0.997946201,0.181289351,-1.620126881,-0.603660102,0.997877541,0.062582367,-0.93977294,-1.316598692,0.988493492,0.111367782,-1.217928881,-2.291286269,0.990647456,0.151707947,-2.643869253,-0.884981573,0.992671495,0.257451793,-5.25995499,-2.0,1.0,0.195649085,-1.055605546,-2.081721974,0.995336278,0.260063568,-2.672576782,-0.818132241,0.988084946,0.084284766,-3.612731501,-2.0,0.998566332,0.075711637,-0.404102733,-2.134626128
-278.16,-98.3,-112.16,-124.03,-88.03,-95.03,0.55,2.75,2.47,1.87,1.77,2.17,PZA+RIF,12,0.096945171,0.103492138,0.073508477,0.054529937,0.041566272,0.067890898,0.114077104,0.078559546,0.078191332,0.075267956,0.026386895,0.09195075,0.106776759,0.076336626,0.028735206,-0.431230679,-0.564986736,-0.222365676,-0.225827703,0.240561243,0.225664762,0.423136881,0.687669617,,0.372977599,0.514896564,0.755342929,1.025796454,-0.40095502,-0.099489755,0.151739777,,,,,,,-0.759756292,0.28560855,,-1.69354867,,,,0.129241318,0.113511044,0.045500142,0.025971497,0.097310339,0.053251682,0.080276733,0.035405023,-1.0,-1.0,-0.07762444,0.014850619,0.132810325,0.117452632,0.047647111,0.056997692,0.090446509,0.044681385,0.039120568,0.035644529,-1.0,-0.971613026,-0.00580244,0.092839965,0.997946201,0.181289351,-1.620126881,-0.603660102,0.997877541,0.062582367,-0.93977294,-1.316598692,0.988493492,0.111367782,-1.217928881,-2.291286269,0.990647456,0.151707947,-2.643869253,-0.884981573,0.992671495,0.257451793,-5.25995499,-2.0,1.0,0.195649085,-1.055605546,-2.081721974,0.995336278,0.260063568,-2.672576782,-0.818132241,0.988084946,0.084284766,-3.612731501,-2.0,0.998566332,0.075711637,-0.404102733,-2.134626128
-332.8,-107.63,-106.13,-158.2,-175.35,-131.88,0.65,1.31,0.83,1.28,1.46,1.37,PZA+RIF,13,0.096945171,0.103492138,0.073508477,0.054529937,0.041566272,0.067890898,0.114077104,0.078559546,0.078191332,0.075267956,0.026386895,0.09195075,0.106776759,0.076336626,0.028735206,-0.431230679,-0.564986736,-0.222365676,-0.225827703,0.240561243,0.225664762,0.423136881,0.687669617,,0.372977599,0.514896564,0.755342929,1.025796454,-0.40095502,-0.099489755,0.151739777,,,,,,,-0.759756292,0.28560855,,-1.69354867,,,,0.129241318,0.113511044,0.045500142,0.025971497,0.097310339,0.053251682,0.080276733,0.035405023,-1.0,-1.0,-0.07762444,0.014850619,0.132810325,0.117452632,0.047647111,0.056997692,0.090446509,0.044681385,0.039120568,0.035644529,-1.0,-0.971613026,-0.00580244,0.092839965,0.997946201,0.181289351,-1.620126881,-0.603660102,0.997877541,0.062582367,-0.93977294,-1.316598692,0.988493492,0.111367782,-1.217928881,-2.291286269,0.990647456,0.151707947,-2.643869253,-0.884981573,0.992671495,0.257451793,-5.25995499,-2.0,1.0,0.195649085,-1.055605546,-2.081721974,0.995336278,0.260063568,-2.672576782,-0.818132241,0.988084946,0.084284766,-3.612731501,-2.0,0.998566332,0.075711637,-0.404102733,-2.134626128
-341.06,-164.44,-217.97,-199.58,-240.38,-156.18,0.8,3.1,1.01,1.11,0.56,0.87,PZA+RIF,14,0.096945171,0.103492138,0.073508477,0.054529937,0.041566272,0.067890898,0.114077104,0.078559546,0.078191332,0.075267956,0.026386895,0.09195075,0.106776759,0.076336626,0.028735206,-0.431230679,-0.564986736,-0.222365676,-0.225827703,0.240561243,0.225664762,0.423136881,0.687669617,,0.372977599,0.514896564,0.755342929,1.025796454,-0.40095502,-0.099489755,0.151739777,,,,,,,-0.759756292,0.28560855,,-1.69354867,,,,0.129241318,0.113511044,0.045500142,0.025971497,0.097310339,0.053251682,0.080276733,0.035405023,-1.0,-1.0,-0.07762444,0.014850619,0.132810325,0.117452632,0.047647111,0.056997692,0.090446509,0.044681385,0.039120568,0.035644529,-1.0,-0.971613026,-0.00580244,0.092839965,0.997946201,0.181289351,-1.620126881,-0.603660102,0.997877541,0.062582367,-0.93977294,-1.316598692,0.988493492,0.111367782,-1.217928881,-2.291286269,0.990647456,0.151707947,-2.643869253,-0.884981573,0.992671495,0.257451793,-5.25995499,-2.0,1.0,0.195649085,-1.055605546,-2.081721974,0.995336278,0.260063568,-2.672576782,-0.818132241,0.988084946,0.084284766,-3.612731501,-2.0,0.998566332,0.075711637,-0.404102733,-2.134626128
-286.8,-111.02,-199.36,-202.21,-142.33,-251.72,0.92,2.19,1.61,0.45,0.71,0.65,PZA+RIF,16,0.096945171,0.103492138,0.073508477,0.054529937,0.041566272,0.067890898,0.114077104,0.078559546,0.078191332,0.075267956,0.026386895,0.09195075,0.106776759,0.076336626,0.028735206,-0.431230679,-0.564986736,-0.222365676,-0.225827703,0.240561243,0.225664762,0.423136881,0.687669617,,0.372977599,0.514896564,0.755342929,1.025796454,-0.40095502,-0.099489755,0.151739777,,,,,,,-0.759756292,0.28560855,,-1.69354867,,,,0.129241318,0.113511044,0.045500142,0.025971497,0.097310339,0.053251682,0.080276733,0.035405023,-1.0,-1.0,-0.07762444,0.014850619,0.132810325,0.117452632,0.047647111,0.056997692,0.090446509,0.044681385,0.039120568,0.035644529,-1.0,-0.971613026,-0.00580244,0.092839965,0.997946201,0.181289351,-1.620126881,-0.603660102,0.997877541,0.062582367,-0.93977294,-1.316598692,0.988493492,0.111367782,-1.217928881,-2.291286269,0.990647456,0.151707947,-2.643869253,-0.884981573,0.992671495,0.257451793,-5.25995499,-2.0,1.0,0.195649085,-1.055605546,-2.081721974,0.995336278,0.260063568,-2.672576782,-0.818132241,0.988084946,0.084284766,-3.612731501,-2.0,0.998566332,0.075711637,-0.404102733,-2.134626128
-199.44,-123.31,-137.48,-120.49,-115.29,-72.32764,0.51,2.46,1.93,1.41,0.99,1.54,PZA+RIF,19,0.096945171,0.103492138,0.073508477,0.054529937,0.041566272,0.067890898,0.114077104,0.078559546,0.078191332,0.075267956,0.026386895,0.09195075,0.106776759,0.076336626,0.028735206,-0.431230679,-0.564986736,-0.222365676,-0.225827703,0.240561243,0.225664762,0.423136881,0.687669617,,0.372977599,0.514896564,0.755342929,1.025796454,-0.40095502,-0.099489755,0.151739777,,,,,,,-0.759756292,0.28560855,,-1.69354867,,,,0.129241318,0.113511044,0.045500142,0.025971497,0.097310339,0.053251682,0.080276733,0.035405023,-1.0,-1.0,-0.07762444,0.014850619,0.132810325,0.117452632,0.047647111,0.056997692,0.090446509,0.044681385,0.039120568,0.035644529,-1.0,-0.971613026,-0.00580244,0.092839965,0.997946201,0.181289351,-1.620126881,-0.603660102,0.997877541,0.062582367,-0.93977294,-1.316598692,0.988493492,0.111367782,-1.217928881,-2.291286269,0.990647456,0.151707947,-2.643869253,-0.884981573,0.992671495,0.257451793,-5.25995499,-2.0,1.0,0.195649085,-1.055605546,-2.081721974,0.995336278,0.260063568,-2.672576782,-0.818132241,0.988084946,0.084284766,-3.612731501,-2.0,0.998566332,0.075711637,-0.404102733,-2.134626128
