Compound,MarmID,Lesion,TP1_MeanHU,TP2_MeanHU,TP3_MeanHU,TP4_MeanHU,TP5_MeanHU,TP6_MeanHU,TP1_MedianHU,TP2_MedianHU,TP3_MedianHU,TP4_MedianHU,TP5_MedianHU,TP6_MedianHU,TP1_StandDevHU,TP2_StandDevHU,TP3_StandDevHU,TP4_StandDevHU,TP5_StandDevHU,TP6_StandDevHU,TP1_MeanSUV,TP2_MeanSUV,TP3_MeanSUV,TP4_MeanSUV,TP5_MeanSUV,TP6_MeanSUV,TP1_MedianSUV,TP2_MedianSUV,TP3_MedianSUV,TP4_MedianSUV,TP5_MedianSUV,TP6_MedianSUV,TP1_StandDevSUV,TP2_StandDevSUV,TP3_StandDevSUV,TP4_StandDevSUV,TP5_StandDevSUV,TP6_StandDevSUV,TP1_MaxSUV,TP2_MaxSUV,TP3_MaxSUV,TP4_MaxSUV,TP5_MaxSUV,TP6_MaxSUV,TP1_HighSUV,TP2_HighSUV,TP3_HighSUV,TP4_HighSUV,TP5_HighSUV,TP6_HighSUV,TP1_VOLMORE1p5_SUV,TP2_VOLMORE1p5_SUV,TP3_VOLMORE1p5_SUV,TP4_VOLMORE1p5_SUV,TP5_VOLMORE1p5_SUV,TP6_VOLMORE1p5_SUV,TP1_VOLMORE2_SUV,TP2_VOLMORE2_SUV,TP3_VOLMORE2_SUV,TP4_VOLMORE2_SUV,TP5_VOLMORE2_SUV,TP6_VOLMORE2_SUV,TP1_TLG_SUV,TP2_TLG_SUV,TP3_TLG_SUV,TP4_TLG_SUV,TP5_TLG_SUV,TP6_TLG_SUV,TP1_TLG_HardPlusSoft_SUV,TP2_TLG_HardPlusSoft_SUV,TP3_TLG_HardPlusSoft_SUV,TP4_TLG_HardPlusSoft_SUV,TP5_TLG_HardPlusSoft_SUV,TP6_TLG_HardPlusSoft_SUV,TP1_TLG_HardPlusSoft_SublesionDivMuscleTLG,TP2_TLG_HardPlusSoft_SublesionDivMuscleTLG,TP3_TLG_HardPlusSoft_SublesionDivMuscleTLG,TP4_TLG_HardPlusSoft_SublesionDivMuscleTLG,TP5_TLG_HardPlusSoft_SublesionDivMuscleTLG,TP6_TLG_HardPlusSoft_SublesionDivMuscleTLG,TP1_SoftVol,TP2_SoftVol,TP3_SoftVol,TP4_SoftVol,TP5_SoftVol,TP6_SoftVol,TP1_HardVol,TP2_HardVol,TP3_HardVol,TP4_HardVol,TP5_HardVol,TP6_HardVol,TP1_log10CFU,TP2_log10CFU,TP3_log10CFU,TP4_log10CFU,TP5_log10CFU,TP6_log10CFU,TP1_LesionType,TP2_LesionType,TP3_LesionType,TP4_LesionType,TP5_LesionType,TP6_LesionType,TP1_FinalLesionType,TP2_FinalLesionType,TP3_FinalLesionType,TP4_FinalLesionType,TP5_FinalLesionType,TP6_FinalLesionType,TP1_Consolidate,TP2_Consolidate,TP3_Consolidate,TP4_Consolidate,TP5_Consolidate,TP6_Consolidate,TP1_Contour,TP2_Contour,TP3_Contour,TP4_Contour,TP5_Contour,TP6_Contour,UMAP1,UMAP2,cluster,classif
INH+PZA,750NB,1,-173.0,-162.53,-140.49,-178.7,-164.47,-170.58,-96.14,-63.37,-27.93,-55.45,-64.27,-108.22,252.75,242.21,245.29,283.07,259.31,258.38,1.92,2.99,2.06,1.46,1.15,1.28,1.9,2.92,2.08,1.41,1.1,1.31,0.5,0.74,0.72,0.43,0.48,0.23,3.09,4.71,3.41,2.56,2.22,1.82,0.04,0.25,0.17,0.04,0.01,0.0,,,,,,,0.04,0.25,0.17,0.04,0.01,0.0,0.19,0.8,0.65,0.41,0.26,0.19,0.16,0.72,0.59,0.33,0.24,0.16,0.0,0.0,0.0,0.0,0.0,0.0,0.03,0.08,0.09,0.08,0.08,0.05,0.05,0.15,0.2,0.16,0.13,0.07,,,,,,2.01,Necrotic,Necrotic,Necrotic,Necrotic,Necrotic,Necrotic,Necrotic,Necrotic,Necrotic,Necrotic,Necrotic,Necrotic,false,false,false,false,false,false,Lesion 01 Day 037 FG,Lesion 01 Day 052 FG,Lesion 01 Day 065 FG,Lesion 01 Day 079 FG,Lesion 01 Day 093 FG,Lesion 01 Day 106 FG,-0.11734412,2.8449817,12,hot
INH+PZA,750NB,2,-345.57,-318.27,-416.61,-629.97,-559.43,-648.37,-380.51,-362.27,-441.53,-645.26,-567.59,-669.26,211.86,228.4,178.51,163.63,95.83,94.69,0.59,0.44,0.38,0.23,0.39,0.31,0.62,0.42,0.38,0.22,0.37,0.3,0.11,0.08,0.08,0.03,0.11,0.07,0.79,0.72,0.59,0.3,0.58,0.5,0.0,0.0,0.0,0.0,0.0,0.0,,,,,,,0.0,0.0,0.0,0.0,0.0,0.0,0.01,0.01,0.0,0.0,0.0,0.0,0.01,0.01,0.0,0.0,0.0,0.0,0.0,0.0,0.0,0.0,0.0,0.0,0.01,0.01,0.01,0.0,0.0,0.0,0.0,0.01,0.0,0.0,0.0,0.0,,,,,,0.6,Fibrotic Scar,Fibrotic Scar,Fibrotic Scar,Fibrotic Scar,Fibrotic Scar,Fibrotic Scar,Fibrotic,Fibrotic,Fibrotic,Fibrotic,Fibrotic,Fibrotic,false,false,false,false,false,false,Lesion 02 Day 037 FG,Lesion 02 Day 052 FG,Lesion 02 Day 065 FG,Lesion 02 Day 079 FG,Lesion 02 Day 093 FG,Lesion 02 Day 106 FG,5.7989993,2.9201875,13,cool
INH+PZA,750NB,3,-211.86,-59.76,-84.68,-140.2,-189.75,-153.71,-143.54,19.09,10.98,-45.14,-122.02,-93.78,271.14,203.1,227.26,254.43,268.44,234.55,1.7,3.05,2.46,1.75,1.29,1.03,1.59,3.08,2.45,1.64,1.19,0.97,0.78,1.07,0.87,0.72,0.49,0.36,4.11,5.76,4.39,3.64,2.86,2.03,0.66,2.75,2.14,0.83,0.17,0.0,,,,,,,0.66,2.75,2.14,0.83,0.17,0.0,3.36,10.69,8.03,3.95,2.09,1.42,2.84,10.01,7.47,3.53,1.74,1.29,0.0,0.0,0.0,0.0,0.0,0.0,0.69,0.61,0.71,0.68,0.61,0.55,0.92,2.6,2.23,1.27,0.75,0.69,,,,,,4.31,Cavity Consol,Cavity Consol,Cavity Consol,Cavity Consol,Cavity Consol,Cavity Consol,Cavity,Cavity,Cavity,Cavity,Cavity,Cavity,true,true,true,true,true,true,Lesion 03z04z05z07z09z10 Day 037 FG,Lesion 03z04z05z07z09z10 Day 052 FG,Lesion 03z04z05z07z09z10 Day 065 FG,Lesion 03z04z05z07z09z10 Day 079 FG,Lesion 03z04z05z07z09z10 Day 093 FG,Lesion 03z04z05z07z09z10 Day 106 FG,-5.86742,7.0042496,0,hot
INH+PZA,750NB,8,-203.65,-140.34,-166.68,-148.66,-189.48,-187.29,-153.84,-26.27,-40.0,-41.02,-113.77,-126.78,247.78,270.77,271.96,255.9,272.85,257.68,1.43,2.99,2.06,1.05,0.83,0.81,1.33,3.14,2.08,0.92,0.73,0.8,0.55,1.19,0.53,0.37,0.38,0.22,2.75,5.18,3.28,2.52,2.13,1.33,0.02,0.18,0.1,0.01,0.0,0.0,,,,,,,0.02,0.18,0.1,0.01,0.0,0.0,0.15,0.71,0.39,0.14,0.08,0.08,0.13,0.63,0.34,0.12,0.06,0.07,0.0,0.0,0.0,0.0,0.0,0.0,0.04,0.07,0.05,0.04,0.03,0.04,0.05,0.14,0.11,0.08,0.04,0.05,,,,,,1.78,Cavity,Cavity,Cavity,Cavity,Cavity,Cavity,Cavity,Cavity,Cavity,Cavity,Cavity,Cavity,false,false,false,false,false,false,Lesion 08 Day 037 FG,Lesion 08 Day 052 FG,Lesion 08 Day 065 FG,Lesion 08 Day 079 FG,Lesion 08 Day 093 FG,Lesion 08 Day 106 FG,0.34745622,2.8842347,12,hot
LIN,BH13,1,-508.84,-394.48,-282.18,-377.69,-333.12,-427.88,-591.38,-435.14,-249.27,-387.62,-321.23,-472.61,233.5,294.71,304.83,259.4,259.36,272.91,3.7,4.96,3.74,3.25,3.36,3.52,3.75,4.76,3.58,3.21,3.35,3.47,0.82,1.77,1.03,0.85,0.75,0.67,5.01,10.52,6.39,5.07,4.79,5.0,0.07,0.2,0.2,0.11,0.09,0.1,,,,,,,0.07,0.2,0.2,0.11,0.09,0.1,0.26,1.02,0.78,0.39,0.32,0.36,0.12,0.63,0.52,0.27,0.24,0.22,0.0,0.0,0.0,0.0,0.0,0.0,0.02,0.07,0.08,0.05,0.04,0.04,0.0,0.05,0.06,0.02,0.02,0.02,3.36,3.36,3.36,3.36,3.36,3.36,Necrotic,Necrotic,Necrotic,Necrotic,Necrotic,Necrotic,Necrotic,Necrotic,Necrotic,Necrotic,Necrotic,Necrotic,false,false,false,false,false,false,Lesion 01 day 031 ceb,Lesion 01 day 054 ceb,Lesion 01 day 066 ceb,Lesion 01 Day 081 CEB,Lesion 01 Day 095 CEB,Lesion 01 day 109 ceb,1.0521092,0.69204855,12,hot
LIN,BH13,2,-498.24,-269.31,-196.87,-418.52,-376.15,-423.45,-558.83,-227.0,-120.18,-453.52,-397.29,-472.61,221.1,278.35,272.09,313.17,295.24,319.68,2.37,4.0,4.33,3.94,3.58,3.12,2.32,3.93,4.16,3.84,3.54,3.08,0.53,1.27,1.29,1.4,1.11,0.83,3.75,8.79,7.8,7.53,6.17,4.87,0.03,0.19,0.22,0.21,0.2,0.19,,,,,,,0.03,0.19,0.22,0.21,0.2,0.19,0.11,0.8,0.95,0.9,0.78,0.67,0.04,0.64,0.84,0.58,0.54,0.37,0.0,0.0,0.0,0.0,0.0,0.0,0.01,0.08,0.08,0.07,0.07,0.06,0.0,0.08,0.11,0.06,0.06,0.05,3.24,3.24,3.24,3.24,3.24,3.24,Cavity,Cavity,Cavity,Cavity,Cavity,Cavity,Cavity,Cavity,Cavity,Cavity,Cavity,Cavity,false,false,false,false,false,false,Lesion 02 day 031 ceb,Lesion 02 day 054 ceb,Lesion 02 day 066 ceb,Lesion 02 Day 081 CEB,Lesion 02 Day 095 CEB,Lesion 02 day 109 ceb,0.23017085,0.8590051,12,hot
LIN,BH13,3,-484.26,-460.95,-551.96,-571.85,-500.8,-555.87,-540.53,-525.47,-628.37,-673.87,-574.07,-635.73,261.08,308.38,269.54,284.81,291.77,278.94,2.42,2.67,2.41,2.65,2.48,2.22,2.32,2.58,2.23,2.61,2.47,2.16,0.62,0.83,0.65,0.7,0.72,0.54,3.94,4.47,4.18,4.31,4.0,3.46,0.04,0.06,0.04,0.06,0.05,0.04,,,,,,,0.04,0.06,0.04,0.06,0.05,0.04,0.13,0.2,0.15,0.19,0.18,0.16,0.07,0.13,0.07,0.09,0.09,0.07,0.0,0.0,0.0,0.0,0.0,0.0,0.02,0.02,0.02,0.02,0.02,0.02,0.01,0.02,0.01,0.01,0.01,0.01,3.28,3.28,3.28,3.28,3.28,3.28,Necrotic,Necrotic,Necrotic,Necrotic,Necrotic,Necrotic,Necrotic,Necrotic,Necrotic,Necrotic,Necrotic,Necrotic,false,false,false,false,false,false,Lesion 03 day 031 ceb,Lesion 03 day 054 ceb,Lesion 03 day 066 ceb,Lesion 03 Day 081 CEB,Lesion 03 Day 095 CEB,Lesion 03 day 109 ceb,3.4338605,0.810342,1,cool
LIN,BH13,4,-425.41,-274.68,-290.65,-368.15,-327.23,-336.1,-481.53,-242.71,-263.62,-364.96,-335.62,-327.85,266.77,303.83,298.8,328.8,301.43,311.88,2.14,2.24,2.53,2.69,2.61,2.24,2.02,2.02,2.38,2.54,2.44,2.09,0.55,0.69,0.7,0.84,0.65,0.51,3.64,4.57,4.64,4.6,4.62,3.76,0.03,0.05,0.09,0.08,0.08,0.06,,,,,,,0.03,0.05,0.09,0.08,0.08,0.06,0.14,0.23,0.28,0.3,0.25,0.21,0.1,0.18,0.22,0.21,0.17,0.15,0.0,0.0,0.0,0.0,0.0,0.0,0.03,0.04,0.05,0.04,0.03,0.03,0.02,0.04,0.03,0.03,0.03,0.03,3.93,3.93,3.93,3.93,3.93,3.93,Cavity,Cavity,Cavity,Cavity,Cavity,Cavity,Cavity,Cavity,Cavity,Cavity,Cavity,Cavity,false,false,false,false,false,false,Lesion 04 day 031 ceb,Lesion 04 day 054 ceb,Lesion 04 day 066 ceb,Lesion 04 Day 081 CEB,Lesion 04 Day 095 CEB,Lesion 04 day 109 ceb,2.53644,1.7938969,1,cool
LIN,BH13,5,-616.25,-493.96,-514.5,-584.14,-556.02,-646.61,-676.82,-558.86,-577.14,-680.04,-646.02,-760.1,217.75,284.33,251.85,277.18,258.1,288.62,1.64,1.37,2.08,1.88,1.96,1.46,1.56,1.19,2.01,1.82,1.91,1.35,0.34,0.49,0.43,0.45,0.5,0.44,2.53,3.56,2.93,3.1,3.21,2.88,0.01,0.01,0.03,0.03,0.04,0.01,,,,,,,0.01,0.01,0.03,0.03,0.04,0.01,0.09,0.09,0.13,0.16,0.17,0.17,0.02,0.04,0.06,0.06,0.06,0.04,0.0,0.0,0.0,0.0,0.0,0.0,0.01,0.02,0.02,0.02,0.02,0.02,0.0,0.01,0.01,0.01,0.01,0.01,2.95,2.95,2.95,2.95,2.95,2.95,Necrotic,Necrotic,Necrotic,Necrotic,Necrotic,Necrotic,Necrotic,Necrotic,Necrotic,Necrotic,Necrotic,Necrotic,false,false,false,false,false,false,Lesion 05 day 031 ceb,Lesion 05 day 054 ceb,Lesion 05 day 066 ceb,Lesion 05 Day 081 CEB,Lesion 05 Day 095 CEB,Lesion 05 day 109 ceb,4.4194884,1.3058907,1,cool
LIN,BH13,6,-665.04,-631.45,-596.51,-698.4,-616.52,-699.2,-737.85,-747.37,-689.85,-787.13,-707.69,-802.91,212.91,253.37,241.38,242.37,226.52,231.67,1.58,1.51,2.04,1.91,2.01,1.6,1.58,1.26,1.95,1.84,1.88,1.5,0.26,0.58,0.54,0.46,0.5,0.42,2.07,3.13,3.55,3.09,3.33,2.75,0.0,0.02,0.02,0.03,0.03,0.02,,,,,,,0.0,0.02,0.02,0.03,0.03,0.02,0.07,0.12,0.12,0.17,0.13,0.18,0.01,0.03,0.04,0.03,0.04,0.03,0.0,0.0,0.0,0.0,0.0,0.0,0.01,0.02,0.02,0.01,0.01,0.01,0.0,0.01,0.0,0.0,0.0,0.0,1.49,1.49,1.49,1.49,1.49,1.49,Necrotic,Necrotic,Necrotic,Necrotic,Necrotic,Necrotic,Necrotic,Necrotic,Necrotic,Necrotic,Necrotic,Necrotic,false,false,false,false,false,false,Lesion 06 day 031 ceb,Lesion 06 day 054 ceb,Lesion 06 day 066 ceb,Lesion 06 Day 081 CEB,Lesion 06 Day 095 CEB,Lesion 06 day 109 ceb,4.757936,1.0558362,1,cool
LIN,BH13,7,-249.31,25.57,15.86,28.04,-58.57,-77.93,-95.02,40.06,41.71,55.14,42.62,33.04,372.08,96.93,144.12,147.88,270.86,275.92,4.36,6.33,6.78,6.73,5.99,5.13,4.21,6.38,6.63,6.45,5.73,5.05,0.93,1.26,1.55,1.85,1.49,1.13,6.79,8.94,10.6,11.29,10.63,8.85,0.21,0.49,0.8,1.13,0.95,0.6,,,,,,,0.21,0.49,0.8,1.13,0.95,0.6,0.92,3.13,5.41,7.62,5.68,2.94,0.67,3.11,5.27,7.37,5.57,2.54,0.0,0.0,0.0,0.0,0.0,0.0,0.04,0.02,0.04,0.09,0.07,0.07,0.11,0.48,0.74,1.0,0.86,0.43,2.49,2.49,2.49,2.49,2.49,2.49,Fibrotic,Fibrotic,Fibrotic,Fibrotic,Fibrotic,Fibrotic,Fibrotic,Fibrotic,Fibrotic,Fibrotic,Fibrotic,Fibrotic,false,false,false,false,false,false,Lesion 07 day 031 ceb,Lesion 07 day 054 ceb,Lesion 07 day 066 ceb,Lesion 07 Day 081 CEB,Lesion 07 Day 095 CEB,Lesion 07 day 109 ceb,-0.8734355,7.7148128,2,hot
LIN,BH13,8,-205.39,-268.23,-141.44,-360.27,-409.3,-290.14,-154.02,-173.98,-44.36,-354.67,-415.79,-240.18,259.83,289.0,233.71,280.85,294.62,336.53,2.31,2.91,3.11,2.65,2.73,2.59,2.22,2.95,3.16,2.65,2.72,2.57,0.45,0.29,0.51,0.65,0.54,0.48,3.54,3.49,4.0,4.07,3.85,3.69,0.04,0.09,0.1,0.05,0.06,0.06,,,,,,,0.04,0.09,0.1,0.05,0.06,0.06,0.11,0.25,0.31,0.16,0.17,0.19,0.1,0.18,0.27,0.13,0.11,0.13,0.0,0.0,0.0,0.0,0.0,0.0,0.02,0.03,0.03,0.03,0.02,0.02,0.02,0.04,0.05,0.02,0.01,0.03,1.73,1.73,1.73,1.73,1.73,1.73,Scar,Scar,Scar,Scar,Scar,Scar,Scar,Scar,Scar,Scar,Scar,Scar,false,false,false,false,false,false,Lesion 08 day 031 ceb,Lesion 08 day 054 ceb,Lesion 08 day 066 ceb,Lesion 08 Day 081 CEB,Lesion 08 Day 095 CEB,Lesion 08 day 109 ceb,2.3877819,1.1065851,1,cool
LIN,BH13,9,-379.88,-409.6,-360.09,-352.95,-307.49,-330.54,-402.2,-466.56,-390.67,-332.02,-276.01,-386.98,271.09,273.83,301.28,333.28,264.72,300.44,2.17,2.66,2.72,3.32,3.22,2.72,2.14,2.65,2.79,3.47,3.35,2.65,0.52,0.37,0.46,0.64,0.52,0.56,3.41,3.84,3.54,4.39,4.05,3.9,0.05,0.1,0.11,0.12,0.16,0.16,,,,,,,0.05,0.1,0.11,0.12,0.16,0.16,0.19,0.26,0.3,0.43,0.52,0.47,0.14,0.14,0.2,0.3,0.39,0.29,0.0,0.0,0.0,0.0,0.0,0.0,0.03,0.04,0.04,0.03,0.07,0.06,0.02,0.02,0.03,0.04,0.04,0.03,2.41,2.41,2.41,2.41,2.41,2.41,Necrotic,Necrotic,Necrotic,Necrotic,Necrotic,Necrotic,Necrotic,Necrotic,Necrotic,Necrotic,Necrotic,Necrotic,false,false,false,false,false,false,Lesion 09 day 031 ceb,Lesion 09 day 054 ceb,Lesion 09 day 066 ceb,Lesion 09 Day 081 CEB,Lesion 09 Day 095 CEB,Lesion 09 day 109 ceb,3.5221422,0.70413935,1,cool
LIN,BH13,10,-728.98,-220.46,-350.64,-778.56,-778.3,-838.98,-760.22,-103.29,-374.27,-805.66,-800.19,-851.85,149.28,314.81,274.3,144.59,121.46,91.51,1.32,1.69,2.24,1.37,1.28,1.13,1.24,1.6,2.13,1.31,1.22,1.07,0.24,0.56,0.52,0.29,0.34,0.25,2.26,3.31,4.76,2.22,3.34,2.61,0.0,0.41,1.51,0.0,0.06,0.02,,,,,,,0.0,0.41,1.51,0.0,0.06,0.02,0.22,2.16,5.71,0.51,1.01,0.61,0.01,1.71,3.3,0.03,0.04,0.04,0.0,0.0,0.0,0.0,0.0,0.0,0.0,0.36,0.93,0.02,0.02,0.02,0.0,0.56,0.49,0.0,0.0,0.0,2.13,2.13,2.13,2.13,2.13,2.13,Scar,Scar,Scar,Scar,Scar,Scar,Scar,Scar,Scar,Scar,Scar,Scar,false,false,false,false,false,false,Lesion 10 day 031 ceb,Lesion 10 day 054 ceb,Lesion 10 day 066 ceb,Lesion 10 Day 081 CEB,Lesion 10 Day 095 CEB,Lesion 10 day 109 ceb,-1.5377529,2.927806,11,hot
LIN,BI01,1,-559.95,33.35,-281.36,-249.01,-205.78,-223.01,-615.2,38.0,-195.32,-155.53,-39.89,-145.79,210.73,61.58,292.35,295.83,317.39,285.18,1.44,5.69,4.33,4.07,5.85,5.6,1.39,5.57,4.09,3.77,5.99,5.66,0.33,1.67,1.6,1.61,2.15,2.0,2.58,9.32,8.3,8.18,10.14,9.59,0.02,0.26,0.24,0.25,0.25,0.27,,,,,,,0.02,0.26,0.24,0.25,0.25,0.27,0.32,1.49,1.05,1.09,1.49,1.54,0.11,1.49,0.83,0.91,0.91,1.32,0.0,0.0,0.0,0.0,0.0,0.0,0.05,0.01,0.07,0.07,0.05,0.09,0.01,0.27,0.1,0.12,0.15,0.13,3.71,3.71,3.71,3.71,3.71,3.71,Fibrotic,Fibrotic,Fibrotic,Fibrotic,Fibrotic,Fibrotic,Fibrotic,Fibrotic,Fibrotic,Fibrotic,Fibrotic,Fibrotic,false,false,false,false,false,false,Lesion 01 Day 033 CEB,Lesion 01 Day 053 CEB,Lesion 01 Day 067 CEB,Lesion 01 Day 081 CEB,Lesion 01 Day 095 CEB,Lesion 01 Day 109 CEB,-0.5200896,7.972252,2,hot
LIN,BI01,2,-722.78,35.14,-450.43,-120.39,33.77,-105.71,-717.88,35.94,-489.11,-51.91,38.33,-6.18,76.51,35.63,316.39,212.11,54.09,228.6,1.56,4.14,2.44,2.88,5.38,5.44,1.54,4.03,2.4,2.81,5.35,5.24,0.28,0.46,0.33,0.32,1.11,1.32,2.4,6.21,3.53,4.16,8.05,8.85,0.0,0.08,0.07,0.07,0.06,0.06,,,,,,,0.0,0.08,0.07,0.07,0.06,0.06,0.07,0.33,0.2,0.19,0.32,0.36,0.0,0.33,0.11,0.17,0.17,0.32,0.0,0.0,0.0,0.0,0.0,0.0,0.0,0.0,0.02,0.02,0.0,0.01,0.0,0.08,0.02,0.04,0.06,0.04,3.63,3.63,3.63,3.63,3.63,3.63,Necrotic,Necrotic,Necrotic,Necrotic,Necrotic,Necrotic,Necrotic,Necrotic,Necrotic,Necrotic,Necrotic,Necrotic,false,false,false,false,false,false,Lesion 02 Day 033 CEB,Lesion 02 Day 053 CEB,Lesion 02 Day 067 CEB,Lesion 02 Day 081 CEB,Lesion 02 Day 095 CEB,Lesion 02 Day 109 CEB,-0.28561255,10.945068,4,hot
LIN,BI01,3,-649.41,9.8,-463.61,-321.07,-350.63,-347.45,-680.91,25.66,-531.95,-295.72,-348.64,-349.06,148.68,82.8,290.39,287.81,367.96,314.2,1.16,5.4,3.15,3.32,4.36,4.52,1.02,5.25,3.03,2.97,4.33,4.45,0.32,1.15,1.25,1.16,1.82,1.54,2.24,7.96,6.46,6.36,8.24,7.76,0.0,0.16,0.11,0.15,0.1,0.09,,,,,,,0.0,0.16,0.11,0.15,0.1,0.09,0.06,0.84,0.46,0.54,0.52,0.39,0.01,0.84,0.26,0.41,0.41,0.37,0.0,0.0,0.0,0.0,0.0,0.0,0.0,0.01,0.04,0.06,0.02,0.03,0.0,0.14,0.03,0.05,0.05,0.02,3.11,3.11,3.11,3.11,3.11,3.11,Necrotic,Necrotic,Necrotic,Necrotic,Necrotic,Necrotic,Necrotic,Necrotic,Necrotic,Necrotic,Necrotic,Necrotic,false,false,false,false,false,false,Lesion 03 Day 033 CEB,Lesion 03 Day 053 CEB,Lesion 03 Day 067 CEB,Lesion 03 Day 081 CEB,Lesion 03 Day 095 CEB,Lesion 03 Day 109 CEB,-0.28971985,7.6585484,2,hot
LIN,BI01,4,-401.58,46.39,-242.07,-91.85,8.09,-75.42,-452.98,50.33,-76.99,25.3,36.27,20.51,260.59,44.7,324.93,244.25,122.85,224.16,2.35,7.27,5.45,5.4,6.75,6.91,2.29,6.99,5.32,5.36,6.71,6.8,0.76,2.04,1.84,1.56,1.83,2.24,4.31,12.23,9.81,8.84,10.44,12.26,0.44,0.69,0.68,0.64,0.92,0.73,,,,,,,0.44,0.69,0.68,0.64,0.92,0.73,1.6,5.0,3.72,3.48,6.23,5.02,1.05,5.0,2.97,3.21,3.21,6.19,0.0,0.0,0.0,0.0,0.0,0.0,0.26,0.01,0.14,0.12,0.08,0.14,0.12,0.69,0.35,0.45,0.83,0.53,3.17,3.17,3.17,3.17,3.17,4.515953280558879,Cavity,Cavity,Cavity,Cavity,Cavity,Cavity,Cavity,Cavity,Cavity,Cavity,Cavity,Cavity,true,true,true,true,true,true,Lesion 04z05 Day 033 CEB,Lesion 04z05 Day 053 CEB,Lesion 04z05 Day 067 CEB,Lesion 04z05 Day 081 CEB,Lesion 04z05 Day 095 CEB,Lesion 04z05 Day 109 CEB,-0.76000226,8.029569,2,hot
LIN,BI01,6,-572.75,18.41,-213.65,-79.3,-74.77,-134.26,-691.18,35.94,-38.23,31.39,38.33,30.78,287.07,84.72,334.25,251.62,264.16,317.84,1.86,6.18,5.18,6.1,6.96,7.23,1.74,6.01,4.97,5.95,7.03,7.14,0.8,2.11,2.02,1.97,2.43,2.85,4.21,12.34,10.91,10.92,12.43,13.82,0.59,1.98,1.98,1.92,2.0,2.07,,,,,,,0.59,1.98,1.98,1.92,2.0,2.07,2.73,12.23,10.68,11.72,13.99,15.07,1.06,12.19,9.03,10.74,10.74,13.06,0.0,0.0,0.0,0.0,0.0,0.0,0.23,0.12,0.43,0.32,0.28,0.26,0.18,1.84,1.13,1.37,1.51,1.48,4.26,4.26,4.26,4.26,4.26,4.38,Cavity,Cavity,Cavity,Cavity,Cavity,Cavity,Cavity,Cavity,Cavity,Cavity,Cavity,Cavity,true,true,true,true,true,true,Lesion 06z07z10 Day 033 CEB,Lesion 06z07z10 Day 053 CEB,Lesion 06z07z10 Day 067 CEB,Lesion 06z07z10 Day 081 CEB,Lesion 06z07z10 Day 095 CEB,Lesion 06z07z10 Day 109 CEB,-2.6476433,7.067887,0,hot
LIN,BI01,9,-660.94,-636.3,-483.41,-490.79,-516.8,-580.65,-713.77,-743.04,-550.31,-547.65,-593.58,-642.66,182.82,275.21,294.21,273.75,290.1,250.86,1.37,2.5,2.57,2.28,2.18,1.8,1.26,2.41,2.51,2.27,2.31,1.8,0.36,0.83,0.62,0.64,0.53,0.33,2.24,4.4,4.14,3.7,3.19,2.64,0.0,0.07,0.05,0.03,0.03,0.01,,,,,,,0.0,0.07,0.05,0.03,0.03,0.01,0.06,0.25,0.18,0.12,0.11,0.06,0.01,0.08,0.09,0.06,0.06,0.05,0.0,0.0,0.0,0.0,0.0,0.0,0.01,0.02,0.02,0.02,0.01,0.01,0.0,0.01,0.01,0.01,0.01,0.0,1.68,1.68,1.68,1.68,1.68,1.68,Fibrotic,Fibrotic,Fibrotic,Fibrotic,Fibrotic,Fibrotic,Fibrotic,Fibrotic,Fibrotic,Fibrotic,Fibrotic,Fibrotic,false,false,false,false,false,false,Lesion 09 Day 033 CEB,Lesion 09 Day 053 CEB,Lesion 09 Day 067 CEB,Lesion 09 Day 081 CEB,Lesion 09 Day 095 CEB,Lesion 09 Day 109 CEB,4.373529,0.8430325,1,cool
LIN,BI01,12,-527.44,-556.54,-509.68,-494.1,-574.11,-609.62,-602.88,-683.44,-617.64,-592.35,-694.44,-716.57,249.28,302.85,319.69,298.64,279.8,259.7,1.58,2.77,2.37,2.39,2.18,2.13,1.62,2.74,2.38,2.35,2.17,2.13,0.25,0.66,0.56,0.55,0.62,0.52,2.06,4.54,3.78,3.69,3.67,3.05,0.0,0.1,0.07,0.06,0.05,0.04,,,,,,,0.0,0.1,0.07,0.06,0.05,0.04,0.05,0.31,0.21,0.19,0.18,0.17,0.02,0.11,0.1,0.09,0.09,0.07,0.0,0.0,0.0,0.0,0.0,0.0,0.01,0.02,0.02,0.02,0.02,0.02,0.0,0.01,0.01,0.01,0.01,0.0,2.47,2.47,2.47,2.47,2.47,2.47,Necrotic,Necrotic,Necrotic,Necrotic,Necrotic,Necrotic,Necrotic,Necrotic,Necrotic,Necrotic,Necrotic,Necrotic,false,false,false,false,false,false,Lesion 12 Day 033 CEB,Lesion 12 Day 053 CEB,Lesion 12 Day 067 CEB,Lesion 12 Day 081 CEB,Lesion 12 Day 095 CEB,Lesion 12 Day 109 CEB,3.8645031,0.7055542,1,cool
LIN,BI01,13,-741.89,26.54,-794.33,-359.66,17.14,-318.78,-752.79,31.83,-815.54,-354.64,73.32,-301.84,75.58,61.23,105.83,304.65,204.57,335.46,1.08,3.57,1.79,3.63,4.83,3.96,0.99,3.64,1.73,3.47,4.57,3.81,0.31,0.46,0.54,0.87,1.22,1.09,1.94,7.2,4.75,6.45,8.24,7.86,0.0,0.3,0.11,0.33,0.37,0.37,,,,,,,0.0,0.3,0.11,0.33,0.37,0.37,0.16,1.08,0.58,1.19,1.81,1.45,0.0,1.07,0.02,0.82,0.82,1.68,0.0,0.0,0.0,0.0,0.0,0.0,0.0,0.01,0.01,0.11,0.03,0.12,0.0,0.3,0.0,0.09,0.31,0.12,2.31,2.31,2.31,2.31,2.31,2.31,Fibrotic,Fibrotic,Fibrotic,Fibrotic,Fibrotic,Fibrotic,Fibrotic,Fibrotic,Fibrotic,Fibrotic,Fibrotic,Fibrotic,false,false,false,false,false,false,Lesion 13 Day 033 CEB,Lesion 13 Day 053 CEB,Lesion 13 Day 067 CEB,Lesion 13 Day 081 CEB,Lesion 13 Day 095 CEB,Lesion 13 Day 109 CEB,-0.34094962,10.649936,4,hot
LIN,BI07,1,-474.55,-369.65,-221.99,-500.0,-457.5,-506.42,-530.82,-384.3,-155.93,-585.94,-537.77,-571.7,248.67,330.5,264.43,296.14,308.89,268.43,2.72,3.4,4.31,3.29,2.68,2.1,2.67,3.24,4.08,3.2,2.64,2.12,0.5,1.2,1.4,1.06,0.75,0.33,3.83,6.22,8.2,5.95,4.51,2.77,0.04,0.09,0.14,0.07,0.05,0.03,,,,,,,0.04,0.09,0.14,0.07,0.05,0.03,0.13,0.34,0.59,0.24,0.16,0.09,0.06,0.23,0.51,0.09,0.09,0.04,0.0,0.0,0.0,0.0,0.0,0.0,0.01,0.03,0.05,0.02,0.02,0.01,0.0,0.03,0.06,0.01,0.01,0.0,,,,,,0.778,Fibrotic,Fibrotic,Fibrotic,Fibrotic,Fibrotic,Fibrotic,Fibrotic,Fibrotic,Fibrotic,Fibrotic,Fibrotic,Fibrotic,false,false,false,false,false,false,Lesion 01 Day 033 ceb,Lesion 01 day 055 ceb,Lesion 01 day 069 ceb,Lesion 01 day 085 ceb,Lesion 01 day 098 ceb,Lesion 01 day 111 ceb,2.2537193,0.8680699,1,cool
LIN,BI07,2,-683.77,-636.46,-372.12,-640.85,-566.81,-555.78,-730.75,-696.64,-388.5,-721.04,-611.59,-614.43,153.46,208.62,266.86,226.71,217.04,228.76,1.35,1.85,2.46,1.9,1.75,1.87,1.32,1.78,2.42,1.77,1.75,1.83,0.15,0.31,0.44,0.39,0.3,0.4,1.64,2.46,3.45,2.78,2.41,2.88,0.0,0.01,0.03,0.02,0.01,0.02,,,,,,,0.0,0.01,0.03,0.02,0.01,0.02,0.06,0.06,0.09,0.09,0.08,0.08,0.01,0.01,0.06,0.02,0.03,0.03,0.0,0.0,0.0,0.0,0.0,0.0,0.01,0.01,0.02,0.01,0.01,0.01,0.0,0.0,0.01,0.0,0.0,0.0,,,,,,2.651,Fibrotic,Fibrotic,Fibrotic,Fibrotic,Fibrotic,Fibrotic,Fibrotic,Fibrotic,Fibrotic,Fibrotic,Fibrotic,Fibrotic,false,false,false,false,false,false,Lesion 02 Day 033 ceb,Lesion 02 day 055 ceb,Lesion 02 day 069 ceb,Lesion 02 day 085 ceb,Lesion 02 day 098 ceb,Lesion 02 day 111 ceb,5.347212,1.3009329,1,cool
LIN,BI07,3,-460.32,-450.32,-218.69,-462.45,-476.17,-539.12,-471.66,-487.04,-139.47,-514.3,-529.57,-606.29,210.31,264.33,267.15,262.09,259.13,256.79,2.21,2.84,4.02,3.06,2.7,2.08,2.21,2.6,3.85,2.89,2.66,2.03,0.35,0.99,1.43,1.01,0.58,0.47,2.99,5.91,7.93,5.84,4.03,3.29,0.05,0.13,0.17,0.1,0.07,0.05,,,,,,,0.05,0.13,0.17,0.1,0.07,0.05,0.15,0.46,0.75,0.35,0.22,0.19,0.08,0.28,0.64,0.17,0.12,0.07,0.0,0.0,0.0,0.0,0.0,0.0,0.03,0.06,0.06,0.04,0.03,0.02,0.0,0.02,0.09,0.01,0.01,0.01,,,,,,3.214,Fibrotic,Fibrotic,Fibrotic,Fibrotic,Fibrotic,Fibrotic,Fibrotic,Fibrotic,Fibrotic,Fibrotic,Fibrotic,Fibrotic,false,false,false,false,false,false,Lesion 03 Day 033 ceb,Lesion 03 day 055 ceb,Lesion 03 day 069 ceb,Lesion 03 day 085 ceb,Lesion 03 day 098 ceb,Lesion 03 day 111 ceb,3.7803981,0.6592902,1,cool
LIN,BI07,5,-584.48,-480.37,-451.48,-571.65,-544.23,-537.94,-651.18,-540.47,-497.57,-643.25,-613.64,-608.33,211.74,287.11,310.13,276.73,281.91,303.94,1.88,2.86,4.03,2.75,2.49,2.25,1.88,2.68,3.69,2.54,2.3,2.19,0.22,0.96,1.53,1.11,0.88,0.63,2.41,5.26,8.2,5.99,4.66,3.62,0.01,0.09,0.16,0.09,0.06,0.04,,,,,,,0.01,0.09,0.16,0.09,0.06,0.04,0.07,0.32,0.68,0.35,0.24,0.13,0.02,0.15,0.38,0.15,0.1,0.05,0.0,0.0,0.0,0.0,0.0,0.0,0.01,0.04,0.05,0.03,0.03,0.02,0.0,0.02,0.03,0.01,0.01,0.01,,,,,,2.97,Fibrotic,Fibrotic,Fibrotic,Fibrotic,Fibrotic,Fibrotic,Fibrotic,Fibrotic,Fibrotic,Fibrotic,Fibrotic,Fibrotic,false,false,false,false,false,false,Lesion 05 Day 033 ceb,Lesion 05 day 055 ceb,Lesion 05 day 069 ceb,Lesion 05 day 085 ceb,Lesion 05 day 098 ceb,Lesion 05 day 111 ceb,3.7012873,0.6413345,1,cool
LIN,BI07,6,-360.96,35.89,-21.61,-220.13,-194.25,-144.53,-410.46,43.11,25.18,-10.76,-21.08,10.21,339.92,120.54,163.46,362.59,325.79,307.68,3.25,5.47,7.08,5.35,3.61,2.58,3.1,5.18,6.97,4.9,3.44,2.61,0.96,1.49,2.02,1.96,1.2,0.63,6.07,9.41,11.68,11.25,6.79,3.86,0.13,0.28,0.27,0.28,0.17,0.05,,,,,,,0.13,0.28,0.27,0.28,0.17,0.05,0.47,1.68,1.94,1.42,0.61,0.17,0.23,1.63,1.89,1.06,0.47,0.13,0.0,0.0,0.0,0.0,0.0,0.0,0.03,0.01,0.03,0.05,0.03,0.01,0.05,0.27,0.24,0.16,0.1,0.04,,,,,,1.6,Fibrotic,Fibrotic,Fibrotic,Fibrotic,Fibrotic,Fibrotic,Fibrotic,Fibrotic,Fibrotic,Fibrotic,Fibrotic,Fibrotic,false,false,false,false,false,false,Lesion 06 Day 033 ceb,Lesion 06 day 055 ceb,Lesion 06 day 069 ceb,Lesion 06 day 085 ceb,Lesion 06 day 098 ceb,Lesion 06 day 111 ceb,-0.33005106,7.5099406,2,hot
LIN,BI07,7,-508.73,-252.28,-235.14,-370.37,-299.01,-483.5,-573.66,-150.04,-65.38,-366.92,-236.37,-590.02,254.49,298.89,325.0,352.86,326.88,344.47,2.85,4.69,6.39,4.87,4.71,3.91,2.77,4.95,6.62,4.95,4.42,3.53,0.76,1.3,1.51,1.77,1.74,1.86,4.77,7.56,9.93,9.12,9.64,9.53,0.07,0.22,0.18,0.18,0.17,0.18,,,,,,,0.07,0.22,0.18,0.18,0.17,0.18,0.23,1.01,1.18,0.94,0.83,0.79,0.11,0.76,0.95,0.69,0.59,0.43,0.0,0.0,0.0,0.0,0.0,0.0,0.03,0.06,0.03,0.05,0.05,0.04,0.01,0.09,0.1,0.08,0.07,0.05,,,,,,3.5,Fibrotic,Fibrotic,Fibrotic,Fibrotic,Fibrotic,Fibrotic,Fibrotic,Fibrotic,Fibrotic,Fibrotic,Fibrotic,Fibrotic,false,false,false,false,false,false,Lesion 07 Day 033 ceb,Lesion 07 day 055 ceb,Lesion 07 day 069 ceb,Lesion 07 day 085 ceb,Lesion 07 day 098 ceb,Lesion 07 day 111 ceb,-0.029547988,1.1721268,12,hot
LIN,BI07,8,-395.48,-188.09,-221.49,-287.02,-236.55,-335.43,-447.18,-32.92,-85.96,-207.26,-144.1,-307.2,284.3,305.21,323.77,341.45,310.53,352.94,2.97,4.75,5.57,4.79,4.21,4.92,2.79,4.64,5.45,4.4,3.77,4.4,0.73,1.55,1.84,1.66,1.77,2.12,5.0,8.1,9.46,9.37,9.7,11.48,0.12,0.28,0.39,0.29,0.32,0.24,,,,,,,0.12,0.28,0.39,0.29,0.32,0.24,0.37,1.34,2.27,1.42,1.32,1.22,0.23,1.06,1.75,1.08,1.07,0.87,0.0,0.0,0.0,0.0,0.0,0.0,0.04,0.06,0.1,0.07,0.09,0.06,0.03,0.15,0.2,0.13,0.14,0.1,,,,,,2.5,Fibrotic,Fibrotic,Fibrotic,Fibrotic,Fibrotic,Fibrotic,Fibrotic,Fibrotic,Fibrotic,Fibrotic,Fibrotic,Fibrotic,false,false,false,false,false,false,Lesion 08 Day 033 ceb,Lesion 08 day 055 ceb,Lesion 08 day 069 ceb,Lesion 08 day 085 ceb,Lesion 08 day 098 ceb,Lesion 08 day 111 ceb,-0.2059036,1.7824917,12,hot
LIN,BI07,9,-498.94,-279.93,-256.25,-446.82,-355.5,-498.68,-579.78,-199.36,-166.23,-514.3,-351.19,-581.88,259.7,307.63,301.03,317.64,307.27,321.54,2.7,4.69,5.53,3.69,3.44,3.3,2.54,4.54,5.16,3.31,3.15,2.96,0.94,1.7,2.04,1.58,1.35,1.52,4.73,8.93,10.74,8.32,7.46,7.45,0.06,0.21,0.23,0.18,0.14,0.14,,,,,,,0.06,0.21,0.23,0.18,0.14,0.14,0.22,0.98,1.25,0.81,0.56,0.57,0.1,0.68,1.04,0.53,0.36,0.31,0.0,0.0,0.0,0.0,0.0,0.0,0.02,0.05,0.07,0.06,0.06,0.04,0.01,0.08,0.1,0.05,0.05,0.03,,,,,,4.1,Necrotic,Necrotic,Necrotic,Necrotic,Necrotic,Necrotic,Necrotic,Necrotic,Necrotic,Necrotic,Necrotic,Necrotic,false,false,false,false,false,false,Lesion 09 Day 033 ceb,Lesion 09 day 055 ceb,Lesion 09 day 069 ceb,Lesion 09 day 085 ceb,Lesion 09 day 098 ceb,Lesion 09 day 111 ceb,0.09892805,1.0354482,12,hot
LIN,BI07,11,-389.55,-172.2,-163.72,-258.91,-231.46,-171.82,-426.78,-37.03,-5.7,-180.65,-117.45,-24.38,256.31,269.1,292.77,291.16,284.73,286.97,3.78,4.66,6.42,4.62,4.82,6.07,3.7,4.61,6.4,4.17,4.39,5.49,1.09,1.44,2.06,2.39,1.95,2.63,6.29,7.89,10.67,10.52,10.2,12.88,0.08,0.33,0.29,0.21,0.33,0.33,,,,,,,0.08,0.33,0.29,0.21,0.33,0.33,0.32,1.52,1.86,1.16,1.63,2.0,0.22,1.37,1.66,0.91,1.36,1.8,0.0,0.0,0.0,0.0,0.0,0.0,0.04,0.08,0.05,0.07,0.1,0.08,0.02,0.2,0.18,0.11,0.16,0.2,,,,,,4.7,Cavity,Cavity,Cavity,Cavity,Cavity,Cavity,Cavity,Cavity,Cavity,Cavity,Cavity,Cavity,false,false,false,false,false,false,Lesion 11 Day 033 ceb,Lesion 11 day 055 ceb,Lesion 11 day 069 ceb,Lesion 11 day 085 ceb,Lesion 11 day 098 ceb,Lesion 11 day 111 ceb,-0.39833778,1.9919324,12,hot
LIN,BI07,13,-540.64,-394.03,-434.16,-524.46,-536.65,-551.41,-620.58,-431.56,-497.57,-641.2,-625.94,-608.33,251.66,315.73,327.41,307.31,297.11,239.3,2.85,3.24,3.63,2.96,2.56,1.75,2.74,3.14,3.43,2.79,2.56,1.77,0.71,0.94,1.12,1.16,0.49,0.28,4.38,5.56,6.39,5.91,3.77,2.28,0.04,0.09,0.1,0.04,0.04,0.01,,,,,,,0.04,0.09,0.1,0.04,0.04,0.01,0.13,0.32,0.37,0.17,0.1,0.03,0.05,0.18,0.2,0.08,0.05,0.02,0.0,0.0,0.0,0.0,0.0,0.0,0.01,0.03,0.03,0.01,0.01,0.01,0.0,0.02,0.02,0.01,0.01,0.0,,,,,,0.778,Necrotic,Necrotic,Necrotic,Necrotic,Necrotic,Necrotic,Necrotic,Necrotic,Necrotic,Necrotic,Necrotic,Necrotic,false,false,false,false,false,false,Lesion 13 Day 033 ceb,Lesion 13 day 055 ceb,Lesion 13 day 069 ceb,Lesion 13 day 085 ceb,Lesion 13 day 098 ceb,Lesion 13 day 111 ceb,2.554074,0.7176558,1,cool
LIN,BI07,14,-543.54,-349.07,-364.79,-482.16,-476.12,-392.97,-610.38,-357.59,-349.39,-569.56,-535.72,-425.21,237.79,301.95,321.38,289.33,278.75,273.78,2.41,3.93,4.95,3.58,2.62,2.1,2.32,3.47,4.65,3.27,2.54,2.08,0.66,1.83,2.0,1.34,0.75,0.46,4.15,9.62,10.62,7.61,4.68,3.12,0.07,0.39,0.26,0.17,0.08,0.03,,,,,,,0.07,0.39,0.26,0.17,0.08,0.03,0.26,1.73,1.34,0.65,0.27,0.1,0.1,1.28,0.87,0.34,0.16,0.06,0.0,0.0,0.0,0.0,0.0,0.0,0.03,0.14,0.08,0.05,0.04,0.02,0.01,0.13,0.08,0.03,0.02,0.01,,,,,,3.1,Necrotic,Necrotic,Necrotic,Necrotic,Necrotic,Necrotic,Necrotic,Necrotic,Necrotic,Necrotic,Necrotic,Necrotic,false,false,false,false,false,false,Lesion 14 Day 033 ceb,Lesion 14 day 055 ceb,Lesion 14 day 069 ceb,Lesion 14 day 085 ceb,Lesion 14 day 098 ceb,Lesion 14 day 111 ceb,0.6454979,0.5998029,12,hot
LIN,BI07,15,-516.86,-401.44,-416.43,-505.82,-523.72,-486.72,-575.7,-421.29,-450.24,-594.12,-595.18,-543.22,249.34,278.89,310.86,286.79,277.8,289.98,2.89,2.93,3.42,3.1,2.79,3.48,2.87,2.58,3.2,2.92,2.59,3.36,0.68,1.32,1.43,1.23,0.98,1.25,4.32,6.12,6.9,6.4,5.54,6.74,0.04,0.14,0.13,0.11,0.08,0.08,,,,,,,0.04,0.14,0.13,0.11,0.08,0.08,0.14,0.58,0.56,0.42,0.31,0.32,0.06,0.41,0.33,0.23,0.17,0.2,0.0,0.0,0.0,0.0,0.0,0.0,0.02,0.07,0.05,0.03,0.03,0.03,0.0,0.04,0.04,0.02,0.01,0.01,,,,,,3.8,Cavity,Cavity,Cavity,Cavity,Cavity,Cavity,Cavity,Cavity,Cavity,Cavity,Cavity,Cavity,false,false,false,false,false,false,Lesion 15 Day 033 ceb,Lesion 15 day 055 ceb,Lesion 15 day 069 ceb,Lesion 15 day 085 ceb,Lesion 15 day 098 ceb,Lesion 15 day 111 ceb,3.1450167,0.55596817,1,cool
LIN,BI07,16,-499.44,-311.63,-330.61,-286.35,-426.14,-420.41,-585.9,-295.94,-260.9,-215.45,-490.62,-447.59,268.4,303.42,353.3,341.21,322.09,287.79,3.01,4.03,4.9,3.88,2.55,2.13,2.93,3.73,4.35,3.7,2.38,2.08,0.64,1.54,1.98,1.22,0.69,0.4,4.75,8.4,10.63,7.05,4.48,3.07,0.08,0.22,0.23,0.13,0.09,0.04,,,,,,,0.08,0.22,0.23,0.13,0.09,0.04,0.25,0.92,1.06,0.51,0.3,0.14,0.09,0.67,0.73,0.33,0.15,0.07,0.0,0.0,0.0,0.0,0.0,0.0,0.02,0.07,0.05,0.04,0.03,0.02,0.01,0.08,0.09,0.06,0.02,0.01,,,,,,3.4,Fibrotic,Fibrotic,Fibrotic,Fibrotic,Fibrotic,Fibrotic,Fibrotic,Fibrotic,Fibrotic,Fibrotic,Fibrotic,Fibrotic,false,false,false,false,false,false,Lesion 16 Day 033 ceb,Lesion 16 day 055 ceb,Lesion 16 day 069 ceb,Lesion 16 day 085 ceb,Lesion 16 day 098 ceb,Lesion 16 day 111 ceb,0.67605156,0.63915944,12,hot
LIN,BI39,1,-475.82,-473.32,-226.41,-153.75,-582.66,-664.49,-500.33,-545.73,-144.15,-91.83,-653.8,-733.16,243.06,334.99,281.15,226.98,264.78,216.19,2.03,4.54,4.45,3.73,2.09,1.4,2.04,4.32,4.16,3.54,2.07,1.39,0.32,1.23,1.15,1.03,0.47,0.22,2.6,7.75,7.55,6.55,3.16,2.1,0.01,0.26,0.18,0.09,0.04,0.0,,,,,,,0.01,0.26,0.18,0.09,0.04,0.0,0.05,1.17,0.8,0.36,0.14,0.06,0.02,0.62,0.65,0.33,0.05,0.01,0.0,0.0,0.0,0.0,0.0,0.0,0.01,0.07,0.06,0.04,0.02,0.01,0.0,0.06,0.08,0.05,0.0,0.0,,,,,,0.89,Fibrotic,Fibrotic,Fibrotic,Fibrotic,Fibrotic,Fibrotic,Fibrotic,Fibrotic,Fibrotic,Fibrotic,Fibrotic,Fibrotic,false,false,false,false,false,false,Lesion 01 Day 031 HJY,Lesion 01 Day 053 HJY,Lesion 01 Day 067 HJY,Lesion 01 Day 081 HJY,Lesion 01 Day 096 HJY,Lesion 01 Day 109 HJY,1.4788325,0.5864753,12,hot
LIN,BI39,2,-314.89,-199.24,-42.74,-19.91,-292.32,-331.93,-278.63,-28.75,23.98,29.68,-225.15,-281.28,305.67,334.24,198.56,172.13,330.14,331.09,3.63,5.93,5.38,4.52,3.85,2.87,3.59,5.75,5.24,4.3,3.58,2.82,0.85,1.61,1.31,1.2,1.06,0.64,5.89,9.9,8.34,9.1,7.92,4.82,0.11,0.89,0.66,0.51,0.25,0.21,,,,,,,0.11,0.89,0.66,0.51,0.25,0.21,0.4,5.26,3.58,2.31,0.97,0.63,0.29,4.23,3.42,2.25,0.74,0.45,0.0,0.0,0.0,0.0,0.0,0.0,0.04,0.17,0.11,0.06,0.08,0.07,0.03,0.53,0.52,0.44,0.09,0.06,,,,,,3.47,Necrotic,Necrotic,Necrotic,Necrotic,Necrotic,Necrotic,Necrotic,Necrotic,Necrotic,Necrotic,Necrotic,Necrotic,false,false,false,false,false,false,Lesion 02 Day 031 HJY,Lesion 02 Day 053 HJY,Lesion 02 Day 067 HJY,Lesion 02 Day 081 HJY,Lesion 02 Day 096 HJY,Lesion 02 Day 109 HJY,-1.3834431,3.451587,11,hot
LIN,BI39,3,-534.69,-397.78,-220.62,-257.53,-506.96,-628.39,-599.99,-381.61,-138.0,-155.67,-542.07,-673.7,234.32,355.06,280.33,310.53,251.53,215.77,1.71,4.79,4.17,3.62,2.51,1.68,1.66,4.72,3.99,3.46,2.47,1.65,0.38,1.47,1.33,1.15,0.5,0.32,2.62,8.32,8.32,7.1,3.77,2.47,0.01,0.39,0.34,0.2,0.09,0.02,,,,,,,0.01,0.39,0.34,0.2,0.09,0.02,0.06,1.91,1.44,0.77,0.28,0.19,0.02,1.18,1.25,0.63,0.14,0.06,0.0,0.0,0.0,0.0,0.0,0.0,0.01,0.1,0.12,0.06,0.04,0.03,0.0,0.13,0.15,0.1,0.01,0.0,,,,,,2.24,Fibrotic,Fibrotic,Fibrotic,Fibrotic,Fibrotic,Fibrotic,Fibrotic,Fibrotic,Fibrotic,Fibrotic,Fibrotic,Fibrotic,false,false,false,false,false,false,Lesion 03 Day 031 HJY,Lesion 03 Day 053 HJY,Lesion 03 Day 067 HJY,Lesion 03 Day 081 HJY,Lesion 03 Day 096 HJY,Lesion 03 Day 109 HJY,0.8497366,0.5890762,12,hot
LIN,BI39,4,-573.52,-408.69,-117.03,-119.93,-567.52,-664.31,-620.33,-412.39,-49.84,-38.29,-639.58,-741.08,216.05,316.55,217.11,239.15,266.36,249.27,2.32,4.29,3.84,3.62,2.58,1.7,2.31,4.25,3.77,3.42,2.51,1.72,0.46,0.86,0.96,0.93,0.59,0.3,3.29,6.26,6.26,6.06,4.21,2.31,0.04,0.17,0.15,0.1,0.07,0.01,,,,,,,0.04,0.17,0.15,0.1,0.07,0.01,0.11,0.72,0.61,0.37,0.22,0.1,0.04,0.41,0.57,0.33,0.07,0.03,0.0,0.0,0.0,0.0,0.0,0.0,0.01,0.05,0.06,0.03,0.02,0.01,0.0,0.04,0.09,0.06,0.01,0.0,,,,,,2.004,Fibrotic,Fibrotic,Fibrotic,Fibrotic,Fibrotic,Fibrotic,Fibrotic,Fibrotic,Fibrotic,Fibrotic,Fibrotic,Fibrotic,false,false,false,false,false,false,Lesion 04 Day 031 HJY,Lesion 04 Day 053 HJY,Lesion 04 Day 067 HJY,Lesion 04 Day 081 HJY,Lesion 04 Day 096 HJY,Lesion 04 Day 109 HJY,1.3953888,0.62999505,12,hot
LIN,BI39,5,-598.38,-379.6,-236.42,-110.79,-235.25,-435.62,-726.09,-344.69,-193.36,9.08,-135.77,-451.72,295.65,385.04,260.55,269.73,308.15,329.82,2.94,4.45,3.88,4.53,4.98,3.74,2.91,4.3,3.74,4.25,4.52,3.42,0.49,1.17,0.97,1.41,1.7,1.24,4.03,8.05,6.58,8.5,10.56,7.51,0.09,0.48,0.53,0.26,0.3,0.22,,,,,,,0.09,0.48,0.53,0.26,0.3,0.22,0.27,2.18,2.07,1.18,1.51,0.85,0.08,1.21,1.73,1.07,1.18,0.53,0.0,0.0,0.0,0.0,0.0,0.0,0.02,0.1,0.22,0.05,0.08,0.07,0.01,0.19,0.22,0.18,0.14,0.05,,,,,,4.84,Necrotic,Necrotic,Necrotic,Necrotic,Necrotic,Necrotic,Necrotic,Necrotic,Necrotic,Necrotic,Necrotic,Necrotic,false,false,false,false,false,false,Lesion 05 Day 031 HJY,Lesion 05 Day 053 HJY,Lesion 05 Day 067 HJY,Lesion 05 Day 081 HJY,Lesion 05 Day 096 HJY,Lesion 05 Day 109 HJY,0.8278477,0.5777374,12,hot
LIN,BI39,6,-361.41,-100.52,-113.15,-133.17,-165.94,-245.59,-359.99,26.64,21.93,15.26,-3.72,-116.79,291.31,279.38,283.88,304.0,302.94,325.25,3.06,6.44,5.4,5.14,4.93,3.85,2.96,6.13,4.91,4.78,4.44,3.67,0.72,2.0,1.89,1.76,1.76,1.02,5.21,11.42,9.99,9.31,11.18,8.05,0.24,2.09,1.64,1.2,1.07,0.69,,,,,,,0.24,2.09,1.64,1.2,1.07,0.69,0.76,13.46,8.88,6.23,5.28,2.69,0.51,12.24,7.94,5.5,4.47,2.13,0.0,0.0,0.0,0.0,0.0,0.0,0.1,0.28,0.24,0.2,0.21,0.18,0.06,1.53,1.16,0.81,0.65,0.35,,,,,,4.51,Cavity,Cavity,Cavity,Cavity,Cavity,Cavity,Cavity,Cavity,Cavity,Cavity,Cavity,Cavity,false,false,false,false,false,false,Lesion 06 Day 031 HJY,Lesion 06 Day 053 HJY,Lesion 06 Day 067 HJY,Lesion 06 Day 081 HJY,Lesion 06 Day 096 HJY,Lesion 06 Day 109 HJY,-2.794806,5.214388,11,hot
LIN,BI39,7,-248.34,-140.09,-39.1,-150.94,-233.8,-273.86,-138.29,26.64,46.53,19.38,-60.6,-170.29,337.93,320.64,242.07,314.84,370.47,356.3,3.95,5.81,5.98,5.89,4.51,3.31,3.56,5.34,5.67,5.61,4.13,3.19,1.41,1.75,2.06,2.05,1.7,0.77,8.8,9.71,11.02,11.12,9.38,5.55,0.58,1.14,0.8,0.57,0.41,0.46,,,,,,,0.58,1.14,0.8,0.57,0.41,0.46,2.33,6.61,4.79,3.37,2.03,1.56,1.8,5.64,4.49,2.86,1.54,1.14,0.0,0.0,0.0,0.0,0.0,0.0,0.16,0.15,0.1,0.11,0.08,0.12,0.26,0.78,0.61,0.36,0.22,0.21,,,,,,3.69,Fibrotic,Fibrotic,Fibrotic,Fibrotic,Fibrotic,Fibrotic,Fibrotic,Fibrotic,Fibrotic,Fibrotic,Fibrotic,Fibrotic,false,false,false,false,false,false,Lesion 07 Day 031 HJY,Lesion 07 Day 053 HJY,Lesion 07 Day 067 HJY,Lesion 07 Day 081 HJY,Lesion 07 Day 096 HJY,Lesion 07 Day 109 HJY,-1.4635466,3.8622339,11,hot
LIN,BI39,8,-453.69,-232.06,-18.25,-179.82,-265.98,-334.51,-514.57,-20.55,40.38,-58.88,-208.9,-299.12,303.94,353.14,182.72,300.06,312.09,319.61,2.57,5.97,4.98,3.94,4.03,3.01,2.45,5.7,4.69,3.61,3.79,2.82,0.53,1.59,1.46,1.38,1.25,0.87,4.36,9.91,8.73,8.48,8.8,5.65,0.14,1.82,1.0,0.91,0.8,0.25,,,,,,,0.14,1.82,1.0,0.91,0.8,0.25,0.39,10.87,5.13,3.62,3.24,0.82,0.2,8.37,4.92,2.88,2.52,0.55,0.0,0.0,0.0,0.0,0.0,0.0,0.04,0.28,0.11,0.25,0.27,0.1,0.03,1.03,0.85,0.47,0.33,0.08,,,,,,4.17,Fibrotic,Fibrotic,Fibrotic,Fibrotic,Fibrotic,Fibrotic,Fibrotic,Fibrotic,Fibrotic,Fibrotic,Fibrotic,Fibrotic,false,false,false,false,false,false,Lesion 08 Day 031 HJY,Lesion 08 Day 053 HJY,Lesion 08 Day 067 HJY,Lesion 08 Day 081 HJY,Lesion 08 Day 096 HJY,Lesion 08 Day 109 HJY,-1.7245461,3.697455,11,hot
RIF,BI60,2,-344.36,-264.56,-240.74,-300.38,-382.52,-508.58,-377.06,-224.74,-224.12,-282.84,-359.25,-505.17,217.87,285.39,222.26,241.22,247.3,230.57,1.2,1.6,1.48,1.47,0.71,0.33,1.21,1.54,1.53,1.44,0.62,0.31,0.22,0.62,0.58,0.57,0.32,0.1,1.54,3.08,2.86,2.63,1.59,0.7,0.0,0.09,0.05,0.03,0.0,0.0,,,,,,,0.0,0.09,0.05,0.03,0.0,0.0,0.04,0.5,0.37,0.23,0.11,0.03,0.04,0.4,0.33,0.22,0.09,0.02,0.0,0.0,0.0,0.0,0.0,0.0,0.02,0.11,0.11,0.09,0.09,0.07,0.01,0.11,0.08,0.06,0.03,0.01,,,,,,0.78,Necrotic,Necrotic,Necrotic,Necrotic,Necrotic,Necrotic,Necrotic,Necrotic,Necrotic,Necrotic,Necrotic,Necrotic,false,false,false,false,false,false,Lesion 02 Day 037 FG,Lesion 02 Day 052 FG,Lesion 02 Day 065 FG,Lesion 02 Day 079 FG,Lesion 02 Day 093 FG,Lesion 02 Day 106 FG,1.970343,2.2273219,1,cool
RIF,BI60,3,-295.73,-294.72,-320.93,-259.49,-269.89,-331.6,-317.43,-241.28,-289.04,-256.04,-287.05,-393.78,251.51,313.86,326.57,273.89,259.67,275.94,0.75,1.69,1.4,1.2,0.68,0.33,0.72,1.65,1.33,1.12,0.58,0.3,0.28,0.63,0.59,0.53,0.29,0.11,1.45,3.09,2.83,2.56,1.46,0.6,0.0,0.09,0.04,0.02,0.0,0.0,,,,,,,0.0,0.09,0.04,0.02,0.0,0.0,0.06,0.5,0.32,0.21,0.09,0.03,0.05,0.44,0.28,0.19,0.08,0.02,0.0,0.0,0.0,0.0,0.0,0.0,0.04,0.1,0.09,0.08,0.07,0.05,0.03,0.13,0.09,0.08,0.05,0.03,,,,,,0.78,Fibrotic,Fibrotic,Fibrotic,Fibrotic,Fibrotic,Fibrotic,Fibrotic,Fibrotic,Fibrotic,Fibrotic,Fibrotic,Fibrotic,false,false,false,false,false,false,Lesion 03 Day 037 FG,Lesion 03 Day 052 FG,Lesion 03 Day 065 FG,Lesion 03 Day 079 FG,Lesion 03 Day 093 FG,Lesion 03 Day 106 FG,2.2249594,2.1534026,1,cool
RIF,BI60,4,-507.34,-281.42,-303.59,-483.45,-508.55,-711.67,-550.97,-298.75,-319.99,-530.25,-534.57,-752.69,229.49,243.44,239.93,211.63,211.96,184.83,1.0,1.22,1.0,1.02,0.83,0.77,1.0,1.24,0.99,0.99,0.85,0.8,0.17,0.2,0.08,0.18,0.06,0.16,1.37,1.62,1.15,1.6,0.9,1.06,0.0,0.0,0.0,0.0,0.0,0.0,,,,,,,0.0,0.0,0.0,0.0,0.0,0.0,0.03,0.07,0.04,0.03,0.01,0.02,0.02,0.05,0.03,0.02,0.01,0.01,0.0,0.0,0.0,0.0,0.0,0.0,0.02,0.03,0.02,0.02,0.01,0.01,0.0,0.01,0.01,0.0,0.0,0.0,,,,,,0.6,Fibrotic,Fibrotic,Fibrotic,Fibrotic,Fibrotic,Fibrotic,Fibrotic,Fibrotic,Fibrotic,Fibrotic,Fibrotic,Fibrotic,false,false,false,false,false,false,Lesion 04 Day 037 FG,Lesion 04 Day 052 FG,Lesion 04 Day 065 FG,Lesion 04 Day 079 FG,Lesion 04 Day 093 FG,Lesion 04 Day 106 FG,4.6696014,2.611061,1,cool
RIF,BI60,5,-391.28,-284.65,-265.35,-274.12,-356.25,-500.32,-431.71,-283.95,-262.06,-286.96,-408.75,-564.99,219.19,256.92,233.03,236.84,233.07,275.73,1.16,1.25,1.08,1.25,1.32,1.17,1.19,1.17,1.05,1.24,1.38,1.23,0.14,0.25,0.14,0.19,0.2,0.24,1.39,1.89,1.34,1.74,1.56,1.49,0.0,0.0,0.0,0.0,0.0,0.0,,,,,,,0.0,0.0,0.0,0.0,0.0,0.0,0.02,0.03,0.03,0.03,0.02,0.03,0.02,0.03,0.01,0.03,0.02,0.02,0.0,0.0,0.0,,0.0,0.0,0.01,0.01,0.01,0.01,0.01,0.01,0.0,0.01,0.01,0.01,0.0,0.01,,,,,,0.6,Fibrotic,Fibrotic,Fibrotic,Fibrotic,Fibrotic,Fibrotic,Fibrotic,Fibrotic,Fibrotic,Fibrotic,Fibrotic,Fibrotic,false,false,false,false,false,false,Lesion 05 Day 037 FG,Lesion 05 Day 052 FG,Lesion 05 Day 065 FG,Lesion 05 Day 079 FG,Lesion 05 Day 093 FG,Lesion 05 Day 106 FG,4.312852,2.5568843,1,cool
RIF,BI60,6,-501.83,-301.21,-309.29,-334.45,-371.34,-498.79,-553.95,-316.16,-325.47,-373.56,-396.38,-503.11,193.91,225.47,234.87,231.38,185.08,156.59,0.45,0.72,0.69,0.59,0.52,0.44,0.45,0.71,0.69,0.58,0.53,0.44,0.07,0.11,0.09,0.12,0.07,0.08,0.61,1.15,0.97,0.9,0.66,0.6,0.0,0.0,0.0,0.0,0.0,0.0,,,,,,,0.0,0.0,0.0,0.0,0.0,0.0,0.01,0.04,0.03,0.02,0.01,0.01,0.0,0.03,0.02,0.02,0.01,0.01,0.0,0.0,0.0,0.0,0.0,0.0,0.01,0.03,0.02,0.02,0.01,0.01,0.0,0.01,0.01,0.01,0.0,0.0,,,,,,0.6,Fibrotic,Fibrotic,Fibrotic,Fibrotic,Fibrotic,Fibrotic,Fibrotic,Fibrotic,Fibrotic,Fibrotic,Fibrotic,Fibrotic,false,false,false,false,false,false,Lesion 06 Day 037 FG,Lesion 06 Day 052 FG,Lesion 06 Day 065 FG,Lesion 06 Day 079 FG,Lesion 06 Day 093 FG,Lesion 06 Day 106 FG,5.5927253,2.650373,13,cool
RIF,BI60,7,-229.77,-40.18,-35.37,-37.26,-23.2,-45.51,-203.15,25.14,30.91,22.3,42.96,24.95,251.16,187.0,183.01,190.75,185.71,216.42,1.84,2.83,2.61,2.67,1.78,0.98,1.87,2.88,2.68,2.7,1.81,0.99,0.47,0.73,0.92,0.85,0.5,0.28,2.84,4.35,4.7,4.86,2.81,1.76,0.2,1.13,0.69,0.72,0.26,0.0,,,,,,,0.2,1.13,0.69,0.72,0.26,0.0,0.88,3.69,2.52,2.5,1.21,0.64,0.84,3.59,2.46,2.47,1.2,0.61,0.0,0.0,0.0,0.0,0.0,0.0,0.22,0.18,0.14,0.12,0.09,0.09,0.24,1.06,0.73,0.81,0.58,0.51,,,,,,0.9,Fibrotic,Fibrotic,Fibrotic,Fibrotic,Fibrotic,Fibrotic,Fibrotic,Fibrotic,Fibrotic,Fibrotic,Fibrotic,Fibrotic,false,false,false,false,false,false,Lesion 07 Day 037 FG,Lesion 07 Day 052 FG,Lesion 07 Day 065 FG,Lesion 07 Day 079 FG,Lesion 07 Day 093 FG,Lesion 07 Day 106 FG,-4.2281265,5.829054,0,hot
RIF,BI60,8,-315.61,-219.69,-211.59,-227.49,-275.62,-310.43,-338.3,-169.89,-182.07,-210.68,-287.05,-331.9,248.86,265.42,221.43,240.37,237.61,254.47,0.77,1.45,1.39,1.14,0.66,0.35,0.77,1.4,1.38,1.14,0.67,0.31,0.27,0.48,0.38,0.36,0.18,0.13,1.35,2.47,2.25,1.88,1.13,0.69,0.0,0.01,0.01,0.0,0.0,0.0,,,,,,,0.0,0.01,0.01,0.0,0.0,0.0,0.06,0.15,0.1,0.08,0.04,0.01,0.05,0.14,0.1,0.08,0.04,0.01,0.0,0.0,0.0,0.0,0.0,0.0,0.04,0.04,0.03,0.03,0.03,0.03,0.03,0.06,0.04,0.04,0.02,0.01,,,,,,0.78,Fibrotic,Fibrotic,Fibrotic,Fibrotic,Fibrotic,Fibrotic,Fibrotic,Fibrotic,Fibrotic,Fibrotic,Fibrotic,Fibrotic,false,false,false,false,false,false,Lesion 08 Day 037 FG,Lesion 08 Day 052 FG,Lesion 08 Day 065 FG,Lesion 08 Day 079 FG,Lesion 08 Day 093 FG,Lesion 08 Day 106 FG,3.214408,2.8919015,1,cool
RIF,BI60,9,-324.81,-201.11,-302.99,-215.36,-291.69,-280.98,-329.36,-135.06,-273.02,-188.0,-291.18,-292.71,215.37,289.24,295.84,240.68,269.29,246.3,1.19,1.86,1.64,1.28,0.98,0.74,1.2,1.81,1.63,1.28,0.94,0.77,0.24,0.48,0.54,0.31,0.22,0.24,1.71,2.95,2.84,1.94,1.69,1.28,0.0,0.07,0.03,0.0,0.0,0.0,,,,,,,0.0,0.07,0.03,0.0,0.0,0.0,0.08,0.38,0.27,0.14,0.07,0.06,0.08,0.3,0.19,0.14,0.06,0.05,0.0,0.0,0.0,0.0,0.0,0.0,0.04,0.07,0.06,0.05,0.04,0.04,0.02,0.09,0.05,0.05,0.03,0.03,,,,,,0.9,Necrotic,Necrotic,Necrotic,Necrotic,Necrotic,Necrotic,Necrotic,Necrotic,Necrotic,Necrotic,Necrotic,Necrotic,false,false,false,false,false,false,Lesion 09 Day 037 FG,Lesion 09 Day 052 FG,Lesion 09 Day 065 FG,Lesion 09 Day 079 FG,Lesion 09 Day 093 FG,Lesion 09 Day 106 FG,1.8978049,2.7869992,1,cool
PZA,BI76,2,-405.81,-346.97,-336.75,-332.14,-380.65,-509.59,-425.43,-366.83,-356.22,-348.87,-397.31,-531.89,210.24,234.36,208.53,219.97,215.69,228.18,0.38,0.52,0.55,0.71,0.39,0.47,0.38,0.49,0.46,0.64,0.37,0.44,0.04,0.15,0.25,0.25,0.06,0.15,0.46,1.03,1.44,1.43,0.59,0.84,0.0,0.0,0.0,0.0,0.0,0.0,,,,,,,0.0,0.0,0.0,0.0,0.0,0.0,0.01,0.02,0.02,0.04,0.01,0.01,0.0,0.01,0.02,0.03,0.0,0.01,0.0,0.0,0.0,0.0,0.0,0.0,0.01,0.02,0.02,0.03,0.01,0.01,0.0,0.01,0.01,0.01,0.0,0.0,,,,,,0.48,Fibrotic,Fibrotic,Fibrotic,Fibrotic,Fibrotic,Fibrotic,Fibrotic,Fibrotic,Fibrotic,Fibrotic,Fibrotic,Fibrotic,false,false,false,false,false,false,Lesion 02 Day 038 FG,Lesion 02 Day 051 FG,Lesion 02 Day 064 FG,Lesion 02 Day 078 FG,Lesion 02 Day 092 FG,Lesion 02 Day 105 FG,5.721204,2.7339532,13,cool
PZA,BI76,3,-351.65,-294.04,-304.43,-279.32,-338.21,-355.04,-377.99,-305.44,-311.97,-286.98,-372.56,-395.76,223.2,224.88,248.18,261.39,273.43,257.73,0.8,1.48,1.42,0.88,0.7,0.51,0.81,1.47,1.42,0.85,0.67,0.48,0.11,0.39,0.25,0.2,0.13,0.11,0.98,2.38,1.92,1.41,1.04,0.77,0.0,0.01,0.0,0.0,0.0,0.0,,,,,,,0.0,0.01,0.0,0.0,0.0,0.0,0.02,0.08,0.07,0.04,0.02,0.01,0.01,0.06,0.05,0.03,0.0,0.01,0.0,0.0,0.0,0.0,0.0,0.0,0.01,0.03,0.02,0.02,0.01,0.01,0.0,0.01,0.01,0.01,0.0,0.0,,,,,,0.78,Fibrotic,Fibrotic,Fibrotic,Fibrotic,Fibrotic,Fibrotic,Fibrotic,Fibrotic,Fibrotic,Fibrotic,Fibrotic,Fibrotic,false,false,false,false,false,false,Lesion 03 Day 038 FG,Lesion 03 Day 051 FG,Lesion 03 Day 064 FG,Lesion 03 Day 078 FG,Lesion 03 Day 092 FG,Lesion 03 Day 105 FG,4.905853,2.2352524,1,cool
PZA,BI76,4,-362.62,-289.13,-222.86,-229.82,-452.67,-410.29,-392.65,-278.26,-195.31,-204.47,-527.27,-426.7,219.6,256.37,242.04,259.29,303.43,288.3,0.87,1.95,1.93,1.54,0.98,0.61,0.89,1.93,1.9,1.47,1.0,0.61,0.11,0.46,0.43,0.58,0.31,0.17,0.98,3.08,2.9,3.6,1.71,1.12,0.0,0.06,0.06,0.03,0.0,0.0,,,,,,,0.0,0.06,0.06,0.03,0.0,0.0,0.04,0.26,0.29,0.22,0.08,0.03,0.03,0.2,0.24,0.18,0.02,0.04,0.0,0.0,0.0,0.0,0.0,0.0,0.02,0.06,0.06,0.06,0.02,0.02,0.01,0.04,0.06,0.05,0.01,0.02,,,,,,2.19,Necrotic,Necrotic,Necrotic,Necrotic,Necrotic,Necrotic,Necrotic,Necrotic,Necrotic,Necrotic,Necrotic,Necrotic,true,true,true,true,true,true,Lesion 04z05 Day 038 FG,Lesion 04z05 Day 051 FG,Lesion 04z05 Day 064 FG,Lesion 04z05 Day 078 FG,Lesion 04z05 Day 092 FG,Lesion 04z05 Day 105 FG,2.8781345,1.7891829,1,cool
PZA,BI76,6,-191.86,-80.93,-32.32,-96.59,-177.67,-169.04,-132.18,-10.56,22.93,-16.76,-116.77,-71.93,220.68,216.49,178.43,234.2,222.92,234.75,0.58,1.74,0.85,1.05,0.86,0.7,0.59,1.62,0.78,1.07,0.84,0.72,0.13,0.54,0.25,0.23,0.12,0.18,0.97,2.98,1.82,1.46,1.23,1.07,0.0,0.02,0.0,0.0,0.0,0.0,,,,,,,0.0,0.02,0.0,0.0,0.0,0.0,0.02,0.09,0.07,0.06,0.04,0.02,0.02,0.09,0.07,0.06,0.02,0.03,0.0,0.0,0.0,0.0,0.0,0.0,0.02,0.01,0.01,0.01,0.01,0.02,0.02,0.03,0.06,0.04,0.02,0.02,,,,,,0.48,Not Visible,Not Visible,Not Visible,Not Visible,Not Visible,Not Visible,Not Visible,Not Visible,Not Visible,Not Visible,Not Visible,Not Visible,false,false,false,false,false,false,Lesion 06 Day 038 FG,Lesion 06 Day 051 FG,Lesion 06 Day 064 FG,Lesion 06 Day 078 FG,Lesion 06 Day 092 FG,Lesion 06 Day 105 FG,2.1838903,4.9870577,15,hot
PZA,BI76,7,-230.06,-311.08,-228.49,-246.44,-260.39,-314.13,-195.14,-292.35,-188.27,-198.29,-228.16,-292.63,242.89,302.65,259.14,271.88,277.02,290.67,0.74,1.22,0.83,0.92,0.83,0.99,0.73,1.22,0.87,0.94,0.85,1.0,0.14,0.08,0.15,0.2,0.14,0.08,1.03,1.41,1.07,1.29,1.03,1.11,0.0,0.0,0.0,0.0,0.0,0.0,,,,,,,0.0,0.0,0.0,0.0,0.0,0.0,0.02,0.05,0.03,0.06,0.03,0.03,0.02,0.03,0.03,0.04,0.02,0.02,0.0,0.0,0.0,0.0,0.0,0.0,0.01,0.02,0.02,0.03,0.01,0.01,0.01,0.01,0.02,0.03,0.01,0.01,,,,,,0.48,Not Visible,Not Visible,Not Visible,Not Visible,Not Visible,Not Visible,Not Visible,Not Visible,Not Visible,Not Visible,Not Visible,Not Visible,false,false,false,false,false,false,Lesion 07 Day 038 FG,Lesion 07 Day 051 FG,Lesion 07 Day 064 FG,Lesion 07 Day 078 FG,Lesion 07 Day 092 FG,Lesion 07 Day 105 FG,3.3590565,2.1847808,1,cool
PZA,BI76,8,-342.52,-199.18,-266.17,-161.86,-226.61,-257.44,-365.05,-140.39,-256.65,-60.07,-178.66,-228.69,200.77,239.54,261.5,233.84,266.93,256.68,1.11,1.36,1.28,1.86,1.3,1.13,1.14,1.28,1.19,1.68,1.31,1.15,0.16,0.36,0.44,0.6,0.14,0.09,1.41,2.64,2.99,3.51,1.57,1.3,0.0,0.01,0.01,0.03,0.0,0.0,,,,,,,0.0,0.01,0.01,0.03,0.0,0.0,0.03,0.11,0.09,0.19,0.06,0.04,0.03,0.08,0.07,0.17,0.03,0.04,0.0,0.0,0.0,0.0,0.0,0.0,0.02,0.03,0.03,0.03,0.01,0.02,0.0,0.03,0.02,0.06,0.01,0.02,,,,,,1.32,Necrotic,Necrotic,Necrotic,Necrotic,Necrotic,Necrotic,Necrotic,Necrotic,Necrotic,Necrotic,Necrotic,Necrotic,false,false,false,false,false,false,Lesion 08 Day 038 FG,Lesion 08 Day 051 FG,Lesion 08 Day 064 FG,Lesion 08 Day 078 FG,Lesion 08 Day 092 FG,Lesion 08 Day 105 FG,3.5849843,3.4202385,1,cool
PZA,BI76,9,-388.28,-213.92,-180.5,-153.75,-208.61,-254.42,-421.98,-154.48,-115.85,-64.2,-160.09,-218.38,257.7,252.67,229.64,246.59,250.96,257.21,0.57,2.57,2.83,2.89,1.86,1.32,0.52,2.58,2.85,2.84,1.8,1.29,0.23,0.62,0.72,1.1,0.52,0.38,1.24,3.86,4.46,5.19,3.0,2.25,0.0,0.37,0.31,0.26,0.1,0.01,,,,,,,0.0,0.37,0.31,0.26,0.1,0.01,0.12,1.17,1.02,1.03,0.45,0.24,0.07,1.0,0.93,0.93,0.19,0.38,0.0,0.0,0.0,0.0,0.0,0.0,0.08,0.17,0.14,0.12,0.08,0.09,0.04,0.2,0.17,0.19,0.06,0.1,,,,,,2.53,Necrotic,Necrotic,Necrotic,Necrotic,Necrotic,Necrotic,Necrotic,Necrotic,Necrotic,Necrotic,Necrotic,Necrotic,false,false,false,false,false,false,Lesion 09 Day 038 FG,Lesion 09 Day 051 FG,Lesion 09 Day 064 FG,Lesion 09 Day 078 FG,Lesion 09 Day 092 FG,Lesion 09 Day 105 FG,-0.8535695,2.4461522,11,hot
PZA,BI76,10,-265.59,-156.99,-170.09,-213.78,-218.97,-195.32,-272.76,-81.01,-117.87,-181.78,-193.09,-166.81,258.08,237.04,233.18,269.0,283.69,277.03,0.62,2.18,2.03,2.48,1.77,1.42,0.61,2.19,1.84,2.29,1.65,1.44,0.16,0.5,0.79,1.08,0.74,0.46,1.04,3.27,3.7,5.11,3.53,2.36,0.0,0.13,0.08,0.12,0.03,0.01,,,,,,,0.0,0.13,0.08,0.12,0.03,0.01,0.06,0.46,0.38,0.49,0.16,0.09,0.04,0.4,0.33,0.4,0.07,0.13,0.0,0.0,0.0,0.0,0.0,0.0,0.04,0.08,0.08,0.07,0.03,0.04,0.03,0.11,0.09,0.08,0.03,0.04,,,,,,2.12,Necrotic,Necrotic,Necrotic,Necrotic,Necrotic,Necrotic,Necrotic,Necrotic,Necrotic,Necrotic,Necrotic,Necrotic,false,false,false,false,false,false,Lesion 10 Day 038 FG,Lesion 10 Day 051 FG,Lesion 10 Day 064 FG,Lesion 10 Day 078 FG,Lesion 10 Day 092 FG,Lesion 10 Day 105 FG,1.3494309,3.103881,1,cool
MOX,BJ16,1,-193.29,-130.31,-135.35,-142.59,-73.84,-134.84,-143.95,-12.57,-3.96,-44.02,10.81,-50.05,235.36,248.9,257.45,234.98,199.09,225.88,2.32,5.62,2.26,2.32,1.24,1.1,2.24,5.61,2.16,2.09,1.18,1.06,0.64,1.82,0.76,1.03,0.35,0.36,3.84,10.81,4.38,5.29,2.17,2.01,0.19,0.69,0.29,0.28,0.01,0.0,,,,,,,0.19,0.69,0.29,0.28,0.01,0.0,0.66,3.84,1.19,1.2,0.44,0.29,0.64,3.64,1.12,1.15,0.43,0.26,0.0,0.0,0.0,0.0,0.0,0.0,0.11,0.17,0.12,0.15,0.06,0.08,0.18,0.5,0.37,0.34,0.28,0.16,,,,,,1.08,Fibrotic,Fibrotic,Fibrotic,Fibrotic,Fibrotic,Fibrotic,Fibrotic,Fibrotic,Fibrotic,Fibrotic,Fibrotic,Fibrotic,false,false,false,false,false,false,Lesion 01 Day 033 FG,Lesion 01 Day 047 FG,Lesion 01 Day 060 FG,Lesion 01 Day 074 FG,Lesion 01 Day 090 FG,Lesion 01 Day 101 FG,-1.5415634,4.4877973,11,hot
MOX,BJ16,2,-626.54,-370.27,-354.21,-354.54,-349.82,-376.29,-647.21,-385.61,-381.08,-389.97,-381.0,-415.23,136.78,205.17,219.49,205.32,216.12,177.25,0.95,2.5,0.92,1.1,0.39,0.34,0.96,2.43,0.95,1.1,0.38,0.33,0.17,0.71,0.14,0.18,0.09,0.05,1.23,4.1,1.15,1.45,0.55,0.43,0.0,0.02,0.0,0.0,0.0,0.0,,,,,,,0.0,0.02,0.0,0.0,0.0,0.0,0.02,0.07,0.02,0.02,0.01,0.0,0.01,0.06,0.01,0.02,0.0,0.0,0.0,0.0,0.0,0.0,0.0,0.0,0.01,0.02,0.01,0.01,0.01,0.01,0.0,0.01,0.0,0.0,0.0,0.0,,,,,,0.48,Fibrotic,Fibrotic,Fibrotic,Fibrotic,Fibrotic,Fibrotic,Fibrotic,Fibrotic,Fibrotic,Fibrotic,Fibrotic,Fibrotic,false,false,false,false,false,false,Lesion 02 Day 033 FG,Lesion 02 Day 047 FG,Lesion 02 Day 060 FG,Lesion 02 Day 074 FG,Lesion 02 Day 090 FG,Lesion 02 Day 101 FG,4.4050326,0.9510525,1,cool
MOX,BJ16,3,-619.52,-535.31,-481.45,-590.26,-538.53,-630.06,-659.59,-564.43,-507.03,-614.03,-567.77,-659.36,122.89,151.43,183.16,146.07,149.86,121.81,0.75,1.74,0.6,0.54,0.36,0.43,0.78,1.7,0.59,0.55,0.34,0.41,0.07,0.37,0.12,0.07,0.06,0.09,0.91,2.87,0.89,0.7,0.53,0.81,0.0,0.0,0.0,0.0,0.0,0.0,,,,,,,0.0,0.0,0.0,0.0,0.0,0.0,0.01,0.04,0.0,0.0,0.0,0.0,0.0,0.02,0.0,0.0,0.0,0.0,0.0,0.0,0.0,0.0,0.0,0.0,0.0,0.01,0.0,0.01,0.01,0.0,0.0,0.0,0.0,0.0,0.0,0.0,,,,,,0.48,Fibrotic,Fibrotic,Fibrotic,Fibrotic,Fibrotic,Fibrotic,Fibrotic,Fibrotic,Fibrotic,Fibrotic,Fibrotic,Fibrotic,false,false,false,false,false,false,Lesion 03 Day 033 FG,Lesion 03 Day 047 FG,Lesion 03 Day 060 FG,Lesion 03 Day 074 FG,Lesion 03 Day 090 FG,Lesion 03 Day 101 FG,11.379043,5.0029516,7,cool
MOX,BJ16,4,-467.54,-352.67,-363.24,-369.73,-391.61,-389.28,-484.27,-366.38,-380.94,-382.01,-423.63,-402.92,195.5,248.7,224.62,198.48,241.91,185.32,0.65,2.14,0.55,0.48,0.3,0.38,0.64,2.09,0.5,0.48,0.29,0.37,0.11,0.58,0.12,0.09,0.04,0.06,0.89,3.4,0.84,0.65,0.41,0.55,0.0,0.02,0.0,0.0,0.0,0.0,,,,,,,0.0,0.02,0.0,0.0,0.0,0.0,0.01,0.09,0.01,0.01,0.01,0.01,0.01,0.08,0.01,0.01,0.01,0.01,0.0,0.0,0.0,0.0,0.0,0.0,0.01,0.02,0.01,0.01,0.01,0.01,0.0,0.01,0.0,0.0,0.01,0.0,,,,,,0.78,Fibrotic,Fibrotic,Fibrotic,Fibrotic,Fibrotic,Fibrotic,Fibrotic,Fibrotic,Fibrotic,Fibrotic,Fibrotic,Fibrotic,false,false,false,false,false,false,Lesion 04 Day 033 FG,Lesion 04 Day 047 FG,Lesion 04 Day 060 FG,Lesion 04 Day 074 FG,Lesion 04 Day 090 FG,Lesion 04 Day 101 FG,3.8449275,1.2159771,1,cool
MOX,BJ16,5,-366.88,-238.49,-304.26,-342.48,-258.14,-250.9,-403.83,-213.51,-300.48,-351.99,-265.28,-257.25,237.58,249.56,249.85,250.8,313.0,254.27,1.17,3.43,1.04,1.32,0.71,0.58,1.11,3.31,1.02,1.24,0.7,0.55,0.24,0.86,0.16,0.35,0.2,0.14,1.75,5.19,1.65,2.32,1.18,0.93,0.0,0.04,0.0,0.0,0.0,0.0,,,,,,,0.0,0.04,0.0,0.0,0.0,0.0,0.03,0.16,0.04,0.04,0.02,0.01,0.02,0.15,0.03,0.03,0.01,0.01,0.0,0.0,0.0,0.0,0.0,0.0,0.01,0.02,0.02,0.02,0.01,0.01,0.0,0.03,0.01,0.01,0.01,0.01,,,,,,1.19,Fibrotic,Fibrotic,Fibrotic,Fibrotic,Fibrotic,Fibrotic,Fibrotic,Fibrotic,Fibrotic,Fibrotic,Fibrotic,Fibrotic,false,false,false,false,false,false,Lesion 05 Day 033 FG,Lesion 05 Day 047 FG,Lesion 05 Day 060 FG,Lesion 05 Day 074 FG,Lesion 05 Day 090 FG,Lesion 05 Day 101 FG,0.86904615,1.4649788,12,hot
MOX,BJ16,6,-463.02,-339.1,-398.09,-396.88,-418.38,-362.07,-496.64,-366.38,-415.02,-439.9,-452.05,-382.4,202.42,237.59,234.78,246.84,220.41,227.91,0.48,3.33,0.86,0.75,0.37,0.48,0.45,3.35,0.84,0.68,0.34,0.48,0.15,0.89,0.32,0.26,0.12,0.12,0.88,4.93,1.6,1.38,0.62,0.78,0.0,0.03,0.0,0.0,0.0,0.0,,,,,,,0.0,0.03,0.0,0.0,0.0,0.0,0.01,0.11,0.02,0.02,0.01,0.01,0.01,0.1,0.02,0.02,0.01,0.01,0.0,0.0,0.0,0.0,0.0,0.0,0.01,0.02,0.01,0.01,0.01,0.01,0.0,0.01,0.01,0.01,0.0,0.0,,,,,,0.78,Fibrotic,Fibrotic,Fibrotic,Fibrotic,Fibrotic,Fibrotic,Fibrotic,Fibrotic,Fibrotic,Fibrotic,Fibrotic,Fibrotic,false,false,false,false,false,false,Lesion 06 Day 033 FG,Lesion 06 Day 047 FG,Lesion 06 Day 060 FG,Lesion 06 Day 074 FG,Lesion 06 Day 090 FG,Lesion 06 Day 101 FG,1.770938,0.79627544,12,hot
MOX,BJ16,7,-474.47,-304.96,-328.67,-285.57,-341.27,-303.67,-521.39,-298.11,-338.07,-287.06,-348.52,-306.49,204.27,260.12,258.9,230.85,265.2,218.46,0.79,3.65,0.91,1.03,0.89,1.03,0.79,3.42,0.76,0.84,0.84,1.02,0.2,1.69,0.42,0.57,0.38,0.34,1.24,6.94,2.67,3.4,1.85,1.95,0.0,0.29,0.01,0.02,0.0,0.0,,,,,,,0.0,0.29,0.01,0.02,0.0,0.0,0.09,1.36,0.22,0.22,0.18,0.15,0.07,1.21,0.19,0.21,0.16,0.15,0.0,0.0,0.0,0.0,0.0,0.0,0.07,0.2,0.12,0.12,0.1,0.09,0.02,0.15,0.09,0.08,0.07,0.05,,,,,,1.26,Fibrotic,Fibrotic,Fibrotic,Fibrotic,Fibrotic,Fibrotic,Fibrotic,Fibrotic,Fibrotic,Fibrotic,Fibrotic,Fibrotic,false,false,false,false,false,false,Lesion 07 Day 033 FG,Lesion 07 Day 047 FG,Lesion 07 Day 060 FG,Lesion 07 Day 074 FG,Lesion 07 Day 090 FG,Lesion 07 Day 101 FG,0.19070283,1.1492623,12,hot
MOX,BJ16,8,-404.7,-133.75,-182.38,-213.59,-211.12,-285.67,-430.64,-33.72,-134.01,-189.97,-151.6,-300.34,263.04,226.27,238.66,238.89,263.52,238.24,1.02,4.4,1.69,1.66,0.85,0.76,0.99,3.72,1.59,1.44,0.83,0.77,0.29,2.06,0.59,0.61,0.21,0.12,1.83,8.82,2.98,3.28,1.36,1.11,0.0,0.25,0.05,0.05,0.0,0.0,,,,,,,0.0,0.25,0.05,0.05,0.0,0.0,0.06,1.14,0.25,0.27,0.1,0.07,0.05,1.12,0.24,0.25,0.1,0.06,0.0,0.0,0.0,0.0,0.0,0.0,0.03,0.07,0.07,0.07,0.05,0.05,0.01,0.18,0.08,0.08,0.06,0.03,,,,,,0.3,Fibrotic,Fibrotic,Fibrotic,Fibrotic,Fibrotic,Fibrotic,Fibrotic,Fibrotic,Fibrotic,Fibrotic,Fibrotic,Fibrotic,false,false,false,false,false,false,Lesion 08 Day 033 FG,Lesion 08 Day 047 FG,Lesion 08 Day 060 FG,Lesion 08 Day 074 FG,Lesion 08 Day 090 FG,Lesion 08 Day 101 FG,-0.34745422,4.448909,2,hot
MOX,BJ16,9,-435.18,-229.73,-197.64,-230.84,-318.88,-313.75,-469.83,-207.74,-192.08,-247.09,-350.55,-343.42,212.11,269.34,270.79,275.81,283.07,249.72,0.81,4.34,1.15,1.51,0.7,0.77,0.81,4.34,1.14,1.42,0.64,0.78,0.21,1.37,0.38,0.42,0.24,0.14,1.57,7.07,1.99,2.48,1.26,0.97,0.0,0.07,0.0,0.01,0.0,0.0,,,,,,,0.0,0.07,0.0,0.01,0.0,0.0,0.03,0.29,0.05,0.07,0.03,0.02,0.02,0.28,0.05,0.07,0.02,0.01,0.0,0.0,0.0,0.0,0.0,0.0,0.03,0.03,0.02,0.02,0.02,0.01,0.01,0.04,0.02,0.02,0.01,0.01,,,,,,0.3,Fibrotic,Fibrotic,Fibrotic,Fibrotic,Fibrotic,Fibrotic,Fibrotic,Fibrotic,Fibrotic,Fibrotic,Fibrotic,Fibrotic,false,false,false,false,false,false,Lesion 09 Day 033 FG,Lesion 09 Day 047 FG,Lesion 09 Day 060 FG,Lesion 09 Day 074 FG,Lesion 09 Day 090 FG,Lesion 09 Day 101 FG,0.31793648,1.3829004,12,hot
MOX,BJ16,10,-262.05,-229.43,-218.65,-131.88,-138.58,-48.46,-234.7,-211.58,-187.4,-15.07,-66.33,32.02,256.05,284.38,281.5,272.36,251.71,216.22,1.24,4.05,1.49,1.82,1.17,1.61,1.23,4.05,1.41,1.69,1.14,1.47,0.32,0.81,0.45,0.7,0.44,0.71,2.11,5.7,2.74,3.31,2.05,3.29,0.0,0.06,0.01,0.02,0.0,0.02,,,,,,,0.0,0.06,0.01,0.02,0.0,0.02,0.05,0.24,0.08,0.08,0.06,0.09,0.04,0.22,0.07,0.08,0.06,0.09,0.0,0.0,0.0,0.0,0.0,0.0,0.02,0.03,0.02,0.02,0.02,0.01,0.02,0.03,0.03,0.03,0.03,0.04,,,,,,0.3,Fibrotic,Fibrotic,Fibrotic,Fibrotic,Fibrotic,Fibrotic,Fibrotic,Fibrotic,Fibrotic,Fibrotic,Fibrotic,Fibrotic,false,false,false,false,false,false,Lesion 10 Day 033 FG,Lesion 10 Day 047 FG,Lesion 10 Day 060 FG,Lesion 10 Day 074 FG,Lesion 10 Day 090 FG,Lesion 10 Day 101 FG,0.32438812,1.4279155,12,hot
MOX,BJ16,11,-478.84,-273.32,-351.89,-267.25,-339.72,-332.27,-519.33,-268.31,-399.95,-269.45,-368.82,-339.32,191.45,249.18,265.72,233.5,259.06,216.25,1.46,4.36,1.6,2.34,1.03,1.18,1.4,4.26,1.45,2.25,0.96,1.11,0.4,1.4,0.7,0.9,0.47,0.36,2.47,6.76,3.39,4.56,2.12,2.11,0.01,0.21,0.05,0.06,0.0,0.0,,,,,,,0.01,0.21,0.05,0.06,0.0,0.0,0.13,0.95,0.27,0.24,0.11,0.07,0.1,0.91,0.24,0.23,0.09,0.07,0.0,0.0,0.0,0.0,0.0,0.0,0.06,0.11,0.09,0.06,0.06,0.04,0.01,0.1,0.05,0.04,0.03,0.02,,,,,,1.08,Fibrotic,Fibrotic,Fibrotic,Fibrotic,Fibrotic,Fibrotic,Fibrotic,Fibrotic,Fibrotic,Fibrotic,Fibrotic,Fibrotic,false,false,false,false,false,false,Lesion 11 Day 033 FG,Lesion 11 Day 047 FG,Lesion 11 Day 060 FG,Lesion 11 Day 074 FG,Lesion 11 Day 090 FG,Lesion 11 Day 101 FG,0.22725092,0.9262107,12,hot
MOX,BJ16,12,-372.34,-220.5,-327.89,-309.65,-366.79,-411.0,-426.52,-199.09,-339.98,-310.95,-401.3,-425.48,270.85,253.25,269.19,257.37,247.31,180.11,1.45,4.45,1.46,1.39,0.88,0.87,1.49,4.42,1.34,1.18,0.73,0.91,0.32,1.46,0.5,0.61,0.41,0.27,2.46,7.09,2.96,3.92,1.98,1.35,0.0,0.21,0.03,0.02,0.0,0.0,,,,,,,0.0,0.21,0.03,0.02,0.0,0.0,0.11,0.95,0.23,0.15,0.07,0.03,0.09,0.87,0.19,0.15,0.07,0.03,0.0,0.0,0.0,0.0,0.0,0.0,0.04,0.1,0.08,0.06,0.05,0.03,0.02,0.1,0.06,0.04,0.02,0.01,,,,,,0.78,Fibrotic,Fibrotic,Fibrotic,Fibrotic,Fibrotic,Fibrotic,Fibrotic,Fibrotic,Fibrotic,Fibrotic,Fibrotic,Fibrotic,false,false,false,false,false,false,Lesion 12 Day 033 FG,Lesion 12 Day 047 FG,Lesion 12 Day 060 FG,Lesion 12 Day 074 FG,Lesion 12 Day 090 FG,Lesion 12 Day 101 FG,-0.12998654,1.1990305,12,hot
MOX,BJ16,14,-266.16,-150.55,-184.57,-191.21,-173.78,-256.97,-245.02,-6.8,-73.01,-99.0,-68.36,-222.38,282.12,260.14,281.34,277.9,267.55,294.1,1.73,4.03,1.92,1.81,1.31,1.14,1.62,3.78,1.77,1.71,1.31,1.12,0.52,1.54,0.85,1.01,0.39,0.28,3.61,8.01,4.15,4.1,2.21,1.96,0.07,0.63,0.19,0.19,0.01,0.0,,,,,,,0.07,0.63,0.19,0.19,0.01,0.0,0.46,2.68,0.91,0.84,0.48,0.3,0.4,2.55,0.85,0.76,0.46,0.27,0.0,0.0,0.0,0.0,0.0,0.0,0.13,0.18,0.15,0.16,0.12,0.1,0.12,0.43,0.27,0.28,0.22,0.12,,,,,,1.26,Fibrotic,Fibrotic,Fibrotic,Fibrotic,Fibrotic,Fibrotic,Fibrotic,Fibrotic,Fibrotic,Fibrotic,Fibrotic,Fibrotic,false,false,false,false,false,false,Lesion 14 Day 033 FG,Lesion 14 Day 047 FG,Lesion 14 Day 060 FG,Lesion 14 Day 074 FG,Lesion 14 Day 090 FG,Lesion 14 Day 101 FG,-1.5698732,3.6878948,11,hot
MOX,BJ16,15,-519.77,-276.73,-310.48,-314.92,-307.08,-454.98,-564.71,-271.19,-314.52,-321.98,-328.21,-544.47,220.44,262.37,269.05,281.86,268.53,285.72,1.2,4.38,1.04,0.82,0.82,0.75,1.18,4.44,0.93,0.75,0.78,0.76,0.37,1.11,0.45,0.3,0.45,0.27,2.34,6.6,2.72,2.5,1.84,1.37,0.0,0.23,0.01,0.0,0.0,0.0,,,,,,,0.0,0.23,0.01,0.0,0.0,0.0,0.09,1.03,0.18,0.1,0.09,0.07,0.06,0.96,0.15,0.08,0.08,0.05,0.0,0.0,0.0,0.0,0.0,0.0,0.04,0.13,0.09,0.06,0.06,0.04,0.01,0.09,0.05,0.04,0.04,0.02,,,,,,0.78,Fibrotic,Fibrotic,Fibrotic,Fibrotic,Fibrotic,Fibrotic,Fibrotic,Fibrotic,Fibrotic,Fibrotic,Fibrotic,Fibrotic,false,false,false,false,false,false,Lesion 15 Day 033 FG,Lesion 15 Day 047 FG,Lesion 15 Day 060 FG,Lesion 15 Day 074 FG,Lesion 15 Day 090 FG,Lesion 15 Day 101 FG,0.037561487,0.8670003,12,hot
MOX,BJ16,16,-508.58,-281.0,-307.76,-255.19,-240.11,-336.0,-570.9,-268.31,-329.44,-255.05,-238.89,-345.47,226.65,268.0,277.39,252.2,259.5,284.44,1.07,3.76,1.02,0.69,0.9,1.16,1.01,3.63,0.78,0.65,0.84,1.09,0.39,1.56,0.54,0.24,0.42,0.51,2.35,6.92,3.05,2.3,2.15,2.64,0.0,0.2,0.01,0.0,0.0,0.01,,,,,,,0.0,0.2,0.01,0.0,0.0,0.01,0.17,0.95,0.21,0.11,0.14,0.13,0.1,0.91,0.18,0.11,0.12,0.12,0.0,0.0,0.0,0.0,0.0,0.0,0.07,0.12,0.11,0.08,0.08,0.06,0.02,0.11,0.07,0.07,0.06,0.04,,,,,,0.78,Fibrotic,Fibrotic,Fibrotic,Fibrotic,Fibrotic,Fibrotic,Fibrotic,Fibrotic,Fibrotic,Fibrotic,Fibrotic,Fibrotic,false,false,false,false,false,false,Lesion 16 Day 033 FG,Lesion 16 Day 047 FG,Lesion 16 Day 060 FG,Lesion 16 Day 074 FG,Lesion 16 Day 090 FG,Lesion 16 Day 101 FG,0.37410754,0.7471505,12,hot
PRE,BJ27,1,-207.75,-153.57,-182.38,-189.28,-229.57,-246.04,-189.42,-79.2,-130.86,-141.64,-219.51,-235.11,232.19,220.99,214.06,224.98,229.04,239.49,2.12,2.45,2.27,2.46,1.86,1.94,2.06,2.5,2.06,2.29,1.54,1.67,0.69,0.72,1.11,0.89,0.93,1.0,3.72,3.91,4.93,4.94,4.55,4.71,0.08,0.27,0.18,0.18,0.07,0.06,,,,,,,0.08,0.27,0.18,0.18,0.07,0.06,0.29,0.92,0.78,0.71,0.38,0.28,0.28,0.91,0.76,0.7,0.37,0.27,0.0,0.0,0.0,0.0,0.0,0.0,0.06,0.13,0.13,0.12,0.11,0.07,0.07,0.25,0.2,0.16,0.1,0.07,,,,,,2.82,Cavity,Cavity,Cavity,Cavity,Cavity,Cavity,Cavity,Cavity,Cavity,Cavity,Cavity,Cavity,true,true,true,true,true,true,Lesion 01z02z04 Day 036 FG,Lesion 01z02z04 Day 045 FG,Lesion 01z02z04 Day 060 FG,Lesion 01z02z04 Day 074 FG,Lesion 01z02z04 Day 088 FG,Lesion 01z02z04 Day 101 FG,-1.2230761,2.8736675,11,hot
PRE,BJ27,3,-348.43,-243.7,-339.63,-384.77,-412.9,-472.51,-360.54,-245.26,-348.39,-379.46,-424.02,-489.95,189.72,214.99,189.63,171.7,141.32,147.3,2.65,2.04,1.53,1.95,1.35,1.16,2.37,2.07,1.42,1.98,1.29,1.17,1.06,0.21,0.51,0.32,0.25,0.08,5.87,2.36,2.88,2.65,2.18,1.29,0.01,0.01,0.0,0.01,0.0,0.0,,,,,,,0.01,0.01,0.0,0.01,0.0,0.0,0.05,0.04,0.03,0.03,0.01,0.01,0.05,0.04,0.03,0.03,0.01,0.0,0.0,0.0,0.0,0.0,0.0,0.0,0.01,0.01,0.01,0.01,0.01,0.0,0.01,0.01,0.01,0.0,0.0,0.0,,,,,,1.54,Fibrotic,Fibrotic,Fibrotic,Fibrotic,Fibrotic,Fibrotic,Fibrotic,Fibrotic,Fibrotic,Fibrotic,Fibrotic,Fibrotic,false,false,false,false,false,false,Lesion 03 Day 036 FG,Lesion 03 Day 045 FG,Lesion 03 Day 060 FG,Lesion 03 Day 074 FG,Lesion 03 Day 088 FG,Lesion 03 Day 101 FG,3.8362281,2.0756388,1,cool
PRE,BJ27,6,-290.38,-269.18,-284.44,-303.89,-303.85,-327.08,-302.16,-271.91,-298.03,-311.8,-325.86,-350.2,210.31,224.84,219.23,211.04,219.18,205.99,1.41,1.46,1.11,1.17,1.04,1.14,1.43,1.5,1.09,1.2,1.0,1.16,0.29,0.39,0.4,0.3,0.31,0.34,1.85,2.21,1.86,1.72,1.62,1.76,0.0,0.0,0.0,0.0,0.0,0.0,,,,,,,0.0,0.0,0.0,0.0,0.0,0.0,0.03,0.05,0.04,0.02,0.02,0.02,0.03,0.05,0.04,0.02,0.02,0.02,0.0,0.0,0.0,0.0,0.0,0.0,0.01,0.02,0.02,0.01,0.01,0.01,0.01,0.01,0.01,0.01,0.01,0.0,,,,,,1.79,Necrotic,Necrotic,Necrotic,Necrotic,Necrotic,Necrotic,Necrotic,Necrotic,Necrotic,Necrotic,Necrotic,Necrotic,false,false,false,false,false,false,Lesion 06 Day 036 FG,Lesion 06 Day 045 FG,Lesion 06 Day 060 FG,Lesion 06 Day 074 FG,Lesion 06 Day 088 FG,Lesion 06 Day 101 FG,4.570203,2.5548587,1,cool
PRE,BJ27,7,-154.45,-58.06,-58.22,-92.47,-172.06,-130.84,-78.69,13.06,12.14,-6.32,-53.86,-66.59,228.2,187.32,191.57,218.3,276.27,218.2,2.22,2.49,2.89,2.64,2.1,2.03,2.12,2.47,2.73,2.39,1.91,1.81,0.78,0.86,1.13,1.15,0.98,0.98,4.24,4.47,5.78,5.65,5.32,5.0,0.21,0.68,0.69,0.44,0.29,0.19,,,,,,,0.21,0.68,0.69,0.44,0.29,0.19,0.89,2.45,2.63,1.86,1.31,0.87,0.88,2.43,2.6,1.83,1.24,0.86,0.0,0.0,0.0,0.0,0.0,0.0,0.14,0.17,0.16,0.18,0.17,0.13,0.25,0.8,0.74,0.53,0.4,0.29,,,,,,2.97,Cavity Consol,Cavity Consol,Cavity Consol,Cavity Consol,Cavity Consol,Cavity Consol,Cavity,Cavity,Cavity,Cavity,Cavity,Cavity,true,true,true,true,true,true,Lesion 07z08z10z11 Day 036 FG,Lesion 07z08z10z11 Day 045 FG,Lesion 07z08z10z11 Day 060 FG,Lesion 07z08z10z11 Day 074 FG,Lesion 07z08z10z11 Day 088 FG,Lesion 07z08z10z11 Day 101 FG,-4.3209915,5.9934583,0,hot
PRE,BJ27,9,-143.44,-130.13,-140.68,-235.29,-151.17,-162.38,-98.82,-50.49,-68.43,-211.35,-88.63,-101.53,183.54,202.24,229.39,208.24,184.97,174.02,0.99,1.29,1.27,0.92,0.92,0.82,1.0,1.29,1.22,0.91,0.92,0.82,0.08,0.22,0.25,0.07,0.07,0.05,1.19,1.77,2.25,1.16,1.05,0.94,0.0,0.0,0.0,0.0,0.0,0.0,,,,,,,0.0,0.0,0.0,0.0,0.0,0.0,0.01,0.04,0.03,0.02,0.02,0.02,0.01,0.04,0.03,0.02,0.02,0.02,0.0,0.0,0.0,0.0,0.0,0.0,0.0,0.01,0.01,0.01,0.01,0.01,0.01,0.02,0.02,0.01,0.02,0.01,,,,,,0.43,Fibrotic,Fibrotic,Fibrotic,Fibrotic,Fibrotic,Fibrotic,Fibrotic,Fibrotic,Fibrotic,Fibrotic,Fibrotic,Fibrotic,false,false,false,false,false,false,Lesion 09 Day 036 FG,Lesion 09 Day 045 FG,Lesion 09 Day 060 FG,Lesion 09 Day 074 FG,Lesion 09 Day 088 FG,Lesion 09 Day 101 FG,3.7138815,6.9003005,6,cool
PRE,BJ27,15,-75.54,-61.51,-25.21,-72.77,-49.54,-125.33,17.95,0.76,40.34,34.68,36.12,-33.71,239.67,180.23,190.01,237.39,215.39,242.31,2.49,2.55,2.22,2.1,1.98,1.94,2.45,2.44,2.07,1.86,1.86,1.72,0.76,0.77,0.84,0.85,0.65,0.84,4.19,4.46,4.31,4.55,3.7,4.16,0.07,0.22,0.16,0.12,0.06,0.06,,,,,,,0.07,0.22,0.16,0.12,0.06,0.06,0.26,0.79,0.63,0.6,0.31,0.29,0.25,0.78,0.61,0.57,0.29,0.28,0.0,0.0,0.0,0.0,0.0,0.0,0.02,0.05,0.04,0.06,0.03,0.05,0.07,0.26,0.22,0.2,0.12,0.1,,,,,,2.63,Cavity,Cavity,Cavity,Cavity,Cavity,Cavity,Cavity,Cavity,Cavity,Cavity,Cavity,Cavity,false,false,false,false,false,false,Lesion 15 Day 036 FG,Lesion 15 Day 045 FG,Lesion 15 Day 060 FG,Lesion 15 Day 074 FG,Lesion 15 Day 088 FG,Lesion 15 Day 101 FG,0.8845342,8.166481,2,hot
PRE,BJ27,16,-325.21,-180.14,-282.37,-295.2,-291.61,-320.88,-342.43,-126.35,-287.96,-303.61,-315.63,-352.26,209.37,222.4,220.03,223.59,218.8,215.47,1.54,1.85,1.57,1.88,1.5,1.75,1.46,1.75,1.29,1.77,1.39,1.57,0.54,0.66,0.82,0.74,0.63,0.8,2.87,3.54,3.69,3.83,2.91,3.67,0.02,0.12,0.04,0.05,0.02,0.02,,,,,,,0.02,0.12,0.04,0.05,0.02,0.02,0.15,0.56,0.23,0.23,0.1,0.12,0.14,0.55,0.23,0.22,0.1,0.12,0.0,0.0,0.0,0.0,0.0,0.0,0.06,0.11,0.09,0.07,0.04,0.04,0.03,0.18,0.05,0.04,0.03,0.02,,,,,,0.43,Fibrotic Scar,Fibrotic Scar,Fibrotic Scar,Fibrotic Scar,Fibrotic Scar,Fibrotic Scar,Fibrotic,Fibrotic,Fibrotic,Fibrotic,Fibrotic,Fibrotic,false,false,false,false,false,false,Lesion 16 Day 036 FG,Lesion 16 Day 045 FG,Lesion 16 Day 060 FG,Lesion 16 Day 074 FG,Lesion 16 Day 088 FG,Lesion 16 Day 101 FG,0.63807446,2.706608,11,hot
PRE,BJ27,17,-314.13,-203.73,-191.82,-219.11,-274.91,-307.67,-330.35,-185.8,-153.02,-205.2,-291.09,-339.93,243.62,243.29,249.82,239.04,235.76,238.6,1.14,1.68,1.44,1.56,0.97,1.01,1.02,1.65,1.36,1.49,0.88,1.04,0.44,0.6,0.75,0.6,0.41,0.35,2.46,3.02,3.1,2.87,1.94,1.74,0.0,0.03,0.02,0.01,0.0,0.0,,,,,,,0.0,0.03,0.02,0.01,0.0,0.0,0.06,0.15,0.11,0.09,0.05,0.03,0.05,0.15,0.1,0.09,0.05,0.03,0.0,0.0,0.0,0.0,0.0,0.0,0.03,0.04,0.03,0.03,0.03,0.02,0.02,0.05,0.04,0.03,0.02,0.01,,,,,,1.62,Necrotic,Necrotic,Necrotic,Necrotic,Necrotic,Necrotic,Necrotic,Necrotic,Necrotic,Necrotic,Necrotic,Necrotic,false,false,false,false,false,false,Lesion 17 Day 036 FG,Lesion 17 Day 045 FG,Lesion 17 Day 060 FG,Lesion 17 Day 074 FG,Lesion 17 Day 088 FG,Lesion 17 Day 101 FG,3.0426087,3.0321229,1,cool
PRE,BJ27,18,-287.83,-154.05,-293.34,-251.2,-239.69,-328.13,-286.05,-101.75,-310.12,-266.7,-264.5,-352.26,221.51,240.29,234.57,238.78,244.81,205.29,1.07,1.29,1.01,0.9,0.85,0.95,1.07,1.29,1.01,0.89,0.86,0.98,0.08,0.09,0.04,0.04,0.07,0.09,1.25,1.45,1.09,1.02,1.03,1.11,0.0,0.0,0.0,0.0,0.0,0.0,,,,,,,0.0,0.0,0.0,0.0,0.0,0.0,0.01,0.05,0.01,0.01,0.01,0.01,0.01,0.05,0.01,0.01,0.01,0.01,0.0,0.0,0.0,0.0,0.0,0.0,0.01,0.01,0.01,0.01,0.0,0.0,0.01,0.03,0.01,0.0,0.0,0.0,,,,,,0.7,Fibrotic Scar,Fibrotic Scar,Fibrotic Scar,Fibrotic Scar,Fibrotic Scar,Fibrotic Scar,Fibrotic,Fibrotic,Fibrotic,Fibrotic,Fibrotic,Fibrotic,false,false,false,false,false,false,Lesion 18 Day 036 FG,Lesion 18 Day 045 FG,Lesion 18 Day 060 FG,Lesion 18 Day 074 FG,Lesion 18 Day 088 FG,Lesion 18 Day 101 FG,3.3155928,3.8207805,1,cool
DEL+OPC,BJ28,1,-299.62,-182.56,-161.8,-152.47,-195.04,-241.7,-295.93,-127.69,-82.19,-80.96,-155.88,-230.79,189.68,243.87,228.55,247.54,248.06,242.39,1.33,2.56,1.42,1.39,1.61,1.25,1.29,2.39,1.3,1.27,1.45,1.16,0.34,1.02,0.61,0.63,0.8,0.51,2.04,4.93,3.03,3.1,3.86,2.52,0.0,0.15,0.05,0.03,0.04,0.01,,,,,,,0.0,0.15,0.05,0.03,0.04,0.01,0.07,0.58,0.35,0.2,0.21,0.11,0.07,0.56,0.34,0.2,0.21,0.1,0.0,0.0,0.0,0.0,0.0,0.0,0.03,0.09,0.09,0.06,0.06,0.05,0.02,0.13,0.15,0.09,0.07,0.04,,,,,,2.58,Fibrotic,Fibrotic,Fibrotic,Fibrotic,Fibrotic,Fibrotic,Fibrotic,Fibrotic,Fibrotic,Fibrotic,Fibrotic,Fibrotic,false,false,false,false,false,false,Lesion 01 Day 033 FG,Lesion 01 Day 046 FG,Lesion 01 Day 060 FG,Lesion 01 Day 074 FG,Lesion 01 Day 088 FG,Lesion 01 Day 102 FG,0.31458563,2.5644815,12,hot
DEL+OPC,BJ28,2,-405.89,-372.05,-382.32,-450.79,-182.58,-488.46,-435.46,-386.48,-395.58,-472.98,-139.71,-508.3,135.13,184.87,173.11,139.82,238.52,89.24,0.4,1.15,0.53,0.32,1.6,0.26,0.41,1.14,0.54,0.31,1.44,0.27,0.08,0.29,0.14,0.04,0.82,0.03,0.55,1.98,0.78,0.39,3.86,0.3,0.0,0.0,0.0,0.0,0.04,0.0,,,,,,,0.0,0.0,0.0,0.0,0.04,0.0,0.0,0.03,0.01,0.0,0.19,0.0,0.0,0.02,0.01,0.0,0.19,0.0,0.0,0.0,0.0,0.0,0.0,0.0,0.01,0.02,0.01,0.01,0.05,0.0,0.0,0.0,0.0,0.0,0.07,0.0,,,,,,0.78,Fibrotic,Fibrotic,Fibrotic,Fibrotic,Fibrotic,Fibrotic,Fibrotic,Fibrotic,Fibrotic,Fibrotic,Fibrotic,Fibrotic,false,false,false,false,false,false,Lesion 02 Day 033 FG,Lesion 02 Day 046 FG,Lesion 02 Day 060 FG,Lesion 02 Day 074 FG,Lesion 01 Day 088 JF,Lesion 02 Day 102 FG,7.8936214,3.0490232,13,cool
DEL+OPC,BJ28,3,-721.25,-441.63,-425.0,-413.75,-468.34,-478.87,-724.64,-455.76,-436.55,-438.09,-495.62,-506.29,48.53,128.32,167.42,137.33,116.29,104.94,0.26,1.19,0.56,0.44,0.38,0.4,0.26,1.13,0.57,0.46,0.39,0.41,0.04,0.24,0.14,0.07,0.04,0.03,0.3,1.63,0.75,0.53,0.41,0.44,0.0,0.0,0.0,0.0,0.0,0.0,,,,,,,0.0,0.0,0.0,0.0,0.0,0.0,0.0,0.02,0.01,0.0,0.0,0.0,0.0,0.02,0.01,0.0,0.0,0.0,0.0,0.0,0.0,0.0,0.0,0.0,0.0,0.01,0.01,0.01,0.0,0.0,0.0,0.0,0.0,0.0,0.0,0.0,,,,,,0.78,Necrotic,Necrotic,Necrotic,Necrotic,Necrotic,Necrotic,Necrotic,Necrotic,Necrotic,Necrotic,Necrotic,Necrotic,false,false,false,false,false,false,Lesion 03 Day 033 FG,Lesion 03 Day 046 FG,Lesion 03 Day 060 FG,Lesion 03 Day 074 FG,Lesion 02 Day 088 JF,Lesion 03 Day 102 FG,12.084556,5.690004,7,cool
DEL+OPC,BJ28,4,-352.03,-136.06,-288.9,-340.34,-466.98,-395.25,-376.81,-64.52,-293.16,-347.79,-493.6,-409.77,171.56,211.17,195.98,203.04,153.76,147.7,1.12,1.14,1.06,0.86,0.41,0.76,1.03,0.92,1.03,0.87,0.41,0.75,0.45,0.63,0.33,0.18,0.06,0.09,2.47,4.22,1.82,1.18,0.54,0.94,0.0,0.02,0.0,0.0,0.0,0.0,,,,,,,0.0,0.02,0.0,0.0,0.0,0.0,0.05,0.29,0.05,0.02,0.0,0.01,0.05,0.29,0.05,0.02,0.0,0.01,0.0,0.0,0.0,0.0,0.0,0.0,0.03,0.08,0.02,0.02,0.01,0.01,0.01,0.17,0.02,0.01,0.0,0.0,,,,,,2.18,Fibrotic,Fibrotic,Fibrotic,Fibrotic,Fibrotic,Fibrotic,Fibrotic,Fibrotic,Fibrotic,Fibrotic,Fibrotic,Fibrotic,false,false,false,false,false,false,Lesion 04 Day 033 FG,Lesion 04 Day 046 FG,Lesion 04 Day 060 FG,Lesion 04 Day 074 FG,Lesion 03 Day 088 JF,Lesion 04 Day 102 FG,4.282462,7.282891,6,cool
DEL+OPC,BJ28,5,-283.9,-208.91,-349.27,-351.43,-397.88,-351.02,-299.97,-178.63,-371.0,-360.1,-424.84,-363.51,223.93,233.66,211.98,179.52,190.23,185.27,0.39,0.94,0.28,0.26,0.91,0.34,0.41,0.93,0.27,0.27,0.91,0.35,0.06,0.09,0.04,0.02,0.08,0.03,0.48,1.16,0.38,0.32,1.14,0.41,0.0,0.0,0.0,0.0,0.0,0.0,,,,,,,0.0,0.0,0.0,0.0,0.0,0.0,0.0,0.03,0.01,0.0,0.02,0.0,0.0,0.03,0.01,0.0,0.02,0.0,0.0,0.0,0.0,0.0,0.0,0.0,0.01,0.01,0.02,0.01,0.02,0.01,0.01,0.02,0.01,0.0,0.0,0.0,,,,,,0.78,Fibrotic,Fibrotic,Fibrotic,Fibrotic,Fibrotic,Fibrotic,Fibrotic,Fibrotic,Fibrotic,Fibrotic,Fibrotic,Fibrotic,false,false,false,false,false,false,Lesion 05 Day 033 FG,Lesion 05 Day 046 FG,Lesion 05 Day 060 FG,Lesion 05 Day 074 FG,Lesion 04 Day 088 JF,Lesion 05 Day 102 FG,3.8604064,3.6005158,1,cool
DEL+OPC,BJ28,7,-314.9,-73.81,-146.81,-281.81,-172.13,-259.81,-324.24,14.95,-59.66,-296.47,-196.33,-250.9,196.73,201.53,234.04,231.88,283.31,224.67,1.81,2.74,1.56,1.12,0.41,1.61,1.85,2.45,1.52,1.07,0.41,1.55,0.46,1.43,0.49,0.32,0.06,0.37,2.62,6.5,2.73,2.13,0.53,2.42,0.03,0.22,0.04,0.0,0.0,0.01,,,,,,,0.03,0.22,0.04,0.0,0.0,0.01,0.13,1.0,0.36,0.14,0.01,0.09,0.13,0.99,0.35,0.13,0.01,0.09,0.0,0.0,0.0,0.0,0.0,0.0,0.05,0.07,0.07,0.07,0.01,0.03,0.02,0.29,0.14,0.05,0.01,0.03,,,,,,4.53,Cavity,Cavity,Cavity,Cavity,Cavity,Cavity,Cavity,Cavity,Cavity,Cavity,Cavity,Cavity,false,false,false,false,false,false,Lesion 07 Day 033 FG,Lesion 07 Day 046 FG,Lesion 07 Day 060 FG,Lesion 07 Day 074 FG,Lesion 06 Day 088 JF,Lesion 07 Day 102 FG,-0.27946088,4.301447,15,hot
DEL+OPC,BJ28,8,-168.95,-231.16,-191.09,-175.5,-271.13,-233.44,-91.68,-211.23,-147.74,-105.59,-267.11,-196.61,222.34,227.16,230.08,228.48,238.37,226.24,1.09,3.13,1.61,1.6,1.4,1.58,1.01,3.01,1.59,1.54,1.32,1.5,0.34,1.11,0.51,0.49,0.34,0.44,2.02,5.59,2.79,2.74,2.55,2.51,0.0,0.07,0.02,0.01,0.01,0.01,,,,,,,0.0,0.07,0.02,0.01,0.01,0.01,0.07,0.25,0.12,0.09,0.09,0.06,0.07,0.25,0.12,0.09,0.09,0.06,0.0,0.0,0.0,0.0,0.0,0.0,0.02,0.04,0.03,0.02,0.03,0.02,0.04,0.04,0.04,0.04,0.03,0.02,,,,,,3.33,Necrotic,Necrotic,Necrotic,Necrotic,Necrotic,Necrotic,Necrotic,Necrotic,Necrotic,Necrotic,Necrotic,Necrotic,false,false,false,false,false,false,Lesion 08 Day 033 FG,Lesion 08 Day 046 FG,Lesion 08 Day 060 FG,Lesion 08 Day 074 FG,Lesion 07 Day 088 JF,Lesion 08 Day 102 FG,0.7990035,1.3467311,12,hot
DEL+OPC,BJ28,9,-444.2,-319.14,-286.89,-398.61,-264.87,-442.48,-469.84,-339.61,-307.5,-448.36,-242.84,-464.06,124.39,211.52,235.79,194.46,239.11,115.85,0.62,1.23,0.68,0.37,1.22,0.36,0.62,1.17,0.73,0.36,1.02,0.35,0.11,0.39,0.22,0.07,0.49,0.09,0.95,2.16,1.04,0.53,2.78,0.57,0.0,0.0,0.0,0.0,0.0,0.0,,,,,,,0.0,0.0,0.0,0.0,0.0,0.0,0.0,0.02,0.01,0.0,0.05,0.0,0.0,0.02,0.01,0.0,0.05,0.0,0.0,0.0,0.0,0.0,0.0,0.0,0.01,0.01,0.01,0.01,0.02,0.0,0.0,0.0,0.0,0.0,0.02,0.0,,,,,,0.78,Fibrotic,Fibrotic,Fibrotic,Fibrotic,Fibrotic,Fibrotic,Fibrotic,Fibrotic,Fibrotic,Fibrotic,Fibrotic,Fibrotic,false,false,false,false,false,false,Lesion 09 Day 033 FG,Lesion 09 Day 046 FG,Lesion 09 Day 060 FG,Lesion 09 Day 074 FG,Lesion 08 Day 088 JF,Lesion 09 Day 102 FG,6.414801,2.3236015,13,cool
DEL+OPC,BJ28,10,-238.41,-226.7,-252.93,-259.15,-447.2,-305.99,-223.12,-190.86,-231.72,-255.42,-457.2,-317.26,235.12,248.23,252.1,240.87,146.49,244.68,1.73,2.76,1.3,1.15,0.63,1.14,1.71,2.61,1.25,1.1,0.66,1.0,0.51,1.01,0.5,0.45,0.13,0.51,2.9,5.71,2.46,2.12,0.9,2.49,0.07,0.42,0.04,0.01,0.0,0.01,,,,,,,0.07,0.42,0.04,0.01,0.0,0.01,0.37,1.59,0.53,0.28,0.0,0.13,0.36,1.52,0.5,0.27,0.0,0.12,0.0,0.0,0.0,0.0,0.0,0.0,0.11,0.23,0.19,0.13,0.0,0.06,0.11,0.32,0.19,0.11,0.0,0.04,,,,,,0.78,Fibrotic,Fibrotic,Fibrotic,Fibrotic,Fibrotic,Fibrotic,Fibrotic,Fibrotic,Fibrotic,Fibrotic,Fibrotic,Fibrotic,true,true,true,true,false,true,Lesion 10z11 Day 033 FG,Lesion 10z11 Day 046 FG,Lesion 10z11 Day 060 FG,Lesion 10z11 Day 074 FG,Lesion 09 Day 088 JF,Lesion 10z11 Day 102 FG,-1.5598736,2.9608798,11,hot
DEL+OPC,BJ28,12,-213.02,33.43,30.25,-99.29,-284.74,-235.39,-162.46,31.25,59.14,1.14,-297.44,-194.59,183.88,43.85,141.43,209.85,234.64,225.16,2.18,4.58,2.42,1.89,1.31,1.37,2.09,4.39,2.49,1.91,1.18,1.36,0.76,1.31,0.7,0.4,0.64,0.18,3.91,7.79,3.78,2.63,2.69,1.75,0.02,0.23,0.08,0.03,0.04,0.0,,,,,,,0.02,0.23,0.08,0.03,0.04,0.0,0.09,1.05,0.3,0.14,0.23,0.08,0.09,1.05,0.29,0.14,0.22,0.08,0.0,0.0,0.0,0.0,0.0,0.0,0.02,0.0,0.01,0.02,0.09,0.03,0.02,0.23,0.1,0.06,0.07,0.03,,,,,,1.62,Fibrotic,Fibrotic,Fibrotic,Fibrotic,Fibrotic,Fibrotic,Fibrotic,Fibrotic,Fibrotic,Fibrotic,Fibrotic,Fibrotic,false,false,false,false,true,false,Lesion 12 Day 033 FG,Lesion 12 Day 046 FG,Lesion 12 Day 060 FG,Lesion 12 Day 074 FG,Lesion 10z11 Day 088 JF,Lesion 12 Day 102 FG,-0.5604403,10.628539,4,hot
DEL+OPC,BJ28,13,-142.81,-175.5,-191.73,-238.37,-318.6,-353.1,-49.21,-115.46,-170.27,-210.27,-313.62,-339.38,214.65,232.62,236.84,219.54,198.98,180.74,1.78,1.61,1.03,0.59,0.72,0.92,1.83,1.5,1.03,0.57,0.69,0.92,0.21,0.35,0.14,0.14,0.11,0.13,2.26,3.15,1.3,0.86,0.98,1.27,0.0,0.01,0.0,0.0,0.0,0.0,,,,,,,0.0,0.01,0.0,0.0,0.0,0.0,0.06,0.07,0.04,0.02,0.01,0.02,0.06,0.07,0.04,0.02,0.01,0.02,0.0,0.0,0.0,0.0,0.0,0.0,0.01,0.02,0.02,0.01,0.01,0.01,0.02,0.03,0.02,0.01,0.01,0.01,,,,,,0.78,Necrotic,Necrotic,Necrotic,Necrotic,Necrotic,Necrotic,Necrotic,Necrotic,Necrotic,Necrotic,Necrotic,Necrotic,false,false,false,false,false,false,Lesion 13 Day 033 FG,Lesion 13 Day 046 FG,Lesion 13 Day 060 FG,Lesion 13 Day 074 FG,Lesion 12 Day 088 JF,Lesion 13 Day 102 FG,3.08581,3.6283295,1,cool
PZA,BJ45,1,-209.92,-121.41,-65.95,-79.82,-44.92,-2.98,-157.82,-20.55,22.96,17.69,20.28,36.37,248.28,225.1,200.3,210.7,178.67,142.72,2.05,2.94,2.68,2.32,1.81,2.9,2.06,2.92,2.64,2.3,1.77,2.8,0.8,0.8,0.84,0.53,0.42,0.78,4.47,5.02,4.6,3.78,3.47,5.94,0.18,0.68,1.03,0.94,0.42,1.41,,,,,,,0.18,0.68,1.03,0.94,0.42,1.41,0.7,2.36,3.61,3.09,2.65,4.54,0.59,2.11,3.4,2.88,2.54,4.44,0.0,0.0,0.0,0.0,0.0,0.0,0.13,0.23,0.28,0.28,0.27,0.16,0.15,0.49,0.99,0.93,1.14,1.38,,,,,,5.53,Necrotic Consol,Necrotic Consol,Necrotic Consol,Necrotic Consol,Necrotic Consol,Necrotic Consol,Necrotic,Necrotic,Necrotic,Necrotic,Necrotic,Necrotic,true,true,true,true,true,true,Lesion 01 Day 038 FG,Lesion 01 Day 051 FG,Lesion 01 Day 064 FG,Lesion 01 Day 080 FG,Lesion 01 Day 092 FG,Lesion 01 Day 105 FG,-2.6062236,3.983317,11,hot
PZA,BJ45,2,-299.39,-199.98,-150.4,-124.65,-141.76,-105.51,-310.35,-107.14,-55.41,-19.43,-51.92,-4.88,221.18,276.77,241.06,235.55,237.61,242.8,1.55,2.96,2.76,2.45,1.73,2.23,1.46,2.85,2.75,2.41,1.69,2.0,0.65,1.12,0.84,0.7,0.49,1.1,3.23,6.14,5.49,4.16,3.05,6.1,0.11,1.04,1.42,1.18,0.41,0.62,,,,,,,0.11,1.04,1.42,1.18,0.41,0.62,0.72,4.0,4.93,4.18,2.67,2.76,0.56,3.43,4.42,3.79,2.36,2.49,0.0,0.0,0.0,0.0,0.0,0.0,0.25,0.43,0.6,0.52,0.5,0.33,0.11,0.72,1.0,1.02,0.84,0.81,,,,,,5.54,Necrotic Consol,Necrotic Consol,Necrotic Consol,Necrotic Consol,Necrotic Consol,Necrotic Consol,Necrotic,Necrotic,Necrotic,Necrotic,Necrotic,Necrotic,true,true,true,true,true,true,Lesion 02z03z04z05z06 Day 038 FG,Lesion 02z03z04z05z06 Day 051 FG,Lesion 02z03z04z05z06 Day 064 FG,Lesion 02z03z04z05z06 Day 080 FG,Lesion 02z03z04z05z06 Day 092 FG,Lesion 02z03z04z05z06 Day 105 FG,-2.2518046,3.5173275,11,hot
PZA,BJ45,7,-199.21,-75.05,-44.62,-70.79,-100.99,-82.81,-137.21,12.43,27.09,9.45,-0.35,9.55,242.34,203.69,191.52,206.71,221.7,223.65,2.31,3.84,2.98,2.59,1.92,3.09,2.33,3.85,2.97,2.58,1.97,3.01,0.62,0.91,0.79,0.45,0.34,0.95,3.67,6.44,5.01,3.75,2.59,5.99,0.37,0.81,0.9,0.76,0.42,1.04,,,,,,,0.37,0.81,0.9,0.76,0.42,1.04,1.19,3.14,3.11,2.17,1.73,3.67,1.02,2.97,2.93,2.03,1.58,3.43,0.0,0.0,0.0,0.0,0.0,0.0,0.2,0.17,0.15,0.17,0.21,0.27,0.24,0.6,0.82,0.61,0.62,0.84,,,,,,5.48,Necrotic Consol,Necrotic Consol,Necrotic Consol,Necrotic Consol,Necrotic Consol,Necrotic Consol,Necrotic,Necrotic,Necrotic,Necrotic,Necrotic,Necrotic,true,true,true,true,true,true,Lesion 07 Day 038 FG,Lesion 07 Day 051 FG,Lesion 07 Day 064 FG,Lesion 07 Day 080 FG,Lesion 07 Day 092 FG,Lesion 07 Day 105 FG,-2.7689345,5.1221523,11,hot
PZA,BJ45,8,-361.7,-197.28,-188.92,-225.6,-203.37,-365.0,-368.06,-140.12,-131.71,-174.09,-153.0,-371.99,197.5,245.82,244.77,269.19,250.01,314.34,1.59,2.96,2.34,1.56,0.84,1.35,1.53,2.98,2.36,1.51,0.7,1.28,0.42,1.01,0.85,0.67,0.44,0.36,2.4,5.07,3.9,2.82,2.08,2.12,0.02,0.24,0.22,0.07,0.0,0.01,,,,,,,0.02,0.24,0.22,0.07,0.0,0.01,0.14,0.87,0.79,0.37,0.12,0.25,0.1,0.75,0.7,0.3,0.1,0.16,0.0,0.0,0.0,0.0,0.0,0.0,0.05,0.11,0.13,0.09,0.06,0.07,0.01,0.13,0.16,0.1,0.06,0.05,,,,,,4.2,Necrotic,Necrotic,Necrotic,Necrotic,Necrotic,Necrotic,Necrotic,Necrotic,Necrotic,Necrotic,Necrotic,Necrotic,false,false,false,false,false,false,Lesion 08 Day 038 FG,Lesion 08 Day 051 FG,Lesion 08 Day 064 FG,Lesion 08 Day 080 FG,Lesion 08 Day 092 FG,Lesion 08 Day 105 FG,-0.4049772,2.120036,12,hot
PZA,BJ45,9,-443.25,-283.16,-288.66,-331.77,-388.23,-432.13,-477.3,-286.5,-309.08,-357.63,-414.98,-460.68,166.11,230.07,231.35,249.63,236.64,237.95,0.93,2.25,0.99,1.03,1.11,0.74,0.93,2.1,0.95,0.99,1.12,0.72,0.14,0.8,0.3,0.31,0.18,0.12,1.21,4.11,2.24,1.79,1.46,1.04,0.0,0.04,0.0,0.0,0.0,0.0,,,,,,,0.0,0.04,0.0,0.0,0.0,0.0,0.02,0.19,0.08,0.06,0.03,0.02,0.01,0.15,0.06,0.04,0.02,0.01,0.0,0.0,0.0,0.0,0.0,0.0,0.01,0.04,0.04,0.03,0.02,0.01,0.0,0.02,0.02,0.01,0.0,0.0,,,,,,0.48,Fibrotic,Fibrotic,Fibrotic,Fibrotic,Fibrotic,Fibrotic,Fibrotic,Fibrotic,Fibrotic,Fibrotic,Fibrotic,Fibrotic,false,false,false,false,false,false,Lesion 09 Day 038 FG,Lesion 09 Day 051 FG,Lesion 09 Day 064 FG,Lesion 09 Day 080 FG,Lesion 09 Day 092 FG,Lesion 09 Day 105 FG,3.2038605,1.2014434,1,cool
PZA,BK34,1,-481.48,-273.33,-107.94,-158.25,-143.95,-121.03,-480.0,-301.0,-56.0,-104.0,-74.0,-61.0,53.94,170.5,143.51,169.7,170.66,158.62,0.53,1.29,1.14,1.9,1.3,1.13,0.52,1.22,1.04,1.79,1.25,1.12,0.07,0.42,0.32,0.75,0.37,0.25,0.74,2.23,2.08,4.1,2.31,2.0,0.0,0.03,0.04,0.13,0.05,0.02,0.0,0.03,0.04,0.13,0.05,0.02,0.0,0.01,0.0,0.08,0.01,0.0,0.0,0.12,0.26,0.4,0.25,0.25,0.0,0.11,0.26,0.39,0.24,0.25,0.0,0.013452914798206277,0.019230769230769232,0.03170731707317073,0.021645021645021644,0.01,0.0,0.06,0.06,0.08,0.07,0.06,0.0,0.03,0.16,0.12,0.12,0.15,,,,,,2.72,Fibrotic,Fibrotic,Fibrotic,Fibrotic,Fibrotic,Fibrotic,Fibrotic,Fibrotic,Fibrotic,Fibrotic,Fibrotic,Fibrotic,true,true,true,true,true,true,Lesion 01z02 Day 029 AA,Lesion 01z02 Day 049 AA,Lesion 01z02 Day 064 AA,Lesion 01z02 Day 077 AA,Lesion 01z02 Day 091 AA,Lesion 01z02 Day 102 AA,8.740584,5.220874,8,cool
PZA,BK34,3,-553.39,-401.15,-323.86,-304.49,-380.04,-560.47,-547.0,-409.0,-320.0,-310.0,-387.0,-577.0,85.45,141.1,131.65,131.86,123.63,93.6,0.83,0.83,0.63,0.67,0.7,0.62,0.85,0.83,0.63,0.66,0.7,0.61,0.11,0.09,0.07,0.1,0.11,0.05,1.03,1.09,0.79,0.98,0.95,0.77,0.0,0.0,0.0,0.0,0.0,0.0,0.0,0.0,0.0,0.0,0.0,0.0,0.0,0.0,0.0,0.0,0.0,0.0,0.0,0.0,0.0,0.0,0.0,0.0,0.0,0.0,0.0,0.0,0.0,0.0,0.0,0.0,0.0,0.0,0.0,0.0,0.0,0.0,0.0,0.0,0.0,0.0,0.0,0.0,0.0,0.0,0.0,0.0,,,,,,1.32,Fibrotic,Fibrotic,Fibrotic,Fibrotic,Fibrotic,Fibrotic,Fibrotic,Fibrotic,Fibrotic,Fibrotic,Fibrotic,Fibrotic,false,false,false,false,false,false,Lesion 03 Day 029 AA,Lesion 03 Day 049 AA,Lesion 03 Day 064 AA,Lesion 03 Day 077 AA,Lesion 03 Day 091 AA,Lesion 03 Day 102 AA,10.724668,5.7245293,7,cool
PZA,BK34,4,-416.23,-178.23,-174.62,-133.86,-149.18,-184.25,-451.0,-144.0,-137.0,-80.0,-95.0,-151.0,164.92,156.9,163.59,154.26,156.33,158.82,0.36,1.44,1.29,2.21,1.39,1.08,0.35,1.4,1.24,2.19,1.3,1.03,0.05,0.5,0.43,0.79,0.58,0.34,0.62,3.1,2.48,4.16,3.15,2.21,0.0,0.07,0.06,0.2,0.08,0.02,0.0,0.07,0.06,0.2,0.08,0.02,0.0,0.03,0.02,0.15,0.03,0.0,0.03,0.22,0.28,0.54,0.3,0.21,0.02,0.22,0.28,0.53,0.29,0.21,0.0,0.023102310231023104,0.024193548387096774,0.04807692307692308,0.025396825396825397,0.00904977375565611,0.04,0.07,0.11,0.08,0.08,0.09,0.01,0.08,0.12,0.16,0.13,0.1,,,,,,3.41,Cavity,Cavity,Cavity,Cavity,Cavity,Cavity,Cavity,Cavity,Cavity,Cavity,Cavity,Cavity,true,true,true,true,true,true,Lesion 04z06z07 Day 029 AA,Lesion 04z06z07 Day 049 AA,Lesion 04z06z07 Day 064 AA,Lesion 04z06z07 Day 077 AA,Lesion 04z06z07 Day 091 AA,Lesion 04z06z07 Day 102 AA,5.5057826,9.552796,3,cool
PZA,BK34,5,-478.72,-278.34,-210.73,-221.19,-184.84,-218.86,-497.0,-269.0,-194.0,-177.0,-146.0,-180.0,115.75,142.56,163.67,172.24,147.16,165.68,0.67,0.92,0.8,1.44,1.46,1.3,0.64,0.89,0.76,1.36,1.36,1.19,0.12,0.2,0.18,0.45,0.51,0.42,1.0,1.7,1.34,2.66,2.75,2.43,0.0,0.0,0.0,0.02,0.03,0.03,0.0,0.0,0.0,0.02,0.03,0.03,0.0,0.0,0.0,0.01,0.02,0.01,0.0,0.02,0.03,0.09,0.13,0.15,0.0,0.02,0.03,0.08,0.13,0.14,0.0,0.0,0.0,0.007518796992481203,0.010909090909090908,0.012345679012345678,0.0,0.01,0.02,0.03,0.04,0.06,0.0,0.01,0.02,0.03,0.05,0.05,,,,,,3.96,Necrotic,Necrotic,Necrotic,Necrotic,Necrotic,Necrotic,Necrotic,Necrotic,Necrotic,Necrotic,Necrotic,Necrotic,false,false,false,false,false,false,Lesion 05 Day 029 AA,Lesion 05 Day 049 AA,Lesion 05 Day 064 AA,Lesion 05 Day 077 AA,Lesion 05 Day 091 AA,Lesion 05 Day 102 AA,9.105438,8.247035,8,cool
PZA,BK34,8,-558.81,-297.86,-280.13,-311.47,-315.32,-319.35,-576.0,-325.0,-296.0,-322.0,-339.0,-337.0,93.57,159.55,159.31,167.75,162.5,154.55,0.39,0.94,0.75,0.86,0.66,0.57,0.39,0.91,0.75,0.87,0.66,0.57,0.04,0.17,0.09,0.16,0.07,0.05,0.49,1.37,1.21,1.98,0.88,0.66,0.0,0.0,0.0,0.0,0.0,0.0,0.0,0.0,0.0,0.0,0.0,0.0,0.0,0.0,0.0,0.0,0.0,0.0,0.0,0.06,0.05,0.04,0.02,0.01,0.0,0.05,0.05,0.04,0.02,0.01,0.0,0.0,0.0,0.0,0.0,0.0,0.0,0.04,0.05,0.03,0.02,0.02,0.0,0.01,0.02,0.01,0.01,0.0,,,,,,2.37,Necrotic,Necrotic,Necrotic,Necrotic,Necrotic,Necrotic,Necrotic,Necrotic,Necrotic,Necrotic,Necrotic,Necrotic,true,true,true,true,true,true,Lesion 08z09 Day 029 AA,Lesion 08z09 Day 049 AA,Lesion 08z09 Day 064 AA,Lesion 08z09 Day 077 AA,Lesion 08z09 Day 091 AA,Lesion 08z09 Day 102 AA,8.928615,5.82733,8,cool
PZA,BK34,10,-534.56,-219.12,-219.49,-227.4,-248.58,-287.49,-552.0,-203.0,-201.0,-203.0,-233.0,-289.0,82.1,152.26,161.08,176.58,162.28,150.5,0.43,1.99,1.1,1.47,1.41,0.7,0.41,1.78,1.02,1.34,1.16,0.62,0.12,1.02,0.43,0.62,0.83,0.28,0.96,5.46,2.99,4.18,4.57,1.85,0.0,0.04,0.01,0.02,0.01,0.0,0.0,0.04,0.01,0.02,0.01,0.0,0.0,0.02,0.0,0.01,0.01,0.0,0.01,0.11,0.08,0.09,0.06,0.02,0.0,0.11,0.08,0.08,0.06,0.02,0.0,0.007092198581560284,0.0032679738562091504,0.006230529595015576,0.002188183807439825,0.0,0.01,0.03,0.04,0.03,0.02,0.02,0.0,0.02,0.03,0.02,0.02,0.01,,,,,,2.51,Fibrotic,Fibrotic,Fibrotic,Fibrotic,Fibrotic,Fibrotic,Fibrotic,Fibrotic,Fibrotic,Fibrotic,Fibrotic,Fibrotic,false,false,false,false,false,false,Lesion 10 Day 029 AA,Lesion 10 Day 049 AA,Lesion 10 Day 064 AA,Lesion 10 Day 077 AA,Lesion 10 Day 091 AA,Lesion 10 Day 102 AA,3.9210756,6.013687,10,cool
PZA,BK34,11,-548.46,-314.33,-278.28,-305.01,-395.92,-609.47,-556.0,-324.0,-293.0,-319.0,-421.0,-644.0,68.29,112.7,139.7,139.03,106.11,124.29,0.82,2.7,1.6,2.0,3.07,0.94,0.79,2.62,1.49,1.83,3.08,0.91,0.21,0.89,0.58,0.82,0.96,0.33,1.3,5.12,3.24,4.3,5.05,1.81,0.0,0.01,0.01,0.01,0.01,0.0,0.0,0.01,0.01,0.01,0.01,0.0,0.0,0.01,0.0,0.0,0.0,0.0,0.0,0.03,0.02,0.02,0.02,0.01,0.0,0.02,0.02,0.02,0.02,0.0,0.0,0.001953125,0.0030864197530864196,0.002325581395348837,0.0019120458891013384,0.0,0.0,0.01,0.01,0.01,0.01,0.0,0.0,0.0,0.0,0.0,0.0,0.0,,,,,,2.51,Fibrotic,Fibrotic,Fibrotic,Fibrotic,Fibrotic,Fibrotic,Fibrotic,Fibrotic,Fibrotic,Fibrotic,Fibrotic,Fibrotic,false,false,false,false,false,false,Lesion 11 Day 029 AA,Lesion 11 Day 049 AA,Lesion 11 Day 064 AA,Lesion 11 Day 077 AA,Lesion 11 Day 091 AA,Lesion 11 Day 102 AA,2.8788366,5.340583,10,cool
PZA,BK34,12,-642.94,-287.29,-247.78,-227.08,-227.36,-271.04,-644.0,-289.0,-244.0,-218.0,-223.0,-281.0,55.5,121.13,155.15,166.66,160.26,160.95,0.34,0.7,0.77,1.78,1.27,1.02,0.34,0.69,0.73,1.65,1.07,0.9,0.05,0.18,0.28,0.67,0.6,0.4,0.54,1.06,1.39,3.65,3.12,2.25,0.0,0.0,0.0,0.08,0.07,0.03,0.0,0.0,0.0,0.08,0.07,0.03,0.0,0.0,0.0,0.04,0.03,0.01,0.0,0.01,0.07,0.23,0.3,0.24,0.0,0.01,0.07,0.22,0.29,0.22,0.0,0.0,0.0,0.021917808219178082,0.022435897435897436,0.013333333333333332,0.0,0.02,0.06,0.07,0.14,0.16,0.0,0.0,0.03,0.05,0.08,0.06,,,,,,3.74,Necrotic,Necrotic,Necrotic,Necrotic,Necrotic,Necrotic,Necrotic,Necrotic,Necrotic,Necrotic,Necrotic,Necrotic,false,false,false,false,false,false,Lesion 12 Day 029 AA,Lesion 12 Day 049 AA,Lesion 12 Day 064 AA,Lesion 12 Day 077 AA,Lesion 12 Day 091 AA,Lesion 12 Day 102 AA,9.429557,9.025968,3,cool
PZA,BK34,13,-372.1,-177.99,-185.79,-193.94,-179.06,-177.61,-382.0,-135.0,-139.0,-155.0,-147.0,-126.0,120.49,163.03,178.43,172.49,155.32,164.6,0.31,1.46,0.97,1.48,1.17,1.08,0.3,1.34,0.94,1.38,1.13,1.03,0.04,0.63,0.39,0.58,0.48,0.32,0.44,3.11,1.8,2.85,2.15,1.84,0.0,0.04,0.01,0.05,0.03,0.01,0.0,0.04,0.01,0.05,0.03,0.01,0.0,0.02,0.0,0.02,0.0,0.0,0.0,0.13,0.11,0.15,0.11,0.1,0.0,0.13,0.1,0.15,0.11,0.1,0.0,0.012861736334405146,0.005555555555555556,0.017543859649122806,0.013953488372093023,0.005434782608695652,0.01,0.04,0.05,0.05,0.04,0.04,0.0,0.05,0.06,0.05,0.05,0.05,,,,,,4.36,Cavity,Cavity,Cavity,Cavity,Cavity,Cavity,Cavity,Cavity,Cavity,Cavity,Cavity,Cavity,false,false,false,false,false,false,Lesion 13 Day 029 AA,Lesion 13 Day 049 AA,Lesion 13 Day 064 AA,Lesion 13 Day 077 AA,Lesion 13 Day 091 AA,Lesion 13 Day 102 AA,5.1421323,8.814787,6,cool
PZA,BK34,14,-303.08,-154.4,-120.58,-148.81,-117.62,-95.7,-312.0,-101.0,-59.0,-77.0,-40.0,-23.0,147.47,168.8,169.07,181.17,173.35,167.47,0.47,1.5,1.12,1.72,1.87,1.76,0.5,1.35,1.04,1.59,1.67,1.8,0.15,0.72,0.49,0.78,1.02,0.73,0.95,3.88,2.69,3.94,4.7,3.61,0.0,0.24,0.2,0.42,0.48,0.78,0.0,0.24,0.2,0.42,0.48,0.78,0.0,0.12,0.03,0.27,0.35,0.57,0.02,0.88,0.9,1.35,1.61,2.38,0.02,0.87,0.89,1.3,1.56,2.34,0.0,0.061855670103092786,0.07434944237918216,0.1065989847715736,0.10212765957446808,0.21606648199445985,0.04,0.24,0.26,0.27,0.22,0.34,0.01,0.33,0.54,0.47,0.62,0.95,,,,,,5.8,Necrotic,Necrotic,Necrotic,Necrotic,Necrotic,Necrotic,Necrotic,Necrotic,Necrotic,Necrotic,Necrotic,Necrotic,true,true,true,true,true,true,Lesion 14z15z16z17z18 Day 029 AA,Lesion 14z15z16z17z18 Day 049 AA,Lesion 14z15z16z17z18 Day 064 AA,Lesion 14z15z16z17z18 Day 077 AA,Lesion 14z15z16z17z18 Day 091 AA,Lesion 14z15z16z17z18 Day 102 AA,-4.6862473,10.075836,5,hot
PZA,BK34,19,-404.57,-218.14,-168.89,-130.64,-205.96,-215.06,-436.0,-193.0,-124.0,-72.0,-174.0,-184.0,147.02,169.71,162.85,166.65,175.45,184.67,0.35,1.31,1.23,2.03,1.26,1.15,0.34,1.16,1.18,1.96,1.11,1.06,0.09,0.65,0.47,0.78,0.58,0.51,0.62,3.03,2.62,4.25,3.19,2.92,0.0,0.3,0.34,0.83,0.28,0.19,0.0,0.3,0.34,0.83,0.28,0.19,0.0,0.16,0.06,0.58,0.13,0.06,0.05,1.09,1.35,2.38,1.12,0.85,0.03,1.05,1.3,2.34,1.07,0.81,0.0,0.09316770186335403,0.1297709923664122,0.1952941176470588,0.08777429467084641,0.06506849315068493,0.09,0.44,0.46,0.36,0.42,0.36,0.01,0.35,0.59,0.76,0.41,0.33,,,,,,4.68,Cavity,Cavity,Cavity,Cavity,Cavity,Cavity,Cavity,Cavity,Cavity,Cavity,Cavity,Cavity,true,true,true,true,true,true,Lesion 19z20z21z22 Day 029 AA,Lesion 19z20z21z22 Day 049 AA,Lesion 19z20z21z22 Day 064 AA,Lesion 19z20z21z22 Day 077 AA,Lesion 19z20z21z22 Day 091 AA,Lesion 19z20z21z22 Day 102 AA,-4.6231203,10.254027,5,hot
DEL+OPC,BL01,1,-219.32,-99.39,-156.59,-269.03,-334.4,-373.93,-225.81,-9.49,-102.02,-273.04,-353.02,-398.08,222.61,206.76,217.18,219.27,199.2,181.27,1.8,1.89,1.3,0.68,0.98,0.85,1.77,1.44,1.2,0.67,0.89,0.82,0.44,1.16,0.6,0.22,0.39,0.24,3.48,5.44,2.58,1.26,2.64,2.26,0.02,0.19,0.07,0.0,0.0,0.0,,,,,,,0.02,0.19,0.07,0.0,0.0,0.0,0.16,0.97,0.51,0.13,0.13,0.11,0.16,0.96,0.51,0.13,0.12,0.1,0.0,0.0,0.0,0.0,0.0,0.0,0.05,0.13,0.14,0.11,0.09,0.1,0.04,0.38,0.24,0.08,0.03,0.02,,,,,,2.76,Cavity,Cavity,Cavity,Cavity,Cavity,Cavity,Cavity,Cavity,Cavity,Cavity,Cavity,Cavity,true,true,true,true,true,true,Lesion 01z01a Day 033 FG,Lesion 01z01a Day 046 FG,Lesion 01z01a Day 060 FG,Lesion 01z01a Day 074 FG,Lesion 01z01a Day 088 FG,Lesion 01z01a Day 102 FG,-1.8578224,3.8560243,11,hot
DEL+OPC,BL01,2,-296.04,-209.52,-323.3,-313.98,-266.46,-328.3,-305.67,-180.59,-323.97,-339.23,-279.42,-358.93,212.43,218.89,221.69,217.74,206.07,206.64,1.08,2.97,0.96,0.58,0.83,0.87,1.02,3.02,0.93,0.55,0.77,0.81,0.32,0.8,0.36,0.19,0.37,0.29,2.01,4.42,1.68,1.01,1.83,1.48,0.0,0.12,0.0,0.0,0.0,0.0,,,,,,,0.0,0.12,0.0,0.0,0.0,0.0,0.06,0.41,0.17,0.02,0.03,0.03,0.06,0.4,0.16,0.02,0.03,0.03,0.0,0.0,0.0,0.0,0.0,0.0,0.04,0.06,0.11,0.03,0.02,0.02,0.02,0.07,0.05,0.01,0.01,0.01,,,,,,3.32,Cavity,Cavity,Cavity,Cavity,Cavity,Cavity,Cavity,Cavity,Cavity,Cavity,Cavity,Cavity,false,false,false,false,false,false,Lesion 02 Day 033 FG,Lesion 02 Day 046 FG,Lesion 02 Day 060 FG,Lesion 02 Day 074 FG,Lesion 02 Day 088 FG,Lesion 02 Day 102 FG,0.55570096,1.6361723,12,hot
DEL+OPC,BL01,3,-297.85,-271.55,-256.06,-365.21,-402.74,-442.39,-330.24,-251.88,-256.15,-365.3,-414.35,-468.13,197.07,167.79,182.38,176.71,138.83,137.75,1.07,1.27,0.73,0.38,0.52,0.42,1.05,1.09,0.69,0.36,0.52,0.42,0.24,0.39,0.19,0.07,0.05,0.05,1.53,2.46,1.28,0.54,0.62,0.57,0.0,0.0,0.0,0.0,0.0,0.0,,,,,,,0.0,0.0,0.0,0.0,0.0,0.0,0.03,0.07,0.02,0.01,0.0,0.0,0.03,0.07,0.02,0.01,0.0,0.0,0.0,0.0,0.0,0.0,0.0,0.0,0.02,0.03,0.02,0.01,0.01,0.01,0.01,0.02,0.01,0.0,0.0,0.0,,,,,,0.64,Necrotic,Necrotic,Necrotic,Necrotic,Necrotic,Necrotic,Necrotic,Necrotic,Necrotic,Necrotic,Necrotic,Necrotic,false,false,false,false,false,false,Lesion 03 Day 033 FG,Lesion 03 Day 046 FG,Lesion 03 Day 060 FG,Lesion 03 Day 074 FG,Lesion 03 Day 088 FG,Lesion 03 Day 102 FG,8.101643,5.411317,8,cool
DEL+OPC,BL01,4,-320.06,-299.17,-259.54,-344.2,-361.83,-375.15,-365.04,-310.95,-272.59,-349.26,-377.55,-400.14,220.73,207.06,236.56,206.62,178.93,185.9,1.22,1.42,1.46,1.62,1.12,1.2,1.2,1.31,1.43,1.68,1.12,1.2,0.23,0.41,0.38,0.28,0.28,0.26,1.88,2.65,2.33,2.19,1.58,1.62,0.0,0.0,0.0,0.0,0.0,0.0,,,,,,,0.0,0.0,0.0,0.0,0.0,0.0,0.02,0.04,0.03,0.02,0.01,0.01,0.02,0.04,0.03,0.02,0.01,0.01,0.0,0.0,0.0,0.0,0.0,0.0,0.01,0.02,0.01,0.01,0.01,0.01,0.01,0.01,0.01,0.0,0.0,0.0,,,,,,2.05,Necrotic,Necrotic,Necrotic,Necrotic,Necrotic,Necrotic,Necrotic,Necrotic,Necrotic,Necrotic,Necrotic,Necrotic,false,false,false,false,false,false,Lesion 04 Day 033 FG,Lesion 04 Day 046 FG,Lesion 04 Day 060 FG,Lesion 04 Day 074 FG,Lesion 04 Day 088 FG,Lesion 04 Day 102 FG,6.4513426,2.4676492,13,cool
DEL+OPC,BL01,5,-306.27,-231.12,-280.48,-357.43,-402.16,-427.81,-315.9,-217.25,-282.87,-381.35,-428.66,-449.59,195.75,215.91,208.45,178.77,157.26,146.02,1.31,2.3,0.99,0.54,0.66,0.37,1.3,2.25,0.93,0.48,0.64,0.37,0.37,0.99,0.45,0.22,0.14,0.1,2.05,4.28,2.04,1.11,0.97,0.64,0.0,0.08,0.0,0.0,0.0,0.0,,,,,,,0.0,0.08,0.0,0.0,0.0,0.0,0.1,0.33,0.1,0.03,0.02,0.01,0.1,0.33,0.1,0.03,0.02,0.01,0.0,0.0,0.0,0.0,0.0,0.0,0.05,0.08,0.06,0.04,0.03,0.02,0.02,0.07,0.04,0.01,0.0,0.0,,,,,,0.78,Fibrotic,Fibrotic,Fibrotic,Fibrotic,Fibrotic,Fibrotic,Fibrotic,Fibrotic,Fibrotic,Fibrotic,Fibrotic,Fibrotic,false,false,false,false,false,false,Lesion 05 Day 033 FG,Lesion 05 Day 046 FG,Lesion 05 Day 060 FG,Lesion 05 Day 074 FG,Lesion 05 Day 088 FG,Lesion 05 Day 102 FG,2.3686526,1.5324744,1,cool
DEL+OPC,BL01,6,-359.28,-323.28,-320.86,-380.69,-429.77,-434.38,-393.71,-333.36,-350.69,-415.45,-457.28,-455.77,191.81,205.21,200.63,188.82,156.63,126.15,0.84,1.32,0.73,0.48,0.49,0.37,0.85,1.29,0.75,0.49,0.49,0.38,0.2,0.55,0.2,0.13,0.11,0.05,1.23,2.33,1.03,0.76,0.71,0.46,0.0,0.01,0.0,0.0,0.0,0.0,,,,,,,0.0,0.01,0.0,0.0,0.0,0.0,0.04,0.05,0.02,0.01,0.01,0.0,0.04,0.05,0.02,0.01,0.01,0.0,0.0,0.0,0.0,0.0,0.0,0.0,0.04,0.03,0.02,0.01,0.01,0.0,0.01,0.01,0.01,0.0,0.0,0.0,,,,,,1.97,Fibrotic,Fibrotic,Fibrotic,Fibrotic,Fibrotic,Fibrotic,Fibrotic,Fibrotic,Fibrotic,Fibrotic,Fibrotic,Fibrotic,false,false,false,false,false,false,Lesion 06 Day 033 FG,Lesion 06 Day 046 FG,Lesion 06 Day 060 FG,Lesion 06 Day 074 FG,Lesion 06 Day 088 FG,Lesion 06 Day 102 FG,6.7044616,2.4792235,13,cool
DEL+OPC,BL01,7,-364.0,-257.4,-311.29,-365.96,-368.21,-430.84,-393.71,-257.99,-321.91,-373.32,-393.91,-455.77,170.62,229.96,211.96,191.97,170.9,131.19,0.91,1.65,0.6,0.36,0.62,0.28,0.88,1.56,0.58,0.34,0.62,0.27,0.18,0.39,0.19,0.07,0.07,0.03,1.23,2.48,1.0,0.49,0.73,0.36,0.0,0.01,0.0,0.0,0.0,0.0,,,,,,,0.0,0.01,0.0,0.0,0.0,0.0,0.02,0.05,0.01,0.0,0.0,0.0,0.02,0.05,0.01,0.0,0.0,0.0,0.0,0.0,0.0,0.0,0.0,0.0,0.02,0.02,0.01,0.01,0.01,0.01,0.0,0.01,0.01,0.0,0.0,0.0,,,,,,2.63,Fibrotic,Fibrotic,Fibrotic,Fibrotic,Fibrotic,Fibrotic,Fibrotic,Fibrotic,Fibrotic,Fibrotic,Fibrotic,Fibrotic,false,false,false,false,false,false,Lesion 07 Day 033 FG,Lesion 07 Day 046 FG,Lesion 07 Day 060 FG,Lesion 07 Day 074 FG,Lesion 07 Day 088 FG,Lesion 07 Day 102 FG,4.300363,2.4091299,1,cool
DEL+OPC,BL01,8,-117.3,-96.26,-114.72,-132.49,-175.27,-206.96,-62.02,-50.23,-97.91,-106.56,-166.98,-229.12,208.91,197.31,194.86,227.38,256.02,247.05,2.55,4.13,2.33,1.73,3.68,2.86,2.17,3.67,2.38,1.52,3.09,2.55,1.24,1.68,0.72,0.89,1.71,1.1,6.05,8.48,3.48,3.51,7.22,5.12,0.03,0.08,0.05,0.01,0.02,0.02,,,,,,,0.03,0.08,0.05,0.01,0.02,0.02,0.13,0.34,0.18,0.04,0.1,0.07,0.12,0.33,0.17,0.04,0.09,0.07,0.0,0.0,0.0,0.0,0.0,0.0,0.01,0.02,0.02,0.01,0.01,0.01,0.03,0.05,0.04,0.02,0.01,0.01,,,,,,2.76,Necrotic,Necrotic,Necrotic,Necrotic,Necrotic,Necrotic,Necrotic,Necrotic,Necrotic,Necrotic,Necrotic,Necrotic,false,false,false,false,false,false,Lesion 08 Day 033 FG,Lesion 08 Day 046 FG,Lesion 08 Day 060 FG,Lesion 08 Day 074 FG,Lesion 08 Day 088 FG,Lesion 08 Day 102 FG,0.3896594,5.4910502,2,hot
DEL+OPC,BL01,9,-268.3,-270.76,-323.17,-305.06,-349.0,-361.21,-307.71,-298.73,-365.07,-333.21,-391.86,-402.2,250.4,236.84,218.82,230.13,219.25,202.17,0.98,1.52,0.77,0.44,0.67,0.64,0.95,1.36,0.73,0.43,0.66,0.65,0.18,0.6,0.2,0.08,0.09,0.06,1.35,3.0,1.22,0.58,0.91,0.75,0.0,0.01,0.0,0.0,0.0,0.0,,,,,,,0.0,0.01,0.0,0.0,0.0,0.0,0.02,0.06,0.02,0.01,0.01,0.01,0.02,0.06,0.02,0.01,0.01,0.01,0.0,0.0,0.0,0.0,0.0,0.0,0.02,0.03,0.02,0.01,0.01,0.01,0.01,0.02,0.01,0.0,0.0,0.0,,,,,,0.88,Cavity,Cavity,Cavity,Cavity,Cavity,Cavity,Cavity,Cavity,Cavity,Cavity,Cavity,Cavity,false,false,false,false,false,false,Lesion 09 Day 033 FG,Lesion 09 Day 046 FG,Lesion 09 Day 060 FG,Lesion 09 Day 074 FG,Lesion 09 Day 088 FG,Lesion 09 Day 102 FG,4.3866143,2.5177562,1,cool
DEL+OPC,BL01,10,-334.83,-231.27,-302.32,-316.36,-306.47,-313.38,-367.09,-223.36,-313.7,-341.23,-334.62,-342.45,208.46,230.02,204.07,216.22,220.81,212.54,1.0,1.86,0.66,0.54,0.8,0.65,0.99,1.87,0.65,0.53,0.7,0.64,0.25,0.61,0.17,0.13,0.31,0.2,1.47,3.05,1.01,0.8,1.45,1.11,0.0,0.02,0.0,0.0,0.0,0.0,,,,,,,0.0,0.02,0.0,0.0,0.0,0.0,0.03,0.1,0.02,0.01,0.01,0.01,0.03,0.1,0.02,0.01,0.01,0.01,0.0,0.0,0.0,0.0,0.0,0.0,0.02,0.03,0.02,0.01,0.01,0.01,0.01,0.03,0.01,0.01,0.01,0.01,,,,,,1.74,Cavity,Cavity,Cavity,Cavity,Cavity,Cavity,Cavity,Cavity,Cavity,Cavity,Cavity,Cavity,false,false,false,false,false,false,Lesion 10 Day 033 FG,Lesion 10 Day 046 FG,Lesion 10 Day 060 FG,Lesion 10 Day 074 FG,Lesion 10 Day 088 FG,Lesion 10 Day 102 FG,3.5023284,2.5281541,1,cool
OPC,BL15,1,-532.98,-390.03,-415.62,-467.07,-436.86,-383.77,-543.21,-409.66,-434.87,-485.81,-455.77,-402.04,128.87,171.07,136.16,161.07,198.0,199.55,0.75,0.7,0.65,0.61,1.16,0.82,0.77,0.72,0.67,0.57,1.13,0.83,0.13,0.24,0.19,0.15,0.29,0.12,0.97,1.27,1.08,0.88,1.69,1.04,0.0,0.0,0.0,0.0,0.0,0.0,,,,,,,0.0,0.0,0.0,0.0,0.0,0.0,0.0,0.01,0.0,0.0,0.01,0.01,0.0,0.0,0.0,0.0,0.0,0.0,0.0,0.0,0.0,0.0,0.0,0.0,0.0,0.01,0.0,0.0,0.0,0.0,0.0,0.0,0.0,0.0,0.0,0.0,,,,,,2.82,Fibrotic,Fibrotic,Fibrotic,Fibrotic,Fibrotic,Fibrotic,Fibrotic,Fibrotic,Fibrotic,Fibrotic,Fibrotic,Fibrotic,false,false,false,false,false,false,Lesion 01 Day 036 JF,Lesion 01 Day 050 JF,Lesion 01 Day 064 JF,Lesion 01 Day 080 JF,Lesion 01 Day 093 JF,Lesion 01 Day 105 JF,9.032272,4.2940574,8,cool
OPC,BL15,2,-304.9,-245.59,-281.82,-286.89,-296.12,-314.58,-338.59,-237.88,-291.75,-299.27,-320.88,-343.44,218.04,229.95,238.02,223.52,238.28,221.0,2.0,2.15,1.68,1.19,1.12,0.96,2.02,2.18,1.62,1.19,1.11,0.95,0.51,0.58,0.57,0.37,0.34,0.22,3.0,3.32,2.94,1.92,1.84,1.48,0.03,0.14,0.03,0.0,0.0,0.0,,,,,,,0.03,0.14,0.03,0.0,0.0,0.0,0.1,0.5,0.16,0.06,0.05,0.04,0.08,0.42,0.13,0.04,0.04,0.03,0.0,0.0,0.0,0.0,0.0,0.0,0.03,0.12,0.05,0.03,0.02,0.02,0.01,0.08,0.03,0.01,0.01,0.01,,,,,,1.46,Necrotic,Necrotic,Necrotic,Necrotic,Necrotic,Necrotic,Necrotic,Necrotic,Necrotic,Necrotic,Necrotic,Necrotic,false,false,false,false,false,false,Lesion 02 Day 036 JF,Lesion 02 Day 050 JF,Lesion 02 Day 064 JF,Lesion 02 Day 080 JF,Lesion 02 Day 093 JF,Lesion 02 Day 105 JF,1.6888692,2.193771,1,cool
OPC,BL15,3,-260.4,-171.86,-202.98,-263.68,-245.96,-336.41,-254.7,-123.35,-173.18,-268.53,-257.53,-358.52,218.99,231.96,241.03,257.72,238.46,217.28,2.86,3.06,2.22,1.53,1.86,1.32,2.83,2.98,2.21,1.4,1.75,1.14,0.86,0.83,0.81,0.44,0.6,0.48,5.39,4.67,3.81,2.4,2.98,2.52,0.07,0.15,0.09,0.02,0.03,0.01,,,,,,,0.07,0.15,0.09,0.02,0.03,0.01,0.22,0.52,0.34,0.13,0.11,0.07,0.19,0.47,0.29,0.1,0.1,0.05,0.0,0.0,0.0,0.0,0.0,0.0,0.04,0.08,0.06,0.04,0.03,0.03,0.02,0.08,0.06,0.03,0.02,0.01,,,,,,1.08,Fibrotic,Fibrotic,Fibrotic,Fibrotic,Fibrotic,Fibrotic,Fibrotic,Fibrotic,Fibrotic,Fibrotic,Fibrotic,Fibrotic,true,true,true,true,true,true,Lesion 03z04 Day 036 JF,Lesion 03z04 Day 050 JF,Lesion 03z04 Day 064 JF,Lesion 03z04 Day 080 JF,Lesion 03z04 Day 093 JF,Lesion 03z04 Day 105 JF,-0.1851804,2.4503934,12,hot
OPC,BL15,5,-133.84,-168.4,-215.38,-213.85,-117.08,-160.62,-46.0,-115.17,-185.44,-166.04,-24.55,-91.06,221.08,227.49,242.7,226.23,220.5,237.43,1.46,2.02,1.53,1.04,1.26,1.02,1.46,2.03,1.51,1.03,1.28,0.99,0.22,0.38,0.25,0.11,0.21,0.17,1.89,2.79,2.07,1.34,1.6,1.53,0.0,0.04,0.0,0.0,0.0,0.0,,,,,,,0.0,0.04,0.0,0.0,0.0,0.0,0.03,0.16,0.1,0.03,0.05,0.02,0.03,0.13,0.08,0.02,0.05,0.02,0.0,0.0,0.0,0.0,0.0,0.0,0.01,0.03,0.03,0.01,0.01,0.01,0.01,0.04,0.02,0.01,0.02,0.01,,,,,,3.17,Cavity,Cavity,Cavity,Cavity,Cavity,Cavity,Cavity,Cavity,Cavity,Cavity,Cavity,Cavity,false,false,false,false,false,false,Lesion 05 Day 036 JF,Lesion 05 Day 050 JF,Lesion 05 Day 064 JF,Lesion 05 Day 080 JF,Lesion 05 Day 093 JF,Lesion 05 Day 105 JF,2.6162822,3.6534193,1,cool
OPC,BL15,6,-231.62,-116.41,-192.13,-265.7,-250.62,-351.24,-230.15,-19.06,-117.98,-268.53,-257.53,-427.03,232.63,225.53,269.82,247.65,278.09,298.95,1.68,2.62,1.33,0.83,1.06,0.9,1.6,2.63,1.19,0.84,1.07,0.93,0.57,0.79,0.43,0.21,0.13,0.13,3.44,4.36,2.51,1.44,1.27,1.15,0.03,0.24,0.02,0.0,0.0,0.0,,,,,,,0.03,0.24,0.02,0.0,0.0,0.0,0.16,0.84,0.26,0.06,0.06,0.04,0.13,0.77,0.21,0.05,0.05,0.02,0.0,0.0,0.0,0.0,0.0,0.0,0.05,0.09,0.07,0.04,0.02,0.01,0.04,0.2,0.1,0.03,0.02,0.01,,,,,,1.69,Fibrotic,Fibrotic,Fibrotic,Fibrotic,Fibrotic,Fibrotic,Fibrotic,Fibrotic,Fibrotic,Fibrotic,Fibrotic,Fibrotic,true,true,true,true,true,true,Lesion 06z07z08 Day 036 JF,Lesion 06z07z08 Day 050 JF,Lesion 06z07z08 Day 064 JF,Lesion 06z07z08 Day 080 JF,Lesion 06z07z08 Day 093 JF,Lesion 06z07z08 Day 105 JF,-0.24276291,3.6023629,15,hot
OPC,BL15,9,-177.84,-88.18,-111.54,-177.93,-153.71,-219.55,-113.52,9.57,-28.02,-116.84,-112.43,-175.09,221.97,209.12,212.13,252.05,236.11,260.63,1.84,2.73,1.95,1.32,1.18,1.27,1.68,2.66,1.78,1.29,1.15,1.23,0.75,0.8,0.67,0.44,0.29,0.36,3.74,4.54,3.65,2.63,2.08,2.37,0.11,0.28,0.13,0.01,0.0,0.01,,,,,,,0.11,0.28,0.13,0.01,0.0,0.01,0.52,0.94,0.61,0.29,0.19,0.2,0.45,0.89,0.57,0.25,0.16,0.17,0.0,0.0,0.0,0.0,0.0,0.0,0.11,0.08,0.1,0.08,0.07,0.07,0.13,0.24,0.2,0.1,0.07,0.06,,,,,,2.87,Necrotic,Necrotic,Necrotic,Necrotic,Necrotic,Necrotic,Necrotic,Necrotic,Necrotic,Necrotic,Necrotic,Necrotic,true,true,true,true,true,true,Lesion 09z10 Day 036 JF,Lesion 09z10 Day 050 JF,Lesion 09z10 Day 064 JF,Lesion 09z10 Day 080 JF,Lesion 09z10 Day 093 JF,Lesion 09z10 Day 105 JF,-0.045450173,4.026145,15,hot
OPC,BL15,11,-305.42,-219.58,-237.76,-286.28,-299.59,-336.61,-330.41,-194.93,-230.42,-307.47,-327.01,-361.96,219.4,226.64,222.95,231.04,221.97,252.83,2.25,2.38,1.8,1.01,0.89,0.92,2.23,2.41,1.8,1.0,0.87,0.92,0.49,0.66,0.51,0.36,0.3,0.27,3.24,3.85,2.86,1.79,1.56,1.46,0.06,0.11,0.04,0.0,0.0,0.0,,,,,,,0.06,0.11,0.04,0.0,0.0,0.0,0.19,0.39,0.18,0.06,0.05,0.05,0.15,0.35,0.15,0.05,0.04,0.04,0.0,0.0,0.0,0.0,0.0,0.0,0.05,0.07,0.05,0.03,0.03,0.03,0.02,0.06,0.03,0.01,0.01,0.01,,,,,,2.24,Necrotic,Necrotic,Necrotic,Necrotic,Necrotic,Necrotic,Necrotic,Necrotic,Necrotic,Necrotic,Necrotic,Necrotic,false,false,false,false,false,false,Lesion 11 Day 036 JF,Lesion 11 Day 050 JF,Lesion 11 Day 064 JF,Lesion 11 Day 080 JF,Lesion 11 Day 093 JF,Lesion 11 Day 105 JF,2.3105989,1.5532467,1,cool
OPC,BL15,12,-322.0,-190.07,-263.3,-458.66,-300.59,-351.37,-332.46,-149.94,-250.86,-469.41,-300.45,-353.06,188.58,201.24,197.5,206.38,199.93,231.54,2.06,2.09,1.6,1.16,1.02,1.21,2.06,2.07,1.6,1.1,1.03,1.26,0.49,0.69,0.41,0.46,0.29,0.23,3.1,3.4,2.54,2.32,1.53,1.64,0.03,0.05,0.01,0.0,0.0,0.0,,,,,,,0.03,0.05,0.01,0.0,0.0,0.0,0.1,0.2,0.09,0.05,0.03,0.04,0.09,0.19,0.08,0.03,0.02,0.03,0.0,0.0,0.0,0.0,0.0,0.0,0.03,0.05,0.03,0.02,0.02,0.02,0.01,0.04,0.01,0.0,0.01,0.01,,,,,,3.2,Cavity,Cavity,Cavity,Cavity,Cavity,Cavity,Cavity,Cavity,Cavity,Cavity,Cavity,Cavity,false,false,false,false,false,false,Lesion 12 Day 036 JF,Lesion 12 Day 050 JF,Lesion 12 Day 064 JF,Lesion 12 Day 080 JF,Lesion 12 Day 093 JF,Lesion 12 Day 105 JF,2.8566062,3.4238994,1,cool
OPC,BL15,13,-298.47,-166.54,-233.93,-351.31,-266.35,-217.92,-303.81,-117.22,-216.11,-368.97,-261.61,-198.07,254.43,230.64,238.55,275.12,245.46,223.64,1.47,1.83,0.97,0.72,0.48,0.59,1.47,1.79,0.98,0.69,0.49,0.58,0.32,0.46,0.26,0.2,0.12,0.15,2.12,2.86,1.58,1.16,0.79,0.9,0.0,0.04,0.0,0.0,0.0,0.0,,,,,,,0.0,0.04,0.0,0.0,0.0,0.0,0.08,0.16,0.06,0.04,0.01,0.02,0.06,0.15,0.05,0.03,0.01,0.02,0.0,0.0,0.0,0.0,0.0,0.0,0.02,0.04,0.03,0.02,0.01,0.01,0.02,0.05,0.02,0.01,0.01,0.01,,,,,,3.63,Cavity,Cavity,Cavity,Cavity,Cavity,Cavity,Cavity,Cavity,Cavity,Cavity,Cavity,Cavity,false,false,false,false,false,false,Lesion 13 Day 036 JF,Lesion 13 Day 050 JF,Lesion 13 Day 064 JF,Lesion 13 Day 080 JF,Lesion 13 Day 093 JF,Lesion 13 Day 105 JF,2.6416693,3.5205638,1,cool
OPC,BL15,14,-309.94,-207.17,-297.43,-257.65,-250.74,-257.45,-320.18,-182.66,-283.58,-250.08,-235.05,-253.95,210.22,193.77,260.59,220.41,251.86,215.93,1.83,2.25,1.63,1.5,0.85,1.2,1.74,2.26,1.56,1.48,0.78,1.11,0.53,0.57,0.48,0.44,0.39,0.52,2.89,3.35,2.72,2.55,1.86,2.51,0.03,0.13,0.03,0.01,0.0,0.01,,,,,,,0.03,0.13,0.03,0.01,0.0,0.01,0.13,0.44,0.19,0.11,0.09,0.12,0.1,0.41,0.16,0.09,0.07,0.1,0.0,0.0,0.0,0.0,0.0,0.0,0.04,0.11,0.05,0.04,0.05,0.05,0.02,0.07,0.04,0.02,0.04,0.03,,,,,,2.9,Cavity,Cavity,Cavity,Cavity,Cavity,Cavity,Cavity,Cavity,Cavity,Cavity,Cavity,Cavity,false,false,false,false,false,false,Lesion 14 Day 036 JF,Lesion 14 Day 050 JF,Lesion 14 Day 064 JF,Lesion 14 Day 080 JF,Lesion 14 Day 093 JF,Lesion 14 Day 105 JF,1.0634451,2.4729598,1,cool
OPC,BL15,15,-526.48,-358.78,-396.42,-469.2,-572.71,-572.6,-524.79,-403.52,-420.55,-475.56,-600.87,-602.99,158.88,214.19,226.7,153.7,138.58,107.12,0.8,1.36,0.5,0.38,0.31,0.24,0.86,1.45,0.49,0.37,0.31,0.24,0.09,0.21,0.07,0.05,0.03,0.02,0.94,1.72,0.64,0.45,0.38,0.29,0.0,0.0,0.0,0.0,0.0,0.0,,,,,,,0.0,0.0,0.0,0.0,0.0,0.0,0.0,0.01,0.0,0.0,0.0,0.0,0.0,0.01,0.0,0.0,0.0,0.0,0.0,0.0,0.0,0.0,0.0,0.0,0.0,0.01,0.0,0.0,0.0,0.0,0.0,0.0,0.0,0.0,0.0,0.0,,,,,,2.77,Fibrotic,Fibrotic,Fibrotic,Fibrotic,Fibrotic,Fibrotic,Fibrotic,Fibrotic,Fibrotic,Fibrotic,Fibrotic,Fibrotic,false,false,false,false,false,false,Lesion 15 Day 036 JF,Lesion 15 Day 050 JF,Lesion 15 Day 064 JF,Lesion 15 Day 080 JF,Lesion 15 Day 093 JF,Lesion 15 Day 105 JF,6.702198,2.2622795,13,cool
OPC,BL15,16,-289.63,-190.83,-225.71,-255.61,-311.4,-315.17,-303.81,-147.89,-199.75,-258.28,-339.27,-350.47,205.15,229.3,217.81,218.68,226.5,222.9,1.16,2.19,1.31,1.14,0.74,0.55,1.14,2.15,1.27,1.14,0.72,0.53,0.34,0.79,0.52,0.28,0.17,0.09,2.16,4.22,2.37,1.81,1.34,0.88,0.0,0.15,0.03,0.0,0.0,0.0,,,,,,,0.0,0.15,0.03,0.0,0.0,0.0,0.13,0.59,0.26,0.11,0.05,0.03,0.11,0.51,0.22,0.1,0.04,0.02,0.0,0.0,0.0,0.0,0.0,0.0,0.07,0.11,0.1,0.05,0.04,0.03,0.03,0.11,0.07,0.03,0.02,0.01,,,,,,1.54,Necrotic,Necrotic,Necrotic,Necrotic,Necrotic,Necrotic,Necrotic,Necrotic,Necrotic,Necrotic,Necrotic,Necrotic,true,true,true,true,true,true,Lesion 16z17 Day 036 JF,Lesion 16z17 Day 050 JF,Lesion 16z17 Day 064 JF,Lesion 16z17 Day 080 JF,Lesion 16z17 Day 093 JF,Lesion 16z17 Day 105 JF,0.8370928,2.491211,11,hot
RIF,BM01,1,-60.12,-53.29,-76.93,-51.15,-174.39,-178.23,-12.58,4.9,-7.95,10.04,-127.06,-129.68,159.87,172.41,221.29,186.11,200.34,206.43,1.25,1.97,1.61,0.95,1.06,1.07,1.29,2.02,1.63,0.95,1.09,1.07,0.33,0.38,0.18,0.11,0.19,0.18,1.95,2.69,2.06,1.19,1.53,1.43,0.0,0.1,0.0,0.0,0.0,0.0,,,,,,,0.0,0.1,0.0,0.0,0.0,0.0,0.26,0.38,0.31,0.15,0.1,0.09,0.26,0.38,0.31,0.15,0.1,0.08,0.0,0.0,0.0,0.0,0.0,0.0,0.02,0.03,0.03,0.02,0.04,0.03,0.18,0.17,0.16,0.13,0.06,0.05,,,,,,0.78,Fibrotic,Fibrotic,Fibrotic,Fibrotic,Fibrotic,Fibrotic,Fibrotic,Fibrotic,Fibrotic,Fibrotic,Fibrotic,Fibrotic,false,false,false,false,false,false,Lesion 01 Day 036 FG,Lesion 01 Day 051 FG,Lesion 01 Day 064 FG,Lesion 01 Day 078 FG,Lesion 01 Day 092 FG,Lesion 01 Day 105 FG,1.9243505,8.830292,6,cool
RIF,BM01,2,-387.89,-376.34,-424.13,-542.05,-741.18,-700.6,-441.89,-370.99,-450.52,-603.1,-779.0,-737.68,202.23,185.55,198.53,166.56,146.05,97.59,1.05,0.85,1.04,0.63,0.64,0.85,0.89,0.8,1.04,0.63,0.63,0.84,0.43,0.23,0.18,0.05,0.07,0.13,2.47,1.45,1.45,0.72,0.81,1.05,0.0,0.0,0.0,0.0,0.0,0.0,,,,,,,0.0,0.0,0.0,0.0,0.0,0.0,0.01,0.01,0.01,0.0,0.0,0.0,0.01,0.01,0.01,0.0,0.0,0.0,0.0,0.0,0.0,0.0,0.0,0.0,0.01,0.01,0.01,0.0,0.0,0.0,0.0,0.0,0.0,0.0,0.0,0.0,,,,,,0.78,Fibrotic,Fibrotic,Fibrotic,Fibrotic,Fibrotic,Fibrotic,Fibrotic,Fibrotic,Fibrotic,Fibrotic,Fibrotic,Fibrotic,false,false,false,false,false,false,Lesion 02 Day 036 FG,Lesion 02 Day 051 FG,Lesion 02 Day 064 FG,Lesion 02 Day 078 FG,Lesion 02 Day 092 FG,Lesion 02 Day 105 FG,8.203951,3.4136217,13,cool
RIF,BM01,4,-308.86,-236.96,-201.62,-239.05,-246.88,-308.36,-314.09,-206.67,-160.91,-237.09,-235.06,-318.79,235.84,237.0,224.63,234.3,216.88,242.14,1.9,2.09,1.62,1.08,1.32,0.85,1.82,1.98,1.41,0.99,1.02,0.75,0.73,0.78,0.66,0.38,0.82,0.48,3.57,3.85,3.12,2.0,3.27,2.18,0.03,0.08,0.04,0.0,0.03,0.0,,,,,,,0.03,0.08,0.04,0.0,0.03,0.0,0.11,0.33,0.26,0.16,0.18,0.11,0.11,0.32,0.26,0.15,0.18,0.1,0.0,0.0,0.0,0.0,0.0,0.0,0.04,0.07,0.07,0.07,0.07,0.08,0.02,0.07,0.08,0.06,0.06,0.04,,,,,,0.95,Cavity,Cavity,Cavity,Cavity,Cavity,Cavity,Cavity,Cavity,Cavity,Cavity,Cavity,Cavity,false,false,false,false,false,false,Lesion 04 Day 036 FG,Lesion 04 Day 051 FG,Lesion 04 Day 064 FG,Lesion 04 Day 078 FG,Lesion 04 Day 092 FG,Lesion 04 Day 105 FG,2.4750674,1.9143928,1,cool
RIF,BM01,5,-243.53,-88.25,-134.24,-150.66,-186.47,-180.39,-202.27,29.55,-28.35,-80.97,-130.06,-131.45,283.85,246.77,255.18,225.2,231.27,237.83,2.75,3.18,2.65,1.4,1.46,1.31,2.44,3.07,2.54,1.38,1.26,1.21,1.13,1.17,0.94,0.63,0.77,0.47,5.76,5.81,4.73,2.84,3.35,2.59,0.24,0.52,0.38,0.11,0.07,0.02,,,,,,,0.24,0.52,0.38,0.11,0.07,0.02,0.93,1.99,1.45,0.59,0.38,0.33,0.87,1.73,1.37,0.57,0.38,0.32,0.0,0.0,0.0,0.0,0.0,0.0,0.14,0.13,0.13,0.14,0.1,0.08,0.18,0.39,0.32,0.28,0.15,0.14,,,,,,1.98,Necrotic,Necrotic,Necrotic,Necrotic,Necrotic,Necrotic,Necrotic,Necrotic,Necrotic,Necrotic,Necrotic,Necrotic,false,false,false,false,false,false,Lesion 05 Day 036 FG,Lesion 05 Day 051 FG,Lesion 05 Day 064 FG,Lesion 05 Day 078 FG,Lesion 05 Day 092 FG,Lesion 05 Day 105 FG,-1.2452686,3.55122,11,hot
RIF,BM01,6,-279.86,-91.88,-171.68,-175.29,-230.17,-199.44,-270.16,-1.26,-30.39,-114.01,-165.06,-162.38,257.45,236.44,281.98,238.61,280.96,235.34,2.06,3.09,2.29,1.19,2.34,1.07,1.92,2.92,2.1,1.04,2.41,0.96,0.93,1.32,1.08,0.52,0.77,0.4,4.49,6.16,5.02,2.79,3.88,2.3,0.1,0.7,0.56,0.08,0.39,0.01,,,,,,,0.1,0.7,0.56,0.08,0.39,0.01,0.46,2.87,2.42,0.91,1.37,0.45,0.43,2.75,2.14,0.88,1.29,0.43,0.0,0.0,0.0,0.0,0.0,0.0,0.11,0.18,0.28,0.25,0.22,0.18,0.1,0.7,0.68,0.53,0.31,0.26,,,,,,2.19,Cavity,Cavity,Cavity,Cavity,Cavity,Cavity,Cavity,Cavity,Cavity,Cavity,Cavity,Cavity,true,true,true,true,true,true,Lesion 06az06b Day 036 FG,Lesion 06az06b Day 051 FG,Lesion 06az06b Day 064 FG,Lesion 06az06b Day 078 FG,Lesion 06az06b Day 092 FG,Lesion 06az06b Day 105 FG,-2.8934345,4.6157413,11,hot
RIF,BM01,8,-217.32,14.6,-27.28,-137.96,-218.58,-199.22,-170.32,41.88,28.76,-46.94,-161.01,-139.4,259.82,128.62,173.73,241.98,274.2,257.77,3.41,4.02,3.35,2.11,2.77,1.58,3.26,4.04,3.29,2.1,2.55,1.49,1.48,1.41,1.16,0.79,1.14,0.6,8.26,7.68,6.82,4.34,5.91,3.52,1.48,3.92,3.64,1.92,1.85,0.57,,,,,,,1.48,3.92,3.64,1.92,1.85,0.57,6.15,17.21,14.2,7.42,7.33,3.61,5.88,16.68,13.63,7.12,6.85,3.4,0.0,0.0,0.0,0.0,0.0,0.0,0.75,0.27,0.55,0.93,0.89,0.75,0.92,3.77,3.3,2.43,1.58,1.32,,,,,,3.12,Cavity,Cavity,Cavity,Cavity,Cavity,Cavity,Cavity,Cavity,Cavity,Cavity,Cavity,Cavity,true,true,true,true,true,true,Lesion 08z09az09bz11z13 Day 036 FG,Lesion 08z09az09bz11z13 Day 051 FG,Lesion 08z09az09bz11z13 Day 064 FG,Lesion 08z09az09bz11z13 Day 078 FG,Lesion 08z09az09bz11z13 Day 092 FG,Lesion 08z09az09bz11z13 Day 105 FG,-4.885836,6.05449,0,hot
RIF,BM01,12,-392.23,-201.13,-212.73,-271.63,-272.07,-295.11,-411.93,-151.21,-169.07,-233.45,-241.07,-264.89,269.04,235.88,236.9,281.05,262.47,283.15,2.38,3.59,3.21,1.89,2.16,1.4,2.3,3.56,3.13,1.82,2.15,1.38,0.84,1.19,1.14,0.61,0.69,0.4,4.32,6.22,5.88,3.33,3.53,2.26,0.06,0.37,0.38,0.19,0.21,0.02,,,,,,,0.06,0.37,0.38,0.19,0.21,0.02,0.25,1.48,1.49,0.84,0.76,0.48,0.22,1.44,1.46,0.77,0.72,0.43,0.0,0.0,0.0,0.0,0.0,0.0,0.06,0.17,0.2,0.19,0.16,0.15,0.03,0.22,0.23,0.2,0.16,0.15,,,,,,1.46,Cavity,Cavity,Cavity,Cavity,Cavity,Cavity,Cavity,Cavity,Cavity,Cavity,Cavity,Cavity,false,false,false,false,false,false,Lesion 12 Day 036 FG,Lesion 12 Day 051 FG,Lesion 12 Day 064 FG,Lesion 12 Day 078 FG,Lesion 12 Day 092 FG,Lesion 12 Day 105 FG,-1.4477884,3.241795,11,hot
RIF,BM01,14,-243.42,-72.79,-80.74,-126.39,-149.42,-153.99,-74.48,-1.26,22.64,-13.06,9.94,-6.84,331.08,206.64,221.96,239.35,307.44,280.14,3.0,3.84,2.7,1.85,2.01,1.63,2.76,3.8,2.38,1.7,1.59,1.56,1.41,1.42,1.48,0.73,1.22,0.67,6.19,6.72,6.29,3.75,5.18,3.19,0.21,0.64,0.48,0.23,0.22,0.14,,,,,,,0.21,0.64,0.48,0.23,0.22,0.14,0.92,2.78,2.13,1.32,1.32,0.73,0.8,2.75,2.07,1.17,1.14,0.71,0.0,0.0,0.0,0.0,0.0,0.0,0.07,0.13,0.15,0.18,0.13,0.1,0.18,0.58,0.52,0.43,0.44,0.31,,,,,,1.84,Fibrotic,Fibrotic,Fibrotic,Fibrotic,Fibrotic,Fibrotic,Fibrotic,Fibrotic,Fibrotic,Fibrotic,Fibrotic,Fibrotic,false,false,false,false,false,false,Lesion 14 Day 036 FG,Lesion 14 Day 051 FG,Lesion 14 Day 064 FG,Lesion 14 Day 078 FG,Lesion 14 Day 092 FG,Lesion 14 Day 105 FG,-2.4162984,5.113691,11,hot
RIF,BM01,15,-317.73,-39.1,-113.95,-177.12,-205.47,-271.25,-324.08,9.01,-16.11,-118.07,-185.04,-281.68,250.48,169.22,243.57,251.85,258.84,231.39,1.8,3.22,2.77,1.27,1.37,0.67,1.68,3.09,2.72,1.18,1.08,0.61,0.76,1.18,0.94,0.43,0.91,0.17,3.78,5.34,4.68,2.82,4.89,1.24,0.03,0.13,0.14,0.01,0.02,0.0,,,,,,,0.03,0.13,0.14,0.01,0.02,0.0,0.13,0.52,0.51,0.16,0.15,0.07,0.12,0.51,0.46,0.16,0.13,0.07,0.0,0.0,0.0,0.0,0.0,0.0,0.04,0.02,0.05,0.04,0.04,0.06,0.02,0.14,0.11,0.07,0.05,0.04,,,,,,1.84,Fibrotic,Fibrotic,Fibrotic,Fibrotic,Fibrotic,Fibrotic,Fibrotic,Fibrotic,Fibrotic,Fibrotic,Fibrotic,Fibrotic,false,false,false,false,false,false,Lesion 15 Day 036 FG,Lesion 15 Day 051 FG,Lesion 15 Day 064 FG,Lesion 15 Day 078 FG,Lesion 15 Day 092 FG,Lesion 15 Day 105 FG,0.6925761,7.808177,2,hot
BDQ+LIN,BM07,1,-238.82,-35.64,36.61,-0.07,-52.08,-81.67,-232.0,-3.0,47.0,16.0,-7.0,-28.0,177.94,111.04,74.37,87.39,137.83,155.1,2.34,4.15,0.4,2.7,2.31,1.97,2.03,4.32,0.42,2.61,2.03,1.63,1.09,1.95,0.18,1.04,1.34,1.11,7.72,8.77,0.87,6.05,7.04,5.82,0.19,0.1,0.03,0.04,0.09,0.13,0.19,0.1,0.03,0.04,0.09,0.13,0.13,0.86,0.96,0.75,0.56,0.44,0.78,4.07,0.39,2.13,1.54,1.17,0.73,4.03,0.39,2.12,1.51,1.15,0.02560646900269542,0.011402508551881414,0.034482758620689655,0.006611570247933885,0.012784090909090908,0.022336769759450172,0.19,0.1,0.03,0.04,0.09,0.13,0.13,0.85,0.97,0.75,0.56,0.44,,,,,,3.179838928023187,Cavity,Cavity,Cavity,Cavity,Cavity,Cavity,Cavity,Cavity,Cavity,Cavity,Cavity,Cavity,true,true,true,true,true,true,Lesion 01z02z03 Day 031 AA,Lesion 01z02z03 Day 045 AA,Lesion 01z02z03 Day 060 AA,Lesion 01z02z03 Day 075 AA,Lesion 01z02z03 Day 088 AA,Lesion 01z02z03 Day 101 AA,-2.0734148,7.5743313,0,hot
BDQ+LIN,BM07,4,-321.46,-226.2,-178.27,-271.9,-299.93,-355.21,-337.0,-211.0,-137.0,-279.0,-314.0,-375.0,139.34,158.67,179.08,161.46,136.47,133.66,1.19,1.94,0.13,0.85,0.59,0.63,1.11,1.8,0.12,0.8,0.57,0.63,0.28,0.67,0.04,0.15,0.08,0.08,2.05,3.6,0.22,1.27,0.83,0.83,0.01,0.01,0.01,0.01,0.01,0.01,0.01,0.01,0.01,0.01,0.01,0.01,0.0,0.01,0.01,0.0,0.0,0.0,0.02,0.04,0.0,0.01,0.01,0.01,0.01,0.04,0.0,0.01,0.01,0.01,0.004878048780487806,0.002777777777777778,0.045454545454545456,0.007874015748031496,0.012048192771084338,0.012048192771084338,0.01,0.01,0.01,0.01,0.01,0.01,0.0,0.01,0.01,0.0,0.0,0.0,,,,,,0.47712125471966244,Necrotic,Necrotic,Necrotic,Necrotic,Necrotic,Necrotic,Necrotic,Necrotic,Necrotic,Necrotic,Necrotic,Necrotic,false,false,false,false,false,false,Lesion 04 Day 031 AA,Lesion 04 Day 045 AA,Lesion 04 Day 060 AA,Lesion 04 Day 075 AA,Lesion 04 Day 088 AA,Lesion 04 Day 101 AA,4.243517,5.8342586,10,cool
BDQ+LIN,BM07,5,-317.81,-193.13,-138.91,-268.55,-246.22,-295.83,-340.0,-173.0,-90.0,-271.0,-255.0,-325.0,152.25,174.99,179.0,195.71,171.99,163.88,1.27,2.81,0.25,1.12,0.93,0.78,1.23,2.8,0.25,1.1,0.9,0.77,0.22,0.85,0.09,0.24,0.19,0.16,2.39,5.2,0.54,1.9,1.51,1.15,0.03,0.05,0.03,0.03,0.02,0.03,0.03,0.05,0.03,0.03,0.02,0.03,0.01,0.04,0.05,0.02,0.01,0.01,0.05,0.27,0.02,0.07,0.03,0.03,0.04,0.26,0.02,0.06,0.03,0.03,0.012552301255230124,0.009615384615384616,0.05555555555555555,0.015789473684210527,0.013245033112582781,0.026086956521739132,0.03,0.05,0.03,0.03,0.02,0.03,0.01,0.04,0.05,0.02,0.01,0.01,,,,,,0.5440680443502757,Fibrotic,Fibrotic,Fibrotic,Fibrotic,Fibrotic,Fibrotic,Fibrotic,Fibrotic,Fibrotic,Fibrotic,Fibrotic,Fibrotic,true,true,true,true,true,true,Lesion 05z06 Day 031 AA,Lesion 05z06 Day 045 AA,Lesion 05z06 Day 060 AA,Lesion 05z06 Day 075 AA,Lesion 05z06 Day 088 AA,Lesion 05z06 Day 101 AA,1.3469714,6.0346766,10,cool
BDQ+LIN,BM07,7,-232.87,-261.91,-216.32,-222.44,-245.15,-367.31,-237.0,-265.0,-219.0,-216.0,-236.0,-394.0,177.74,171.11,188.63,182.36,181.88,148.79,1.04,1.35,0.08,0.8,0.66,0.63,1.02,1.16,0.07,0.72,0.62,0.59,0.17,0.47,0.03,0.22,0.14,0.11,1.53,2.7,0.17,1.32,1.14,0.92,0.01,0.02,0.01,0.01,0.01,0.01,0.01,0.02,0.01,0.01,0.01,0.01,0.0,0.01,0.01,0.0,0.0,0.0,0.01,0.04,0.0,0.01,0.01,0.01,0.01,0.03,0.0,0.01,0.01,0.01,0.006535947712418301,0.007407407407407407,0.058823529411764705,0.007575757575757576,0.008771929824561405,0.010869565217391304,0.01,0.02,0.01,0.01,0.01,0.01,0.0,0.01,0.01,0.0,0.0,0.0,,,,,,0.5440680443502757,Fibrotic,Fibrotic,Fibrotic,Fibrotic,Fibrotic,Fibrotic,Fibrotic,Fibrotic,Fibrotic,Fibrotic,Fibrotic,Fibrotic,false,false,false,false,false,false,Lesion 07 Day 031 AA,Lesion 07 Day 045 AA,Lesion 07 Day 060 AA,Lesion 07 Day 075 AA,Lesion 07 Day 088 AA,Lesion 07 Day 101 AA,7.516777,5.420245,8,cool
BDQ+LIN,BM07,8,-376.92,-270.83,-222.13,-282.4,-279.84,-306.76,-397.0,-273.0,-219.0,-280.0,-287.0,-317.0,119.14,151.86,170.05,149.77,141.29,140.5,0.62,1.54,0.13,0.89,0.47,0.57,0.58,1.28,0.11,0.8,0.41,0.54,0.14,0.82,0.08,0.38,0.16,0.1,1.1,4.35,0.4,1.99,1.15,0.83,0.02,0.04,0.02,0.03,0.02,0.02,0.02,0.04,0.02,0.03,0.02,0.02,0.0,0.02,0.02,0.01,0.0,0.0,0.01,0.09,0.01,0.04,0.01,0.02,0.01,0.08,0.01,0.04,0.01,0.01,0.01818181818181818,0.009195402298850576,0.049999999999999996,0.01507537688442211,0.017391304347826087,0.024096385542168676,0.02,0.04,0.02,0.03,0.02,0.02,0.0,0.01,0.02,0.01,0.0,0.0,,,,,,1.568201724066995,Necrotic,Necrotic,Necrotic,Necrotic,Necrotic,Necrotic,Necrotic,Necrotic,Necrotic,Necrotic,Necrotic,Necrotic,false,false,false,false,false,false,Lesion 08 Day 031 AA,Lesion 08 Day 045 AA,Lesion 08 Day 060 AA,Lesion 08 Day 075 AA,Lesion 08 Day 088 AA,Lesion 08 Day 101 AA,9.867149,7.534591,8,cool
BDQ+LIN,BM07,9,-223.58,-135.1,-87.14,-147.75,-129.15,-195.38,-210.0,-65.0,-12.0,-68.0,-80.0,-178.0,162.96,175.33,181.08,198.52,165.56,183.56,1.61,2.78,0.29,1.83,1.91,1.76,1.49,2.41,0.26,1.77,1.98,1.63,0.51,1.41,0.14,0.63,0.53,0.75,4.25,6.48,0.65,3.66,3.28,3.91,0.07,0.1,0.07,0.07,0.06,0.08,0.07,0.1,0.07,0.07,0.06,0.08,0.05,0.18,0.18,0.14,0.11,0.07,0.19,0.79,0.08,0.41,0.34,0.29,0.19,0.74,0.07,0.39,0.33,0.27,0.01647058823529412,0.015432098765432098,0.1076923076923077,0.01912568306010929,0.018292682926829267,0.020460358056265983,0.07,0.1,0.07,0.07,0.06,0.08,0.05,0.18,0.19,0.14,0.11,0.07,,,,,,0.47712125471966244,Cavity,Cavity,Cavity,Cavity,Cavity,Cavity,Cavity,Cavity,Cavity,Cavity,Cavity,Cavity,false,false,false,false,false,false,Lesion 09 Day 031 AA,Lesion 09 Day 045 AA,Lesion 09 Day 060 AA,Lesion 09 Day 075 AA,Lesion 09 Day 088 AA,Lesion 09 Day 101 AA,-0.6374291,6.378275,2,hot
BDQ+LIN,BM07,10,-287.14,-146.04,-194.14,-206.76,-230.44,-303.85,-296.0,-99.0,-158.0,-184.0,-223.0,-316.0,142.06,155.96,185.97,154.41,144.73,162.43,0.93,2.66,0.22,1.28,0.76,0.65,0.8,2.44,0.17,1.13,0.65,0.6,0.39,1.4,0.15,0.6,0.36,0.16,2.88,6.92,0.68,2.96,2.01,1.16,0.06,0.11,0.1,0.06,0.05,0.05,0.06,0.11,0.1,0.06,0.05,0.05,0.02,0.19,0.11,0.05,0.03,0.02,0.07,0.83,0.05,0.14,0.06,0.05,0.07,0.81,0.05,0.13,0.06,0.05,0.020833333333333332,0.015895953757225433,0.14705882352941177,0.02027027027027027,0.02487562189054727,0.04310344827586207,0.06,0.11,0.1,0.06,0.05,0.05,0.02,0.19,0.12,0.05,0.03,0.02,,,,,,1.568201724066995,Necrotic,Necrotic,Necrotic,Necrotic,Necrotic,Necrotic,Necrotic,Necrotic,Necrotic,Necrotic,Necrotic,Necrotic,false,false,false,false,false,false,Lesion 10 Day 031 AA,Lesion 10 Day 045 AA,Lesion 10 Day 060 AA,Lesion 10 Day 075 AA,Lesion 10 Day 088 AA,Lesion 10 Day 101 AA,-1.4418409,7.126272,0,hot
BDQ+LIN,BM07,11,-575.39,-365.44,-427.41,-484.34,-487.55,-463.85,-574.0,-373.0,-439.0,-517.0,-521.0,-470.0,65.9,156.95,140.0,167.97,141.54,88.74,1.11,1.64,0.08,0.69,0.67,0.58,1.1,1.63,0.07,0.68,0.64,0.56,0.14,0.18,0.02,0.05,0.08,0.07,1.56,2.12,0.13,0.84,0.86,0.85,0.0,0.01,0.01,0.0,0.0,0.01,0.0,0.01,0.01,0.0,0.0,0.01,0.0,0.0,0.0,0.0,0.0,0.01,0.01,0.02,0.0,0.01,0.0,0.01,0.0,0.02,0.0,0.0,0.0,0.0,0.0,0.0047169811320754715,0.07692307692307693,0.0,0.0,0.011764705882352941,0.0,0.01,0.01,0.0,0.0,0.01,0.0,0.0,0.0,0.0,0.0,0.0,,,,,,0.47712125471966244,Cavity,Cavity,Cavity,Cavity,Cavity,Cavity,Cavity,Cavity,Cavity,Cavity,Cavity,Cavity,false,false,false,false,false,false,Lesion 11 Day 031 AA,Lesion 11 Day 045 AA,Lesion 11 Day 060 AA,Lesion 11 Day 075 AA,Lesion 11 Day 088 AA,Lesion 11 Day 101 AA,10.865068,4.830732,7,cool
BDQ+LIN,BM07,12,-297.22,-291.78,-304.88,-292.38,-253.15,-302.73,-306.0,-305.0,-302.0,-305.0,-260.0,-319.0,154.92,167.68,188.89,161.42,152.39,148.22,1.02,1.79,0.12,0.88,0.6,0.6,0.92,1.75,0.1,0.8,0.53,0.57,0.33,0.54,0.06,0.31,0.19,0.17,1.95,3.44,0.32,1.73,1.31,1.04,0.02,0.05,0.04,0.03,0.02,0.02,0.02,0.05,0.04,0.03,0.02,0.02,0.01,0.02,0.01,0.01,0.01,0.01,0.03,0.13,0.01,0.03,0.02,0.02,0.02,0.11,0.01,0.03,0.02,0.02,0.010256410256410256,0.014534883720930234,0.125,0.017341040462427744,0.015267175572519083,0.019230769230769232,0.02,0.05,0.04,0.03,0.02,0.02,0.0,0.02,0.02,0.01,0.01,0.01,,,,,,0.47712125471966244,Fibrotic,Fibrotic,Fibrotic,Fibrotic,Fibrotic,Fibrotic,Fibrotic,Fibrotic,Fibrotic,Fibrotic,Fibrotic,Fibrotic,false,false,false,false,false,false,Lesion 12 Day 031 AA,Lesion 12 Day 045 AA,Lesion 12 Day 060 AA,Lesion 12 Day 075 AA,Lesion 12 Day 088 AA,Lesion 12 Day 101 AA,10.215395,4.573845,7,cool
BDQ+LIN,BM07,13,-213.35,-254.95,-162.13,-198.29,-295.76,-389.4,-214.0,-239.0,-128.0,-177.0,-310.0,-410.0,169.43,163.51,162.16,162.4,145.92,135.22,1.02,2.46,0.25,1.24,0.74,0.63,0.98,2.15,0.23,1.19,0.71,0.54,0.19,1.06,0.13,0.46,0.28,0.27,1.74,5.37,0.64,2.7,1.5,1.66,0.02,0.1,0.08,0.07,0.04,0.04,0.02,0.1,0.08,0.07,0.04,0.04,0.03,0.06,0.1,0.06,0.01,0.07,0.03,0.42,0.05,0.18,0.04,0.03,0.02,0.39,0.05,0.17,0.04,0.03,0.011494252873563218,0.01869158878504673,0.125,0.025925925925925925,0.02666666666666667,0.02631578947368421,0.01,0.1,0.08,0.07,0.05,0.04,0.01,0.06,0.11,0.06,0.01,0.0,,,,,,0.5440680443502757,Fibrotic,Fibrotic,Fibrotic,Fibrotic,Fibrotic,Fibrotic,Fibrotic,Fibrotic,Fibrotic,Fibrotic,Fibrotic,Fibrotic,false,false,false,false,false,false,Lesion 13 Day 031 AA,Lesion 13 Day 045 AA,Lesion 13 Day 060 AA,Lesion 13 Day 075 AA,Lesion 13 Day 088 AA,Lesion 13 Day 101 AA,1.3587446,5.381701,10,cool
BDQ+LIN,BM07,14,-220.49,-115.05,-84.18,-78.4,-98.87,-136.62,-194.0,-43.0,-4.0,-23.0,-44.0,-74.0,179.17,173.55,189.37,166.77,165.08,189.57,1.38,3.08,0.29,2.13,1.74,1.48,1.09,2.99,0.27,2.01,1.44,1.24,0.8,1.4,0.15,1.0,0.99,0.82,4.5,6.22,0.73,4.45,5.14,4.55,0.04,0.05,0.05,0.03,0.04,0.04,0.04,0.05,0.05,0.03,0.04,0.04,0.0,0.15,0.18,0.12,0.1,0.0,0.11,0.67,0.07,0.34,0.24,0.18,0.1,0.65,0.07,0.33,0.24,0.17,0.008888888888888889,0.008038585209003217,0.06849315068493152,0.0067415730337078645,0.007782101167315176,0.008791208791208791,0.04,0.05,0.05,0.03,0.04,0.04,0.03,0.15,0.18,0.12,0.1,0.07,,,,,,2.294466226161593,Necrotic,Necrotic,Necrotic,Necrotic,Necrotic,Necrotic,Necrotic,Necrotic,Necrotic,Necrotic,Necrotic,Necrotic,false,false,false,false,false,false,Lesion 14 Day 031 AA,Lesion 14 Day 045 AA,Lesion 14 Day 060 AA,Lesion 14 Day 075 AA,Lesion 14 Day 088 AA,Lesion 14 Day 101 AA,0.48263407,6.723042,2,hot
BDQ+LIN,BM07,15,-349.48,-255.88,-213.41,-284.57,-386.53,-421.14,-364.0,-264.0,-179.0,-296.0,-414.0,-436.0,162.42,173.94,189.1,179.81,165.59,121.18,0.96,1.86,0.15,1.15,1.06,0.79,0.96,1.76,0.14,1.07,0.97,0.76,0.15,0.63,0.06,0.31,0.31,0.16,1.31,3.44,0.39,2.09,2.2,1.26,0.01,0.02,0.02,0.01,0.01,0.01,0.01,0.02,0.02,0.01,0.01,0.01,0.01,0.01,0.02,0.01,0.0,0.01,0.02,0.05,0.01,0.02,0.01,0.01,0.01,0.05,0.0,0.02,0.01,0.01,0.007633587786259542,0.005813953488372093,0.05128205128205128,0.004784688995215312,0.004545454545454545,0.007936507936507936,0.01,0.02,0.02,0.01,0.01,0.01,0.0,0.01,0.02,0.0,0.0,0.0,,,,,,0.47712125471966244,Fibrotic,Fibrotic,Fibrotic,Fibrotic,Fibrotic,Fibrotic,Fibrotic,Fibrotic,Fibrotic,Fibrotic,Fibrotic,Fibrotic,true,true,true,true,true,true,Lesion 15z16 Day 031 AA,Lesion 15z16 Day 045 AA,Lesion 15z16 Day 060 AA,Lesion 15z16 Day 075 AA,Lesion 15z16 Day 088 AA,Lesion 15z16 Day 101 AA,4.339311,5.2191567,10,cool
BDQ+LIN,BM07,17,-333.92,-222.57,-232.52,-238.77,-264.43,-314.3,-356.0,-196.0,-213.0,-230.0,-273.0,-342.0,152.29,176.03,200.63,172.55,156.37,144.05,1.0,2.04,0.16,1.1,0.83,0.69,0.92,1.83,0.14,1.04,0.82,0.68,0.21,0.67,0.06,0.24,0.13,0.09,1.75,3.7,0.43,1.8,1.17,0.94,0.04,0.05,0.05,0.03,0.02,0.03,0.04,0.05,0.05,0.03,0.02,0.03,0.0,0.04,0.04,0.02,0.01,0.0,0.05,0.2,0.02,0.05,0.02,0.02,0.05,0.19,0.01,0.05,0.02,0.02,0.021164021164021166,0.013513513513513514,0.11627906976744187,0.016666666666666666,0.017094017094017096,0.031914893617021274,0.04,0.05,0.05,0.03,0.02,0.03,0.01,0.04,0.04,0.02,0.01,0.01,,,,,,1.2304489213782739,Necrotic,Necrotic,Necrotic,Necrotic,Necrotic,Necrotic,Necrotic,Necrotic,Necrotic,Necrotic,Necrotic,Necrotic,true,true,true,true,true,true,Lesion 17z20 Day 031 AA,Lesion 17z20 Day 045 AA,Lesion 17z20 Day 060 AA,Lesion 17z20 Day 075 AA,Lesion 17z20 Day 088 AA,Lesion 17z20 Day 101 AA,3.733953,5.2431097,10,cool
BDQ+LIN,BM07,18,-321.01,-222.44,-229.29,-276.09,-270.65,-381.93,-330.0,-181.0,-189.0,-256.0,-268.0,-398.0,144.04,182.95,207.61,194.65,164.84,172.8,0.93,2.16,0.16,0.89,0.7,0.58,0.9,1.93,0.12,0.81,0.65,0.54,0.2,0.98,0.11,0.3,0.15,0.14,1.79,4.53,0.56,1.9,1.28,1.05,0.02,0.04,0.04,0.02,0.01,0.01,0.02,0.04,0.04,0.02,0.01,0.01,0.0,0.04,0.04,0.02,0.01,0.02,0.03,0.18,0.01,0.04,0.02,0.01,0.02,0.16,0.01,0.04,0.01,0.01,0.0111731843575419,0.008830022075055188,0.07142857142857142,0.010526315789473686,0.0078125,0.009523809523809523,0.02,0.04,0.04,0.02,0.01,0.01,0.0,0.04,0.04,0.02,0.01,0.0,,,,,,1.0413926851582251,Necrotic,Necrotic,Necrotic,Necrotic,Necrotic,Necrotic,Necrotic,Necrotic,Necrotic,Necrotic,Necrotic,Necrotic,true,true,true,true,true,true,Lesion 18z19 Day 031 AA,Lesion 18z19 Day 045 AA,Lesion 18z19 Day 060 AA,Lesion 18z19 Day 075 AA,Lesion 18z19 Day 088 AA,Lesion 18z19 Day 101 AA,3.205085,5.4668736,10,cool
BDQ+LIN,BM07,23,-245.43,-178.13,-153.03,-178.21,-200.26,-239.97,-238.0,-116.0,-88.0,-137.0,-173.0,-228.0,178.1,173.53,182.68,156.41,162.95,166.73,1.25,1.71,0.14,1.26,0.78,0.87,1.03,1.29,0.1,1.09,0.63,0.78,0.53,0.89,0.1,0.61,0.39,0.36,3.17,4.53,0.48,2.92,1.93,1.75,0.02,0.03,0.03,0.03,0.02,0.02,0.02,0.03,0.03,0.03,0.02,0.02,0.05,0.04,0.05,0.04,0.01,0.0,0.05,0.12,0.01,0.09,0.04,0.03,0.05,0.12,0.01,0.08,0.04,0.03,0.006309148264984228,0.00662251655629139,0.0625,0.010273972602739725,0.010362694300518135,0.011428571428571429,0.02,0.03,0.03,0.03,0.03,0.02,0.01,0.04,0.05,0.04,0.02,0.01,,,,,,0.7781512503836436,Necrotic,Necrotic,Necrotic,Necrotic,Necrotic,Necrotic,Necrotic,Necrotic,Necrotic,Necrotic,Necrotic,Necrotic,false,false,false,false,false,false,Lesion 23 Day 031 AA,Lesion 23 Day 045 AA,Lesion 23 Day 060 AA,Lesion 23 Day 075 AA,Lesion 23 Day 088 AA,Lesion 23 Day 101 AA,3.2712772,7.2102113,6,cool
BDQ+LIN,BM07,25,-267.65,-119.05,-133.55,-210.77,-215.71,-239.25,-262.0,-62.0,-86.0,-190.0,-217.0,-236.0,159.7,157.89,180.46,181.46,169.65,173.29,1.14,3.0,0.22,1.52,1.2,1.35,0.91,2.71,0.19,1.3,0.84,1.08,0.67,1.67,0.14,0.83,0.91,0.84,4.2,8.21,0.72,4.55,4.83,4.87,0.11,0.18,0.24,0.21,0.21,0.22,0.11,0.18,0.24,0.21,0.21,0.22,0.0,0.43,0.4,0.01,0.01,,0.2,1.91,0.15,0.64,0.44,0.51,0.19,1.87,0.15,0.6,0.42,0.48,0.02756892230576441,0.021924482338611447,0.3333333333333333,0.046153846153846156,0.043478260869565216,0.04517453798767967,0.11,0.18,0.25,0.21,0.21,0.22,0.05,0.43,0.4,0.18,0.13,0.13,,,,,,3.731346975545955,Cavity,Cavity,Cavity,Cavity,Cavity,Cavity,Cavity,Cavity,Cavity,Cavity,Cavity,Cavity,true,true,true,true,true,true,Lesion 25z28z29z30 Day 031 AA,Lesion 25z28z29z30 Day 045 AA,Lesion 25z28z29z30 Day 060 AA,Lesion 25z28z29z30 Day 075 AA,Lesion 25z28z29z30 Day 088 AA,Lesion 25z28z29z30 Day 101 AA,-3.3651555,6.6492276,0,hot
BDQ+LIN,BM07,26,-244.38,-223.99,-221.78,-246.5,-259.09,-378.59,-253.0,-209.0,-217.0,-251.0,-268.0,-414.0,167.35,177.95,177.35,169.63,164.77,192.36,0.79,1.31,0.09,0.91,0.56,0.57,0.71,1.12,0.07,0.82,0.44,0.49,0.22,0.53,0.04,0.4,0.28,0.22,1.44,3.14,0.24,1.84,1.48,1.4,0.01,0.03,0.02,0.02,0.02,0.02,0.01,0.03,0.02,0.02,0.02,0.02,,0.02,0.02,0.0,,,0.02,0.06,0.0,0.03,0.02,0.02,0.02,0.06,0.0,0.03,0.02,0.01,0.006944444444444445,0.00946372239747634,0.08333333333333334,0.010869565217391304,0.013513513513513514,0.014285714285714287,0.01,0.03,0.02,0.02,0.02,0.02,0.01,0.02,0.02,0.01,0.01,0.01,,,,,,0.5440680443502757,Necrotic,Necrotic,Necrotic,Necrotic,Necrotic,Necrotic,Necrotic,Necrotic,Necrotic,Necrotic,Necrotic,Necrotic,false,false,false,false,false,false,Lesion 26 Day 031 AA,Lesion 26 Day 045 AA,Lesion 26 Day 060 AA,Lesion 26 Day 075 AA,Lesion 26 Day 088 AA,Lesion 26 Day 101 AA,6.0554113,5.691947,9,cool
BDQ+LIN,BM07,27,-684.48,-330.47,-240.07,-350.36,-290.86,-360.51,-703.0,-343.0,-245.0,-387.0,-298.0,-361.0,86.32,169.29,148.15,181.27,131.34,148.37,0.47,0.85,0.05,0.52,0.44,0.44,0.46,0.79,0.05,0.5,0.41,0.42,0.03,0.23,0.01,0.1,0.09,0.1,0.53,1.62,0.08,0.86,0.74,0.78,0.0,0.0,0.0,0.0,0.0,0.01,0.0,0.0,0.0,0.0,0.0,0.01,,0.0,0.0,0.01,,,0.0,0.0,0.0,0.0,0.0,0.0,0.0,0.0,0.0,0.0,0.0,0.0,0.0,0.0,0.0,0.0,0.0,0.012345679012345678,0.0,0.0,0.0,0.0,0.0,0.01,0.0,0.0,0.0,0.0,0.0,0.0,,,,,,0.5440680443502757,Necrotic,Necrotic,Necrotic,Necrotic,Necrotic,Necrotic,Necrotic,Necrotic,Necrotic,Necrotic,Necrotic,Necrotic,false,false,false,false,false,false,Lesion 27 Day 031 AA,Lesion 27 Day 045 AA,Lesion 27 Day 060 AA,Lesion 27 Day 075 AA,Lesion 27 Day 088 AA,Lesion 27 Day 101 AA,8.585391,4.703558,8,cool
BDQ+LIN,BM07,31,-288.71,-202.15,-205.04,-244.12,-206.76,-252.45,-295.0,-181.0,-205.0,-247.0,-194.0,-251.0,153.14,186.33,174.16,168.05,165.58,157.17,0.7,2.02,0.09,0.97,0.57,0.67,0.67,1.84,0.08,0.95,0.53,0.65,0.15,0.77,0.03,0.27,0.13,0.18,1.22,5.56,0.2,1.54,1.02,1.11,0.01,0.02,0.02,0.02,0.01,0.01,0.01,0.02,0.02,0.02,0.01,0.01,,0.02,0.01,,,,0.01,0.09,0.0,0.03,0.01,0.01,0.01,0.08,0.0,0.03,0.01,0.01,0.00819672131147541,0.0035971223021582736,0.09999999999999999,0.012987012987012986,0.00980392156862745,0.009009009009009009,0.01,0.02,0.02,0.02,0.01,0.01,0.0,0.02,0.01,0.01,0.01,0.01,,,,,,1.0413926851582251,Necrotic,Necrotic,Necrotic,Necrotic,Necrotic,Necrotic,Necrotic,Necrotic,Necrotic,Necrotic,Necrotic,Necrotic,false,false,false,false,false,false,Lesion 31 Day 031 AA,Lesion 31 Day 045 AA,Lesion 31 Day 060 AA,Lesion 31 Day 075 AA,Lesion 31 Day 088 AA,Lesion 31 Day 101 AA,3.2399192,5.6836376,10,cool
INH+PZA,BM08,1,-233.49,-129.91,-53.63,-60.65,-5.34,-13.37,-226.0,-55.0,-3.0,-11.0,15.0,15.0,166.65,174.36,136.48,136.76,95.57,108.74,1.52,2.36,2.73,2.07,2.66,2.85,1.46,2.32,2.67,2.02,2.71,2.77,0.55,0.64,0.76,0.64,0.69,0.87,3.21,5.24,5.07,3.97,4.11,5.39,0.11,0.41,0.5,0.34,0.72,0.58,0.11,0.41,0.5,0.34,0.72,0.58,0.05,0.3,0.42,0.22,0.61,0.5,0.35,1.06,1.42,0.9,2.02,1.74,0.34,1.01,1.41,0.88,2.02,1.73,0.034267912772585674,0.07633587786259542,0.09861932938856015,0.08564231738035265,0.1751824817518248,0.10760667903525047,0.13,0.14,0.09,0.07,0.05,0.04,0.09,0.3,0.43,0.35,0.71,0.56,,,,,,1.37,Fibrotic,Fibrotic,Fibrotic,Fibrotic,Fibrotic,Fibrotic,Fibrotic,Fibrotic,Fibrotic,Fibrotic,Fibrotic,Fibrotic,false,false,false,false,false,false,Lesion 01 Day 031 AA,Lesion 01 Day 044 AA,Lesion 01 Day 058 AA,Lesion 01 Day 072 AA,Lesion 01 Day 086 AA,Lesion 01 Day 099 AA,-3.5224395,7.494606,0,hot
INH+PZA,BM08,2,-305.58,-202.39,-185.61,-245.12,-241.55,-262.52,-308.0,-171.0,-153.0,-245.0,-233.0,-236.0,118.35,152.92,145.27,149.4,159.27,163.64,0.81,1.33,1.71,1.2,1.1,0.91,0.75,1.37,1.62,1.16,1.07,0.87,0.21,0.42,0.55,0.41,0.39,0.3,1.29,2.2,3.15,2.27,2.15,1.75,0.0,0.02,0.05,0.02,0.01,0.0,0.0,0.02,0.05,0.02,0.01,0.0,0.0,0.0,0.03,0.0,0.0,0.0,0.02,0.08,0.16,0.09,0.06,0.05,0.02,0.08,0.15,0.09,0.06,0.05,0.0,0.00909090909090909,0.015873015873015876,0.00881057268722467,0.004651162790697674,0.0,0.03,0.03,0.05,0.05,0.04,0.03,0.0,0.03,0.04,0.02,0.02,0.01,,,,,,0.9,Fibrotic,Fibrotic,Fibrotic,Fibrotic,Fibrotic,Fibrotic,Fibrotic,Fibrotic,Fibrotic,Fibrotic,Fibrotic,Fibrotic,false,false,false,false,false,false,Lesion 02 Day 031 AA,Lesion 02 Day 044 AA,Lesion 02 Day 058 AA,Lesion 02 Day 072 AA,Lesion 02 Day 086 AA,Lesion 02 Day 099 AA,6.494745,9.269816,3,cool
INH+PZA,BM08,3,-288.69,-136.35,-124.74,-105.04,-159.22,-101.11,-293.0,-80.0,-76.0,-67.0,-130.0,-60.0,148.22,158.1,155.67,143.64,160.44,139.56,1.08,1.65,1.9,1.41,1.45,1.85,1.0,1.62,1.79,1.34,1.44,1.76,0.28,0.47,0.55,0.47,0.32,0.74,1.97,2.78,3.3,2.55,2.56,3.92,0.01,0.11,0.13,0.07,0.07,0.1,0.01,0.11,0.13,0.07,0.07,0.1,0.0,0.05,0.07,0.03,0.01,0.07,0.13,0.32,0.35,0.25,0.23,0.31,0.12,0.31,0.35,0.25,0.23,0.31,0.005076142131979696,0.03956834532374101,0.0393939393939394,0.027450980392156866,0.02573529411764706,0.025510204081632654,0.09,0.07,0.06,0.05,0.07,0.05,0.03,0.12,0.12,0.12,0.08,0.12,,,,,,0.9,Cavity,Cavity,Cavity,Cavity,Cavity,Cavity,Cavity,Cavity,Cavity,Cavity,Cavity,Cavity,false,false,false,false,false,false,Lesion 03 Day 031 AA,Lesion 03 Day 044 AA,Lesion 03 Day 058 AA,Lesion 03 Day 072 AA,Lesion 03 Day 086 AA,Lesion 03 Day 099 AA,2.7719264,9.960203,4,hot
INH+PZA,BM08,4,-301.56,-242.68,-185.65,-200.34,-221.97,-164.69,-314.0,-211.0,-140.0,-181.0,-196.0,-136.0,127.92,184.21,163.57,142.85,163.08,142.58,0.84,1.28,1.64,1.17,1.64,1.42,0.83,1.35,1.59,1.09,1.59,1.39,0.15,0.39,0.34,0.35,0.57,0.44,1.18,2.03,2.63,2.15,3.2,2.69,0.0,0.04,0.06,0.02,0.09,0.05,0.0,0.04,0.06,0.02,0.09,0.05,0.0,0.0,0.02,0.0,0.05,0.02,0.04,0.14,0.17,0.14,0.27,0.17,0.04,0.12,0.16,0.14,0.25,0.17,0.0,0.01970443349753695,0.022813688212927757,0.009302325581395349,0.028124999999999997,0.01858736059479554,0.04,0.05,0.05,0.07,0.09,0.06,0.01,0.04,0.05,0.05,0.07,0.06,,,,,,0.9,Fibrotic,Fibrotic,Fibrotic,Fibrotic,Fibrotic,Fibrotic,Fibrotic,Fibrotic,Fibrotic,Fibrotic,Fibrotic,Fibrotic,false,false,false,false,false,false,Lesion 04 Day 031 AA,Lesion 04 Day 044 AA,Lesion 04 Day 058 AA,Lesion 04 Day 072 AA,Lesion 04 Day 086 AA,Lesion 04 Day 099 AA,6.780045,5.111576,9,cool
INH+PZA,BM08,5,-239.15,-171.23,-137.85,-210.35,-215.75,-165.14,-243.0,-122.0,-98.0,-207.0,-196.0,-147.0,157.87,175.9,159.27,172.15,187.82,141.97,1.28,1.56,1.82,1.15,1.08,1.37,1.22,1.65,1.82,1.01,1.08,1.37,0.43,0.44,0.54,0.48,0.25,0.36,2.37,2.28,2.92,2.44,1.68,2.19,0.02,0.06,0.07,0.02,0.0,0.03,0.02,0.06,0.07,0.02,0.0,0.03,0.0,0.01,0.04,0.01,0.0,0.0,0.07,0.14,0.2,0.12,0.09,0.11,0.07,0.14,0.19,0.11,0.08,0.11,0.008368200836820083,0.026315789473684213,0.02397260273972603,0.00819672131147541,0.0,0.0136986301369863,0.04,0.04,0.04,0.06,0.04,0.04,0.02,0.05,0.06,0.04,0.04,0.04,,,,,,1.19,Cavity,Cavity,Cavity,Cavity,Cavity,Cavity,Cavity,Cavity,Cavity,Cavity,Cavity,Cavity,false,false,false,false,false,false,Lesion 05 Day 031 AA,Lesion 05 Day 044 AA,Lesion 05 Day 058 AA,Lesion 05 Day 072 AA,Lesion 05 Day 086 AA,Lesion 05 Day 099 AA,3.7354512,7.5769334,6,cool
INH+PZA,BM08,6,-331.91,-246.13,-250.39,-453.09,-252.12,-282.39,-333.0,-243.0,-245.0,-441.0,-264.0,-297.0,95.47,126.07,131.04,117.43,184.95,169.92,0.58,1.26,0.87,0.39,1.08,0.98,0.56,1.27,0.84,0.39,1.05,0.97,0.09,0.13,0.18,0.03,0.17,0.16,0.83,1.48,1.43,0.56,1.43,1.32,0.0,0.0,0.0,0.0,0.0,0.0,0.0,0.0,0.0,0.0,0.0,0.0,0.0,0.0,0.0,0.0,0.0,0.0,0.0,0.01,0.01,0.01,0.01,0.01,0.0,0.01,0.01,0.0,0.01,0.01,0.0,0.0,0.0,0.0,0.0,0.0,0.01,0.01,0.01,0.01,0.01,0.01,0.0,0.0,0.0,0.0,0.0,0.0,,,,,,0.6,Fibrotic,Fibrotic,Fibrotic,Fibrotic,Fibrotic,Fibrotic,Fibrotic,Fibrotic,Fibrotic,Fibrotic,Fibrotic,Fibrotic,false,false,false,false,false,false,Lesion 06 Day 031 AA,Lesion 06 Day 044 AA,Lesion 06 Day 058 AA,Lesion 06 Day 072 AA,Lesion 06 Day 086 AA,Lesion 06 Day 099 AA,8.142402,9.722235,3,cool
INH+PZA,BM08,7,-438.26,-241.39,-260.93,-409.72,-282.86,-297.55,-450.0,-235.0,-262.0,-420.0,-286.0,-301.0,131.55,139.12,133.67,97.37,168.58,156.81,0.59,1.35,0.99,0.55,1.16,0.98,0.56,1.37,0.95,0.55,1.18,0.98,0.09,0.09,0.22,0.07,0.14,0.13,0.89,1.52,1.56,0.7,1.41,1.3,0.0,0.0,0.0,0.0,0.0,0.0,0.0,0.0,0.0,0.0,0.0,0.0,0.0,0.0,0.0,0.0,0.0,0.0,0.0,0.01,0.02,0.0,0.01,0.01,0.0,0.01,0.02,0.0,0.01,0.01,0.0,0.0,0.0,0.0,0.0,0.0,0.0,0.01,0.01,0.01,0.01,0.01,0.0,0.0,0.0,0.0,0.0,0.0,,,,,,0.9,Fibrotic,Fibrotic,Fibrotic,Fibrotic,Fibrotic,Fibrotic,Fibrotic,Fibrotic,Fibrotic,Fibrotic,Fibrotic,Fibrotic,false,false,false,false,false,false,Lesion 07 Day 031 AA,Lesion 07 Day 044 AA,Lesion 07 Day 058 AA,Lesion 07 Day 072 AA,Lesion 07 Day 086 AA,Lesion 07 Day 099 AA,8.452067,9.334687,3,cool
INH+PZA,BM08,8,-226.87,-120.23,-59.72,-73.87,-91.92,-87.42,-216.0,-53.0,-15.0,-24.0,-38.0,-28.0,137.89,152.36,123.81,134.69,145.85,152.16,1.34,2.5,2.94,2.1,1.57,1.62,1.19,2.43,2.87,1.97,1.55,1.52,0.52,0.78,1.11,0.87,0.52,0.54,2.87,4.16,5.61,4.47,2.8,3.64,0.05,0.23,0.23,0.15,0.14,0.11,0.05,0.23,0.23,0.15,0.14,0.11,0.02,0.18,0.19,0.11,0.06,0.05,0.18,0.65,0.76,0.47,0.4,0.35,0.18,0.65,0.75,0.47,0.4,0.35,0.017421602787456445,0.055288461538461536,0.040998217468805706,0.03355704697986577,0.05000000000000001,0.03021978021978022,0.09,0.08,0.05,0.05,0.06,0.05,0.04,0.18,0.21,0.17,0.19,0.16,,,,,,1.26,Necrotic,Necrotic,Necrotic,Necrotic,Necrotic,Necrotic,Necrotic,Necrotic,Necrotic,Necrotic,Necrotic,Necrotic,true,true,true,true,true,true,Lesion 08z09 Day 031 AA,Lesion 08z09 Day 044 AA,Lesion 08z09 Day 058 AA,Lesion 08z09 Day 072 AA,Lesion 08z09 Day 086 AA,Lesion 08z09 Day 099 AA,-0.28964588,9.155555,4,hot
INH+PZA,BM08,10,-233.68,-128.38,-120.8,-157.9,-139.4,-136.76,-234.0,-63.0,-58.0,-118.0,-76.0,-93.0,156.22,165.79,166.88,179.71,181.45,166.9,1.14,1.7,2.02,1.37,1.53,2.0,1.1,1.69,1.97,1.3,1.47,1.8,0.35,0.38,0.55,0.52,0.47,0.76,2.12,2.75,3.34,2.63,2.98,4.3,0.02,0.11,0.17,0.07,0.08,0.12,0.02,0.11,0.17,0.07,0.08,0.12,0.0,0.04,0.1,0.03,0.03,0.07,0.11,0.28,0.43,0.26,0.27,0.35,0.11,0.27,0.42,0.25,0.26,0.35,0.009433962264150943,0.04,0.05089820359281438,0.02661596958174905,0.026845637583892617,0.027906976744186046,0.06,0.05,0.06,0.08,0.06,0.06,0.03,0.1,0.15,0.1,0.11,0.11,,,,,,1.23,Fibrotic,Fibrotic,Fibrotic,Fibrotic,Fibrotic,Fibrotic,Fibrotic,Fibrotic,Fibrotic,Fibrotic,Fibrotic,Fibrotic,true,true,true,true,true,true,Lesion 10z11 Day 031 AA,Lesion 10z11 Day 044 AA,Lesion 10z11 Day 058 AA,Lesion 10z11 Day 072 AA,Lesion 10z11 Day 086 AA,Lesion 10z11 Day 099 AA,2.9516013,9.319176,6,cool
INH+PZA,BM08,12,-191.72,-118.26,-105.37,-182.44,-167.73,-158.8,-176.0,-68.0,-67.0,-162.0,-153.0,-120.0,149.73,140.29,128.96,151.62,138.41,169.93,0.94,1.72,2.01,1.25,1.21,1.57,0.9,1.67,1.97,1.15,1.17,1.43,0.25,0.42,0.59,0.47,0.31,0.63,2.15,2.89,3.49,2.68,2.12,3.68,0.01,0.15,0.2,0.07,0.04,0.1,0.01,0.15,0.2,0.07,0.04,0.1,0.0,0.06,0.12,0.02,0.0,0.05,0.11,0.41,0.5,0.3,0.26,0.36,0.1,0.41,0.5,0.29,0.26,0.35,0.004651162790697674,0.05190311418685121,0.05730659025787965,0.02611940298507463,0.018867924528301886,0.02717391304347826,0.06,0.07,0.08,0.12,0.11,0.09,0.05,0.17,0.17,0.11,0.11,0.13,,,,,,1.5,Cavity,Cavity,Cavity,Cavity,Cavity,Cavity,Cavity,Cavity,Cavity,Cavity,Cavity,Cavity,true,true,true,true,true,true,Lesion 12z14 Day 031 AA,Lesion 12z14 Day 044 AA,Lesion 12z14 Day 058 AA,Lesion 12z14 Day 072 AA,Lesion 12z14 Day 086 AA,Lesion 12z14 Day 099 AA,2.1021917,10.7110815,4,hot
INH+PZA,BM08,13,-291.25,-130.32,-94.63,-187.76,-126.23,-87.53,-291.0,-81.0,-63.0,-181.0,-74.0,-38.0,141.5,141.91,127.0,156.06,177.12,152.26,0.84,2.14,2.18,1.38,2.0,2.23,0.68,2.11,2.19,1.34,1.96,2.1,0.41,0.49,0.65,0.54,0.57,0.81,2.47,3.82,3.58,2.58,3.44,4.82,0.02,0.39,0.42,0.15,0.49,0.45,0.02,0.39,0.42,0.15,0.49,0.45,0.0,0.25,0.3,0.06,0.31,0.31,0.15,0.92,1.11,0.51,1.28,1.27,0.14,0.91,1.11,0.51,1.24,1.27,0.008097165991902834,0.10209424083769635,0.11731843575418993,0.05813953488372093,0.14244186046511628,0.09336099585062241,0.14,0.14,0.12,0.2,0.21,0.15,0.03,0.28,0.38,0.16,0.4,0.41,,,,,,0.9,Fibrotic,Fibrotic,Fibrotic,Fibrotic,Fibrotic,Fibrotic,Fibrotic,Fibrotic,Fibrotic,Fibrotic,Fibrotic,Fibrotic,true,true,true,true,true,true,Lesion 13z15 Day 031 AA,Lesion 13z15 Day 044 AA,Lesion 13z15 Day 058 AA,Lesion 13z15 Day 072 AA,Lesion 13z15 Day 086 AA,Lesion 13z15 Day 099 AA,-2.41556,8.81146,14,hot
INH+PZA,BM08,16,-360.35,-150.38,-207.29,-263.64,-219.0,-174.91,-362.0,-106.0,-177.0,-272.0,-201.0,-145.0,126.87,137.34,138.42,153.78,164.54,171.64,0.67,2.05,1.4,0.98,1.65,1.35,0.65,2.05,1.32,0.83,1.64,1.34,0.15,0.33,0.46,0.43,0.47,0.33,1.08,2.64,2.56,2.15,2.84,2.15,0.0,0.07,0.03,0.01,0.07,0.03,0.0,0.07,0.03,0.01,0.07,0.03,0.0,0.04,0.01,0.0,0.03,0.0,0.01,0.15,0.13,0.06,0.18,0.14,0.01,0.14,0.12,0.06,0.17,0.13,0.0,0.026515151515151516,0.011764705882352941,0.004651162790697674,0.024647887323943664,0.014354066985645933,0.02,0.03,0.05,0.05,0.06,0.05,0.0,0.04,0.04,0.02,0.04,0.05,,,,,,0.9,Fibrotic,Fibrotic,Fibrotic,Fibrotic,Fibrotic,Fibrotic,Fibrotic,Fibrotic,Fibrotic,Fibrotic,Fibrotic,Fibrotic,false,false,false,false,false,false,Lesion 16 Day 031 AA,Lesion 16 Day 044 AA,Lesion 16 Day 058 AA,Lesion 16 Day 072 AA,Lesion 16 Day 086 AA,Lesion 16 Day 099 AA,2.4509346,10.888629,4,hot
BDQ+LIN,BM11,1,-281.92,-174.69,-161.64,-199.97,-263.87,-285.85,-299.0,-127.0,-134.0,-181.0,-248.0,-270.0,169.02,160.37,186.68,154.86,173.74,183.19,0.74,2.94,1.36,0.83,0.47,0.35,0.66,2.62,1.25,0.83,0.45,0.35,0.28,1.6,0.73,0.16,0.08,0.06,1.6,7.66,3.61,1.14,0.66,0.57,0.0,0.11,0.04,0.0,0.0,0.0,0.0,0.11,0.04,0.0,0.0,0.0,0.0,0.09,0.02,0.0,0.0,0.0,0.06,0.4,0.14,0.05,0.03,0.02,0.06,0.39,0.14,0.05,0.02,0.01,0.0,0.014360313315926894,0.0110803324099723,0.0,0.0,0.0,0.05,0.06,0.04,0.03,0.03,0.03,0.02,0.07,0.06,0.03,0.02,0.01,,,,,,0.6020599913279624,Fibrotic,Fibrotic,Fibrotic,Fibrotic,Fibrotic,Fibrotic,Fibrotic,Fibrotic,Fibrotic,Fibrotic,Fibrotic,Fibrotic,false,false,false,false,false,false,Lesion 01 Day 031 AA,Lesion 01 Day 045 AA,Lesion 01 Day 060 AA,Lesion 01 Day 075 AA,Lesion 01 Day 088 AA,Lesion 01 Day 101 AA,0.8723606,6.4960537,2,hot
BDQ+LIN,BM11,2,-431.26,-299.78,-311.88,-362.67,-403.72,-526.97,-451.0,-306.0,-328.0,-372.0,-417.0,-539.0,92.48,140.73,145.92,85.24,96.82,116.24,0.54,1.91,0.75,0.56,0.42,0.27,0.54,1.9,0.74,0.55,0.42,0.27,0.03,0.59,0.17,0.03,0.02,0.02,0.66,3.65,1.22,0.69,0.51,0.32,0.0,0.04,0.0,0.0,0.0,0.0,0.0,0.04,0.0,0.0,0.0,0.0,0.0,0.02,0.0,0.0,0.0,0.0,0.01,0.09,0.03,0.01,0.01,0.0,0.01,0.09,0.02,0.01,0.0,0.0,0.0,0.010958904109589041,0.0,0.0,0.0,0.0,0.02,0.04,0.02,0.01,0.01,0.0,0.0,0.01,0.01,0.0,0.0,0.0,,,,,,0.47712125471966244,Fibrotic,Fibrotic,Fibrotic,Fibrotic,Fibrotic,Fibrotic,Fibrotic,Fibrotic,Fibrotic,Fibrotic,Fibrotic,Fibrotic,false,false,false,false,false,false,Lesion 02 Day 031 AA,Lesion 02 Day 045 AA,Lesion 02 Day 060 AA,Lesion 02 Day 075 AA,Lesion 02 Day 088 AA,Lesion 02 Day 101 AA,12.000011,6.861829,7,cool
BDQ+LIN,BM11,3,-297.51,-102.13,-204.29,-282.45,-316.39,-357.77,-315.0,-57.0,-199.0,-303.0,-325.0,-372.0,149.52,144.7,150.76,131.08,158.13,155.6,0.76,3.45,1.52,1.01,0.64,0.47,0.65,3.19,1.44,1.0,0.6,0.46,0.32,1.56,0.65,0.22,0.24,0.11,1.92,7.72,3.28,1.75,1.7,0.87,0.01,0.44,0.19,0.0,0.0,0.0,0.01,0.44,0.19,0.0,0.0,0.0,0.0,0.38,0.1,0.0,0.0,0.0,0.14,1.64,0.61,0.19,0.1,0.05,0.13,1.64,0.6,0.19,0.09,0.04,0.005208333333333334,0.05699481865284974,0.057926829268292686,0.0,0.0,0.0,0.14,0.15,0.23,0.15,0.11,0.07,0.04,0.32,0.16,0.03,0.02,0.01,,,,,,3.2273724422896364,Necrotic,Necrotic,Necrotic,Necrotic,Necrotic,Necrotic,Necrotic,Necrotic,Necrotic,Necrotic,Necrotic,Necrotic,true,true,true,true,true,true,Lesion 03z05 Day 031 AA,Lesion 03z05 Day 045 AA,Lesion 03z05 Day 060 AA,Lesion 03z05 Day 075 AA,Lesion 03z05 Day 088 AA,Lesion 03z05 Day 101 AA,-1.9184759,6.9304843,0,hot
BDQ+LIN,BM11,4,-404.18,-236.05,-308.0,-338.22,-362.97,-528.11,-417.0,-230.0,-314.0,-343.0,-373.0,-537.0,103.29,128.17,140.75,118.3,128.6,127.33,0.46,1.98,0.81,0.56,0.35,0.25,0.45,1.83,0.72,0.56,0.34,0.24,0.07,0.69,0.25,0.05,0.04,0.02,0.67,4.4,1.69,0.77,0.47,0.32,0.0,0.07,0.0,0.0,0.0,0.0,0.0,0.07,0.0,0.0,0.0,0.0,0.0,0.04,0.0,0.0,0.0,0.0,0.01,0.18,0.07,0.02,0.0,0.0,0.01,0.18,0.06,0.02,0.0,0.0,0.0,0.01590909090909091,0.0,0.0,0.0,0.0,0.02,0.06,0.07,0.03,0.01,0.01,0.0,0.03,0.01,0.0,0.0,0.0,,,,,,0.47712125471966244,Fibrotic,Fibrotic,Fibrotic,Fibrotic,Fibrotic,Fibrotic,Fibrotic,Fibrotic,Fibrotic,Fibrotic,Fibrotic,Fibrotic,false,false,false,false,false,false,Lesion 04 Day 031 AA,Lesion 04 Day 045 AA,Lesion 04 Day 060 AA,Lesion 04 Day 075 AA,Lesion 04 Day 088 AA,Lesion 04 Day 101 AA,6.793488,10.124836,3,cool
BDQ+LIN,BM11,6,-247.73,-84.47,-45.81,-98.66,-162.31,-232.54,-261.0,-35.0,11.0,-50.0,-125.0,-212.0,155.42,139.42,152.35,148.1,175.56,188.39,0.84,4.12,2.21,1.35,0.65,0.45,0.77,3.91,2.13,1.34,0.63,0.46,0.3,2.4,1.22,0.5,0.21,0.1,2.26,10.53,5.53,2.67,1.37,0.74,0.01,0.17,0.17,0.07,0.0,0.0,0.01,0.17,0.17,0.07,0.0,0.0,0.0,0.16,0.14,0.02,0.0,0.0,0.15,0.88,0.57,0.23,0.07,0.05,0.15,0.88,0.56,0.23,0.07,0.04,0.004424778761061948,0.016144349477682812,0.030741410488245934,0.026217228464419477,0.0,0.0,0.12,0.05,0.05,0.05,0.05,0.05,0.06,0.17,0.19,0.12,0.06,0.04,,,,,,0.8450980400142568,Necrotic,Necrotic,Necrotic,Necrotic,Necrotic,Necrotic,Necrotic,Necrotic,Necrotic,Necrotic,Necrotic,Necrotic,false,false,false,false,false,false,Lesion 06 Day 031 AA,Lesion 06 Day 045 AA,Lesion 06 Day 060 AA,Lesion 06 Day 075 AA,Lesion 06 Day 088 AA,Lesion 06 Day 101 AA,-0.26014602,7.2597666,2,hot
BDQ+LIN,BM11,7,-354.57,-171.53,-145.13,-251.92,-252.95,-428.75,-375.0,-143.0,-110.0,-257.0,-243.0,-449.0,140.26,151.1,161.06,178.88,149.06,162.41,0.72,3.56,1.63,1.02,0.51,0.34,0.67,3.07,1.45,1.01,0.48,0.34,0.18,2.26,0.9,0.26,0.08,0.03,1.44,9.72,4.21,1.65,0.77,0.42,0.0,0.08,0.04,0.0,0.0,0.0,0.0,0.08,0.04,0.0,0.0,0.0,0.0,0.07,0.03,0.0,0.0,0.0,0.05,0.38,0.14,0.04,0.01,0.01,0.04,0.38,0.14,0.04,0.01,0.0,0.0,0.008230452674897118,0.009501187648456057,0.0,0.0,0.0,0.05,0.05,0.04,0.02,0.01,0.01,0.01,0.05,0.05,0.01,0.01,0.0,,,,,,0.7781512503836436,Necrotic,Necrotic,Necrotic,Necrotic,Necrotic,Necrotic,Necrotic,Necrotic,Necrotic,Necrotic,Necrotic,Necrotic,false,false,false,false,false,false,Lesion 07 Day 031 AA,Lesion 07 Day 045 AA,Lesion 07 Day 060 AA,Lesion 07 Day 075 AA,Lesion 07 Day 088 AA,Lesion 07 Day 101 AA,0.7152736,6.380557,2,hot
BDQ+LIN,BM11,8,-326.66,-202.39,-255.5,-373.13,-438.01,-430.18,-348.0,-198.0,-255.0,-393.0,-463.0,-444.0,145.93,147.16,170.7,161.35,168.49,158.35,0.59,2.7,0.98,0.58,0.34,0.24,0.56,2.43,0.83,0.56,0.34,0.24,0.08,1.32,0.43,0.1,0.03,0.01,0.88,6.22,2.3,0.87,0.42,0.29,0.0,0.07,0.01,0.0,0.0,0.0,0.0,0.07,0.01,0.0,0.0,0.0,0.0,0.06,0.0,0.0,0.0,0.0,0.04,0.24,0.08,0.03,0.01,0.0,0.04,0.24,0.08,0.02,0.0,0.0,0.0,0.011254019292604504,0.004347826086956522,0.0,0.0,0.0,0.05,0.05,0.05,0.03,0.01,0.01,0.01,0.04,0.03,0.0,0.0,0.0,,,,,,0.7781512503836436,Necrotic,Necrotic,Necrotic,Necrotic,Necrotic,Necrotic,Necrotic,Necrotic,Necrotic,Necrotic,Necrotic,Necrotic,false,false,false,false,false,false,Lesion 08 Day 031 AA,Lesion 08 Day 045 AA,Lesion 08 Day 060 AA,Lesion 08 Day 075 AA,Lesion 08 Day 088 AA,Lesion 08 Day 101 AA,1.6648557,6.3243995,10,cool
BDQ+LIN,BM11,9,-226.98,-228.64,-188.91,-332.97,-356.2,-346.05,-213.0,-221.0,-181.0,-341.0,-359.0,-352.0,137.52,175.85,164.08,154.56,156.47,153.2,1.12,2.86,1.55,0.78,0.47,0.33,1.1,2.38,1.37,0.77,0.45,0.32,0.29,1.6,0.64,0.12,0.08,0.05,2.15,7.99,3.68,1.14,0.95,0.51,0.02,0.19,0.08,0.0,0.0,0.0,0.02,0.19,0.08,0.0,0.0,0.0,0.0,0.15,0.04,0.0,0.0,0.0,0.25,0.7,0.3,0.1,0.04,0.03,0.25,0.66,0.29,0.09,0.03,0.03,0.009302325581395349,0.023779724655819776,0.021739130434782608,0.0,0.0,0.0,0.15,0.13,0.1,0.09,0.06,0.07,0.08,0.09,0.09,0.02,0.01,0.01,,,,,,0.8450980400142568,Fibrotic,Fibrotic,Fibrotic,Fibrotic,Fibrotic,Fibrotic,Fibrotic,Fibrotic,Fibrotic,Fibrotic,Fibrotic,Fibrotic,true,true,true,true,true,true,Lesion 09z10 Day 031 AA,Lesion 09z10 Day 045 AA,Lesion 09z10 Day 060 AA,Lesion 09z10 Day 075 AA,Lesion 09z10 Day 088 AA,Lesion 09z10 Day 101 AA,-0.6620643,5.3100877,5,hot
BDQ+LIN,BM11,11,-292.25,-254.31,-123.39,-235.36,-255.36,-352.13,-311.0,-251.0,-99.0,-229.0,-274.0,-351.0,166.13,176.35,179.14,195.81,174.74,178.56,0.74,2.88,1.43,0.91,0.45,0.45,0.67,2.39,1.09,0.84,0.41,0.45,0.19,1.7,0.9,0.33,0.14,0.08,1.46,7.13,3.98,1.76,0.98,0.64,0.0,0.07,0.02,0.0,0.0,0.0,0.0,0.07,0.02,0.0,0.0,0.0,0.0,0.05,0.02,0.0,0.0,0.0,0.03,0.26,0.09,0.04,0.01,0.01,0.03,0.24,0.09,0.04,0.01,0.01,0.0,0.009817671809256663,0.005025125628140704,0.0,0.0,0.0,0.03,0.05,0.03,0.02,0.02,0.01,0.01,0.03,0.04,0.02,0.01,0.0,,,,,,2.361727836017593,Necrotic,Necrotic,Necrotic,Necrotic,Necrotic,Necrotic,Necrotic,Necrotic,Necrotic,Necrotic,Necrotic,Necrotic,false,false,false,false,false,false,Lesion 11 Day 031 AA,Lesion 11 Day 045 AA,Lesion 11 Day 060 AA,Lesion 11 Day 075 AA,Lesion 11 Day 088 AA,Lesion 11 Day 101 AA,1.5207442,5.485951,10,cool
BDQ+LIN,BM11,12,-314.58,-203.08,-174.75,-305.56,-329.16,-341.46,-340.0,-190.0,-173.0,-321.0,-329.0,-351.0,147.12,156.43,170.74,143.76,136.88,138.14,0.67,2.92,1.48,0.82,0.42,0.42,0.62,2.59,1.36,0.77,0.4,0.43,0.17,1.62,0.69,0.21,0.1,0.06,1.47,6.71,2.94,1.33,0.72,0.53,0.0,0.07,0.03,0.0,0.0,0.0,0.0,0.07,0.03,0.0,0.0,0.0,0.0,0.06,0.02,0.0,0.0,0.0,0.04,0.28,0.1,0.03,0.01,0.01,0.03,0.27,0.1,0.03,0.01,0.01,0.0,0.010432190760059613,0.01020408163265306,0.0,0.0,0.0,0.04,0.05,0.04,0.03,0.02,0.01,0.01,0.04,0.03,0.01,0.0,0.0,,,,,,1.414973347970818,Necrotic,Necrotic,Necrotic,Necrotic,Necrotic,Necrotic,Necrotic,Necrotic,Necrotic,Necrotic,Necrotic,Necrotic,false,false,false,false,false,false,Lesion 12 Day 031 AA,Lesion 12 Day 045 AA,Lesion 12 Day 060 AA,Lesion 12 Day 075 AA,Lesion 12 Day 088 AA,Lesion 12 Day 101 AA,1.4059998,6.20916,10,cool
BDQ+LIN,BM11,13,-326.31,-255.17,-249.49,-478.98,-273.44,-380.06,-349.0,-283.0,-272.0,-485.0,-252.0,-371.0,142.89,120.14,162.51,139.76,165.19,165.72,0.74,0.89,0.68,0.83,0.47,0.41,0.71,0.88,0.67,0.78,0.46,0.4,0.14,0.15,0.09,0.2,0.06,0.05,1.15,1.18,0.98,1.5,0.66,0.52,0.0,0.0,0.0,0.0,0.0,0.0,0.0,0.0,0.0,0.0,0.0,0.0,0.0,0.0,0.0,0.0,0.0,0.0,0.01,0.01,0.03,0.03,0.01,0.01,0.01,0.01,0.03,0.02,0.01,0.01,0.0,0.0,0.0,0.0,0.0,0.0,0.01,0.01,0.03,0.02,0.02,0.01,0.0,0.0,0.01,0.0,0.01,0.0,,,,,,1.8195439355418688,Fibrotic,Fibrotic,Fibrotic,Fibrotic,Fibrotic,Fibrotic,Fibrotic,Fibrotic,Fibrotic,Fibrotic,Fibrotic,Fibrotic,false,false,false,false,false,false,Lesion 13 Day 031 AA,Lesion 13 Day 045 AA,Lesion 13 Day 060 AA,Lesion 13 Day 075 AA,Lesion 13 Day 088 AA,Lesion 13 Day 101 AA,8.578411,9.586832,3,cool
BDQ+LIN,BM11,14,-237.16,-117.18,-134.79,-236.79,-241.05,-282.62,-221.0,-78.0,-109.0,-224.0,-228.0,-291.0,147.34,137.97,155.4,152.33,159.9,153.35,0.76,3.11,1.66,1.17,0.56,0.56,0.66,2.67,1.45,1.16,0.49,0.56,0.32,1.49,0.95,0.33,0.25,0.15,2.11,7.95,4.45,1.96,1.57,0.93,0.01,0.61,0.19,0.04,0.0,0.0,0.01,0.61,0.19,0.04,0.0,0.0,0.0,0.5,0.13,0.0,0.0,0.0,0.14,2.06,0.64,0.23,0.07,0.06,0.13,2.05,0.64,0.22,0.07,0.06,0.004739336492890996,0.07672955974842767,0.04269662921348315,0.020408163265306124,0.0,0.0,0.12,0.21,0.16,0.12,0.08,0.08,0.05,0.46,0.23,0.07,0.04,0.03,,,,,,3.6051972673883776,Necrotic,Necrotic,Necrotic,Necrotic,Necrotic,Necrotic,Necrotic,Necrotic,Necrotic,Necrotic,Necrotic,Necrotic,true,true,true,true,true,true,Lesion 14z15 Day 031 AA,Lesion 14z15 Day 045 AA,Lesion 14z15 Day 060 AA,Lesion 14z15 Day 075 AA,Lesion 14z15 Day 088 AA,Lesion 14z15 Day 101 AA,-3.3287697,6.922491,0,hot
INH+PZA,BM16,1,-311.04,-158.84,-264.1,-277.48,-403.39,-414.83,-317.0,-152.0,-255.0,-278.0,-417.0,-417.0,143.64,175.55,153.31,135.15,164.05,117.02,0.56,0.81,0.75,0.62,0.63,0.49,0.56,0.8,0.74,0.61,0.64,0.49,0.07,0.15,0.1,0.06,0.08,0.05,0.67,1.12,0.96,0.75,0.79,0.59,0.0,0.0,0.0,0.0,0.0,0.0,0.0,0.0,0.0,0.0,0.0,0.0,0.0,0.0,0.0,0.0,0.0,0.0,0.0,0.01,0.01,0.0,0.0,0.0,0.0,0.01,0.0,0.0,0.0,0.0,0.0,0.0,0.0,0.0,0.0,0.0,0.01,0.01,0.0,0.0,0.0,0.0,0.0,0.01,0.0,0.0,0.0,0.0,,,,,,0.6,Fibrotic,Fibrotic,Fibrotic,Fibrotic,Fibrotic,Fibrotic,Fibrotic,Fibrotic,Fibrotic,Fibrotic,Fibrotic,Fibrotic,false,false,false,false,false,false,Lesion 01 Day 031 AA,Lesion 01 Day 044 AA,Lesion 01 Day 058 AA,Lesion 01 Day 071 FG,Lesion 01 Day 086 AA,Lesion 01 Day 099 AA,4.6974597,7.60407,6,cool
INH+PZA,BM16,2,-434.1,-211.59,-268.74,-285.6,-331.94,-454.83,-451.0,-197.0,-255.0,-279.0,-327.0,-465.0,110.96,169.85,148.33,173.93,126.52,132.37,0.48,1.08,1.07,0.69,0.6,0.41,0.48,1.03,1.06,0.71,0.6,0.42,0.04,0.3,0.28,0.11,0.07,0.01,0.54,1.8,1.69,0.91,0.74,0.44,0.0,0.0,0.0,0.0,0.0,0.0,0.0,0.0,0.0,0.0,0.0,0.0,0.0,0.0,0.0,0.0,0.0,0.0,0.0,0.03,0.02,0.01,0.01,0.0,0.0,0.03,0.02,0.01,0.01,0.0,0.0,0.0,0.0,0.0,0.0,0.0,0.01,0.02,0.01,0.01,0.01,0.0,0.0,0.01,0.01,0.01,0.0,0.0,,,,,,0.6,Fibrotic,Fibrotic,Fibrotic,Fibrotic,Fibrotic,Fibrotic,Fibrotic,Fibrotic,Fibrotic,Fibrotic,Fibrotic,Fibrotic,false,false,false,false,false,false,Lesion 02 Day 031 AA,Lesion 02 Day 044 AA,Lesion 02 Day 058 AA,Lesion 02 Day 071 FG,Lesion 02 Day 086 AA,Lesion 02 Day 099 AA,5.6722436,6.6488028,9,cool
INH+PZA,BM16,3,-223.19,-51.87,-153.3,-175.16,-206.18,-155.24,-234.0,4.0,-128.0,-125.0,-170.0,-122.0,138.7,143.03,154.82,191.22,178.59,173.02,1.17,1.97,2.3,1.25,1.31,0.88,0.96,1.79,2.13,1.17,1.32,0.81,0.68,0.94,0.97,0.53,0.42,0.34,3.59,4.69,4.44,2.69,2.39,1.69,0.04,0.19,0.2,0.07,0.07,0.01,0.04,0.19,0.2,0.07,0.07,0.01,0.02,0.13,0.14,0.02,0.01,0.0,0.2,0.65,0.65,0.27,0.24,0.16,0.2,0.64,0.63,0.26,0.23,0.15,0.011142061281337047,0.04051172707889125,0.04504504504504504,0.02602230483271376,0.029288702928870293,0.00591715976331361,0.11,0.07,0.12,0.08,0.09,0.07,0.06,0.26,0.15,0.12,0.09,0.1,,,,,,2.09,Necrotic,Necrotic,Necrotic,Necrotic,Necrotic,Necrotic,Necrotic,Necrotic,Necrotic,Necrotic,Necrotic,Necrotic,true,true,true,true,true,true,Lesion 03z05 Day 031 AA,Lesion 03z05 Day 044 AA,Lesion 03z05 Day 058 AA,Lesion 03z05 Day 071 FG,Lesion 03z05 Day 086 AA,Lesion 03z05 Day 099 AA,0.53948283,9.754583,4,hot
INH+PZA,BM16,4,-308.4,-192.07,-226.77,-219.25,-287.69,-261.6,-319.0,-174.0,-210.0,-198.0,-284.0,-260.0,119.56,162.36,166.89,158.53,151.65,152.44,0.79,1.57,1.44,0.85,0.53,0.32,0.71,1.57,1.29,0.79,0.53,0.32,0.28,0.55,0.59,0.24,0.07,0.01,1.53,2.86,3.08,1.48,0.68,0.35,0.0,0.03,0.03,0.0,0.0,0.0,0.0,0.03,0.03,0.0,0.0,0.0,0.0,0.01,0.01,0.0,0.0,0.0,0.03,0.1,0.1,0.04,0.02,0.01,0.03,0.1,0.1,0.04,0.02,0.01,0.0,0.01048951048951049,0.00974025974025974,0.0,0.0,0.0,0.03,0.03,0.04,0.03,0.02,0.01,0.01,0.03,0.03,0.02,0.01,0.0,,,,,,2.17,Fibrotic,Fibrotic,Fibrotic,Fibrotic,Fibrotic,Fibrotic,Fibrotic,Fibrotic,Fibrotic,Fibrotic,Fibrotic,Fibrotic,false,false,false,false,false,false,Lesion 04 Day 031 AA,Lesion 04 Day 044 AA,Lesion 04 Day 058 AA,Lesion 04 Day 071 FG,Lesion 04 Day 086 AA,Lesion 04 Day 099 AA,5.601332,8.275886,9,cool
INH+PZA,BM16,6,-266.92,-171.89,-186.84,-200.7,-224.93,-191.17,-277.0,-128.0,-150.0,-163.0,-204.0,-172.0,127.55,155.21,160.61,169.46,166.25,151.99,1.09,2.31,2.62,1.65,1.38,0.85,0.99,2.12,2.49,1.6,1.37,0.81,0.54,1.15,1.16,0.62,0.37,0.36,3.1,5.97,6.19,3.37,2.33,1.85,0.03,0.26,0.31,0.17,0.1,0.02,0.03,0.26,0.31,0.17,0.1,0.02,0.01,0.2,0.24,0.09,0.01,0.0,0.2,0.84,0.99,0.51,0.39,0.24,0.2,0.83,0.97,0.49,0.38,0.23,0.009677419354838708,0.043551088777219436,0.05008077544426494,0.050445103857566766,0.04291845493562232,0.01081081081081081,0.15,0.16,0.17,0.14,0.16,0.15,0.04,0.2,0.19,0.15,0.11,0.12,,,,,,1.46,Cavity,Cavity,Cavity,Cavity,Cavity,Cavity,Cavity,Cavity,Cavity,Cavity,Cavity,Cavity,true,true,true,true,true,true,Lesion 06z07 Day 031 AA,Lesion 06z07 Day 044 AA,Lesion 06z07 Day 058 AA,Lesion 06z07 Day 071 FG,Lesion 06z07 Day 086 AA,Lesion 06z07 Day 099 AA,-3.992326,8.195204,5,hot
INH+PZA,BM16,8,-301.81,-135.78,-204.45,-242.9,-331.93,-339.79,-307.0,-80.0,-179.0,-225.0,-337.0,-344.0,147.97,183.38,167.84,169.25,136.25,127.5,0.72,2.24,2.15,0.91,0.58,0.4,0.61,2.11,1.97,0.86,0.58,0.39,0.29,0.93,0.89,0.25,0.07,0.04,1.81,4.72,4.65,1.68,0.78,0.54,0.0,0.15,0.16,0.0,0.0,0.0,0.0,0.15,0.16,0.0,0.0,0.0,0.0,0.11,0.11,0.0,0.0,0.0,0.08,0.45,0.48,0.13,0.05,0.03,0.07,0.44,0.46,0.12,0.05,0.02,0.0,0.03177966101694915,0.034408602150537634,0.0,0.0,0.0,0.08,0.07,0.11,0.08,0.07,0.06,0.02,0.12,0.1,0.05,0.01,0.01,,,,,,0.6,Fibrotic,Fibrotic,Fibrotic,Fibrotic,Fibrotic,Fibrotic,Fibrotic,Fibrotic,Fibrotic,Fibrotic,Fibrotic,Fibrotic,true,true,true,true,true,true,Lesion 08z09 Day 031 AA,Lesion 08z09 Day 044 AA,Lesion 08z09 Day 058 AA,Lesion 08z09 Day 071 FG,Lesion 08z09 Day 086 AA,Lesion 08z09 Day 099 AA,1.1985517,4.7527785,15,hot
INH+PZA,BM16,10,-290.57,-71.82,-142.97,-149.34,-191.62,-150.67,-309.0,-28.0,-88.0,-88.0,-161.0,-128.0,147.43,140.31,166.92,187.9,181.52,156.17,1.24,2.56,2.73,1.72,1.49,1.06,1.04,2.4,2.62,1.56,1.29,0.91,0.58,1.01,1.1,0.79,0.74,0.49,3.09,5.33,5.64,4.01,4.25,2.66,0.05,0.33,0.38,0.18,0.11,0.05,0.05,0.33,0.38,0.18,0.11,0.05,0.02,0.25,0.31,0.12,0.06,0.02,0.23,1.0,1.23,0.6,0.45,0.28,0.23,0.99,1.21,0.57,0.44,0.28,0.016181229773462785,0.06191369606003753,0.0673758865248227,0.04488778054862843,0.02588235294117647,0.018796992481203006,0.14,0.08,0.16,0.11,0.14,0.12,0.04,0.3,0.28,0.21,0.14,0.14,,,,,,1.05,Cavity,Cavity,Cavity,Cavity,Cavity,Cavity,Cavity,Cavity,Cavity,Cavity,Cavity,Cavity,true,true,true,true,true,true,Lesion 10z11 Day 031 AA,Lesion 10z11 Day 044 AA,Lesion 10z11 Day 058 AA,Lesion 10z11 Day 071 FG,Lesion 10z11 Day 086 AA,Lesion 10z11 Day 099 AA,-0.6062526,9.340013,4,hot
INH+PZA,BM16,12,-345.28,-154.7,-252.17,-237.21,-318.47,-313.28,-353.0,-126.0,-241.0,-219.0,-314.0,-321.0,88.71,179.58,129.07,166.7,121.74,113.03,0.67,1.47,1.4,0.97,0.82,0.5,0.64,1.3,1.28,0.91,0.8,0.47,0.16,0.59,0.47,0.27,0.16,0.11,1.08,3.04,2.49,1.65,1.17,0.86,0.0,0.02,0.02,0.0,0.0,0.0,0.0,0.02,0.02,0.0,0.0,0.0,0.0,0.01,0.01,0.0,0.0,0.0,0.01,0.08,0.06,0.03,0.02,0.01,0.01,0.07,0.06,0.03,0.02,0.01,0.0,0.006578947368421052,0.008032128514056224,0.0,0.0,0.0,0.02,0.02,0.03,0.02,0.03,0.02,0.0,0.03,0.01,0.01,0.0,0.0,,,,,,0.86,Cavity,Cavity,Cavity,Cavity,Cavity,Cavity,Cavity,Cavity,Cavity,Cavity,Cavity,Cavity,false,false,false,false,false,false,Lesion 12 Day 031 AA,Lesion 12 Day 044 AA,Lesion 12 Day 058 AA,Lesion 12 Day 071 FG,Lesion 12 Day 086 AA,Lesion 12 Day 099 AA,3.6042378,7.5492625,6,cool
INH+PZA,BM16,13,-293.7,-201.86,-253.17,-271.03,-319.1,-270.22,-302.0,-192.0,-242.0,-277.0,-328.0,-274.0,128.55,162.76,134.71,152.43,123.8,123.47,0.52,1.1,1.08,0.68,0.66,0.42,0.52,0.99,1.08,0.65,0.68,0.41,0.08,0.42,0.33,0.11,0.1,0.05,0.79,2.37,1.83,0.94,0.83,0.56,0.0,0.01,0.01,0.0,0.0,0.0,0.0,0.01,0.01,0.0,0.0,0.0,0.0,0.0,0.0,0.0,0.0,0.0,0.03,0.06,0.05,0.02,0.02,0.01,0.03,0.06,0.05,0.02,0.02,0.01,0.0,0.004219409282700422,0.00546448087431694,0.0,0.0,0.0,0.05,0.03,0.03,0.02,0.02,0.02,0.01,0.02,0.01,0.01,0.0,0.01,,,,,,0.95,Cavity,Cavity,Cavity,Cavity,Cavity,Cavity,Cavity,Cavity,Cavity,Cavity,Cavity,Cavity,false,false,false,false,false,false,Lesion 13 Day 031 AA,Lesion 13 Day 044 AA,Lesion 13 Day 058 AA,Lesion 13 Day 071 FG,Lesion 13 Day 086 AA,Lesion 13 Day 099 AA,5.8906536,7.429761,9,cool
INH+PZA,BM16,14,-381.65,-132.9,-210.43,-217.15,-272.76,-260.18,-393.0,-101.0,-206.0,-208.0,-270.0,-262.0,95.46,168.39,147.42,161.16,147.66,142.59,0.66,1.94,1.94,1.0,0.85,0.67,0.57,1.66,1.77,0.87,0.79,0.61,0.26,0.99,0.94,0.39,0.25,0.19,1.46,4.5,4.64,2.16,1.57,1.32,0.0,0.05,0.07,0.01,0.0,0.0,0.0,0.05,0.07,0.01,0.0,0.0,0.0,0.03,0.04,0.0,0.0,0.0,0.04,0.16,0.21,0.07,0.07,0.04,0.03,0.16,0.21,0.07,0.07,0.04,0.0,0.011111111111111112,0.015086206896551727,0.004629629629629629,0.0,0.0,0.05,0.03,0.06,0.04,0.06,0.04,0.0,0.05,0.04,0.03,0.02,0.02,,,,,,1.16,Cavity,Cavity,Cavity,Cavity,Cavity,Cavity,Cavity,Cavity,Cavity,Cavity,Cavity,Cavity,false,false,false,false,false,false,Lesion 14 Day 031 AA,Lesion 14 Day 044 AA,Lesion 14 Day 058 AA,Lesion 14 Day 071 FG,Lesion 14 Day 086 AA,Lesion 14 Day 099 AA,2.5333905,8.504845,6,cool
INH+PZA,BM16,15,-351.96,-139.48,-224.48,-200.45,-260.99,-211.78,-356.0,-100.0,-214.0,-175.0,-248.0,-206.0,102.02,148.22,136.0,164.81,138.04,159.53,0.88,1.77,1.54,1.06,0.84,0.66,0.86,1.59,1.5,1.04,0.85,0.62,0.21,0.73,0.49,0.28,0.19,0.18,1.32,3.49,2.64,1.66,1.22,1.12,0.0,0.03,0.03,0.0,0.0,0.0,0.0,0.03,0.03,0.0,0.0,0.0,0.0,0.02,0.01,0.0,0.0,0.0,0.02,0.09,0.08,0.05,0.04,0.03,0.02,0.09,0.08,0.05,0.04,0.03,0.0,0.008595988538681947,0.011363636363636362,0.0,0.0,0.0,0.02,0.02,0.04,0.02,0.04,0.03,0.0,0.03,0.02,0.02,0.01,0.02,,,,,,2.35,Cavity,Cavity,Cavity,Cavity,Cavity,Cavity,Cavity,Cavity,Cavity,Cavity,Cavity,Cavity,false,false,false,false,false,false,Lesion 15 Day 031 AA,Lesion 15 Day 044 AA,Lesion 15 Day 058 AA,Lesion 15 Day 071 FG,Lesion 15 Day 086 AA,Lesion 15 Day 099 AA,3.6118202,10.5549,4,hot
INH+PZA,BM16,17,-195.66,-83.79,-48.59,-86.7,-142.93,-141.61,-211.0,-68.0,-10.0,-36.0,-98.0,-104.0,148.16,80.97,117.59,146.72,142.89,149.77,1.24,2.79,2.61,1.4,1.18,0.91,1.18,2.76,2.61,1.35,0.93,0.74,0.44,1.06,0.71,0.41,0.68,0.5,2.53,5.67,4.33,2.86,5.0,2.97,0.03,0.1,0.1,0.03,0.02,0.01,0.03,0.1,0.1,0.03,0.02,0.01,0.01,0.09,0.09,0.01,0.01,0.0,0.15,0.32,0.31,0.11,0.11,0.07,0.15,0.32,0.31,0.11,0.11,0.07,0.011764705882352941,0.017636684303350973,0.02238805970149254,0.01048951048951049,0.003546099290780142,0.003367003367003367,0.06,0.01,0.01,0.02,0.02,0.03,0.05,0.1,0.1,0.06,0.05,0.05,,,,,,0.6,Fibrotic,Fibrotic,Fibrotic,Fibrotic,Fibrotic,Fibrotic,Fibrotic,Fibrotic,Fibrotic,Fibrotic,Fibrotic,Fibrotic,false,false,false,false,false,false,Lesion 17 Day 031 AA,Lesion 17 Day 044 AA,Lesion 17 Day 058 AA,Lesion 17 Day 071 FG,Lesion 17 Day 086 AA,Lesion 17 Day 099 AA,0.28701127,11.165822,4,hot
INH+PZA,BM16,18,-378.71,-142.56,-196.32,-221.34,-224.06,-220.34,-370.0,-128.0,-180.0,-186.0,-210.0,-206.0,128.05,161.98,139.89,170.79,161.48,141.42,0.67,1.46,1.7,1.06,1.26,0.7,0.62,1.25,1.59,1.02,1.28,0.64,0.24,0.81,0.75,0.4,0.27,0.3,1.4,3.7,3.63,1.88,1.87,1.61,0.0,0.03,0.03,0.01,0.01,0.0,0.0,0.03,0.03,0.01,0.01,0.0,0.0,0.02,0.02,0.0,0.0,0.0,0.02,0.1,0.1,0.07,0.08,0.04,0.01,0.1,0.1,0.07,0.08,0.03,0.0,0.008108108108108107,0.008264462809917356,0.0053191489361702135,0.0053475935828877,0.0,0.02,0.03,0.03,0.03,0.03,0.03,0.0,0.03,0.02,0.03,0.02,0.02,,,,,,2.49,Cavity,Cavity,Cavity,Cavity,Cavity,Cavity,Cavity,Cavity,Cavity,Cavity,Cavity,Cavity,false,false,false,false,false,false,Lesion 18 Day 031 AA,Lesion 18 Day 044 AA,Lesion 18 Day 058 AA,Lesion 18 Day 071 FG,Lesion 18 Day 086 AA,Lesion 18 Day 099 AA,3.9384112,9.106328,6,cool
INH+PZA,BM16,19,-440.75,-183.41,-236.51,-229.44,-239.15,-241.88,-457.0,-157.0,-224.0,-204.0,-226.0,-236.0,125.43,151.5,142.34,152.61,160.98,176.63,0.62,1.59,1.81,1.18,1.17,0.67,0.51,1.37,1.76,1.07,1.13,0.58,0.28,0.82,0.82,0.48,0.29,0.33,1.81,3.57,3.54,2.47,1.87,1.58,0.0,0.05,0.08,0.03,0.02,0.0,0.0,0.05,0.08,0.03,0.02,0.0,0.0,0.03,0.05,0.01,0.0,0.0,0.05,0.16,0.22,0.14,0.11,0.05,0.04,0.16,0.21,0.13,0.11,0.05,0.0,0.014005602240896359,0.022598870056497175,0.01214574898785425,0.0106951871657754,0.0,0.06,0.05,0.08,0.07,0.06,0.05,0.0,0.05,0.04,0.04,0.03,0.03,,,,,,2.04,Cavity,Cavity,Cavity,Cavity,Cavity,Cavity,Cavity,Cavity,Cavity,Cavity,Cavity,Cavity,true,true,true,true,true,true,Lesion 19z22 Day 031 AA,Lesion 19z22 Day 044 AA,Lesion 19z22 Day 058 AA,Lesion 19z22 Day 071 FG,Lesion 19z22 Day 086 AA,Lesion 19z22 Day 099 AA,6.0110006,9.940397,3,cool
INH+PZA,BM16,21,-432.56,-278.38,-281.47,-297.35,-371.61,-349.49,-443.0,-293.0,-276.0,-311.0,-383.0,-356.0,91.78,137.08,120.67,142.74,102.56,97.96,0.43,1.16,1.31,0.72,0.61,0.36,0.42,1.02,1.22,0.7,0.61,0.34,0.04,0.44,0.54,0.18,0.12,0.06,0.55,2.86,2.8,1.17,0.83,0.57,0.0,0.01,0.02,0.0,0.0,0.0,0.0,0.01,0.02,0.0,0.0,0.0,0.0,0.0,0.01,0.0,0.0,0.0,0.01,0.08,0.07,0.03,0.01,0.01,0.01,0.07,0.07,0.02,0.01,0.01,0.0,0.003496503496503497,0.0071428571428571435,0.0,0.0,0.0,0.02,0.05,0.04,0.03,0.02,0.02,0.0,0.01,0.01,0.01,0.0,0.0,,,,,,0.9,Cavity,Cavity,Cavity,Cavity,Cavity,Cavity,Cavity,Cavity,Cavity,Cavity,Cavity,Cavity,false,false,false,false,false,false,Lesion 21 Day 031 AA,Lesion 21 Day 044 AA,Lesion 21 Day 058 AA,Lesion 21 Day 071 FG,Lesion 21 Day 086 AA,Lesion 21 Day 099 AA,9.972043,8.403702,3,cool
PZA,BM19,1,-351.33,-219.03,-196.13,-179.03,-186.39,-239.06,-377.0,-219.0,-169.0,-153.0,-170.0,-227.0,104.09,164.86,190.61,165.7,159.61,144.86,0.75,1.64,1.12,1.02,1.0,0.88,0.73,1.54,1.15,1.01,0.98,0.89,0.09,0.48,0.24,0.21,0.21,0.16,0.98,2.56,1.61,1.58,1.49,1.38,0.0,0.01,0.0,0.0,0.0,0.0,0.0,0.01,0.0,0.0,0.0,0.0,0.0,0.0,0.0,0.0,0.0,0.0,0.0,0.03,0.02,0.01,0.01,0.01,0.0,0.02,0.02,0.01,0.01,0.01,0.0,0.00390625,0.0,0.0,0.0,0.0,0.0,0.01,0.01,0.01,0.01,0.01,0.0,0.01,0.01,0.01,0.01,0.0,,,,,,1.0,Necrotic,Necrotic,Necrotic,Necrotic,Necrotic,Necrotic,Necrotic,Necrotic,Necrotic,Necrotic,Necrotic,Necrotic,false,false,false,false,false,false,Lesion 01 Day 030 FG,Lesion 01 Day 043 FG,Lesion 01 Day 057 FG,Lesion 01 Day 071 FG,Lesion 01 Day 085 FG,Lesion 01 Day 098 FG,5.1124706,5.817946,9,cool
PZA,BM19,2,-372.28,-147.04,-127.67,-162.27,-171.28,-196.79,-394.0,-106.0,-88.0,-128.0,-139.0,-189.0,99.6,162.07,151.92,164.04,171.88,163.96,0.67,2.69,1.7,1.29,1.06,0.77,0.65,2.39,1.56,1.12,0.93,0.74,0.07,1.43,0.64,0.47,0.39,0.17,0.89,6.62,3.29,2.76,2.17,1.32,0.0,0.06,0.06,0.03,0.01,0.0,0.0,0.06,0.06,0.03,0.01,0.0,0.0,0.05,0.03,0.01,0.0,0.0,0.0,0.24,0.2,0.13,0.08,0.05,0.0,0.23,0.2,0.13,0.07,0.05,0.0,0.009063444108761328,0.0182370820668693,0.010869565217391304,0.004608294930875576,0.0,0.01,0.04,0.05,0.05,0.03,0.04,0.0,0.05,0.07,0.06,0.04,0.02,,,,,,0.9,Necrotic,Necrotic,Necrotic,Necrotic,Necrotic,Necrotic,Necrotic,Necrotic,Necrotic,Necrotic,Necrotic,Necrotic,true,true,true,true,true,true,Lesion 02z03 Day 030 FG,Lesion 02z03 Day 043 FG,Lesion 02z03 Day 057 FG,Lesion 02z03 Day 071 FG,Lesion 02z03 Day 085 FG,Lesion 02z03 Day 098 FG,1.3642843,6.988394,10,cool
PZA,BM19,5,-395.93,-255.91,-193.55,-209.28,-227.98,-237.49,-417.0,-255.0,-176.0,-178.0,-215.0,-224.0,122.17,168.59,146.74,165.99,142.83,151.9,0.51,2.65,1.52,1.11,0.94,1.01,0.51,2.34,1.47,1.04,0.89,0.96,0.04,1.31,0.5,0.34,0.3,0.28,0.76,6.61,2.83,2.11,1.73,1.72,0.0,0.13,0.07,0.02,0.01,0.01,0.0,0.13,0.07,0.02,0.01,0.01,0.0,0.1,0.03,0.0,0.0,0.0,0.01,0.43,0.23,0.13,0.09,0.09,0.01,0.4,0.23,0.13,0.09,0.09,0.0,0.019667170953101363,0.02473498233215548,0.009478672985781991,0.005780346820809249,0.005813953488372093,0.01,0.09,0.09,0.06,0.06,0.06,0.0,0.06,0.07,0.05,0.03,0.03,,,,,,0.94,Cavity,Cavity,Cavity,Cavity,Cavity,Cavity,Cavity,Cavity,Cavity,Cavity,Cavity,Cavity,true,true,true,true,true,true,Lesion 05z06 Day 030 FG,Lesion 05z06 Day 043 FG,Lesion 05z06 Day 057 FG,Lesion 05z06 Day 071 FG,Lesion 05z06 Day 085 FG,Lesion 05z06 Day 098 FG,1.2466207,5.371617,10,cool
PZA,BM19,7,-250.84,-146.78,-126.85,-116.69,-164.06,-188.22,-263.0,-93.0,-86.0,-64.0,-120.0,-143.0,159.46,165.28,144.86,151.51,171.49,184.28,0.78,2.42,1.98,1.37,1.02,0.8,0.76,2.18,1.83,1.29,0.89,0.74,0.15,1.03,0.75,0.5,0.45,0.22,1.18,5.52,4.01,2.56,2.37,1.5,0.0,0.1,0.14,0.06,0.02,0.0,0.0,0.1,0.14,0.06,0.02,0.0,0.0,0.07,0.09,0.02,0.01,0.0,0.02,0.31,0.4,0.22,0.11,0.07,0.02,0.31,0.4,0.22,0.11,0.06,0.0,0.01811594202898551,0.03491271820448878,0.0234375,0.008438818565400843,0.0,0.02,0.05,0.07,0.06,0.04,0.03,0.01,0.08,0.13,0.12,0.06,0.04,,,,,,0.6,Fibrotic,Fibrotic,Fibrotic,Fibrotic,Fibrotic,Fibrotic,Fibrotic,Fibrotic,Fibrotic,Fibrotic,Fibrotic,Fibrotic,false,false,false,false,false,false,Lesion 07 Day 030 FG,Lesion 07 Day 043 FG,Lesion 07 Day 057 FG,Lesion 07 Day 071 FG,Lesion 07 Day 085 FG,Lesion 07 Day 098 FG,1.5150956,7.427385,10,cool
PZA,BM19,8,-294.46,-172.07,-150.25,-147.3,-194.9,-187.1,-314.0,-133.0,-111.0,-94.0,-156.0,-166.0,142.45,154.21,142.38,151.11,162.33,141.87,0.74,3.08,1.92,1.67,1.36,1.48,0.7,2.87,1.84,1.58,1.3,1.41,0.27,1.6,0.88,0.58,0.53,0.58,1.48,6.79,4.27,3.2,2.71,3.33,0.0,0.36,0.3,0.21,0.11,0.17,0.0,0.36,0.3,0.21,0.11,0.17,0.0,0.31,0.22,0.11,0.05,0.07,0.05,1.41,0.96,0.62,0.41,0.57,0.05,1.4,0.95,0.61,0.41,0.56,0.0,0.053019145802650956,0.07025761124121781,0.06562499999999999,0.04059040590405904,0.05105105105105105,0.05,0.21,0.2,0.14,0.15,0.21,0.02,0.24,0.27,0.23,0.14,0.17,,,,,,2.46,Cavity,Cavity,Cavity,Cavity,Cavity,Cavity,Cavity,Cavity,Cavity,Cavity,Cavity,Cavity,false,false,false,false,false,false,Lesion 08 Day 030 FG,Lesion 08 Day 043 FG,Lesion 08 Day 057 FG,Lesion 08 Day 071 FG,Lesion 08 Day 085 FG,Lesion 08 Day 098 FG,-3.9945326,7.962153,5,hot
PZA,BM19,9,-349.44,-42.14,-112.24,-104.97,-177.31,-221.94,-367.0,-10.0,-56.0,-46.0,-149.0,-228.0,132.82,117.5,155.56,158.74,168.25,166.3,0.65,2.39,2.24,1.46,1.02,0.77,0.61,1.99,2.19,1.35,0.89,0.74,0.12,1.32,0.93,0.55,0.44,0.17,1.02,6.05,4.57,3.33,2.79,1.32,0.0,0.21,0.19,0.08,0.02,0.0,0.0,0.21,0.19,0.08,0.02,0.0,0.0,0.15,0.15,0.03,0.01,0.0,0.01,0.71,0.59,0.29,0.14,0.07,0.0,0.71,0.58,0.29,0.13,0.07,0.0,0.03471074380165289,0.04157549234135667,0.024024024024024024,0.007168458781362007,0.0,0.01,0.04,0.07,0.06,0.06,0.06,0.0,0.24,0.19,0.14,0.07,0.03,,,,,,0.85,Necrotic,Necrotic,Necrotic,Necrotic,Necrotic,Necrotic,Necrotic,Necrotic,Necrotic,Necrotic,Necrotic,Necrotic,true,true,true,true,true,true,Lesion 09z10 Day 030 FG,Lesion 09z10 Day 043 FG,Lesion 09z10 Day 057 FG,Lesion 09z10 Day 071 FG,Lesion 09z10 Day 085 FG,Lesion 09z10 Day 098 FG,0.30166695,10.472828,4,hot
PZA,BM19,11,-374.15,-189.97,-242.69,-177.02,-236.64,-238.41,-403.0,-183.0,-228.0,-140.0,-225.0,-225.0,135.66,143.26,169.12,162.15,155.57,141.92,0.5,1.96,1.21,1.0,0.83,0.8,0.5,1.78,1.21,0.95,0.78,0.77,0.03,0.8,0.37,0.31,0.23,0.2,0.6,4.13,2.27,1.84,1.46,1.3,0.0,0.05,0.02,0.0,0.0,0.0,0.0,0.05,0.02,0.0,0.0,0.0,0.0,0.03,0.0,0.0,0.0,0.0,0.01,0.15,0.09,0.06,0.04,0.04,0.01,0.15,0.09,0.06,0.04,0.04,0.0,0.012106537530266345,0.00881057268722467,0.0,0.0,0.0,0.01,0.04,0.04,0.03,0.03,0.03,0.0,0.03,0.03,0.03,0.02,0.01,,,,,,1.95,Necrotic,Necrotic,Necrotic,Necrotic,Necrotic,Necrotic,Necrotic,Necrotic,Necrotic,Necrotic,Necrotic,Necrotic,false,false,false,false,false,false,Lesion 11 Day 030 FG,Lesion 11 Day 043 FG,Lesion 11 Day 057 FG,Lesion 11 Day 071 FG,Lesion 11 Day 085 FG,Lesion 11 Day 098 FG,5.899368,10.316433,3,cool
PZA,BM19,12,-466.92,-214.94,-106.83,-202.85,-292.51,-321.24,-478.0,-215.0,-63.0,-198.0,-304.0,-331.0,87.88,91.84,130.95,145.82,122.24,102.49,0.6,1.97,1.53,0.94,0.69,0.72,0.54,1.9,1.52,0.93,0.66,0.67,0.24,0.49,0.45,0.22,0.15,0.2,1.52,3.25,2.52,2.03,1.63,1.6,0.0,0.05,0.05,0.0,0.0,0.0,0.0,0.05,0.05,0.0,0.0,0.0,0.0,0.03,0.02,0.0,0.0,0.0,0.01,0.12,0.13,0.06,0.03,0.02,0.0,0.12,0.13,0.05,0.03,0.02,0.0,0.015384615384615385,0.019841269841269844,0.0,0.0,0.0,0.01,0.05,0.03,0.04,0.03,0.02,0.0,0.01,0.05,0.03,0.01,0.0,,,,,,1.0,Fibrotic,Fibrotic,Fibrotic,Fibrotic,Fibrotic,Fibrotic,Fibrotic,Fibrotic,Fibrotic,Fibrotic,Fibrotic,Fibrotic,true,true,true,true,true,true,Lesion 12z13 Day 030 FG,Lesion 12z13 Day 043 FG,Lesion 12z13 Day 057 FG,Lesion 12z13 Day 071 FG,Lesion 12z13 Day 085 FG,Lesion 12z13 Day 098 FG,6.4988847,10.234169,3,cool
PZA,BM19,14,-264.12,-99.88,-165.13,-118.79,-160.98,-163.89,-268.0,-68.0,-133.0,-72.0,-128.0,-139.0,143.42,137.01,146.82,148.78,157.25,138.97,0.6,3.21,1.81,1.53,1.2,1.23,0.57,2.98,1.67,1.48,1.15,1.23,0.18,1.62,0.86,0.6,0.51,0.46,1.05,7.55,4.04,3.04,2.25,2.16,0.0,0.14,0.1,0.08,0.03,0.03,0.0,0.14,0.1,0.08,0.03,0.03,0.0,0.12,0.07,0.04,0.01,0.0,0.03,0.53,0.32,0.25,0.12,0.12,0.03,0.53,0.32,0.25,0.12,0.12,0.0,0.018543046357615896,0.024752475247524754,0.02631578947368421,0.013333333333333332,0.013888888888888888,0.04,0.06,0.08,0.05,0.05,0.05,0.01,0.11,0.09,0.11,0.05,0.05,,,,,,2.04,Necrotic,Necrotic,Necrotic,Necrotic,Necrotic,Necrotic,Necrotic,Necrotic,Necrotic,Necrotic,Necrotic,Necrotic,false,false,false,false,false,false,Lesion 14 Day 030 FG,Lesion 14 Day 043 FG,Lesion 14 Day 057 FG,Lesion 14 Day 071 FG,Lesion 14 Day 085 FG,Lesion 14 Day 098 FG,-0.22565751,7.790344,2,hot
PZA,BM19,15,-332.05,-270.45,-230.85,-201.06,-263.43,-274.94,-333.0,-269.0,-212.0,-175.0,-249.0,-253.0,98.1,153.31,170.69,155.96,135.59,128.92,0.5,2.42,1.38,1.06,0.67,0.77,0.49,2.2,1.3,1.04,0.65,0.74,0.08,1.25,0.68,0.33,0.2,0.27,0.73,5.53,2.99,1.88,1.15,1.46,0.0,0.11,0.06,0.01,0.0,0.0,0.0,0.11,0.06,0.01,0.0,0.0,0.0,0.08,0.03,0.0,0.0,0.0,0.01,0.36,0.21,0.11,0.03,0.03,0.01,0.35,0.2,0.1,0.03,0.03,0.0,0.019891500904159132,0.02006688963210702,0.0053191489361702135,0.0,0.0,0.01,0.1,0.09,0.05,0.03,0.03,0.0,0.04,0.05,0.04,0.01,0.01,,,,,,0.6,Necrotic,Necrotic,Necrotic,Necrotic,Necrotic,Necrotic,Necrotic,Necrotic,Necrotic,Necrotic,Necrotic,Necrotic,false,false,false,false,false,false,Lesion 15 Day 030 FG,Lesion 15 Day 043 FG,Lesion 15 Day 057 FG,Lesion 15 Day 071 FG,Lesion 15 Day 085 FG,Lesion 15 Day 098 FG,1.8770802,5.4062862,10,cool
INH,BM22,1,-143.85,-85.82,-108.0,-119.24,-102.71,-128.14,-58.43,5.43,10.79,-10.28,-5.22,-39.19,223.66,199.2,230.51,227.84,212.71,197.49,1.85,3.7,3.22,1.66,2.84,2.23,1.87,3.73,3.27,1.42,2.89,2.16,0.64,0.76,0.58,0.63,0.62,0.54,3.06,5.37,4.43,4.48,4.11,3.48,0.05,0.25,0.25,0.05,0.16,0.09,,,,,,,0.05,0.25,0.25,0.05,0.16,0.09,0.2,0.94,0.82,0.37,0.52,0.32,0.19,0.89,0.75,0.33,0.48,0.31,0.0,0.0,0.0,0.0,0.0,0.0,0.04,0.05,0.06,0.06,0.05,0.05,0.06,0.19,0.17,0.15,0.12,0.09,,,,,,3.64,Cavity,Cavity,Cavity,Cavity,Cavity,Cavity,Cavity,Cavity,Cavity,Cavity,Cavity,Cavity,false,false,false,false,false,false,Lesion 01 Day 037 FG,Lesion 01 Day 051 FG,Lesion 01 Day 065 FG,Lesion 01 Day 079 FG,Lesion 01 Day 093 FG,Lesion 01 Day 106 FG,0.059564352,5.243932,2,hot
INH,BM22,2,-260.14,-198.68,-199.89,-215.58,-180.35,-172.2,-244.77,-133.27,-139.1,-191.43,-124.66,-115.37,238.99,246.81,244.98,234.32,245.36,242.75,1.41,3.09,2.34,2.01,2.65,1.85,1.39,3.11,2.38,2.01,2.43,1.75,0.47,0.98,0.66,0.71,0.98,0.57,2.43,5.44,3.93,3.8,6.06,3.6,0.07,1.04,0.73,0.46,0.77,0.44,,,,,,,0.07,1.04,0.73,0.46,0.77,0.44,0.7,3.8,2.48,1.82,2.9,2.27,0.6,3.28,2.17,1.58,2.55,2.02,0.0,0.0,0.0,0.0,0.0,0.0,0.24,0.47,0.41,0.43,0.44,0.49,0.16,0.55,0.48,0.34,0.51,0.58,,,,,,4.8,Necrotic,Necrotic,Necrotic,Necrotic,Necrotic,Necrotic,Necrotic,Necrotic,Necrotic,Necrotic,Necrotic,Necrotic,true,true,true,true,true,true,Lesion 02z03z04z05z06z07 Day 037 FG,Lesion 02z03z04z05z06z07 Day 051 FG,Lesion 02z03z04z05z06z07 Day 065 FG,Lesion 02z03z04z05z06z07 Day 079 FG,Lesion 02z03z04z05z06z07 Day 093 FG,Lesion 02z03z04z05z06z07 Day 106 FG,-4.7584724,8.596312,5,hot
INH,BM22,8,-220.2,1.73,-46.8,-44.34,-48.89,-68.58,-191.52,42.15,23.11,24.32,13.0,16.4,233.21,135.51,185.7,184.44,180.43,207.13,1.86,3.87,2.91,2.84,2.59,2.11,1.83,3.75,2.82,2.82,2.62,2.12,0.45,0.98,0.78,1.2,1.24,0.64,2.99,6.37,4.81,5.29,5.63,3.6,0.13,0.65,0.57,0.37,0.49,0.39,,,,,,,0.13,0.65,0.57,0.37,0.49,0.39,0.63,2.56,1.9,1.61,1.96,1.37,0.53,2.55,1.81,1.54,1.91,1.3,0.0,0.0,0.0,0.0,0.0,0.0,0.15,0.07,0.1,0.1,0.16,0.13,0.13,0.58,0.55,0.45,0.57,0.47,,,,,,4.52,Cavity Consol,Cavity Consol,Cavity Consol,Cavity Consol,Cavity Consol,Cavity Consol,Cavity,Cavity,Cavity,Cavity,Cavity,Cavity,true,true,true,true,true,true,Lesion 08z09z10 Day 037 FG,Lesion 08z09z10 Day 051 FG,Lesion 08z09z10 Day 065 FG,Lesion 08z09z10 Day 079 FG,Lesion 08z09z10 Day 093 FG,Lesion 08z09z10 Day 106 FG,-1.4756349,7.868658,0,hot
INH,BM22,11,-206.43,-43.01,-60.46,-75.12,-102.4,-150.31,-158.76,31.95,25.16,8.04,-15.34,-63.89,268.68,199.43,250.89,232.93,225.63,264.17,1.11,3.74,2.05,1.2,1.68,1.07,0.95,3.73,1.98,1.06,1.7,0.93,0.5,1.09,0.84,0.43,0.63,0.43,2.28,5.98,3.99,2.99,2.98,2.27,0.01,0.15,0.06,0.01,0.02,0.0,,,,,,,0.01,0.15,0.06,0.01,0.02,0.0,0.1,0.58,0.29,0.14,0.14,0.08,0.08,0.54,0.25,0.12,0.13,0.07,0.0,0.0,0.0,0.0,0.0,0.0,0.03,0.03,0.03,0.03,0.03,0.03,0.04,0.11,0.09,0.08,0.05,0.04,,,,,,3.43,Necrotic,Necrotic,Necrotic,Necrotic,Necrotic,Necrotic,Necrotic,Necrotic,Necrotic,Necrotic,Necrotic,Necrotic,true,true,true,true,true,true,Lesion 11z12 Day 037 FG,Lesion 11z12 Day 051 FG,Lesion 11z12 Day 065 FG,Lesion 11z12 Day 079 FG,Lesion 11z12 Day 093 FG,Lesion 11z12 Day 106 FG,0.35909662,5.269256,2,hot
INH,BM22,13,-290.08,-129.05,-262.93,-220.08,-200.63,-246.48,-332.81,-47.6,-258.2,-189.39,-122.63,-228.61,266.57,224.44,283.84,247.79,268.55,250.38,1.26,2.72,1.42,0.96,1.12,0.94,1.24,2.64,1.4,0.96,1.11,0.94,0.17,0.56,0.42,0.17,0.32,0.21,1.64,3.97,2.27,1.61,1.89,1.47,0.0,0.1,0.01,0.0,0.0,0.0,,,,,,,0.0,0.1,0.01,0.0,0.0,0.0,0.04,0.3,0.13,0.07,0.07,0.06,0.03,0.29,0.1,0.06,0.06,0.04,0.0,0.0,0.0,0.0,0.0,0.0,0.01,0.04,0.03,0.03,0.02,0.02,0.01,0.06,0.04,0.03,0.03,0.02,,,,,,3.68,Necrotic,Necrotic,Necrotic,Necrotic,Necrotic,Necrotic,Necrotic,Necrotic,Necrotic,Necrotic,Necrotic,Necrotic,false,false,false,false,false,false,Lesion 13 Day 037 FG,Lesion 13 Day 051 FG,Lesion 13 Day 065 FG,Lesion 13 Day 079 FG,Lesion 13 Day 093 FG,Lesion 13 Day 106 FG,0.9692305,3.669262,15,hot
INH,BM22,14,-292.26,-89.11,-102.62,-112.77,-72.47,-153.26,-308.24,-10.88,19.0,-2.14,21.09,-37.13,244.97,184.7,241.53,233.3,207.02,249.7,1.43,4.01,2.93,2.62,2.74,1.72,1.24,4.06,2.96,2.58,2.66,1.72,0.57,1.11,0.75,0.75,0.9,0.52,2.89,6.44,4.53,4.27,4.79,3.02,0.04,0.48,0.46,0.3,0.35,0.12,,,,,,,0.04,0.48,0.46,0.3,0.35,0.12,0.33,1.98,1.54,1.02,1.27,0.69,0.24,1.93,1.39,0.94,1.22,0.61,0.0,0.0,0.0,0.0,0.0,0.0,0.1,0.17,0.11,0.1,0.11,0.12,0.06,0.32,0.35,0.25,0.33,0.23,,,,,,4.53,Necrotic Consol,Necrotic Consol,Necrotic Consol,Necrotic Consol,Necrotic Consol,Necrotic Consol,Necrotic,Necrotic,Necrotic,Necrotic,Necrotic,Necrotic,true,true,true,true,true,true,Lesion 14z15 Day 037 FG,Lesion 14z15 Day 051 FG,Lesion 14z15 Day 065 FG,Lesion 14z15 Day 079 FG,Lesion 14z15 Day 093 FG,Lesion 14z15 Day 106 FG,-1.8299191,5.7852755,0,hot
OPC,BM27,1,-201.26,-87.16,-64.36,-51.9,-98.53,-107.26,-151.02,20.34,34.85,17.45,-12.0,3.02,249.52,223.2,220.89,198.38,223.38,220.03,1.64,5.17,3.78,2.06,2.28,1.19,1.29,5.06,3.66,1.98,2.09,1.17,1.12,1.73,1.25,0.57,0.89,0.37,4.36,9.08,6.74,3.43,4.82,2.24,0.13,0.84,0.71,0.25,0.21,0.01,,,,,,,0.13,0.84,0.71,0.25,0.21,0.01,0.58,4.18,2.91,1.08,0.88,0.38,0.57,4.15,2.84,1.03,0.84,0.28,0.0,0.0,0.0,0.0,0.0,0.0,0.14,0.12,0.12,0.09,0.08,0.07,0.2,0.68,0.63,0.41,0.26,0.24,,,,,,3.13,Necrotic Consol,Necrotic Consol,Necrotic Consol,Necrotic Consol,Necrotic Consol,Necrotic Consol,Necrotic,Necrotic,Necrotic,Necrotic,Necrotic,Necrotic,true,true,true,true,true,true,Lesion 01z02 Day 036 FG,Lesion 01z02 Day 050 FG,Lesion 01z02 Day 064 FG,Lesion 01z02 Day 079 FG,Lesion 01z02 Day 092 FG,Lesion 01z02 Day 104 FG,-2.0262256,5.2060127,11,hot
OPC,BM27,3,-58.34,-43.58,-21.24,-53.2,-64.21,-115.66,24.27,32.67,42.96,31.44,20.96,4.91,198.24,193.14,170.43,218.41,219.35,253.53,2.12,4.89,3.14,1.59,2.37,1.14,2.0,4.91,3.16,1.47,2.24,1.05,0.75,1.65,1.13,0.54,0.78,0.5,4.05,8.59,5.55,2.9,4.49,2.51,0.24,0.6,0.56,0.17,0.3,0.02,,,,,,,0.24,0.6,0.56,0.17,0.3,0.02,0.95,2.99,2.29,1.05,1.1,0.37,0.93,2.94,2.18,1.0,1.03,0.29,0.0,0.0,0.0,0.0,0.0,0.0,0.08,0.08,0.1,0.1,0.09,0.08,0.35,0.55,0.59,0.53,0.34,0.24,,,,,,2.71,Cavity Consol,Cavity Consol,Cavity Consol,Cavity Consol,Cavity Consol,Cavity Consol,Cavity,Cavity,Cavity,Cavity,Cavity,Cavity,true,true,true,true,true,true,Lesion 03 Day 036 FG,Lesion 03 Day 050 FG,Lesion 03 Day 064 FG,Lesion 03 Day 079 FG,Lesion 03 Day 092 FG,Lesion 03 Day 104 FG,-1.5802517,5.8531747,2,hot
OPC,BM27,4,-212.14,-114.85,-181.12,-168.18,-213.05,-273.54,-181.59,5.95,-68.48,-122.53,-209.72,-302.99,226.16,226.5,226.46,251.1,244.81,261.75,1.52,4.75,2.99,1.13,1.03,0.31,1.32,4.8,3.06,1.1,1.02,0.31,0.64,1.6,1.07,0.43,0.39,0.07,3.14,8.08,5.08,2.24,2.22,0.61,0.03,0.24,0.15,0.0,0.0,0.0,,,,,,,0.03,0.24,0.15,0.0,0.0,0.0,0.18,1.15,0.56,0.18,0.1,0.01,0.17,1.13,0.52,0.18,0.08,0.03,0.0,0.0,0.0,0.0,0.0,0.0,0.05,0.07,0.06,0.06,0.04,0.02,0.06,0.17,0.12,0.1,0.03,0.01,,,,,,2.09,Fibrotic,Fibrotic,Fibrotic,Fibrotic,Fibrotic,Fibrotic,Fibrotic,Fibrotic,Fibrotic,Fibrotic,Fibrotic,Fibrotic,false,false,false,false,false,false,Lesion 04 Day 036 FG,Lesion 04 Day 050 FG,Lesion 04 Day 064 FG,Lesion 04 Day 079 FG,Lesion 04 Day 092 FG,Lesion 04 Day 104 FG,-0.27480927,4.7260723,2,hot
OPC,BM27,5,-287.22,-55.82,-176.01,-257.4,-340.31,-398.74,-263.12,14.17,-50.25,-214.52,-337.41,-402.95,265.66,188.7,268.9,242.21,246.84,211.57,0.88,4.29,3.08,1.17,1.1,0.44,0.64,3.94,3.0,1.1,1.04,0.42,0.64,1.83,1.18,0.43,0.47,0.15,3.29,9.08,5.64,2.26,2.43,0.84,0.03,0.43,0.25,0.01,0.01,0.0,,,,,,,0.03,0.43,0.25,0.01,0.01,0.0,0.24,2.02,1.05,0.25,0.19,0.05,0.23,2.0,0.99,0.24,0.16,0.08,0.0,0.0,0.0,0.0,0.0,0.0,0.16,0.08,0.1,0.1,0.09,0.08,0.11,0.38,0.21,0.1,0.06,0.02,,,,,,1.62,Fibrotic Consol,Fibrotic Consol,Fibrotic Consol,Fibrotic Consol,Fibrotic Consol,Fibrotic Consol,Fibrotic,Fibrotic,Fibrotic,Fibrotic,Fibrotic,Fibrotic,true,true,true,true,true,true,Lesion 05 Day 036 FG,Lesion 05 Day 050 FG,Lesion 05 Day 064 FG,Lesion 05 Day 079 FG,Lesion 05 Day 092 FG,Lesion 05 Day 104 FG,-1.0183336,5.9853654,2,hot
OPC,BM27,6,-537.13,-414.0,-482.11,-533.16,-600.51,-833.32,-572.93,-468.95,-516.25,-546.46,-607.23,-836.02,153.31,191.36,135.48,80.07,37.64,65.87,0.5,0.64,0.41,0.21,0.18,0.13,0.47,0.58,0.39,0.22,0.19,0.13,0.1,0.21,0.05,0.01,0.01,0.04,0.73,1.36,0.54,0.23,0.19,0.25,0.0,0.0,0.0,0.0,0.0,0.0,,,,,,,0.0,0.0,0.0,0.0,0.0,0.0,0.01,0.01,0.0,0.0,0.0,0.0,0.01,0.01,0.0,0.0,0.0,0.0,0.0,0.0,0.0,0.0,0.0,0.0,0.01,0.01,0.01,0.0,0.0,0.0,0.0,0.0,0.0,0.0,0.0,0.0,,,,,,0.78,Fibrotic,Fibrotic,Fibrotic,Fibrotic,Fibrotic,Fibrotic,Fibrotic,Fibrotic,Fibrotic,Fibrotic,Fibrotic,Fibrotic,false,false,false,false,false,false,Lesion 06 Day 036 FG,Lesion 06 Day 050 FG,Lesion 06 Day 064 FG,Lesion 06 Day 079 FG,Lesion 06 Day 092 FG,Lesion 06 Day 104 FG,8.09903,3.2681117,13,cool
OPC,BM27,8,-215.88,-140.09,-103.43,-207.56,-189.02,-190.68,-142.86,-26.95,-5.67,-114.53,-79.96,-134.98,258.52,245.07,210.56,286.32,272.86,240.59,1.25,3.79,2.68,1.29,1.75,1.02,1.09,3.68,2.62,1.25,1.63,0.82,0.73,1.58,0.81,0.37,0.66,0.47,2.99,7.26,4.5,2.26,3.39,2.69,0.04,0.39,0.28,0.03,0.15,0.03,,,,,,,0.04,0.39,0.28,0.03,0.15,0.03,0.23,1.79,1.1,0.71,0.81,0.38,0.22,1.74,1.09,0.61,0.77,0.33,0.0,0.0,0.0,0.0,0.0,0.0,0.07,0.11,0.11,0.18,0.13,0.14,0.11,0.36,0.29,0.32,0.3,0.23,,,,,,3.33,Cavity,Cavity,Cavity,Cavity,Cavity,Cavity,Cavity,Cavity,Cavity,Cavity,Cavity,Cavity,true,true,true,true,true,true,Lesion 08z11 Day 036 FG,Lesion 08z11 Day 050 FG,Lesion 08z11 Day 064 FG,Lesion 08z11 Day 079 FG,Lesion 08z11 Day 092 FG,Lesion 08z11 Day 104 FG,-1.2020845,3.7752163,11,hot
OPC,BM27,9,-222.29,-160.36,-176.02,-300.99,-334.06,-407.96,-179.55,-51.62,-109.0,-300.5,-372.43,-442.01,270.6,252.16,269.35,277.84,280.45,245.34,1.73,3.68,2.29,0.75,0.72,0.24,1.71,3.42,2.08,0.64,0.73,0.21,0.8,1.95,1.29,0.42,0.27,0.1,3.57,8.58,5.16,1.94,1.53,0.59,0.12,0.57,0.29,0.0,0.0,0.0,,,,,,,0.12,0.57,0.29,0.0,0.0,0.0,0.55,2.77,1.27,0.27,0.16,0.05,0.52,2.64,1.23,0.23,0.14,0.12,0.0,0.0,0.0,0.0,0.0,0.0,0.12,0.23,0.2,0.17,0.12,0.13,0.16,0.5,0.32,0.14,0.08,0.05,,,,,,2.89,Necrotic,Necrotic,Necrotic,Necrotic,Necrotic,Necrotic,Necrotic,Necrotic,Necrotic,Necrotic,Necrotic,Necrotic,true,true,true,true,true,true,Lesion 09z10z12 Day 036 FG,Lesion 09z10z12 Day 050 FG,Lesion 09z10z12 Day 064 FG,Lesion 09z10z12 Day 079 FG,Lesion 09z10z12 Day 092 FG,Lesion 09z10z12 Day 104 FG,-2.0006008,3.5151892,11,hot
MOX+RIF,BM28,1,-411.47,-329.27,-530.77,-685.41,-608.57,-692.38,-441.0,-316.0,-557.0,-697.0,-629.0,-697.0,127.33,121.09,150.2,60.35,73.62,27.01,0.66,0.54,0.67,1.43,0.82,0.65,0.66,0.53,0.67,1.45,0.82,0.65,0.07,0.08,0.08,0.1,0.06,0.04,0.82,0.7,0.85,1.6,0.97,0.72,0.0,0.0,0.0,0.0,0.0,0.0,0.0,0.0,0.0,0.0,0.0,0.0,0.0,0.0,0.0,0.0,0.0,0.0,0.0,0.0,0.0,0.0,0.0,0.0,0.0,0.0,0.0,0.0,0.0,0.0,0.0,0.0,0.0,0.0,0.0,0.0,0.0,0.01,0.0,0.0,0.0,0.0,0.0,0.0,0.0,0.0,0.0,0.0,,,,,,0.48,Scar,Scar,Scar,Scar,Scar,Scar,Scar,Scar,Scar,Scar,Scar,Scar,false,false,false,false,false,false,Lesion 01 Day 032 AA,Lesion 01 Day 045 AA,Lesion 01 Day 059 AA,Lesion 01 Day 075 AA,Lesion 01 Day 087 AA,Lesion 01 Day 101 AA,10.010137,8.6228075,3,cool
MOX+RIF,BM28,2,-184.05,-145.98,-131.53,-138.54,-206.14,-197.47,-170.0,-93.0,-97.0,-92.0,-177.0,-185.0,131.48,158.06,134.46,144.02,161.35,128.22,1.17,2.2,1.05,0.84,0.83,0.7,1.15,2.04,0.92,0.74,0.76,0.71,0.31,0.77,0.52,0.3,0.24,0.1,1.88,4.21,2.57,1.83,1.56,0.91,0.01,0.04,0.01,0.0,0.0,0.0,0.01,0.04,0.01,0.0,0.0,0.0,0.0,0.03,0.0,0.0,0.0,0.0,0.04,0.11,0.07,0.03,0.02,0.01,0.04,0.11,0.07,0.03,0.02,0.01,0.0053191489361702135,0.009501187648456057,0.003891050583657588,0.0,0.0,0.0,0.02,0.02,0.02,0.01,0.01,0.01,0.02,0.03,0.04,0.02,0.01,0.01,,,,,,0.78,Fibrotic,Fibrotic,Fibrotic,Fibrotic,Fibrotic,Fibrotic,Fibrotic,Fibrotic,Fibrotic,Fibrotic,Fibrotic,Fibrotic,false,false,false,false,false,false,Lesion 02 Day 032 AA,Lesion 02 Day 045 AA,Lesion 02 Day 059 AA,Lesion 02 Day 075 AA,Lesion 02 Day 087 AA,Lesion 02 Day 101 AA,2.3744094,7.5224195,10,cool
MOX+RIF,BM28,3,-241.81,-165.2,-121.08,-161.81,-166.32,-146.08,-260.0,-119.0,-85.0,-96.0,-138.0,-127.0,136.95,165.6,135.78,174.52,135.17,138.55,0.79,2.15,1.18,0.74,0.58,0.63,0.72,1.98,1.05,0.59,0.51,0.58,0.25,0.76,0.52,0.4,0.19,0.19,1.87,4.46,2.78,2.58,1.53,1.25,0.0,0.1,0.03,0.01,0.0,0.0,0.0,0.1,0.03,0.01,0.0,0.0,0.0,0.06,0.02,0.0,0.0,0.0,0.05,0.27,0.18,0.06,0.03,0.02,0.05,0.27,0.18,0.06,0.03,0.02,0.0,0.022421524663677132,0.010830324909747292,0.003875968992248062,0.0,0.0,0.05,0.06,0.05,0.03,0.02,0.02,0.02,0.07,0.1,0.05,0.03,0.02,,,,,,0.78,Fibrotic,Fibrotic,Fibrotic,Fibrotic,Fibrotic,Fibrotic,Fibrotic,Fibrotic,Fibrotic,Fibrotic,Fibrotic,Fibrotic,false,false,false,false,false,false,Lesion 03 Day 032 AA,Lesion 03 Day 045 AA,Lesion 03 Day 059 AA,Lesion 03 Day 075 AA,Lesion 03 Day 087 AA,Lesion 03 Day 101 AA,2.2508788,7.8736396,10,cool
MOX+RIF,BM28,4,-210.44,-154.08,-181.24,-142.82,-265.37,-277.01,-212.0,-109.0,-158.0,-98.0,-242.0,-261.0,145.94,145.63,157.58,139.83,142.79,138.03,0.94,2.27,1.45,0.74,0.67,0.61,0.86,2.2,1.4,0.65,0.64,0.6,0.31,0.83,0.43,0.27,0.17,0.09,1.88,4.01,2.63,1.67,1.34,0.87,0.0,0.09,0.04,0.0,0.0,0.0,0.0,0.09,0.04,0.0,0.0,0.0,0.0,0.06,0.01,0.0,0.0,0.0,0.06,0.26,0.15,0.04,0.02,0.01,0.06,0.26,0.15,0.04,0.02,0.01,0.0,0.022443890274314215,0.015384615384615384,0.0,0.0,0.0,0.04,0.05,0.05,0.02,0.03,0.01,0.02,0.07,0.05,0.03,0.01,0.01,,,,,,0.78,Necrotic,Necrotic,Necrotic,Necrotic,Necrotic,Necrotic,Necrotic,Necrotic,Necrotic,Necrotic,Necrotic,Necrotic,false,false,false,false,false,false,Lesion 04 Day 032 AA,Lesion 04 Day 045 AA,Lesion 04 Day 059 AA,Lesion 04 Day 075 AA,Lesion 04 Day 087 AA,Lesion 04 Day 101 AA,1.2503233,10.833589,4,hot
MOX+RIF,BM28,5,-304.46,-240.02,-228.32,-189.0,-309.54,-304.09,-321.0,-241.0,-213.0,-160.0,-318.0,-311.0,128.83,164.08,151.0,152.74,103.34,112.84,0.53,1.6,1.11,0.4,0.37,0.44,0.53,1.48,1.03,0.35,0.35,0.42,0.08,0.68,0.31,0.14,0.06,0.06,0.72,3.41,2.0,0.96,0.63,0.63,0.0,0.04,0.01,0.0,0.0,0.0,0.0,0.04,0.01,0.0,0.0,0.0,0.0,0.02,0.0,0.0,0.0,0.0,0.02,0.13,0.12,0.02,0.01,0.01,0.02,0.13,0.12,0.02,0.01,0.01,0.0,0.011730205278592375,0.005,0.0,0.0,0.0,0.03,0.05,0.07,0.02,0.03,0.02,0.01,0.03,0.04,0.02,0.0,0.0,,,,,,0.48,Necrotic,Necrotic,Necrotic,Necrotic,Necrotic,Necrotic,Necrotic,Necrotic,Necrotic,Necrotic,Necrotic,Necrotic,false,false,false,false,false,false,Lesion 05 Day 032 AA,Lesion 05 Day 045 AA,Lesion 05 Day 059 AA,Lesion 05 Day 075 AA,Lesion 05 Day 087 AA,Lesion 05 Day 101 AA,7.7271357,6.2396193,8,cool
MOX+RIF,BM28,6,-214.0,-220.49,-197.26,-167.55,-293.71,-298.01,-202.0,-184.0,-184.0,-123.0,-283.0,-288.0,140.74,161.99,136.33,151.59,148.24,130.03,0.79,1.96,1.04,0.46,0.35,0.48,0.72,1.86,0.94,0.39,0.32,0.45,0.22,0.61,0.34,0.21,0.07,0.09,1.49,3.43,1.99,1.33,0.64,0.8,0.0,0.07,0.01,0.0,0.0,0.0,0.0,0.07,0.01,0.0,0.0,0.0,0.0,0.04,0.0,0.0,0.0,0.0,0.04,0.17,0.1,0.02,0.01,0.01,0.04,0.17,0.1,0.02,0.01,0.01,0.0,0.020408163265306124,0.005025125628140704,0.0,0.0,0.0,0.03,0.05,0.06,0.02,0.03,0.02,0.02,0.04,0.04,0.02,0.01,0.0,,,,,,1.04,Fibrotic,Fibrotic,Fibrotic,Fibrotic,Fibrotic,Fibrotic,Fibrotic,Fibrotic,Fibrotic,Fibrotic,Fibrotic,Fibrotic,false,false,false,false,false,false,Lesion 06 Day 032 AA,Lesion 06 Day 045 AA,Lesion 06 Day 059 AA,Lesion 06 Day 075 AA,Lesion 06 Day 087 AA,Lesion 06 Day 101 AA,4.244122,5.7786293,10,cool
MOX+RIF,BM28,7,-206.31,-162.78,-168.73,-179.29,-241.72,-172.65,-185.0,-107.0,-136.0,-134.0,-242.0,-137.0,159.09,157.41,142.96,153.17,146.04,148.08,1.08,1.92,1.12,0.57,0.46,0.68,1.03,1.78,1.09,0.53,0.45,0.67,0.4,0.81,0.48,0.18,0.07,0.14,2.21,3.97,2.13,1.17,0.72,0.97,0.01,0.08,0.03,0.0,0.0,0.0,0.01,0.08,0.03,0.0,0.0,0.0,0.0,0.05,0.0,0.0,0.0,0.0,0.1,0.23,0.12,0.03,0.02,0.03,0.1,0.22,0.12,0.03,0.02,0.03,0.004524886877828055,0.020151133501259445,0.014084507042253521,0.0,0.0,0.0,0.05,0.04,0.05,0.03,0.03,0.02,0.04,0.07,0.05,0.03,0.02,0.02,,,,,,1.08,Fibrotic,Fibrotic,Fibrotic,Fibrotic,Fibrotic,Fibrotic,Fibrotic,Fibrotic,Fibrotic,Fibrotic,Fibrotic,Fibrotic,true,true,true,true,true,true,Lesion 07az07bz08 Day 032 AA,Lesion 07az07bz08 Day 045 AA,Lesion 07az07bz08 Day 059 AA,Lesion 07az07bz08 Day 075 AA,Lesion 07az07bz08 Day 087 AA,Lesion 07az07bz08 Day 101 AA,3.5735228,10.352429,4,hot
MOX+RIF,BM28,9,-156.33,-142.81,-94.11,-92.87,-178.08,-159.67,-125.0,-79.0,-57.0,-41.0,-141.0,-117.0,138.22,165.77,142.34,160.06,144.01,139.16,0.97,2.63,1.57,1.07,0.63,0.77,0.9,2.38,1.51,0.87,0.54,0.7,0.32,1.24,0.59,0.61,0.26,0.22,1.85,5.6,2.97,2.82,1.63,1.43,0.01,0.18,0.09,0.03,0.0,0.0,0.01,0.18,0.09,0.03,0.0,0.0,0.0,0.14,0.04,0.01,0.0,0.0,0.08,0.61,0.27,0.13,0.07,0.04,0.08,0.59,0.27,0.13,0.07,0.04,0.005405405405405405,0.03214285714285715,0.0303030303030303,0.010638297872340425,0.0,0.0,0.04,0.07,0.05,0.03,0.05,0.02,0.05,0.15,0.12,0.09,0.06,0.03,,,,,,0.96,Fibrotic,Fibrotic,Fibrotic,Fibrotic,Fibrotic,Fibrotic,Fibrotic,Fibrotic,Fibrotic,Fibrotic,Fibrotic,Fibrotic,false,false,false,false,false,false,Lesion 09 Day 032 AA,Lesion 09 Day 045 AA,Lesion 09 Day 059 AA,Lesion 09 Day 075 AA,Lesion 09 Day 087 AA,Lesion 09 Day 101 AA,0.37782335,7.49649,2,hot
MOX+RIF,BM28,10,-119.69,-42.88,-39.71,-162.13,-181.29,-116.07,-104.0,-12.0,-15.0,-101.0,-159.0,-81.0,113.36,115.73,98.6,180.6,170.24,144.1,1.45,2.59,1.8,1.34,1.46,3.11,1.24,2.46,1.68,1.04,1.16,2.43,0.81,0.77,0.54,0.96,1.16,2.25,5.63,4.51,3.64,5.49,5.76,8.0,0.03,0.22,0.16,0.05,0.06,0.11,0.03,0.22,0.16,0.05,0.06,0.11,0.02,0.16,0.08,0.03,0.04,0.09,0.14,0.57,0.44,0.23,0.24,0.52,0.14,0.57,0.44,0.23,0.23,0.52,0.0069084628670120895,0.049999999999999996,0.04361370716510904,0.009380863039399626,0.009884678747940691,0.01375,0.04,0.04,0.03,0.06,0.08,0.06,0.06,0.19,0.22,0.1,0.08,0.11,,,,,,0.48,Fibrotic,Fibrotic,Fibrotic,Fibrotic,Fibrotic,Fibrotic,Fibrotic,Fibrotic,Fibrotic,Fibrotic,Fibrotic,Fibrotic,true,true,true,true,true,true,Lesion 10z12 Day 032 AA,Lesion 10z12 Day 045 AA,Lesion 10z12 Day 059 AA,Lesion 10z12 Day 075 AA,Lesion 10z12 Day 087 AA,Lesion 10z12 Day 101 AA,0.075536996,10.482091,4,hot
MOX+RIF,BM28,11,-223.4,-151.55,-144.87,-133.17,-264.08,-231.23,-234.0,-92.0,-108.0,-73.0,-249.0,-204.0,151.44,182.18,159.42,156.15,153.7,142.21,0.74,2.14,1.23,0.63,0.41,0.55,0.63,2.05,1.08,0.49,0.35,0.48,0.32,0.87,0.6,0.36,0.19,0.2,2.0,4.22,2.78,2.06,1.4,1.36,0.0,0.14,0.05,0.0,0.0,0.0,0.0,0.14,0.05,0.0,0.0,0.0,0.0,0.1,0.02,0.0,0.0,0.0,0.08,0.43,0.19,0.06,0.04,0.03,0.08,0.42,0.19,0.06,0.04,0.03,0.0,0.03317535545023697,0.01798561151079137,0.0,0.0,0.0,0.07,0.07,0.06,0.03,0.06,0.04,0.04,0.12,0.09,0.07,0.03,0.02,,,,,,0.96,Necrotic,Necrotic,Necrotic,Necrotic,Necrotic,Necrotic,Necrotic,Necrotic,Necrotic,Necrotic,Necrotic,Necrotic,false,false,false,false,false,false,Lesion 11 Day 032 AA,Lesion 11 Day 045 AA,Lesion 11 Day 059 AA,Lesion 11 Day 075 AA,Lesion 11 Day 087 AA,Lesion 11 Day 101 AA,1.4595203,4.727832,15,hot
MOX+RIF,BM28,15,-182.14,-144.36,-133.81,-81.53,-214.8,-181.12,-173.0,-93.0,-101.0,-43.0,-200.0,-153.0,151.52,165.08,147.19,124.49,155.34,128.46,0.98,2.32,1.47,1.0,0.49,0.81,0.9,2.35,1.23,0.73,0.42,0.67,0.46,0.8,0.77,0.67,0.23,0.39,2.64,4.2,3.23,3.05,1.73,2.26,0.04,0.3,0.14,0.05,0.0,0.01,0.04,0.3,0.14,0.05,0.0,0.01,0.01,0.24,0.09,0.02,0.0,0.0,0.29,0.87,0.49,0.22,0.09,0.1,0.29,0.86,0.49,0.22,0.09,0.1,0.01509433962264151,0.07142857142857142,0.043343653250774,0.01639344262295082,0.0,0.004424778761061948,0.17,0.14,0.12,0.04,0.1,0.07,0.13,0.23,0.2,0.18,0.07,0.06,,,,,,0.78,Necrotic,Necrotic,Necrotic,Necrotic,Necrotic,Necrotic,Necrotic,Necrotic,Necrotic,Necrotic,Necrotic,Necrotic,true,true,true,true,true,true,Lesion 15az15b Day 032 AA,Lesion 15az15b Day 045 AA,Lesion 15az15b Day 059 AA,Lesion 15az15b Day 075 AA,Lesion 15az15b Day 087 AA,Lesion 15az15b Day 101 AA,-3.38415,7.561372,0,hot
INH,BM33,1,-105.32,-15.61,-59.56,-83.58,-130.26,-138.57,-21.29,36.94,-3.25,-11.85,-62.46,-70.08,224.33,149.07,181.34,222.02,225.84,230.9,1.96,2.55,2.69,1.95,1.8,1.63,1.88,2.47,2.72,1.86,1.63,1.48,0.56,0.83,1.03,0.76,0.7,0.68,3.93,5.07,4.7,3.98,4.4,4.01,0.33,1.01,0.75,0.41,0.21,0.13,,,,,,,0.33,1.01,0.75,0.41,0.21,0.13,1.57,3.61,2.86,1.76,1.19,0.88,1.42,3.55,2.73,1.63,1.1,0.8,0.0,0.0,0.0,0.0,0.0,0.0,0.21,0.18,0.28,0.24,0.21,0.19,0.52,1.23,0.74,0.61,0.38,0.3,,,,,,4.57,Cavity Consol,Cavity Consol,Cavity Consol,Cavity Consol,Cavity Consol,Cavity Consol,Cavity,Cavity,Cavity,Cavity,Cavity,Cavity,true,true,true,true,true,true,Lesion 01z02z03 Day 036 FG,Lesion 01z02z03 Day 051 FG,Lesion 01z02z03 Day 064 FG,Lesion 01z02z03 Day 078 FG,Lesion 01z02z03 Day 092 FG,Lesion 01z02z03 Day 106 FGF,-4.571173,6.1090555,0,hot
INH,BM33,4,-101.6,-51.81,-139.06,-138.42,-170.12,-196.04,5.37,24.71,-44.29,-42.45,-87.05,-106.93,230.19,187.85,245.25,247.07,265.27,281.7,2.7,3.1,2.88,2.15,1.98,1.63,2.41,2.94,2.86,2.14,1.76,1.4,1.17,1.07,1.03,0.76,0.89,0.84,5.81,5.76,5.49,4.28,4.54,4.22,0.71,1.16,0.94,0.55,0.29,0.18,,,,,,,0.71,1.16,0.94,0.55,0.29,0.18,2.8,4.38,3.55,2.09,1.39,1.03,2.57,4.18,3.25,1.89,1.23,0.88,0.0,0.0,0.0,0.0,0.0,0.0,0.25,0.28,0.41,0.31,0.24,0.21,0.69,1.04,0.69,0.56,0.36,0.3,,,,,,4.01,Cavity Consol,Cavity Consol,Cavity Consol,Cavity Consol,Cavity Consol,Cavity Consol,Cavity,Cavity,Cavity,Cavity,Cavity,Cavity,true,true,true,true,true,true,Lesion 04z05z06z07z08z09 Day 036 FG,Lesion 04z05z06z07z08z09 Day 051 FG,Lesion 04z05z06z07z08z09 Day 064 FG,Lesion 04z05z06z07z08z09 Day 078 FG,Lesion 04z05z06z07z08z09 Day 092 FG,Lesion 04z05z06z07z08z09 Day 106 FG,-4.8648705,6.588928,0,hot
INH,BM33,10,-167.66,5.4,-79.77,-45.38,-146.45,-155.88,-93.06,38.98,-3.25,22.82,-58.36,-65.98,233.1,134.36,184.09,173.67,243.7,241.29,1.67,2.82,2.92,1.74,1.63,1.41,1.47,2.77,2.91,1.74,1.48,1.24,0.87,0.84,0.78,0.78,0.71,0.72,4.23,5.05,5.09,3.68,4.17,3.99,0.33,1.87,1.16,0.66,0.27,0.18,,,,,,,0.33,1.87,1.16,0.66,0.27,0.18,1.72,6.49,3.9,2.86,1.7,1.25,1.48,6.39,3.77,2.81,1.56,1.17,0.0,0.0,0.0,0.0,0.0,0.0,0.37,0.17,0.38,0.36,0.35,0.3,0.52,2.08,0.93,1.21,0.56,0.49,,,,,,3.65,Cavity Consol,Cavity Consol,Cavity Consol,Cavity Consol,Cavity Consol,Cavity Consol,Cavity,Cavity,Cavity,Cavity,Cavity,Cavity,true,true,true,true,true,true,Lesion 10z12z13z14 Day 036 FG,Lesion 10z12z13z14 Day 051 FG,Lesion 10z12z13z14 Day 064 FG,Lesion 10z12z13z14 Day 078 FG,Lesion 10z12z13z14 Day 092 FG,Lesion 10z12z13z14 Day 106 FG,-4.7523513,6.056808,0,hot
INH,BM33,11,-130.9,-22.68,-107.22,-155.35,-235.04,-251.41,-60.25,24.71,-40.19,-68.97,-197.73,-248.17,213.88,164.31,222.69,276.24,253.7,248.63,1.11,2.89,2.04,1.25,0.91,0.72,0.93,2.8,1.82,1.17,0.86,0.74,0.59,0.93,1.0,0.47,0.29,0.21,2.87,4.97,4.38,2.45,1.75,1.23,0.02,0.23,0.1,0.01,0.0,0.0,,,,,,,0.02,0.23,0.1,0.01,0.0,0.0,0.18,0.8,0.45,0.15,0.08,0.04,0.17,0.78,0.41,0.13,0.06,0.04,0.0,0.0,0.0,0.0,0.0,0.0,0.05,0.05,0.07,0.05,0.04,0.03,0.09,0.21,0.13,0.06,0.03,0.02,,,,,,2.41,Fibrotic,Fibrotic,Fibrotic,Fibrotic,Fibrotic,Fibrotic,Fibrotic,Fibrotic,Fibrotic,Fibrotic,Fibrotic,Fibrotic,false,false,false,false,false,false,Lesion 11 Day 036 FG,Lesion 11 Day 051 FG,Lesion 11 Day 064 FG,Lesion 11 Day 078 FG,Lesion 11 Day 092 FG,Lesion 11 Day 106 FG,0.68877757,8.381484,2,hot
INH,BM33,15,-198.22,-41.2,-139.6,-160.28,-285.24,-255.8,-140.22,34.9,-56.6,-73.05,-265.36,-246.12,254.62,207.29,247.4,281.48,301.06,274.6,1.73,3.18,2.61,1.61,1.17,0.84,1.47,3.25,2.64,1.54,1.06,0.79,0.97,0.98,0.92,0.72,0.52,0.36,4.16,5.19,5.09,3.48,3.01,2.16,0.17,0.89,0.7,0.27,0.05,0.0,,,,,,,0.17,0.89,0.7,0.27,0.05,0.0,0.83,3.29,2.6,1.32,0.7,0.33,0.7,3.1,2.3,1.12,0.53,0.28,0.0,0.0,0.0,0.0,0.0,0.0,0.19,0.17,0.34,0.26,0.23,0.18,0.22,0.78,0.55,0.42,0.2,0.13,,,,,,2.41,Necrotic,Necrotic,Necrotic,Necrotic,Necrotic,Necrotic,Necrotic,Necrotic,Necrotic,Necrotic,Necrotic,Necrotic,true,true,true,true,true,true,Lesion 15z16 Day 036 FG,Lesion 15z16 Day 051 FG,Lesion 15z16 Day 064 FG,Lesion 15z16 Day 078 FG,Lesion 15z16 Day 092 FG,Lesion 15z16 Day 106 FG,-3.417066,5.287684,11,hot
MOX+RIF,BM34,1,-539.61,-349.2,-291.11,-437.85,-501.81,-552.93,-542.0,-365.0,-300.0,-490.0,-553.0,-571.0,61.2,173.05,187.58,176.25,162.75,109.68,0.51,0.7,0.79,0.97,1.48,0.91,0.51,0.7,0.78,0.99,1.5,0.91,0.02,0.08,0.13,0.15,0.23,0.09,0.55,0.92,1.16,1.42,1.95,1.13,0.0,0.0,0.0,0.0,0.0,0.0,0.0,0.0,0.0,0.0,0.0,0.0,0.0,0.0,0.0,0.0,0.0,0.0,0.0,0.0,0.0,0.0,0.01,0.0,0.0,0.0,0.0,0.0,0.0,0.0,0.0,0.0,0.0,0.0,0.0,0.0,0.0,0.0,0.0,0.0,0.0,0.0,0.0,0.0,0.0,0.0,0.0,0.0,,,,,,0.48,Fibrotic,Fibrotic,Fibrotic,Fibrotic,Fibrotic,Fibrotic,Fibrotic,Fibrotic,Fibrotic,Fibrotic,Fibrotic,Fibrotic,false,false,false,false,false,false,Lesion 01 Day 032 FG,Lesion 01 Day 045 FG,Lesion 01 Day 059 FG,Lesion 01 Day 075 FG,Lesion 01 Day 087 FG,Lesion 01 Day 101 FG,8.715321,4.2480345,8,cool
MOX+RIF,BM34,2,-392.84,-333.71,-383.26,-440.96,-566.77,-485.25,-407.0,-376.0,-415.0,-438.0,-563.0,-501.0,128.84,185.59,159.09,126.33,87.2,85.37,0.64,0.79,0.71,0.88,1.11,0.76,0.63,0.78,0.69,0.88,1.11,0.75,0.06,0.1,0.12,0.07,0.09,0.04,0.79,1.05,1.06,1.03,1.42,0.85,0.0,0.0,0.0,0.0,0.0,0.0,0.0,0.0,0.0,0.0,0.0,0.0,0.0,0.0,0.0,0.0,0.0,0.0,0.0,0.0,0.0,0.0,0.0,0.0,0.0,0.0,0.0,0.0,0.0,0.0,0.0,0.15238095238095237,0.1509433962264151,0.07766990291262135,0.007042253521126761,0.0,0.0,0.0,0.0,0.0,0.0,0.0,0.0,0.0,0.0,0.0,0.0,0.0,,,,,,0.48,Fibrotic,Fibrotic,Fibrotic,Fibrotic,Fibrotic,Fibrotic,Fibrotic,Fibrotic,Fibrotic,Fibrotic,Fibrotic,Fibrotic,false,false,false,false,false,false,Lesion 02 Day 032 FG,Lesion 02 Day 045 FG,Lesion 02 Day 059 FG,Lesion 02 Day 075 FG,Lesion 02 Day 087 FG,Lesion 02 Day 101 FG,8.333612,3.9262142,8,cool
MOX+RIF,BM34,3,-561.71,-514.8,-513.38,-575.59,-660.07,-658.67,-565.0,-530.0,-523.0,-577.0,-660.0,-656.0,52.0,97.29,101.64,86.14,52.65,50.75,0.57,0.74,0.59,0.68,0.7,0.57,0.57,0.74,0.6,0.68,0.69,0.56,0.04,0.06,0.04,0.05,0.05,0.04,0.66,0.88,0.7,0.82,0.82,0.67,0.0,0.0,0.0,0.0,0.0,0.0,0.0,0.0,0.0,0.0,0.0,0.0,0.0,0.0,0.0,0.0,0.0,0.0,0.0,0.0,0.0,0.0,0.0,0.0,0.0,0.0,0.0,0.0,0.0,0.0,0.0,0.1931818181818182,0.14864864864864866,0.1134020618556701,0.036585365853658534,0.0,0.0,0.0,0.0,0.0,0.0,0.0,0.0,0.0,0.0,0.0,0.0,0.0,,,,,,0.78,Scar,Scar,Scar,Scar,Scar,Scar,Scar,Scar,Scar,Scar,Scar,Scar,false,false,false,false,false,false,Lesion 03 Day 032 FG,Lesion 03 Day 045 FG,Lesion 03 Day 059 FG,Lesion 03 Day 075 FG,Lesion 03 Day 087 FG,Lesion 03 Day 101 FG,12.411001,6.0816693,7,cool
MOX+RIF,BM34,4,-260.67,-204.04,-159.63,-279.22,-330.1,-405.23,-285.0,-177.0,-127.0,-287.0,-376.0,-419.0,188.54,184.2,161.66,210.4,189.66,156.19,0.98,1.93,1.2,0.9,0.87,0.65,0.87,1.82,1.08,0.84,0.83,0.64,0.35,0.79,0.42,0.25,0.18,0.09,2.07,3.72,2.26,1.66,1.43,0.89,0.0,0.03,0.01,0.0,0.0,0.0,0.0,0.03,0.01,0.0,0.0,0.0,0.0,0.02,0.0,0.0,0.0,0.0,0.03,0.09,0.05,0.04,0.02,0.01,0.03,0.08,0.05,0.03,0.02,0.01,0.0,0.0456989247311828,0.030973451327433635,0.018072289156626505,0.0,0.0,0.02,0.02,0.02,0.02,0.01,0.01,0.01,0.02,0.02,0.01,0.01,0.0,,,,,,0.48,Fibrotic,Fibrotic,Fibrotic,Fibrotic,Fibrotic,Fibrotic,Fibrotic,Fibrotic,Fibrotic,Fibrotic,Fibrotic,Fibrotic,false,false,false,false,false,false,Lesion 04 Day 032 FG,Lesion 04 Day 045 FG,Lesion 04 Day 059 FG,Lesion 04 Day 075 FG,Lesion 04 Day 087 FG,Lesion 04 Day 101 FG,3.3614855,5.9473705,10,cool
MOX+RIF,BM34,5,-508.86,-546.86,-428.75,-519.33,-568.38,-610.55,-521.0,-557.0,-437.0,-531.0,-562.0,-631.0,62.52,99.26,134.14,115.29,74.81,101.47,0.7,0.76,0.8,0.66,0.68,0.5,0.68,0.74,0.78,0.65,0.67,0.51,0.09,0.13,0.12,0.06,0.07,0.02,1.14,1.2,1.14,0.8,0.9,0.53,0.0,0.0,0.0,0.0,0.0,0.0,0.0,0.0,0.0,0.0,0.0,0.0,0.0,0.0,0.0,0.0,0.0,0.0,0.0,0.0,0.0,0.0,0.0,0.0,0.0,0.0,0.0,0.0,0.0,0.0,0.0,0.03333333333333333,0.01754385964912281,0.0,0.0,0.0,0.0,0.0,0.0,0.0,0.0,0.0,0.0,0.0,0.0,0.0,0.0,0.0,,,,,,0.96,Fibrotic,Fibrotic,Fibrotic,Fibrotic,Fibrotic,Fibrotic,Fibrotic,Fibrotic,Fibrotic,Fibrotic,Fibrotic,Fibrotic,false,false,false,false,false,false,Lesion 05 Day 032 FG,Lesion 05 Day 045 FG,Lesion 05 Day 059 FG,Lesion 05 Day 075 FG,Lesion 05 Day 087 FG,Lesion 05 Day 101 FG,12.460485,5.802845,7,cool
MOX+RIF,BM34,6,-555.64,-521.14,-325.41,-286.71,-500.35,-655.14,-569.0,-537.0,-321.0,-296.0,-509.0,-654.0,85.18,99.78,137.78,138.67,90.04,68.04,1.14,0.83,1.86,1.88,1.93,2.31,1.11,0.82,1.79,1.84,1.92,2.23,0.26,0.15,0.54,0.46,0.38,0.45,1.77,1.33,3.44,3.21,3.06,3.4,0.0,0.0,0.0,0.0,0.0,0.0,0.0,0.0,0.0,0.0,0.0,0.0,0.0,0.0,0.0,0.0,0.0,0.0,0.0,0.0,0.01,0.01,0.0,0.0,0.0,0.0,0.01,0.01,0.0,0.0,0.0,0.0,0.0,0.0,0.0,0.0,0.0,0.0,0.0,0.0,0.0,0.0,0.0,0.0,0.0,0.0,0.0,0.0,,,,,,0.48,Fibrotic,Fibrotic,Fibrotic,Fibrotic,Fibrotic,Fibrotic,Fibrotic,Fibrotic,Fibrotic,Fibrotic,Fibrotic,Fibrotic,false,false,false,false,false,false,Lesion 06 Day 032 FG,Lesion 06 Day 045 FG,Lesion 06 Day 059 FG,Lesion 06 Day 075 FG,Lesion 06 Day 087 FG,Lesion 06 Day 101 FG,12.548725,5.895924,7,cool
MOX+RIF,BM34,7,-613.86,-527.77,-374.55,-425.18,-505.55,-612.85,-617.0,-535.0,-387.0,-450.0,-512.0,-615.0,55.54,74.2,105.98,110.76,105.49,57.91,0.4,0.7,0.86,1.08,1.0,1.24,0.4,0.7,0.82,0.98,0.96,1.2,0.02,0.05,0.14,0.3,0.14,0.37,0.49,0.87,1.34,2.3,1.51,2.69,0.0,0.0,0.0,0.0,0.0,0.0,0.0,0.0,0.0,0.0,0.0,0.0,0.0,0.0,0.0,0.0,0.0,0.0,0.0,0.0,0.01,0.01,0.01,0.01,0.0,0.0,0.01,0.0,0.0,0.0,0.09302325581395349,0.930232558139535,0.4477611940298507,0.1739130434782609,0.152317880794702,0.056140350877192984,0.0,0.0,0.01,0.0,0.0,0.0,0.0,0.0,0.0,0.0,0.0,0.0,,,,,,0.48,Fibrotic,Fibrotic,Fibrotic,Fibrotic,Fibrotic,Fibrotic,Fibrotic,Fibrotic,Fibrotic,Fibrotic,Fibrotic,Fibrotic,false,false,false,false,false,false,Lesion 07 Day 032 FG,Lesion 07 Day 045 FG,Lesion 07 Day 059 FG,Lesion 07 Day 075 FG,Lesion 07 Day 087 FG,Lesion 07 Day 101 FG,12.57723,6.5475883,7,cool
MOX+RIF,BM34,8,-301.24,-193.19,-180.6,-194.0,-256.67,-321.19,-307.0,-166.0,-147.0,-153.0,-249.0,-340.0,185.22,193.3,181.0,188.69,189.7,220.18,1.38,2.66,1.71,1.23,0.97,0.8,1.12,2.44,1.63,1.02,0.73,0.68,0.87,1.26,0.75,0.72,0.64,0.39,4.53,7.44,4.45,4.96,3.77,2.43,0.05,0.37,0.32,0.11,0.05,0.02,0.05,0.37,0.32,0.11,0.05,0.02,0.03,0.29,0.19,0.06,0.03,0.0,0.2,1.18,0.99,0.5,0.36,0.21,0.19,1.12,0.96,0.49,0.34,0.17,0.0,0.013440860215053764,0.01797752808988764,0.011881188118811881,0.015915119363395226,0.012345679012345678,0.09,0.2,0.26,0.17,0.21,0.13,0.04,0.21,0.29,0.21,0.12,0.06,,,,,,1.32,Fibrotic,Fibrotic,Fibrotic,Fibrotic,Fibrotic,Fibrotic,Fibrotic,Fibrotic,Fibrotic,Fibrotic,Fibrotic,Fibrotic,true,true,true,true,true,true,Lesion 08z10z11z13 Day 032 FG,Lesion 08z10z11z13 Day 045 FG,Lesion 08z10z11z13 Day 059 FG,Lesion 08z10z11z13 Day 075 FG,Lesion 08z10z11z13 Day 087 FG,Lesion 08z10z11z13 Day 101 FG,-4.459257,8.222857,5,hot
MOX+RIF,BM34,12,-278.41,-222.27,-170.04,-241.39,-310.82,-350.67,-274.0,-192.0,-129.0,-189.0,-317.0,-357.0,181.04,182.78,163.67,200.62,184.72,201.7,1.53,2.62,1.8,1.21,0.68,0.69,1.48,2.43,1.72,1.04,0.54,0.62,0.63,1.18,0.76,0.63,0.36,0.26,3.37,6.43,3.78,3.05,2.03,1.35,0.04,0.17,0.16,0.08,0.01,0.0,0.04,0.17,0.16,0.08,0.01,0.0,0.02,0.13,0.11,0.04,0.0,0.0,0.13,0.58,0.52,0.32,0.15,0.11,0.11,0.53,0.48,0.28,0.12,0.08,0.00890207715133531,0.06998444790046657,0.13492063492063494,0.08580858085808582,0.06598984771573604,0.04444444444444444,0.05,0.11,0.12,0.11,0.14,0.09,0.02,0.09,0.14,0.12,0.04,0.03,,,,,,0.48,Fibrotic,Fibrotic,Fibrotic,Fibrotic,Fibrotic,Fibrotic,Fibrotic,Fibrotic,Fibrotic,Fibrotic,Fibrotic,Fibrotic,true,true,true,true,true,true,Lesion 12z14 Day 032 FG,Lesion 12z14 Day 045 FG,Lesion 12z14 Day 059 FG,Lesion 12z14 Day 075 JF,Lesion 12z14 Day 087 FG,Lesion 12z14 Day 101 FG,-0.68558294,4.92054,5,hot
MOX+RIF,BM34,15,-210.04,-115.47,-159.31,-158.09,-247.28,-209.02,-150.0,-40.0,-69.0,-73.0,-226.0,-150.0,196.22,176.4,210.75,199.69,221.42,183.62,2.08,2.21,1.58,1.64,1.23,0.97,1.92,1.77,1.4,1.5,1.24,1.02,0.88,1.18,0.7,0.63,0.36,0.16,4.73,6.16,3.75,3.83,2.42,1.3,0.03,0.17,0.11,0.1,0.03,0.0,0.03,0.17,0.11,0.1,0.03,0.0,0.02,0.13,0.06,0.04,0.0,0.0,0.1,0.64,0.39,0.33,0.19,0.09,0.09,0.62,0.36,0.31,0.16,0.09,0.0,0.0,0.0,0.0,0.0,0.0,0.02,0.08,0.07,0.06,0.06,0.04,0.02,0.2,0.15,0.12,0.06,0.05,,,,,,0.96,Fibrotic,Fibrotic,Fibrotic,Fibrotic,Fibrotic,Fibrotic,Fibrotic,Fibrotic,Fibrotic,Fibrotic,Fibrotic,Fibrotic,true,true,true,true,true,true,Lesion 15z16 Day 032 FG,Lesion 15z16 Day 045 FG,Lesion 15z16 Day 059 FG,Lesion 15z16 Day 075 FG,Lesion 15z16 Day 087 FG,Lesion 15z16 Day 101 FG,0.8519548,8.543161,2,hot
MOX+RIF,BM34,17,-307.05,-94.44,-181.13,-237.37,-260.05,-314.81,-325.0,-33.0,-103.0,-195.0,-247.0,-318.0,201.76,153.96,208.79,217.56,205.1,221.03,1.55,2.6,1.34,1.06,0.77,0.64,1.23,2.3,1.2,0.92,0.69,0.61,0.96,1.27,0.55,0.47,0.29,0.17,5.06,6.7,3.2,2.78,1.9,1.1,0.03,0.17,0.07,0.03,0.0,0.0,0.03,0.17,0.07,0.03,0.0,0.0,0.02,0.13,0.03,0.01,0.0,0.0,0.11,0.58,0.31,0.2,0.1,0.05,0.1,0.58,0.28,0.16,0.09,0.04,0.0,0.0,0.0,0.0,0.0,0.0,0.03,0.05,0.07,0.07,0.07,0.04,0.02,0.17,0.13,0.08,0.05,0.02,,,,,,1.08,Fibrotic,Fibrotic,Fibrotic,Fibrotic,Fibrotic,Fibrotic,Fibrotic,Fibrotic,Fibrotic,Fibrotic,Fibrotic,Fibrotic,true,true,true,true,true,true,Lesion 17z19 Day 032 FG,Lesion 17z19 Day 045 FG,Lesion 17z19 Day 059 FG,Lesion 17z19 Day 075 FG,Lesion 17z19 Day 087 FG,Lesion 17z19 Day 101 FG,0.70912427,8.767192,2,hot
MOX+RIF,BM34,18,-352.65,-202.03,-254.85,-310.43,-404.23,-445.33,-368.0,-173.0,-217.0,-294.0,-423.0,-459.0,162.62,171.86,216.36,219.87,197.27,147.01,0.92,2.17,1.26,0.82,0.64,0.53,0.86,1.97,1.14,0.73,0.61,0.53,0.25,0.97,0.53,0.26,0.11,0.03,1.59,4.64,2.79,1.65,1.02,0.61,0.0,0.04,0.02,0.0,0.0,0.0,0.0,0.04,0.02,0.0,0.0,0.0,0.0,0.03,0.01,0.0,0.0,0.0,0.02,0.13,0.09,0.04,0.03,0.01,0.02,0.12,0.08,0.03,0.02,0.01,0.0,0.0,0.0,0.0,0.0,0.01694915254237288,0.01,0.03,0.03,0.02,0.03,0.01,0.0,0.03,0.03,0.02,0.01,0.0,,,,,,0.78,Fibrotic,Fibrotic,Fibrotic,Fibrotic,Fibrotic,Fibrotic,Fibrotic,Fibrotic,Fibrotic,Fibrotic,Fibrotic,Fibrotic,false,false,false,false,false,false,Lesion 18 Day 032 FG,Lesion 18 Day 045 FG,Lesion 18 Day 059 FG,Lesion 18 Day 075 FG,Lesion 18 Day 087 FG,Lesion 18 Day 101 FG,3.1250036,6.044239,10,cool
MOX+RIF,BM34,21,-222.73,-91.68,-95.11,-108.06,-160.46,-177.37,-186.0,-12.0,-21.0,-32.0,-92.0,-115.0,199.23,180.58,183.17,182.9,203.55,199.99,2.23,4.21,2.65,1.96,1.56,1.35,1.88,3.94,2.55,1.68,1.28,1.18,1.32,1.92,1.27,1.3,1.11,0.75,6.99,8.75,5.84,5.87,5.52,3.9,0.18,0.8,0.61,0.39,0.23,0.16,0.18,0.8,0.61,0.39,0.23,0.16,0.13,0.72,0.51,0.31,0.15,0.09,0.64,3.49,2.11,1.42,0.82,0.58,0.6,3.43,2.04,1.39,0.82,0.54,0.0,0.0,0.0,0.0,0.0,0.0,0.12,0.17,0.18,0.16,0.22,0.16,0.13,0.63,0.57,0.52,0.32,0.23,,,,,,0.78,Fibrotic,Fibrotic,Fibrotic,Fibrotic,Fibrotic,Fibrotic,Fibrotic,Fibrotic,Fibrotic,Fibrotic,Fibrotic,Fibrotic,false,false,false,false,false,false,Lesion 21 Day 032 FG,Lesion 21 Day 045 FG,Lesion 21 Day 059 FG,Lesion 21 Day 075 FG,Lesion 21 Day 087 FG,Lesion 21 Day 101 FG,-2.4699628,5.7975807,0,hot
MOX+RIF,BM34,22,-121.38,-71.88,-80.0,-146.37,-230.38,-213.49,-75.0,-26.0,-25.0,-88.0,-218.0,-215.0,163.1,138.43,152.75,174.78,186.45,158.76,1.23,2.13,1.69,2.0,1.69,1.84,1.24,2.06,1.7,1.93,1.69,1.53,0.3,0.62,0.46,0.84,0.68,0.94,1.88,4.07,2.65,3.72,3.15,3.85,0.01,0.1,0.08,0.06,0.05,0.03,0.01,0.1,0.08,0.06,0.05,0.03,0.0,0.07,0.03,0.04,0.03,0.02,0.06,0.25,0.2,0.17,0.14,0.11,0.06,0.25,0.2,0.17,0.13,0.1,0.0,0.0,0.0,0.0,0.0,0.0,0.02,0.03,0.03,0.03,0.03,0.03,0.03,0.09,0.09,0.05,0.03,0.02,,,,,,0.78,Fibrotic,Fibrotic,Fibrotic,Fibrotic,Fibrotic,Fibrotic,Fibrotic,Fibrotic,Fibrotic,Fibrotic,Fibrotic,Fibrotic,false,false,false,false,false,false,Lesion 22 Day 032 FG,Lesion 22 Day 045 FG,Lesion 22 Day 059 FG,Lesion 22 Day 075 FG,Lesion 22 Day 087 FG,Lesion 22 Day 101 FG,1.3149378,10.248823,4,hot
MOX+RIF,BM34,24,-231.53,-180.76,-147.33,-219.33,-239.4,-318.6,-208.0,-124.0,-89.0,-141.0,-215.0,-321.0,173.77,196.65,173.99,205.04,205.51,238.39,1.6,3.24,2.13,1.4,1.12,0.9,1.26,2.92,1.96,1.12,0.89,0.79,1.09,1.66,1.0,0.91,0.76,0.46,5.82,7.75,4.99,4.74,3.88,2.46,0.09,0.45,0.51,0.26,0.13,0.06,0.09,0.45,0.51,0.26,0.13,0.06,0.06,0.37,0.37,0.17,0.07,0.01,0.38,1.78,1.65,0.96,0.61,0.4,0.36,1.67,1.6,0.88,0.57,0.33,0.06357388316151202,0.04129032258064516,0.02217741935483871,0.010548523206751054,0.005154639175257732,0.0040650406504065045,0.12,0.21,0.24,0.24,0.24,0.17,0.1,0.29,0.49,0.35,0.23,0.15,,,,,,0.96,Fibrotic,Fibrotic,Fibrotic,Fibrotic,Fibrotic,Fibrotic,Fibrotic,Fibrotic,Fibrotic,Fibrotic,Fibrotic,Fibrotic,true,true,true,true,true,true,Lesion 24z25z26z27z28z29 Day 032 FG,Lesion 24z25z26z27z28z29 Day 045 FG,Lesion 24z25z26z27z28z29 Day 059 FG,Lesion 24z25z26z27z28z29 Day 075 FG,Lesion 24z25z26z27z28z29 Day 087 FG,Lesion 24z25z26z27z28z29 Day 101 FG,-4.079696,7.02906,5,hot
INH+PZA,BM40,1,-201.98,-41.11,-53.77,-119.32,-165.59,-179.06,-138.2,24.8,21.43,-27.98,-78.41,-105.98,251.45,171.6,184.98,214.75,243.27,237.95,1.95,3.14,2.69,1.34,2.32,1.55,1.85,3.13,2.59,1.38,2.29,1.56,0.59,1.03,0.98,0.48,0.91,0.5,3.97,5.52,5.01,2.45,5.98,2.83,0.24,0.73,0.49,0.06,0.35,0.1,,,,,,,0.24,0.73,0.49,0.06,0.35,0.1,1.18,2.71,1.86,0.85,1.3,0.83,1.0,2.64,1.8,0.81,1.17,0.75,0.0,0.0,0.0,0.0,0.0,0.0,0.23,0.17,0.15,0.2,0.2,0.2,0.27,0.67,0.52,0.4,0.29,0.26,,,,,,1.69,Cavity Consol,Cavity Consol,Cavity Consol,Cavity Consol,Cavity Consol,Cavity Consol,Cavity,Cavity,Cavity,Cavity,Cavity,Cavity,true,true,true,true,true,true,Lesion 01z02z03z04z05z08 Day 037 FG,Lesion 01z02z03z04z05z08 Day 052 FG,Lesion 01z02z03z04z05z08 Day 065 FG,Lesion 01z02z03z04z05z08 Day 079 FG,Lesion 01z02z03z04z05z08 Day 093 FG,Lesion 01z02z03z04z05z08 Day 107 FG,-3.4858503,6.2296295,0,hot
INH+PZA,BM40,6,-225.16,-89.94,-108.75,-197.45,-241.78,-212.38,-176.96,4.34,-27.31,-155.8,-199.18,-171.35,276.95,225.95,220.36,246.61,284.81,253.94,2.14,2.86,2.23,1.15,1.76,1.09,2.0,2.76,2.15,1.07,1.61,0.99,0.8,1.06,0.74,0.48,0.76,0.4,4.07,5.22,3.91,2.38,3.69,2.08,0.12,0.17,0.1,0.01,0.07,0.0,,,,,,,0.12,0.17,0.1,0.01,0.07,0.0,0.49,0.65,0.41,0.25,0.32,0.19,0.39,0.59,0.38,0.21,0.26,0.15,0.0,0.0,0.0,0.0,0.0,0.0,0.09,0.06,0.06,0.09,0.07,0.07,0.09,0.15,0.11,0.09,0.07,0.07,,,,,,0.9,Cavity,Cavity,Cavity,Cavity,Cavity,Cavity,Cavity,Cavity,Cavity,Cavity,Cavity,Cavity,true,true,true,true,true,true,Lesion 06z10 Day 037 FG,Lesion 06z10 Day 052 FG,Lesion 06z10 Day 065 FG,Lesion 06z10 Day 079 FG,Lesion 06z10 Day 093 FG,Lesion 06z10 Day 107 FG,0.44212192,3.9354448,15,hot
INH+PZA,BM40,7,-228.39,-279.84,-280.83,-257.07,-297.72,-287.3,-209.61,-276.06,-289.3,-267.4,-307.66,-312.29,247.59,204.06,239.8,231.72,236.55,223.91,1.25,1.48,1.41,1.08,1.15,0.55,1.24,1.45,1.38,1.08,1.14,0.53,0.38,0.54,0.3,0.21,0.16,0.14,2.05,3.03,1.94,1.51,1.56,0.85,0.0,0.02,0.0,0.0,0.0,0.0,,,,,,,0.0,0.02,0.0,0.0,0.0,0.0,0.04,0.14,0.03,0.02,0.02,0.01,0.03,0.11,0.03,0.02,0.02,0.01,0.0,0.0,0.0,0.0,0.0,0.0,0.01,0.06,0.01,0.01,0.01,0.01,0.01,0.02,0.01,0.01,0.0,0.0,,,,,,0.6,Cavity,Cavity,Cavity,Cavity,Cavity,Cavity,Cavity,Cavity,Cavity,Cavity,Cavity,Cavity,false,false,false,false,false,false,Lesion 07 Day 037 FG,Lesion 07 Day 052 FG,Lesion 07 Day 065 FG,Lesion 07 Day 079 FG,Lesion 07 Day 093 FG,Lesion 07 Day 107 FG,6.1829348,2.4272087,13,cool
INH+PZA,BM40,11,-299.93,-240.11,-212.71,-233.29,-241.84,-238.31,-321.85,-202.38,-206.04,-218.7,-242.16,-230.58,237.54,259.89,281.06,252.32,248.54,243.02,1.16,1.94,1.6,0.85,1.51,1.19,1.13,1.88,1.51,0.86,1.56,1.22,0.13,0.45,0.35,0.18,0.39,0.13,1.52,3.04,2.45,1.17,2.29,1.43,0.0,0.03,0.01,0.0,0.0,0.0,,,,,,,0.0,0.03,0.01,0.0,0.0,0.0,0.03,0.16,0.08,0.04,0.05,0.05,0.02,0.12,0.07,0.03,0.04,0.04,0.0,0.0,0.0,0.0,0.0,0.0,0.01,0.03,0.02,0.02,0.02,0.02,0.01,0.03,0.02,0.02,0.01,0.01,,,,,,0.6,Cavity,Cavity,Cavity,Cavity,Cavity,Cavity,Cavity,Cavity,Cavity,Cavity,Cavity,Cavity,false,false,false,false,false,false,Lesion 11 Day 037 FG,Lesion 11 Day 052 FG,Lesion 11 Day 065 FG,Lesion 11 Day 079 FG,Lesion 11 Day 093 FG,Lesion 11 Day 107 FG,2.9415154,2.394824,1,cool
INH+PZA,BM40,12,-155.23,-27.5,-69.26,-84.04,-111.29,-133.37,-56.57,22.76,17.37,4.49,-17.01,-44.7,243.66,153.55,208.7,206.16,224.1,237.25,2.46,3.41,2.78,1.58,2.38,1.67,2.35,3.47,2.82,1.56,2.24,1.66,0.73,0.94,0.79,0.51,0.9,0.47,4.59,5.43,4.85,3.11,4.85,2.94,0.46,0.99,0.58,0.19,0.42,0.14,,,,,,,0.46,0.99,0.58,0.19,0.42,0.14,1.58,3.67,1.96,1.37,1.6,1.07,1.43,3.6,1.84,1.29,1.49,0.97,0.0,0.0,0.0,0.0,0.0,0.0,0.21,0.16,0.14,0.22,0.19,0.19,0.36,0.9,0.52,0.58,0.43,0.37,,,,,,1.79,Cavity Consol,Cavity Consol,Cavity Consol,Cavity Consol,Cavity Consol,Cavity Consol,Cavity,Cavity,Cavity,Cavity,Cavity,Cavity,true,true,true,true,true,true,Lesion 12z13z14z15z16z17z19z20 Day 037 FG,Lesion 12z13z14z15z16z17z19z20 Day 052 FG,Lesion 12z13z14z15z16z17z19z20 Day 065 FG,Lesion 12z13z14z15z16z17z19z20 Day 079 FG,Lesion 12z13z14z15z16z17z19z20 Day 093 FG,Lesion 12z13z14z15z16z17z19z20 Day 107 FG,-3.2295012,6.3510733,0,hot
INH+PZA,BM40,22,-214.62,-132.95,-144.93,-190.89,-221.04,-228.56,-176.96,-61.16,-92.3,-155.8,-195.08,-201.99,244.5,228.35,248.77,248.22,260.62,249.86,1.89,3.0,2.16,1.26,1.61,1.24,1.83,3.07,2.09,1.2,1.38,1.26,0.71,0.83,0.67,0.59,0.84,0.45,3.42,4.58,3.83,2.69,3.63,2.11,0.08,0.22,0.11,0.03,0.07,0.0,,,,,,,0.08,0.22,0.11,0.03,0.07,0.0,0.35,0.76,0.44,0.29,0.32,0.17,0.29,0.7,0.4,0.26,0.28,0.14,0.0,0.0,0.0,0.0,0.0,0.0,0.08,0.09,0.08,0.1,0.08,0.06,0.08,0.14,0.1,0.1,0.07,0.05,,,,,,0.6,Cavity Consol,Cavity Consol,Cavity Consol,Cavity Consol,Cavity Consol,Cavity Consol,Cavity,Cavity,Cavity,Cavity,Cavity,Cavity,true,true,true,true,true,true,Lesion 22z23 Day 037 FG,Lesion 22z23 Day 052 FG,Lesion 22z23 Day 065 FG,Lesion 22z23 Day 079 FG,Lesion 22z23 Day 093 FG,Lesion 22z23 Day 107 FG,-0.20992894,3.3568978,12,hot
INH+PZA,BM40,24,-202.71,-151.12,-164.36,-165.87,-162.83,-175.38,-154.52,-71.39,-88.24,-82.76,-72.27,-103.94,248.78,226.37,210.28,234.9,228.25,245.88,1.59,2.06,2.01,0.94,1.84,1.27,1.46,1.94,2.0,0.84,1.82,1.18,0.33,0.56,0.42,0.32,0.65,0.38,2.59,3.29,2.86,1.76,3.24,2.16,0.01,0.04,0.03,0.0,0.04,0.0,,,,,,,0.01,0.04,0.03,0.0,0.04,0.0,0.12,0.17,0.13,0.1,0.16,0.12,0.1,0.15,0.12,0.09,0.15,0.11,0.0,0.0,0.0,0.0,0.0,0.0,0.03,0.03,0.02,0.04,0.03,0.04,0.03,0.05,0.03,0.05,0.05,0.05,,,,,,0.88,Cavity,Cavity,Cavity,Cavity,Cavity,Cavity,Cavity,Cavity,Cavity,Cavity,Cavity,Cavity,false,false,false,false,false,false,Lesion 24 Day 037 FG,Lesion 24 Day 052 FG,Lesion 24 Day 065 FG,Lesion 24 Day 079 FG,Lesion 24 Day 093 FG,Lesion 24 Day 107 FG,2.3541944,3.904999,1,cool
INH+PZA,BM40,25,-294.97,-109.87,-215.89,-262.16,-223.57,-259.89,-313.68,-59.11,-181.66,-271.46,-225.79,-265.31,253.73,209.77,239.35,237.7,210.39,243.64,1.14,2.41,1.93,0.77,1.22,1.12,1.07,2.37,1.92,0.71,1.05,1.13,0.5,0.65,0.56,0.39,0.62,0.35,2.32,3.66,3.06,1.71,2.74,1.89,0.0,0.04,0.02,0.0,0.01,0.0,,,,,,,0.0,0.04,0.02,0.0,0.01,0.0,0.05,0.15,0.11,0.06,0.07,0.08,0.04,0.14,0.1,0.05,0.06,0.07,0.0,0.0,0.0,0.0,0.0,0.0,0.02,0.03,0.03,0.04,0.03,0.03,0.01,0.04,0.02,0.02,0.02,0.02,,,,,,0.6,Cavity,Cavity,Cavity,Cavity,Cavity,Cavity,Cavity,Cavity,Cavity,Cavity,Cavity,Cavity,false,false,false,false,false,false,Lesion 25 Day 037 FG,Lesion 25 Day 052 FG,Lesion 25 Day 065 FG,Lesion 25 Day 079 FG,Lesion 25 Day 093 FG,Lesion 25 Day 107 FG,1.5182945,4.365486,15,hot
INH+PZA,BM40,26,-341.38,-134.48,-238.97,-265.34,-254.68,-235.7,-336.13,-83.67,-204.0,-255.23,-246.25,-214.24,239.1,208.61,241.96,227.18,248.7,239.85,1.14,2.1,1.62,1.11,1.48,1.21,1.1,2.0,1.63,1.14,1.4,1.23,0.28,0.63,0.5,0.12,0.34,0.28,1.96,3.57,2.54,1.42,2.38,1.8,0.0,0.05,0.02,0.0,0.01,0.0,,,,,,,0.0,0.05,0.02,0.0,0.01,0.0,0.08,0.19,0.1,0.08,0.08,0.07,0.06,0.17,0.09,0.06,0.07,0.06,0.0,0.0,0.0,0.0,0.0,0.0,0.04,0.03,0.03,0.03,0.03,0.03,0.01,0.04,0.02,0.02,0.02,0.02,,,,,,1.89,Cavity,Cavity,Cavity,Cavity,Cavity,Cavity,Cavity,Cavity,Cavity,Cavity,Cavity,Cavity,true,true,true,true,true,true,Lesion 26z27 Day 037 FG,Lesion 26z27 Day 052 FG,Lesion 26z27 Day 065 FG,Lesion 26z27 Day 079 FG,Lesion 26z27 Day 093 FG,Lesion 26z27 Day 107 FG,2.1590068,4.386176,15,hot
INH+PZA,BM41,1,-287.92,-159.88,-154.95,-140.56,-163.18,-171.82,-304.75,-77.47,-77.02,-70.28,-100.7,-93.3,222.25,228.69,238.12,227.43,243.21,248.45,1.29,2.11,2.48,1.98,2.05,1.78,1.23,2.21,2.53,1.99,2.0,1.8,0.44,0.74,0.71,0.71,0.74,0.61,2.23,4.05,3.8,3.33,3.49,2.96,0.01,0.22,0.22,0.14,0.11,0.1,,,,,,,0.01,0.22,0.22,0.14,0.11,0.1,0.18,0.78,0.74,0.55,0.45,0.43,0.14,0.7,0.66,0.5,0.4,0.37,0.0,0.0,0.0,0.0,0.0,0.0,0.08,0.13,0.11,0.1,0.09,0.09,0.03,0.19,0.16,0.15,0.11,0.12,,,,,,3.8,Cavity,Cavity,Cavity,Cavity,Cavity,Cavity,Cavity,Cavity,Cavity,Cavity,Cavity,Cavity,false,false,false,false,false,false,Lesion 01 Day 037 FG,Lesion 01 Day 052 FG,Lesion 01 Day 065 FG,Lesion 01 Day 079 FG,Lesion 01 Day 093 FG,Lesion 01 Day 107 FG,-0.5595889,2.7484853,11,hot
INH+PZA,BM41,2,-269.38,-125.96,-168.91,-144.06,-171.6,-180.82,-274.0,-44.68,-68.88,-68.24,-94.54,-76.95,249.52,234.1,271.68,240.29,274.02,296.7,1.15,2.27,2.03,1.74,2.1,2.23,1.06,2.21,1.94,1.67,1.98,2.13,0.47,0.81,0.85,0.72,0.77,1.01,2.74,4.17,4.06,3.71,4.29,4.9,0.02,0.4,0.35,0.21,0.3,0.44,,,,,,,0.02,0.4,0.35,0.21,0.3,0.44,0.34,1.53,1.47,1.07,1.29,1.78,0.28,1.42,1.3,0.97,1.12,1.51,0.0,0.0,0.0,0.0,0.0,0.0,0.14,0.22,0.23,0.21,0.21,0.24,0.08,0.39,0.38,0.32,0.31,0.41,,,,,,3.42,Cavity Consol,Cavity Consol,Cavity Consol,Cavity Consol,Cavity Consol,Cavity Consol,Cavity,Cavity,Cavity,Cavity,Cavity,Cavity,true,true,true,true,true,true,Lesion 02z03z04z05z06 Day 037 FG,Lesion 02z03z04z05z06 Day 052 FG,Lesion 02z03z04z05z06 Day 065 FG,Lesion 02z03z04z05z06 Day 079 FG,Lesion 02z03z04z05z06 Day 093 FG,Lesion 02z03z04z05z06 Day 107 FG,-2.2932274,3.5211887,11,hot
INH+PZA,BM41,7,-211.82,-43.37,-56.97,-61.93,-69.66,-67.39,-153.06,6.56,16.55,17.35,12.14,19.12,250.01,152.04,182.58,190.15,199.42,205.73,1.61,2.56,2.55,2.21,3.26,2.86,1.6,2.64,2.57,2.22,3.31,2.77,0.5,0.57,0.62,0.59,1.02,1.06,2.78,3.83,4.08,3.59,5.27,5.44,0.04,0.35,0.39,0.35,0.7,0.53,,,,,,,0.04,0.35,0.39,0.35,0.7,0.53,0.28,1.08,1.24,1.18,2.65,1.96,0.24,1.07,1.21,1.13,2.53,1.85,0.0,0.0,0.0,0.0,0.0,0.0,0.06,0.09,0.1,0.12,0.17,0.13,0.08,0.33,0.36,0.38,0.6,0.5,,,,,,3.18,Cavity Consol,Cavity Consol,Cavity Consol,Cavity Consol,Cavity Consol,Cavity Consol,Cavity,Cavity,Cavity,Cavity,Cavity,Cavity,true,true,true,true,true,true,Lesion 07z08z09 Day 037 FG,Lesion 07z08z09 Day 052 FG,Lesion 07z08z09 Day 065 FG,Lesion 07z08z09 Day 079 FG,Lesion 07z08z09 Day 093 FG,Lesion 07z08z09 Day 107 FG,-0.5016582,8.908893,4,hot
INH+PZA,BM41,10,-260.1,-21.08,-62.57,-124.97,-135.08,-147.37,-251.45,63.95,28.76,-45.83,-35.04,-58.55,267.43,229.89,233.0,247.84,263.48,249.9,0.72,1.9,1.78,1.41,1.64,1.34,0.64,1.91,1.8,1.28,1.68,1.28,0.22,0.45,0.5,0.67,0.43,0.44,1.29,2.75,2.77,2.94,2.48,2.22,0.0,0.03,0.03,0.02,0.02,0.01,,,,,,,0.0,0.03,0.03,0.02,0.02,0.01,0.02,0.13,0.15,0.14,0.12,0.1,0.02,0.11,0.13,0.12,0.1,0.09,0.0,0.0,0.0,0.0,0.0,0.0,0.02,0.01,0.02,0.03,0.02,0.03,0.01,0.05,0.05,0.05,0.04,0.04,,,,,,2.53,Cavity,Cavity,Cavity,Cavity,Cavity,Cavity,Cavity,Cavity,Cavity,Cavity,Cavity,Cavity,false,false,false,false,false,false,Lesion 10 Day 037 FG,Lesion 10 Day 052 FG,Lesion 10 Day 065 FG,Lesion 10 Day 079 FG,Lesion 10 Day 093 FG,Lesion 10 Day 107 FG,1.6885182,4.5546756,15,hot
INH+PZA,BM41,11,-306.1,-221.84,-219.39,-220.04,-219.65,-232.29,-314.99,-171.75,-197.03,-192.55,-205.34,-209.81,206.3,231.41,234.89,228.52,226.36,213.36,0.86,1.28,1.54,0.88,1.57,1.31,0.9,1.21,1.56,0.75,1.54,1.26,0.22,0.49,0.46,0.48,0.39,0.37,1.43,2.46,2.38,2.42,2.35,2.07,0.0,0.01,0.02,0.0,0.01,0.0,,,,,,,0.0,0.01,0.02,0.0,0.01,0.0,0.04,0.14,0.16,0.08,0.13,0.11,0.03,0.13,0.13,0.07,0.11,0.09,0.0,0.0,0.0,0.0,0.0,0.0,0.03,0.05,0.05,0.04,0.04,0.04,0.01,0.04,0.04,0.03,0.03,0.03,,,,,,2.24,Cavity,Cavity,Cavity,Cavity,Cavity,Cavity,Cavity,Cavity,Cavity,Cavity,Cavity,Cavity,false,false,false,false,false,false,Lesion 11 Day 037 FG,Lesion 11 Day 052 FG,Lesion 11 Day 065 FG,Lesion 11 Day 079 FG,Lesion 11 Day 093 FG,Lesion 11 Day 107 FG,3.8444173,3.294023,1,cool
MOX,BM44,1,-382.24,-191.07,-218.05,-236.63,-258.53,-208.36,-427.96,-152.08,-173.52,-213.07,-218.96,-188.13,201.84,202.61,219.98,218.48,246.85,226.78,1.56,3.23,2.42,2.8,1.31,1.97,1.4,3.07,2.3,2.68,1.03,2.0,0.65,1.28,1.14,1.18,0.81,0.61,3.56,6.13,4.6,5.32,4.25,3.14,0.02,0.08,0.06,0.06,0.01,0.04,,,,,,,0.02,0.08,0.06,0.06,0.01,0.04,0.14,0.35,0.24,0.23,0.07,0.15,0.14,0.35,0.24,0.22,0.07,0.15,0.0,0.0,0.0,0.0,0.0,0.0,0.07,0.05,0.04,0.04,0.03,0.03,0.02,0.06,0.05,0.04,0.03,0.04,,,,,,0.78,Necrotic,Necrotic,Necrotic,Necrotic,Necrotic,Necrotic,Necrotic,Necrotic,Necrotic,Necrotic,Necrotic,Necrotic,false,false,false,false,false,false,Lesion 01 Day 032 FG,Lesion 01 Day 046 FG,Lesion 01 Day 059 FG,Lesion 01 Day 073 FG,Lesion 01 Day 087 FG,Lesion 01 Day 101 FG,0.5641897,1.8468293,12,hot
MOX,BM44,2,-344.21,-264.04,-327.3,-266.98,-431.0,-362.06,-397.04,-288.53,-359.97,-283.99,-452.02,-430.06,214.09,249.39,249.94,243.06,198.98,228.32,1.26,2.41,1.81,1.83,1.59,1.17,1.25,2.33,1.8,1.81,1.59,1.12,0.21,0.66,0.33,0.2,0.13,0.34,1.74,3.82,2.51,2.19,1.83,1.89,0.0,0.04,0.01,0.01,0.0,0.0,,,,,,,0.0,0.04,0.01,0.01,0.0,0.0,0.03,0.13,0.07,0.04,0.03,0.01,0.03,0.13,0.07,0.04,0.02,0.01,0.0,0.0,0.0,0.0,0.0,0.0,0.02,0.03,0.02,0.01,0.01,0.01,0.01,0.02,0.01,0.01,0.0,0.0,,,,,,0.78,Necrotic,Necrotic,Necrotic,Necrotic,Necrotic,Necrotic,Necrotic,Necrotic,Necrotic,Necrotic,Necrotic,Necrotic,false,false,false,false,false,false,Lesion 02 Day 032 FG,Lesion 02 Day 046 FG,Lesion 02 Day 059 FG,Lesion 02 Day 073 FG,Lesion 02 Day 087 FG,Lesion 02 Day 101 FG,2.635557,1.402583,1,cool
MOX,BM44,3,-283.19,-217.21,-204.76,-154.8,-221.38,-223.62,-260.94,-179.02,-167.97,-79.01,-190.95,-209.2,232.64,272.58,257.78,256.92,268.56,263.17,1.29,3.44,2.54,2.89,2.09,1.05,1.27,3.14,2.37,2.43,1.86,0.95,0.37,1.52,1.27,1.56,1.0,0.45,2.13,7.52,6.32,6.91,5.03,2.66,0.0,0.26,0.23,0.22,0.11,0.01,,,,,,,0.0,0.26,0.23,0.22,0.11,0.01,0.08,1.15,0.97,0.95,0.52,0.28,0.08,1.09,0.93,0.9,0.49,0.26,0.0,0.0,0.0,0.0,0.0,0.0,0.03,0.14,0.16,0.11,0.12,0.12,0.03,0.17,0.2,0.19,0.11,0.12,,,,,,1.37,Necrotic,Necrotic,Necrotic,Necrotic,Necrotic,Necrotic,Necrotic,Necrotic,Necrotic,Necrotic,Necrotic,Necrotic,false,false,false,false,false,false,Lesion 03 Day 032 FG,Lesion 03 Day 046 FG,Lesion 03 Day 059 FG,Lesion 03 Day 073 FG,Lesion 03 Day 087 FG,Lesion 03 Day 101 FG,-0.3889751,1.8525434,12,hot
MOX,BM44,4,-399.12,-384.43,-325.02,-415.6,-446.18,-326.04,-440.34,-398.04,-363.95,-466.97,-498.46,-349.05,204.0,238.73,237.39,241.43,221.45,223.51,1.16,2.33,1.79,1.36,1.02,0.55,1.16,2.36,1.75,1.24,1.04,0.53,0.15,0.69,0.53,0.59,0.31,0.16,1.43,3.89,3.21,2.8,1.54,0.9,0.0,0.08,0.04,0.01,0.0,0.0,,,,,,,0.0,0.08,0.04,0.01,0.0,0.0,0.02,0.28,0.18,0.1,0.03,0.01,0.02,0.27,0.15,0.07,0.02,0.01,0.0,0.0,0.0,0.0,0.0,0.0,0.01,0.08,0.04,0.04,0.02,0.01,0.0,0.03,0.03,0.02,0.01,0.0,,,,,,0.88,Fibrotic,Fibrotic,Fibrotic,Fibrotic,Fibrotic,Fibrotic,Fibrotic,Fibrotic,Fibrotic,Fibrotic,Fibrotic,Fibrotic,false,false,false,false,false,false,Lesion 04 Day 032 FG,Lesion 04 Day 046 FG,Lesion 04 Day 059 FG,Lesion 04 Day 073 FG,Lesion 04 Day 087 FG,Lesion 04 Day 101 FG,3.9435868,0.69841,1,cool
MOX,BM44,5,-378.32,-139.35,-195.03,-250.88,-277.28,-268.46,-413.53,-43.95,-143.94,-226.09,-282.05,-280.03,224.45,262.95,262.04,281.79,232.52,228.75,1.35,3.94,2.48,1.73,1.26,1.13,1.34,3.78,2.31,1.47,1.1,1.11,0.22,1.38,0.78,0.69,0.38,0.16,1.86,7.01,4.39,4.13,2.79,1.67,0.0,0.13,0.09,0.02,0.0,0.0,,,,,,,0.0,0.13,0.09,0.02,0.0,0.0,0.06,0.54,0.32,0.18,0.08,0.08,0.06,0.53,0.31,0.16,0.07,0.07,0.0,0.0,0.0,0.0,0.0,0.0,0.03,0.04,0.05,0.04,0.03,0.04,0.01,0.09,0.07,0.05,0.02,0.02,,,,,,2.09,Necrotic,Necrotic,Necrotic,Necrotic,Necrotic,Necrotic,Necrotic,Necrotic,Necrotic,Necrotic,Necrotic,Necrotic,false,false,false,false,false,false,Lesion 05 Day 032 FG,Lesion 05 Day 046 FG,Lesion 05 Day 059 FG,Lesion 05 Day 073 FG,Lesion 05 Day 087 FG,Lesion 05 Day 101 FG,-0.15980282,2.891227,12,hot
MOX,BM44,6,-339.25,-200.4,-183.78,-244.74,-334.68,-282.07,-349.61,-165.03,-133.98,-200.05,-333.5,-284.39,212.02,255.79,246.12,242.06,249.0,222.08,1.06,3.52,2.28,1.35,1.02,0.79,1.05,3.54,2.14,1.07,1.0,0.78,0.23,1.36,0.92,0.66,0.15,0.06,1.71,6.66,4.62,3.92,1.6,0.98,0.0,0.14,0.08,0.02,0.0,0.0,,,,,,,0.0,0.14,0.08,0.02,0.0,0.0,0.05,0.58,0.35,0.14,0.08,0.05,0.04,0.56,0.34,0.14,0.07,0.05,0.0,0.0,0.0,0.0,0.0,0.0,0.03,0.07,0.07,0.05,0.05,0.04,0.01,0.1,0.07,0.04,0.03,0.03,,,,,,2.68,Necrotic,Necrotic,Necrotic,Necrotic,Necrotic,Necrotic,Necrotic,Necrotic,Necrotic,Necrotic,Necrotic,Necrotic,false,false,false,false,false,false,Lesion 06 Day 032 FG,Lesion 06 Day 046 FG,Lesion 06 Day 059 FG,Lesion 06 Day 073 FG,Lesion 06 Day 087 FG,Lesion 06 Day 101 FG,-0.08117689,1.756987,12,hot
MOX,BM44,7,-282.05,-155.03,-181.29,-168.03,-180.2,-268.43,-295.99,-89.03,-110.52,-70.03,-101.02,-240.08,240.55,235.9,238.53,248.47,274.98,270.99,1.71,4.11,2.79,3.06,1.79,1.3,1.63,4.15,2.6,2.74,1.45,1.15,0.51,1.76,1.23,1.58,1.15,0.59,2.91,7.88,5.44,6.85,5.61,2.97,0.03,0.33,0.22,0.21,0.07,0.04,,,,,,,0.03,0.33,0.22,0.21,0.07,0.04,0.18,1.59,0.88,0.93,0.41,0.3,0.17,1.58,0.87,0.91,0.4,0.28,0.0,0.0,0.0,0.0,0.0,0.0,0.06,0.14,0.12,0.1,0.09,0.1,0.04,0.24,0.2,0.19,0.14,0.1,,,,,,1.08,Necrotic,Necrotic,Necrotic,Necrotic,Necrotic,Necrotic,Necrotic,Necrotic,Necrotic,Necrotic,Necrotic,Necrotic,false,false,false,false,false,false,Lesion 07 Day 032 FG,Lesion 07 Day 046 FG,Lesion 07 Day 059 FG,Lesion 07 Day 073 FG,Lesion 07 Day 087 FG,Lesion 07 Day 101 FG,-1.3720655,4.0559344,11,hot
MOX,BM44,8,-343.96,-95.9,-161.32,-194.7,-213.83,-250.05,-361.98,-10.1,-107.96,-136.01,-152.03,-250.97,191.61,208.26,231.04,262.58,272.44,226.27,1.54,3.62,2.76,2.69,1.69,1.52,1.57,3.36,2.69,2.43,1.46,1.42,0.36,1.79,0.95,1.17,0.85,0.54,2.2,7.65,4.8,5.52,4.86,3.14,0.0,0.18,0.12,0.11,0.03,0.03,,,,,,,0.0,0.18,0.12,0.11,0.03,0.03,0.06,0.86,0.45,0.45,0.22,0.23,0.06,0.85,0.44,0.42,0.22,0.23,0.0,0.0,0.0,0.0,0.0,0.0,0.03,0.06,0.06,0.06,0.05,0.08,0.01,0.17,0.1,0.09,0.07,0.07,,,,,,1.08,Fibrotic,Fibrotic,Fibrotic,Fibrotic,Fibrotic,Fibrotic,Fibrotic,Fibrotic,Fibrotic,Fibrotic,Fibrotic,Fibrotic,false,false,false,false,false,false,Lesion 08 Day 032 FG,Lesion 08 Day 046 FG,Lesion 08 Day 059 FG,Lesion 08 Day 073 FG,Lesion 08 Day 087 FG,Lesion 08 Day 101 FG,0.17039141,4.8198957,2,hot
MOX,BM44,9,-374.23,-230.23,-178.89,-213.22,-271.02,-256.39,-386.72,-167.97,-123.03,-169.08,-237.97,-258.96,186.56,270.91,233.83,229.9,247.1,229.27,1.65,4.64,2.87,3.2,1.96,1.32,1.65,4.63,2.77,3.03,1.61,1.3,0.38,1.5,1.08,1.27,0.98,0.48,2.46,7.96,5.56,6.45,5.01,2.49,0.01,0.36,0.26,0.2,0.08,0.02,,,,,,,0.01,0.36,0.26,0.2,0.08,0.02,0.12,1.72,0.97,0.8,0.43,0.23,0.12,1.43,0.92,0.78,0.41,0.23,0.0,0.0,0.0,0.0,0.0,0.0,0.05,0.1,0.13,0.1,0.11,0.1,0.02,0.19,0.18,0.14,0.1,0.08,,,,,,1.37,Cavity,Cavity,Cavity,Cavity,Cavity,Cavity,Cavity,Cavity,Cavity,Cavity,Cavity,Cavity,false,false,false,false,false,false,Lesion 09 Day 032 FG,Lesion 09 Day 046 FG,Lesion 09 Day 059 FG,Lesion 09 Day 073 FG,Lesion 09 Day 087 FG,Lesion 09 Day 101 FG,-0.25863248,1.3260822,12,hot
RIF,BM45,1,-346.26,-182.16,-308.59,-217.73,-209.58,-254.52,-375.85,-111.24,-261.33,-169.02,-167.97,-218.54,236.66,240.04,304.47,253.63,251.15,226.71,0.67,3.1,1.85,1.83,2.21,1.4,0.63,3.09,1.72,1.75,2.08,1.37,0.25,0.86,0.65,0.64,0.84,0.35,1.25,5.14,3.37,3.36,4.32,2.17,0.0,0.18,0.08,0.05,0.05,0.01,,,,,,,0.0,0.18,0.08,0.05,0.05,0.01,0.02,0.62,0.35,0.24,0.22,0.13,0.02,0.59,0.3,0.24,0.21,0.13,0.0,0.0,0.0,0.0,0.0,0.0,0.02,0.07,0.07,0.06,0.05,0.04,0.01,0.12,0.08,0.07,0.05,0.04,,,,,,0.95,Necrotic,Necrotic,Necrotic,Necrotic,Necrotic,Necrotic,Necrotic,Necrotic,Necrotic,Necrotic,Necrotic,Necrotic,false,false,false,false,false,false,Lesion 01 Day 038 FG,Lesion 01 Day 058 FG,Lesion 01 Day 073 FG,Lesion 01 Day 086 FG,Lesion 01 Day 100 FG,Lesion 01 Day 113 FG,-0.17660269,2.2468603,12,hot
RIF,BM45,2,-331.28,-147.23,-280.49,-207.3,-215.28,-357.93,-363.69,-65.97,-239.57,-162.86,-201.87,-377.01,255.84,233.59,316.05,258.49,255.35,257.29,0.69,2.98,1.42,1.62,1.25,0.5,0.71,2.91,1.28,1.5,1.17,0.41,0.24,1.05,0.8,0.69,0.51,0.24,1.14,5.26,3.2,3.35,2.52,1.16,0.0,0.16,0.04,0.03,0.01,0.0,,,,,,,0.0,0.16,0.04,0.03,0.01,0.0,0.01,0.63,0.24,0.19,0.1,0.04,0.01,0.62,0.21,0.18,0.09,0.03,0.0,0.0,0.0,0.0,0.0,0.0,0.01,0.07,0.06,0.05,0.04,0.04,0.01,0.13,0.09,0.06,0.04,0.02,,,,,,0.78,Fibrotic,Fibrotic,Fibrotic,Fibrotic,Fibrotic,Fibrotic,Fibrotic,Fibrotic,Fibrotic,Fibrotic,Fibrotic,Fibrotic,false,false,false,false,false,false,Lesion 02 Day 038 FG,Lesion 02 Day 058 FG,Lesion 02 Day 073 FG,Lesion 02 Day 086 FG,Lesion 02 Day 100 FG,Lesion 02 Day 113 FG,0.001704368,3.034434,12,hot
RIF,BM45,3,-349.64,-21.2,-110.97,-96.32,-134.56,-175.13,-396.11,20.46,-29.9,-15.11,-54.86,-109.47,238.92,162.84,224.0,212.72,232.21,249.55,1.06,3.28,2.17,2.42,2.94,1.79,1.01,3.47,2.1,2.29,2.52,1.53,0.48,1.0,0.7,1.0,1.56,0.91,2.16,5.41,3.63,4.66,7.43,4.5,0.0,0.9,0.52,0.51,0.39,0.15,,,,,,,0.0,0.9,0.52,0.51,0.39,0.15,0.12,3.32,2.03,2.08,1.84,0.82,0.1,3.26,1.93,2.04,1.78,0.79,0.0,0.0,0.0,0.0,0.0,0.0,0.06,0.13,0.24,0.2,0.18,0.17,0.03,0.84,0.63,0.6,0.41,0.27,,,,,,0.95,Necrotic,Necrotic,Necrotic,Necrotic,Necrotic,Necrotic,Necrotic,Necrotic,Necrotic,Necrotic,Necrotic,Necrotic,false,false,false,false,false,false,Lesion 03 Day 038 FG,Lesion 03 Day 058 FG,Lesion 03 Day 073 FG,Lesion 03 Day 086 FG,Lesion 03 Day 100 FG,Lesion 03 Day 113 FG,-3.4432433,6.069594,0,hot
RIF,BM45,4,-438.06,-126.46,-196.52,-223.26,-302.31,-308.93,-505.49,-30.98,-103.09,-162.86,-307.88,-337.91,240.79,246.56,282.01,263.03,258.66,245.58,1.03,3.56,2.03,2.12,1.79,0.97,1.02,3.5,2.01,1.96,1.57,0.97,0.32,1.26,0.81,0.87,0.92,0.41,1.69,6.29,3.74,4.57,4.12,2.18,0.0,0.41,0.2,0.13,0.07,0.0,,,,,,,0.0,0.41,0.2,0.13,0.07,0.0,0.08,1.68,0.78,0.58,0.33,0.16,0.06,1.62,0.73,0.55,0.32,0.14,0.0,0.0,0.0,0.0,0.0,0.0,0.04,0.13,0.12,0.11,0.1,0.09,0.02,0.31,0.22,0.14,0.08,0.06,,,,,,0.78,Necrotic,Necrotic,Necrotic,Necrotic,Necrotic,Necrotic,Necrotic,Necrotic,Necrotic,Necrotic,Necrotic,Necrotic,false,false,false,false,false,false,Lesion 04 Day 038 FG,Lesion 04 Day 058 FG,Lesion 04 Day 073 FG,Lesion 04 Day 086 FG,Lesion 04 Day 100 FG,Lesion 04 Day 113 FG,-1.1606048,3.5451531,11,hot
RIF,BM45,5,-415.95,-117.32,-200.22,-273.59,-292.6,-328.54,-491.31,-57.74,-182.21,-236.74,-303.94,-325.56,282.95,223.11,251.2,301.14,253.42,268.27,0.9,3.43,1.77,1.82,1.68,1.22,0.88,3.34,1.69,1.72,1.59,1.28,0.34,1.07,0.66,0.56,0.7,0.36,1.64,5.89,3.25,3.08,3.17,2.08,0.0,0.19,0.05,0.04,0.02,0.0,,,,,,,0.0,0.19,0.05,0.04,0.02,0.0,0.02,0.73,0.26,0.19,0.1,0.07,0.02,0.71,0.23,0.17,0.1,0.06,0.0,0.0,0.0,,0.0,0.0,0.01,0.06,0.07,0.04,0.03,0.02,0.01,0.14,0.07,0.05,0.02,0.02,,,,,,0.78,Fibrotic,Fibrotic,Fibrotic,Fibrotic,Fibrotic,Fibrotic,Fibrotic,Fibrotic,Fibrotic,Fibrotic,Fibrotic,Fibrotic,false,false,false,false,false,false,Lesion 05 Day 038 FG,Lesion 05 Day 058 FG,Lesion 05 Day 073 FG,Lesion 05 Day 086 FG,Lesion 05 Day 100 FG,Lesion 05 Day 113 FG,0.020587757,4.048592,2,hot
RIF,BM45,6,-599.66,-421.26,-617.23,-514.93,-601.37,-762.88,-645.27,-438.44,-676.71,-552.77,-635.0,-790.67,169.7,244.15,265.79,232.93,201.03,147.73,0.67,1.49,0.66,0.75,0.58,0.58,0.64,1.45,0.66,0.77,0.62,0.54,0.16,0.54,0.25,0.27,0.18,0.22,1.08,2.65,1.2,1.35,0.94,1.09,0.0,0.02,0.0,0.0,0.0,0.0,,,,,,,0.0,0.02,0.0,0.0,0.0,0.0,0.01,0.13,0.06,0.03,0.02,0.03,0.01,0.1,0.03,0.02,0.01,0.01,0.0,0.0,0.0,0.0,0.0,0.0,0.01,0.05,0.03,0.02,0.02,0.01,0.0,0.02,0.01,0.0,0.0,0.0,,,,,,0.78,Necrotic,Necrotic,Necrotic,Necrotic,Necrotic,Necrotic,Necrotic,Necrotic,Necrotic,Necrotic,Necrotic,Necrotic,false,false,false,false,false,false,Lesion 06 Day 038 FG,Lesion 06 Day 058 FG,Lesion 06 Day 073 FG,Lesion 06 Day 086 FG,Lesion 06 Day 100 FG,Lesion 06 Day 113 FG,4.710198,1.274542,1,cool
PZA+RIF,BN05,1,-321.86,-166.54,-166.24,-214.27,-184.95,-157.63,-322.0,-95.0,-106.0,-181.0,-140.0,-122.0,139.34,175.78,162.93,181.47,194.04,186.03,0.9,1.63,1.2,0.77,0.66,0.54,0.93,1.53,1.18,0.76,0.65,0.52,0.1,0.48,0.23,0.1,0.08,0.08,1.03,2.75,1.91,1.01,0.89,0.73,0.0,0.01,0.0,0.0,0.0,0.0,0.0,0.01,0.0,0.0,0.0,0.0,0.0,0.01,0.0,0.0,0.0,0.0,0.01,0.03,0.03,0.01,0.01,0.01,0.01,0.03,0.03,0.01,0.01,0.01,0.0,0.0036363636363636364,0.0,0.0,0.0,0.0,0.01,0.01,0.01,0.01,0.01,0.01,0.0,0.01,0.0,0.01,0.01,0.01,,,,,,0.48,Scar,Scar,Scar,Scar,Scar,Scar,Scar,Scar,Scar,Scar,Scar,Scar,false,false,false,false,false,false,Lesion 01 Day 033 AA,Lesion 01 Day 046 AA,Lesion 01 Day 060 AA,Lesion 01 Day 074 AA,Lesion 01 Day 088 AA,Lesion 01 Day 102 AA,3.2254348,7.2749386,6,cool
PZA+RIF,BN05,2,-249.63,-108.41,-137.66,-130.95,-55.61,-182.85,-262.0,-45.0,-77.0,-68.0,9.0,-153.0,170.53,158.33,169.69,169.7,159.58,185.91,0.99,2.57,1.93,1.82,1.54,0.63,0.88,2.46,1.7,1.52,1.12,0.59,0.4,1.36,1.1,1.18,1.07,0.19,1.95,5.53,4.77,6.05,4.78,1.12,0.01,0.13,0.1,0.1,0.06,0.0,0.01,0.13,0.1,0.1,0.06,0.0,0.0,0.1,0.08,0.07,0.05,0.0,0.05,0.45,0.35,0.34,0.25,0.07,0.05,0.45,0.35,0.34,0.25,0.07,0.005128205128205128,0.023508137432188065,0.0209643605870021,0.01652892561983471,0.012552301255230124,0.0,0.03,0.05,0.03,0.06,0.04,0.06,0.02,0.11,0.02,0.12,0.13,0.06,,,,,,0.78,Fibrotic,Fibrotic,Fibrotic,Fibrotic,Fibrotic,Fibrotic,Fibrotic,Fibrotic,Fibrotic,Fibrotic,Fibrotic,Fibrotic,false,false,false,false,false,false,Lesion 02 Day 033 AA,Lesion 02 Day 046 AA,Lesion 02 Day 060 AA,Lesion 02 Day 074 AA,Lesion 02 Day 088 AA,Lesion 02 Day 102 AA,1.0168222,8.366021,2,hot
PZA+RIF,BN05,3,-396.64,-183.16,-311.55,-243.11,-279.48,-436.79,-402.0,-149.0,-320.0,-249.0,-297.0,-448.0,91.23,163.62,131.55,173.47,170.14,55.3,0.67,0.86,0.73,0.58,0.6,0.45,0.64,0.76,0.7,0.55,0.58,0.44,0.12,0.31,0.17,0.11,0.08,0.04,0.93,1.89,1.15,0.92,0.85,0.55,0.0,0.0,0.0,0.0,0.0,0.0,0.0,0.0,0.0,0.0,0.0,0.0,0.0,0.0,0.0,0.0,0.0,0.0,0.01,0.02,0.01,0.01,0.0,0.0,0.01,0.02,0.01,0.01,0.0,0.0,0.0,0.0,0.0,0.0,0.0,0.0,0.01,0.01,0.01,0.01,0.01,0.0,0.0,0.01,0.0,0.0,0.0,0.0,,,,,,0.48,Scar,Scar,Scar,Scar,Scar,Scar,Scar,Scar,Scar,Scar,Scar,Scar,false,false,false,false,false,false,Lesion 03 Day 033 AA,Lesion 03 Day 046 AA,Lesion 03 Day 060 AA,Lesion 03 Day 074 AA,Lesion 03 Day 088 AA,Lesion 03 Day 102 AA,5.356742,7.5843735,9,cool
PZA+RIF,BN05,4,-277.22,-124.06,-124.15,-146.57,-149.7,-240.68,-264.0,-67.0,-62.0,-100.0,-136.0,-265.0,141.85,163.57,163.06,174.3,201.45,188.56,1.48,2.64,2.49,3.2,1.89,1.96,1.37,2.56,2.47,3.08,1.69,1.61,0.68,1.41,1.16,1.27,1.03,1.03,3.3,5.67,5.42,6.8,4.55,5.26,0.06,0.15,0.14,0.12,0.07,0.04,0.06,0.15,0.14,0.12,0.07,0.04,0.03,0.13,0.12,0.11,0.04,0.03,0.18,0.55,0.47,0.42,0.22,0.13,0.18,0.55,0.47,0.42,0.22,0.13,0.01818181818181818,0.026455026455026454,0.02583025830258303,0.01764705882352941,0.01624129930394432,0.007712082262210797,0.07,0.07,0.07,0.06,0.06,0.04,0.04,0.14,0.04,0.07,0.05,0.03,,,,,,0.78,Fibrotic,Fibrotic,Fibrotic,Fibrotic,Fibrotic,Fibrotic,Fibrotic,Fibrotic,Fibrotic,Fibrotic,Fibrotic,Fibrotic,false,false,false,false,false,false,Lesion 04 Day 033 AA,Lesion 04 Day 046 AA,Lesion 04 Day 060 AA,Lesion 04 Day 074 AA,Lesion 04 Day 088 AA,Lesion 04 Day 102 AA,0.6079396,7.9366317,2,hot
PZA+RIF,BN05,5,-317.79,-138.76,-149.84,-145.53,-137.53,-210.31,-329.0,-68.0,-91.0,-81.0,-71.0,-184.0,137.37,163.29,166.76,171.74,195.73,187.12,1.0,2.1,1.81,1.49,1.06,0.51,0.97,1.97,1.7,1.1,0.93,0.49,0.27,0.92,0.75,0.98,0.44,0.11,1.83,4.03,3.69,5.05,2.48,0.91,0.01,0.18,0.19,0.08,0.03,0.0,0.01,0.18,0.19,0.08,0.03,0.0,0.0,0.13,0.12,0.05,0.01,0.0,0.13,0.57,0.57,0.33,0.18,0.06,0.13,0.57,0.57,0.33,0.18,0.06,0.00546448087431694,0.04466501240694789,0.051490514905149054,0.015841584158415842,0.012096774193548387,0.0,0.1,0.09,0.1,0.08,0.07,0.07,0.02,0.18,0.02,0.14,0.1,0.05,,,,,,1.11,Cavity,Cavity,Cavity,Cavity,Cavity,Cavity,Cavity,Cavity,Cavity,Cavity,Cavity,Cavity,true,true,true,true,true,true,Lesion 05z06 Day 033 AA,Lesion 05z06 Day 046 AA,Lesion 05z06 Day 060 AA,Lesion 05z06 Day 074 AA,Lesion 05z06 Day 088 AA,Lesion 05z06 Day 102 AA,0.47827277,9.396173,4,hot
PZA+RIF,BN05,7,-415.6,-175.54,-158.22,-178.82,-144.78,-213.28,-427.0,-115.0,-113.0,-123.0,-93.0,-198.0,110.61,157.4,162.11,159.13,181.05,168.54,0.77,1.89,2.02,0.89,1.1,0.89,0.7,1.54,1.87,0.81,0.85,0.85,0.29,1.1,1.02,0.49,0.71,0.26,1.62,4.66,4.44,3.1,3.62,1.48,0.0,0.07,0.11,0.01,0.02,0.0,0.0,0.07,0.11,0.01,0.02,0.0,0.0,0.06,0.08,0.0,0.01,0.0,0.05,0.25,0.34,0.1,0.11,0.08,0.05,0.25,0.34,0.1,0.11,0.08,0.0,0.015021459227467813,0.02477477477477477,0.0032258064516129032,0.0055248618784530384,0.0,0.06,0.05,0.06,0.05,0.05,0.05,0.0,0.08,0.0,0.06,0.06,0.04,,,,,,0.78,Fibrotic,Fibrotic,Fibrotic,Fibrotic,Fibrotic,Fibrotic,Fibrotic,Fibrotic,Fibrotic,Fibrotic,Fibrotic,Fibrotic,false,false,false,false,false,false,Lesion 07 Day 033 AA,Lesion 07 Day 046 AA,Lesion 07 Day 060 AA,Lesion 07 Day 074 AA,Lesion 07 Day 088 AA,Lesion 07 Day 102 AA,4.0826354,10.401352,4,hot
PZA+RIF,BN05,8,-170.89,-87.17,-61.45,-86.85,-80.58,-146.99,-128.0,-20.0,-6.0,-26.0,20.0,-84.0,177.78,160.8,145.24,164.54,203.04,200.44,1.13,2.71,2.43,2.04,1.4,0.61,0.99,2.3,2.1,1.61,1.11,0.59,0.49,1.39,1.16,1.28,0.74,0.12,2.99,6.02,5.31,7.24,4.83,1.06,0.04,0.3,0.36,0.19,0.08,0.0,0.04,0.3,0.36,0.19,0.08,0.0,0.02,0.23,0.26,0.15,0.05,0.0,0.24,1.07,1.18,0.77,0.37,0.11,0.24,1.07,1.18,0.77,0.37,0.11,0.013377926421404682,0.04983388704318937,0.06779661016949153,0.026243093922651933,0.016563146997929608,0.0,0.1,0.1,0.1,0.09,0.08,0.07,0.12,0.29,0.12,0.28,0.2,0.1,,,,,,1.18,Cavity,Cavity,Cavity,Cavity,Cavity,Cavity,Cavity,Cavity,Cavity,Cavity,Cavity,Cavity,true,true,true,true,true,true,Lesion 08z09 Day 033 AA,Lesion 08z09 Day 046 AA,Lesion 08z09 Day 060 AA,Lesion 08z09 Day 074 AA,Lesion 08z09 Day 088 AA,Lesion 08z09 Day 102 AA,-1.2543817,7.9270935,0,hot
PZA+RIF,BN05,10,-299.33,-193.75,-243.79,-228.52,-222.44,-283.9,-311.0,-166.0,-241.0,-201.0,-190.0,-288.0,145.99,173.85,171.18,168.26,181.03,164.55,0.78,1.0,0.99,0.75,0.71,0.5,0.79,0.9,0.95,0.73,0.7,0.49,0.07,0.3,0.21,0.11,0.08,0.05,1.0,1.88,1.57,1.11,0.94,0.65,0.0,0.0,0.0,0.0,0.0,0.0,0.0,0.0,0.0,0.0,0.0,0.0,0.0,0.0,0.0,0.0,0.0,0.0,0.01,0.02,0.02,0.01,0.01,0.0,0.01,0.02,0.02,0.01,0.01,0.0,0.0,0.0,0.0,0.0,0.0,0.0,0.01,0.01,0.01,0.01,0.01,0.0,0.0,0.01,0.0,0.0,0.0,0.0,,,,,,0.48,Fibrotic,Fibrotic,Fibrotic,Fibrotic,Fibrotic,Fibrotic,Fibrotic,Fibrotic,Fibrotic,Fibrotic,Fibrotic,Fibrotic,false,false,false,false,false,false,Lesion 10 Day 033 AA,Lesion 10 Day 046 AA,Lesion 10 Day 060 AA,Lesion 10 Day 074 AA,Lesion 10 Day 088 AA,Lesion 10 Day 102 AA,5.266298,6.8276405,9,cool
PZA+RIF,BN05,11,-103.82,-85.66,-94.73,-194.39,-172.36,-181.78,-75.0,-20.0,-32.0,-158.0,-150.0,-146.0,141.04,161.43,155.8,190.73,193.19,191.48,1.31,2.57,1.98,1.3,1.06,0.92,1.21,2.24,1.76,1.11,0.94,0.88,0.52,1.38,1.2,0.71,0.47,0.32,3.03,6.36,5.29,3.67,2.43,1.82,0.07,0.16,0.15,0.05,0.03,0.01,0.07,0.16,0.15,0.05,0.03,0.01,0.02,0.12,0.11,0.03,0.01,0.0,0.3,0.57,0.52,0.2,0.16,0.12,0.3,0.57,0.52,0.2,0.16,0.12,0.023102310231023104,0.025157232704402514,0.02835538752362949,0.013623978201634879,0.012345679012345678,0.005494505494505494,0.07,0.06,0.07,0.08,0.08,0.06,0.15,0.16,0.15,0.08,0.08,0.06,,,,,,0.78,Cavity,Cavity,Cavity,Cavity,Cavity,Cavity,Cavity,Cavity,Cavity,Cavity,Cavity,Cavity,false,false,false,false,false,false,Lesion 11 Day 033 AA,Lesion 11 Day 046 AA,Lesion 11 Day 060 AA,Lesion 11 Day 074 AA,Lesion 11 Day 088 AA,Lesion 11 Day 102 AA,0.76031333,8.43943,2,hot
PZA+RIF,BN05,12,-336.73,-179.41,-190.5,-247.54,-231.28,-263.22,-352.0,-152.0,-166.0,-236.0,-236.0,-283.0,126.36,151.07,171.61,168.81,179.78,186.58,0.69,1.31,1.28,0.62,0.54,0.44,0.58,1.02,1.04,0.5,0.47,0.43,0.3,0.82,0.82,0.33,0.22,0.12,1.55,3.65,3.76,2.29,1.57,0.73,0.0,0.03,0.03,0.0,0.0,0.0,0.0,0.03,0.03,0.0,0.0,0.0,0.0,0.02,0.02,0.0,0.0,0.0,0.03,0.11,0.13,0.04,0.03,0.02,0.03,0.11,0.13,0.04,0.03,0.02,0.0,0.00821917808219178,0.007978723404255319,0.0,0.0,0.0,0.04,0.04,0.04,0.04,0.03,0.03,0.0,0.04,0.0,0.02,0.02,0.01,,,,,,0.96,Cavity,Cavity,Cavity,Cavity,Cavity,Cavity,Cavity,Cavity,Cavity,Cavity,Cavity,Cavity,false,false,false,false,false,false,Lesion 12 Day 033 AA,Lesion 12 Day 046 AA,Lesion 12 Day 060 AA,Lesion 12 Day 074 AA,Lesion 12 Day 088 AA,Lesion 12 Day 102 AA,5.9128947,9.581696,3,cool
PZA+RIF,BN05,13,-333.05,-225.68,-261.22,-247.23,-199.62,-287.87,-335.0,-188.0,-257.0,-237.0,-190.0,-287.0,119.18,170.32,158.31,179.54,192.09,188.63,0.71,1.21,0.92,0.47,0.45,0.42,0.64,0.99,0.69,0.38,0.43,0.43,0.27,0.68,0.6,0.22,0.13,0.12,1.32,3.0,2.53,1.67,0.84,0.66,0.0,0.04,0.03,0.0,0.0,0.0,0.0,0.04,0.03,0.0,0.0,0.0,0.0,0.02,0.01,0.0,0.0,0.0,0.05,0.15,0.12,0.03,0.02,0.02,0.05,0.15,0.12,0.03,0.02,0.02,0.0,0.012903225806451613,0.011857707509881424,0.0,0.0,0.0,0.06,0.08,0.06,0.05,0.03,0.04,0.0,0.06,0.0,0.03,0.02,0.01,,,,,,1.08,Cavity,Cavity,Cavity,Cavity,Cavity,Cavity,Cavity,Cavity,Cavity,Cavity,Cavity,Cavity,false,false,false,false,false,false,Lesion 13 Day 033 AA,Lesion 13 Day 046 AA,Lesion 13 Day 060 AA,Lesion 13 Day 074 AA,Lesion 13 Day 088 AA,Lesion 13 Day 102 AA,6.748965,7.71706,3,cool
PZA+RIF,BN05,14,-391.29,-156.74,-293.46,-302.24,-247.65,-287.03,-398.0,-109.0,-299.0,-305.0,-249.0,-292.0,93.03,151.6,149.41,167.01,194.09,157.27,0.78,1.78,1.17,0.53,0.63,0.66,0.76,1.58,0.96,0.51,0.6,0.61,0.21,0.87,0.65,0.11,0.15,0.2,1.3,4.22,3.07,0.97,1.14,1.17,0.0,0.11,0.05,0.0,0.0,0.0,0.0,0.11,0.05,0.0,0.0,0.0,0.0,0.07,0.03,0.0,0.0,0.0,0.1,0.37,0.22,0.07,0.07,0.07,0.1,0.37,0.22,0.07,0.07,0.07,0.0,0.026066350710900476,0.016286644951140065,0.0,0.0,0.0,0.12,0.08,0.12,0.1,0.07,0.08,0.0,0.12,0.0,0.03,0.04,0.02,,,,,,0.78,Cavity,Cavity,Cavity,Cavity,Cavity,Cavity,Cavity,Cavity,Cavity,Cavity,Cavity,Cavity,true,true,true,true,true,true,Lesion 14z14b Day 033 AA,Lesion 14z14b Day 046 AA,Lesion 14z14b Day 060 AA,Lesion 14z14b Day 074 AA,Lesion 14z14b Day 088 AA,Lesion 14z14b Day 102 AA,2.8030937,10.733232,4,hot
PZA+RIF,BN05,16,-286.8,-111.02,-199.36,-202.21,-142.33,-251.72,-295.0,-78.0,-179.0,-159.0,-82.0,-245.0,123.79,128.86,164.09,176.25,171.48,168.55,0.92,2.19,1.61,0.45,0.71,0.65,0.81,2.15,1.33,0.41,0.68,0.61,0.38,0.96,1.08,0.16,0.29,0.22,2.17,4.69,4.32,1.16,1.87,1.17,0.01,0.12,0.07,0.0,0.0,0.0,0.01,0.12,0.07,0.0,0.0,0.0,0.0,0.1,0.05,0.0,0.0,0.0,0.1,0.37,0.26,0.05,0.07,0.06,0.1,0.37,0.26,0.05,0.07,0.06,0.004608294930875576,0.025586353944562896,0.016203703703703703,0.0,0.0,0.0,0.1,0.04,0.1,0.06,0.04,0.06,0.02,0.13,0.02,0.06,0.06,0.03,,,,,,0.78,Cavity,Cavity,Cavity,Cavity,Cavity,Cavity,Cavity,Cavity,Cavity,Cavity,Cavity,Cavity,false,false,false,false,false,false,Lesion 16 Day 033 AA,Lesion 16 Day 046 AA,Lesion 16 Day 060 AA,Lesion 16 Day 074 AA,Lesion 16 Day 088 AA,Lesion 16 Day 102 AA,1.0720392,11.121208,4,hot
EMB+MOX+PZA+RIF,BN12,1,-147.7,-28.41,-62.61,-45.08,-48.28,-56.68,-102.0,7.0,2.0,-1.0,-2.0,-6.0,151.96,112.17,153.68,131.07,127.99,130.43,2.04,4.66,4.65,3.34,1.91,2.55,1.9,4.82,4.3,3.13,1.91,2.49,0.76,1.75,2.2,1.42,0.61,0.9,4.2,9.34,11.11,7.06,3.52,5.05,0.07,0.18,0.2,0.18,0.17,0.19,0.07,0.18,0.2,0.18,0.17,0.19,0.04,0.17,0.18,0.16,0.12,0.15,0.2,0.86,0.96,0.67,0.48,0.57,0.2,0.86,0.95,0.67,0.48,0.56,0.016666666666666666,0.019271948608137045,0.018001800180018002,0.025495750708215296,0.04829545454545455,0.03762376237623762,0.04,0.02,0.04,0.03,0.04,0.04,0.06,0.16,0.16,0.17,0.21,0.18,,,,,,0.84,Necrotic,Necrotic,Necrotic,Necrotic,Necrotic,Necrotic,Necrotic,Necrotic,Necrotic,Necrotic,Necrotic,Necrotic,true,true,true,true,true,true,Lesion 01z03 Day 032 FG,Lesion 01z03 Day 047 AA,Lesion 01z03 Day 059 AA,Lesion 01z03 Day 074 AA,Lesion 01z03 Day 086 AA,Lesion 01z03 Day 100 AA,-0.19868948,7.7021055,2,hot
EMB+MOX+PZA+RIF,BN12,2,-409.6,-363.02,-323.96,-296.02,-256.12,-203.82,-427.0,-380.0,-345.0,-288.0,-246.0,-189.0,74.77,138.82,131.82,163.55,166.92,146.26,0.41,0.75,0.9,1.03,0.76,1.13,0.41,0.74,0.92,1.01,0.76,1.15,0.02,0.07,0.11,0.19,0.15,0.16,0.47,0.88,1.09,1.43,1.1,1.44,0.0,0.0,0.0,0.0,0.0,0.0,0.0,0.0,0.0,0.0,0.0,0.0,0.0,0.0,0.0,0.0,0.0,0.0,0.0,0.0,0.0,0.01,0.01,0.02,0.0,0.0,0.0,0.01,0.01,0.02,0.0,0.0,0.0,0.0,0.0,0.0,0.0,0.0,0.0,0.01,0.01,0.01,0.0,0.0,0.0,0.0,0.01,0.01,,,,,,0.48,Necrotic,Necrotic,Necrotic,Necrotic,Necrotic,Necrotic,Necrotic,Necrotic,Necrotic,Necrotic,Necrotic,Necrotic,false,false,false,false,false,false,Lesion 02 Day 032 AA,Lesion 02 Day 047 AA,Lesion 02 Day 059 AA,Lesion 02 Day 074 AA,Lesion 02 Day 086 AA,Lesion 02 Day 100 AA,10.343619,6.384266,7,cool
EMB+MOX+PZA+RIF,BN12,4,-483.44,-438.9,-325.46,-297.2,-215.81,-223.39,-495.0,-443.0,-346.0,-312.0,-201.0,-222.0,62.34,87.23,125.72,149.28,149.26,148.58,0.37,0.58,0.79,0.87,0.62,0.81,0.37,0.57,0.81,0.87,0.61,0.77,0.02,0.06,0.1,0.11,0.16,0.16,0.42,0.7,0.94,1.09,0.97,1.28,0.0,0.0,0.0,0.0,0.0,0.0,0.0,0.0,0.0,0.0,0.0,0.0,0.0,0.0,0.0,0.0,0.0,0.0,0.0,0.0,0.0,0.01,0.01,0.01,0.0,0.0,0.0,0.01,0.01,0.01,0.0,0.0,0.0,0.0,0.0,0.0,0.0,0.0,0.0,0.01,0.01,0.01,0.0,0.0,0.0,0.0,0.0,0.01,,,,,,0.48,Necrotic,Necrotic,Necrotic,Necrotic,Necrotic,Necrotic,Necrotic,Necrotic,Necrotic,Necrotic,Necrotic,Necrotic,false,false,false,false,false,false,Lesion 04 Day 032 AA,Lesion 04 Day 047 AA,Lesion 04 Day 059 AA,Lesion 04 Day 074 AA,Lesion 04 Day 086 AA,Lesion 04 Day 100 AA,12.074822,7.858515,7,cool
EMB+MOX+PZA+RIF,BN12,5,-167.22,-130.26,-92.29,-129.14,-105.59,-102.11,-127.0,-83.0,-44.0,-62.0,-52.0,-38.0,139.81,157.59,130.22,153.93,144.49,148.4,2.32,2.79,4.23,2.59,1.6,1.86,2.19,2.19,3.93,2.29,1.41,1.67,1.27,1.82,1.8,1.34,0.74,0.91,6.46,9.22,9.95,6.23,4.35,5.52,0.13,0.57,0.41,0.31,0.26,0.46,0.13,0.57,0.41,0.31,0.26,0.46,0.1,0.46,0.39,0.25,0.15,0.29,0.43,2.36,1.74,1.07,0.97,1.42,0.43,2.34,1.74,1.06,0.97,1.42,0.020123839009287926,0.061822125813449015,0.04120603015075377,0.04975922953451043,0.06233766233766233,0.08333333333333334,0.08,0.31,0.1,0.12,0.2,0.18,0.1,0.53,0.3,0.28,0.43,0.58,,,,,,0.84,Cavity,Cavity,Cavity,Cavity,Cavity,Cavity,Cavity,Cavity,Cavity,Cavity,Cavity,Cavity,true,true,true,true,true,true,Lesion 05z07 Day 032 AA,Lesion 05z07 Day 047 AA,Lesion 05z07 Day 059 AA,Lesion 05z07 Day 074 AA,Lesion 05z07 Day 086 AA,Lesion 05z07 Day 100 AA,-4.615907,7.898083,5,hot
EMB+MOX+PZA+RIF,BN12,6,-175.49,-131.42,-75.01,-92.42,-89.85,-67.18,-139.0,-76.0,-27.0,-26.0,-25.0,-20.0,157.65,152.26,134.86,157.39,150.49,126.81,1.07,4.04,4.64,2.72,1.51,1.88,0.91,3.73,4.55,2.54,1.55,1.96,0.5,1.97,1.91,1.19,0.61,0.68,2.5,9.39,9.24,6.08,2.52,3.55,0.01,0.1,0.09,0.12,0.1,0.14,0.01,0.1,0.09,0.12,0.1,0.14,0.0,0.09,0.08,0.1,0.05,0.1,0.04,0.44,0.42,0.4,0.29,0.38,0.04,0.44,0.42,0.39,0.28,0.38,0.004,0.010649627263045794,0.00974025974025974,0.019736842105263157,0.03968253968253969,0.03943661971830986,0.02,0.04,0.02,0.04,0.04,0.04,0.02,0.07,0.07,0.1,0.15,0.16,,,,,,0.48,Necrotic,Necrotic,Necrotic,Necrotic,Necrotic,Necrotic,Necrotic,Necrotic,Necrotic,Necrotic,Necrotic,Necrotic,false,false,false,false,false,false,Lesion 06 Day 032 AA,Lesion 06 Day 047 AA,Lesion 06 Day 059 AA,Lesion 06 Day 074 AA,Lesion 06 Day 086 AA,Lesion 06 Day 100 AA,0.39057133,6.553527,2,hot
EMB+MOX+PZA+RIF,BN12,8,-462.19,-403.57,-301.83,-225.12,-220.31,-174.68,-474.0,-402.0,-312.0,-203.0,-189.0,-146.0,91.5,84.51,153.16,158.78,167.54,137.6,0.33,1.06,1.53,1.11,0.64,0.74,0.33,1.1,1.49,1.07,0.62,0.74,0.03,0.29,0.59,0.26,0.23,0.21,0.39,1.58,2.92,1.82,1.1,1.19,0.0,0.0,0.01,0.0,0.0,0.0,0.0,0.0,0.01,0.0,0.0,0.0,0.0,0.0,0.0,0.0,0.0,0.0,0.0,0.02,0.03,0.02,0.02,0.03,0.0,0.01,0.02,0.02,0.02,0.03,0.0,0.0,0.0034246575342465756,0.0,0.0,0.0,0.0,0.01,0.01,0.01,0.02,0.02,0.0,0.0,0.0,0.01,0.02,0.02,,,,,,0.48,Necrotic,Necrotic,Necrotic,Necrotic,Necrotic,Necrotic,Necrotic,Necrotic,Necrotic,Necrotic,Necrotic,Necrotic,false,false,false,false,false,false,Lesion 08 Day 032 AA,Lesion 08 Day 047 AA,Lesion 08 Day 059 AA,Lesion 08 Day 074 AA,Lesion 08 Day 086 AA,Lesion 08 Day 100 AA,12.347118,7.5637913,7,cool
EMB+MOX+PZA+RIF,BN12,9,-271.6,-247.41,-212.18,-124.1,-93.34,-111.37,-283.0,-246.0,-194.0,-61.0,-31.0,-47.0,141.09,135.95,180.74,154.21,149.29,148.99,1.14,2.43,1.68,2.14,1.27,1.6,1.06,2.08,1.52,2.02,1.28,1.59,0.32,1.26,0.75,0.78,0.4,0.37,1.93,5.7,3.61,4.48,2.11,2.42,0.0,0.03,0.02,0.04,0.02,0.05,0.0,0.03,0.02,0.04,0.02,0.05,0.0,0.02,0.01,0.03,0.0,0.01,0.01,0.09,0.06,0.11,0.09,0.14,0.01,0.09,0.06,0.11,0.09,0.14,0.0,0.005263157894736842,0.00554016620498615,0.008928571428571428,0.009478672985781991,0.02066115702479339,0.01,0.03,0.02,0.02,0.02,0.03,0.0,0.01,0.02,0.03,0.05,0.06,,,,,,0.48,Necrotic,Necrotic,Necrotic,Necrotic,Necrotic,Necrotic,Necrotic,Necrotic,Necrotic,Necrotic,Necrotic,Necrotic,false,false,false,false,false,false,Lesion 09 Day 032 AA,Lesion 09 Day 047 AA,Lesion 09 Day 059 AA,Lesion 09 Day 074 AA,Lesion 09 Day 086 AA,Lesion 09 Day 100 AA,3.0201907,5.5257306,10,cool
EMB+MOX+PZA+RIF,BN12,10,-342.06,-271.87,-238.21,-216.6,-188.78,-207.8,-359.0,-276.0,-221.0,-190.0,-165.0,-200.0,113.71,137.22,172.28,168.15,140.35,155.06,0.45,1.24,1.74,0.89,0.73,0.81,0.45,1.2,1.67,0.89,0.72,0.8,0.04,0.31,0.62,0.19,0.16,0.16,0.52,1.94,3.15,1.29,1.06,1.13,0.0,0.0,0.01,0.0,0.0,0.0,0.0,0.0,0.01,0.0,0.0,0.0,0.0,0.0,0.0,0.0,0.0,0.0,0.0,0.01,0.02,0.02,0.02,0.02,0.0,0.01,0.02,0.02,0.02,0.02,0.0,0.0,0.0031746031746031746,0.0,0.0,0.0,0.0,0.01,0.01,0.01,0.01,0.02,0.0,0.0,0.0,0.01,0.01,0.01,,,,,,0.48,Necrotic,Necrotic,Necrotic,Necrotic,Necrotic,Necrotic,Necrotic,Necrotic,Necrotic,Necrotic,Necrotic,Necrotic,false,false,false,false,false,false,Lesion 10 Day 032 AA,Lesion 10 Day 047 AA,Lesion 10 Day 059 AA,Lesion 10 Day 074 AA,Lesion 10 Day 086 AA,Lesion 10 Day 100 AA,9.023812,8.8027115,3,cool
EMB+MOX+PZA+RIF,BN12,11,-185.11,-92.47,-92.16,-91.12,-102.77,-129.16,-175.0,-46.0,-44.0,-53.0,-63.0,-92.0,155.63,139.82,142.23,136.12,138.22,137.97,1.49,4.02,4.33,2.75,1.5,1.69,1.26,3.84,4.14,2.49,1.5,1.59,0.76,1.86,1.92,1.33,0.51,0.65,3.49,8.72,8.97,6.33,2.75,3.15,0.01,0.08,0.07,0.08,0.05,0.11,0.01,0.08,0.07,0.08,0.05,0.11,0.01,0.08,0.06,0.06,0.02,0.06,0.04,0.36,0.31,0.28,0.16,0.34,0.04,0.36,0.31,0.28,0.16,0.34,0.0028653295128939827,0.009174311926605503,0.007803790412486065,0.01263823064770932,0.018181818181818184,0.03492063492063492,0.02,0.02,0.02,0.02,0.03,0.07,0.01,0.07,0.05,0.07,0.07,0.13,,,,,,0.48,Necrotic,Necrotic,Necrotic,Necrotic,Necrotic,Necrotic,Necrotic,Necrotic,Necrotic,Necrotic,Necrotic,Necrotic,false,false,false,false,false,false,Lesion 11 Day 032 AA,Lesion 11 Day 047 AA,Lesion 11 Day 059 AA,Lesion 11 Day 074 AA,Lesion 11 Day 086 AA,Lesion 11 Day 100 AA,0.20301285,7.0570235,2,hot
EMB+MOX+PZA+RIF,BN12,12,-194.16,-137.93,-125.5,-99.61,-88.72,-86.48,-178.0,-89.0,-63.0,-47.0,-34.0,-33.0,140.41,159.08,164.93,142.53,142.82,141.81,1.48,4.12,4.33,2.98,1.54,1.74,1.16,3.77,4.01,2.86,1.52,1.73,0.93,2.08,1.92,1.3,0.54,0.62,5.3,10.51,9.81,7.82,3.46,4.56,0.2,1.62,1.42,1.77,1.58,1.8,0.2,1.62,1.42,1.77,1.58,1.8,0.13,1.44,1.29,1.51,0.66,1.0,0.82,7.08,6.15,6.03,4.75,5.07,0.82,7.0,6.04,5.99,4.72,5.01,0.03773584905660378,0.15413891531874407,0.14475025484199794,0.22634271099744244,0.4566473988439307,0.3947368421052632,0.3,0.66,0.51,0.51,0.74,0.6,0.24,1.04,0.94,1.49,2.32,2.25,,,,,,1.76,Necrotic,Necrotic,Necrotic,Necrotic,Necrotic,Necrotic,Necrotic,Necrotic,Necrotic,Necrotic,Necrotic,Necrotic,true,true,true,true,true,true,Lesion 12z13 Day 032 AA,Lesion 12z13 Day 047 AA,Lesion 12z13 Day 059 AA,Lesion 12z13 Day 074 AA,Lesion 12z13 Day 086 AA,Lesion 12z13 Day 100 AA,-4.9517126,8.258165,5,hot
EMB+MOX+PZA+RIF,BN13,1,-739.26,-453.21,-543.51,-528.4,-732.33,-809.69,-779.6,-490.47,-578.56,-550.08,-742.85,-809.74,123.68,209.16,191.76,122.48,78.54,53.64,0.32,0.94,0.75,0.72,0.73,0.67,0.32,0.98,0.73,0.67,0.64,0.68,0.04,0.14,0.19,0.22,0.18,0.15,0.44,1.14,1.18,1.21,1.04,0.87,0.0,0.0,0.0,0.0,0.0,0.0,,,,,,,0.0,0.0,0.0,0.0,0.0,0.0,0.01,0.0,0.0,0.01,0.0,0.0,0.0,0.0,0.0,0.0,0.0,0.0,0.0,0.0,0.0,0.0,0.0,0.0,0.0,0.0,0.0,0.0,0.0,0.0,0.0,0.0,0.0,0.0,0.0,0.0,,,,,,0.47712125471966244,Fibrotic,Fibrotic,Fibrotic,Fibrotic,Fibrotic,Fibrotic,Fibrotic,Fibrotic,Fibrotic,Fibrotic,Fibrotic,Fibrotic,false,false,false,false,false,false,Lesion 01 Day 031 FG,Lesion 01 Day 046 FG,Lesion 01 Day 060 FG,Lesion 01 Day 073 FG,Lesion 01 Day 088 FG,Lesion 01 Day 101 FG,7.5894256,2.7017329,13,cool
EMB+MOX+PZA+RIF,BN13,2,-279.0,-211.18,-181.79,-173.05,-225.95,-208.67,-257.66,-176.04,-147.07,-116.44,-184.12,-167.77,187.52,209.09,225.36,239.9,221.64,207.74,2.76,3.05,2.3,1.69,1.59,0.95,2.76,3.05,2.17,1.72,1.56,0.89,0.97,0.68,0.89,0.43,0.53,0.26,4.54,4.35,5.07,2.53,2.72,1.84,0.02,0.05,0.03,0.01,0.01,0.0,,,,,,,0.02,0.05,0.03,0.01,0.01,0.0,0.07,0.15,0.11,0.07,0.07,0.04,0.06,0.14,0.09,0.06,0.06,0.04,0.0,0.0,0.0,0.0,0.0,0.0,0.01,0.02,0.02,0.01,0.02,0.02,0.0,0.02,0.02,0.02,0.02,0.02,,,,,,0.7781512503836436,Fibrotic,Fibrotic,Fibrotic,Fibrotic,Fibrotic,Fibrotic,Fibrotic,Fibrotic,Fibrotic,Fibrotic,Fibrotic,Fibrotic,false,false,false,false,false,false,Lesion 02 Day 031 FG,Lesion 02 Day 046 FG,Lesion 02 Day 060 FG,Lesion 02 Day 073 FG,Lesion 02 Day 088 FG,Lesion 02 Day 101 FG,0.93465924,1.6201625,12,hot
EMB+MOX+PZA+RIF,BN13,3,-501.67,-228.82,-266.18,-265.1,-277.46,-256.67,-565.52,-220.67,-281.4,-273.58,-291.41,-274.42,197.8,232.78,228.69,235.02,238.32,246.12,0.85,2.93,1.21,1.06,0.88,0.92,0.8,2.92,1.19,1.07,0.85,0.86,0.21,0.89,0.34,0.29,0.33,0.35,1.31,4.81,1.92,1.73,1.62,1.89,0.0,0.07,0.0,0.0,0.0,0.0,,,,,,,0.0,0.07,0.0,0.0,0.0,0.0,0.03,0.23,0.07,0.06,0.06,0.06,0.01,0.2,0.06,0.05,0.04,0.05,0.0,0.0,0.0,0.0,0.0,0.0,0.01,0.04,0.03,0.03,0.03,0.03,0.0,0.03,0.02,0.02,0.02,0.02,,,,,,0.7781512503836436,Cavity,Cavity,Cavity,Cavity,Cavity,Cavity,Cavity,Cavity,Cavity,Cavity,Cavity,Cavity,false,false,false,false,false,false,Lesion 03 Day 031 FG,Lesion 03 Day 046 FG,Lesion 03 Day 060 FG,Lesion 03 Day 073 FG,Lesion 03 Day 088 FG,Lesion 03 Day 101 FG,1.1295497,1.5018432,12,hot
EMB+MOX+PZA+RIF,BN13,4,-373.74,-177.77,-301.48,-268.96,-272.17,-176.97,-416.69,-113.15,-297.68,-265.63,-273.19,-134.95,208.32,244.02,251.24,258.96,242.6,247.45,1.15,2.96,1.2,1.1,1.22,1.26,1.13,2.9,1.11,1.08,1.16,1.2,0.34,1.02,0.39,0.37,0.42,0.47,1.88,5.69,2.25,2.14,2.25,2.49,0.0,0.31,0.01,0.0,0.01,0.02,,,,,,,0.0,0.31,0.01,0.0,0.01,0.02,0.08,1.11,0.23,0.24,0.22,0.38,0.05,0.98,0.17,0.2,0.18,0.34,0.0,0.0,0.0,0.0,0.0,0.0,0.03,0.14,0.09,0.09,0.08,0.12,0.01,0.18,0.06,0.07,0.05,0.13,,,,,,1.255272505103306,Cavity,Cavity,Cavity,Cavity,Cavity,Cavity,Cavity,Cavity,Cavity,Cavity,Cavity,Cavity,true,true,true,true,true,true,Lesion 04z05z06 Day 031 FG,Lesion 04z05z06 Day 046 FG,Lesion 04z05z06 Day 060 FG,Lesion 04z05z06 Day 073 FG,Lesion 04z05z06 Day 088 FG,Lesion 04z05z06 Day 101 FG,-0.9636923,2.425801,11,hot
EMB+MOX+PZA+RIF,BN13,8,-522.79,-163.89,-228.74,-215.83,-248.92,-259.8,-526.79,-117.21,-216.27,-182.08,-228.66,-260.06,258.79,233.18,242.92,247.9,237.34,239.22,0.87,2.74,1.61,1.48,1.26,1.35,0.81,2.75,1.6,1.5,1.28,1.3,0.5,0.79,0.28,0.42,0.32,0.45,1.86,4.35,2.18,2.27,1.88,2.47,0.0,0.04,0.0,0.01,0.0,0.0,,,,,,,0.0,0.04,0.0,0.01,0.0,0.0,0.01,0.14,0.06,0.1,0.05,0.05,0.01,0.13,0.05,0.08,0.05,0.04,0.0,0.0,0.0,0.0,0.0,0.0,0.01,0.02,0.02,0.02,0.02,0.02,0.0,0.03,0.02,0.02,0.02,0.01,,,,,,0.7781512503836436,Fibrotic,Fibrotic,Fibrotic,Fibrotic,Fibrotic,Fibrotic,Fibrotic,Fibrotic,Fibrotic,Fibrotic,Fibrotic,Fibrotic,false,false,false,false,false,false,Lesion 08 Day 031 FG,Lesion 08 Day 046 FG,Lesion 08 Day 060 FG,Lesion 08 Day 073 FG,Lesion 08 Day 088 FG,Lesion 08 Day 101 FG,1.0752035,2.4792833,12,hot
EMB+MOX+PZA+RIF,BN13,9,-524.76,-258.5,-269.79,-268.82,-301.96,-296.92,-571.64,-265.3,-293.61,-273.58,-317.73,-317.49,164.54,219.57,225.36,232.64,216.82,235.52,0.98,2.64,1.19,1.32,0.98,1.32,0.99,2.65,1.15,1.28,1.02,1.27,0.2,0.78,0.29,0.43,0.21,0.42,1.4,4.22,1.84,2.65,1.39,2.27,0.0,0.03,0.0,0.0,0.0,0.0,,,,,,,0.0,0.03,0.0,0.0,0.0,0.0,0.02,0.11,0.05,0.06,0.04,0.05,0.01,0.1,0.04,0.05,0.03,0.04,0.0,0.0,0.0,0.0,0.0,0.0,0.01,0.02,0.02,0.02,0.02,0.02,0.0,0.01,0.01,0.01,0.01,0.01,,,,,,0.7781512503836436,Necrotic,Necrotic,Necrotic,Necrotic,Necrotic,Necrotic,Necrotic,Necrotic,Necrotic,Necrotic,Necrotic,Necrotic,false,false,false,false,false,false,Lesion 09 Day 031 FG,Lesion 09 Day 046 FG,Lesion 09 Day 060 FG,Lesion 09 Day 073 FG,Lesion 09 Day 088 FG,Lesion 09 Day 101 FG,2.073405,1.4159961,12,hot
EMB+MOX+PZA+RIF,BN13,10,-518.23,-205.2,-341.57,-279.86,-316.53,-384.28,-532.9,-174.01,-370.96,-289.5,-346.07,-422.09,107.1,222.61,211.32,211.59,215.02,177.25,0.48,2.73,0.98,1.39,0.78,0.66,0.49,2.54,0.97,1.43,0.81,0.61,0.09,1.01,0.24,0.33,0.18,0.21,0.61,5.12,1.6,1.98,1.13,1.21,0.0,0.07,0.0,0.0,0.0,0.0,,,,,,,0.0,0.07,0.0,0.0,0.0,0.0,0.0,0.26,0.04,0.05,0.02,0.01,0.0,0.24,0.03,0.04,0.02,0.01,0.0,0.0,0.0,0.0,0.0,0.0,0.0,0.04,0.02,0.02,0.01,0.01,0.0,0.04,0.01,0.01,0.0,0.0,,,,,,0.47712125471966244,Fibrotic,Fibrotic,Fibrotic,Fibrotic,Fibrotic,Fibrotic,Fibrotic,Fibrotic,Fibrotic,Fibrotic,Fibrotic,Fibrotic,false,false,false,false,false,false,Lesion 10 Day 031 FG,Lesion 10 Day 046 FG,Lesion 10 Day 060 FG,Lesion 10 Day 073 FG,Lesion 10 Day 088 FG,Lesion 10 Day 101 FG,1.0841439,1.7622919,12,hot
EMB+MOX+PZA+RIF,BN13,11,-445.32,-325.71,-402.71,-380.23,-471.31,-460.99,-488.05,-344.41,-434.05,-396.91,-503.97,-510.29,158.71,183.26,185.4,214.84,188.34,165.08,0.57,1.95,0.73,0.82,0.51,0.32,0.6,1.81,0.75,0.81,0.5,0.32,0.18,0.75,0.18,0.25,0.14,0.05,0.81,3.54,1.07,1.4,0.89,0.43,0.0,0.01,0.0,0.0,0.0,0.0,,,,,,,0.0,0.01,0.0,0.0,0.0,0.0,0.0,0.05,0.02,0.03,0.01,0.01,0.0,0.04,0.01,0.02,0.0,0.0,0.0,0.0,0.0,0.0,0.0,0.0,0.0,0.02,0.01,0.02,0.01,0.01,0.0,0.0,0.0,0.01,0.0,0.0,,,,,,0.47712125471966244,Fibrotic,Fibrotic,Fibrotic,Fibrotic,Fibrotic,Fibrotic,Fibrotic,Fibrotic,Fibrotic,Fibrotic,Fibrotic,Fibrotic,false,false,false,false,false,false,Lesion 11 Day 031 FG,Lesion 11 Day 046 FG,Lesion 11 Day 060 FG,Lesion 11 Day 073 FG,Lesion 11 Day 088 FG,Lesion 11 Day 101 FG,7.43618,3.14506,13,cool
EMB+MOX+PZA+RIF,BN13,12,-554.82,-316.06,-337.1,-352.67,-332.99,-366.49,-592.03,-334.27,-358.74,-363.1,-372.39,-387.23,111.08,205.49,209.81,185.84,209.91,206.5,0.5,2.26,0.7,0.77,0.67,0.54,0.5,2.33,0.69,0.77,0.67,0.48,0.07,0.81,0.17,0.17,0.11,0.19,0.59,4.05,1.06,1.12,0.89,1.23,0.0,0.03,0.0,0.0,0.0,0.0,,,,,,,0.0,0.03,0.0,0.0,0.0,0.0,0.0,0.11,0.02,0.02,0.02,0.01,0.0,0.09,0.02,0.01,0.01,0.01,0.0,0.0,0.0,0.0,0.0,0.0,0.0,0.03,0.02,0.02,0.01,0.02,0.0,0.01,0.01,0.0,0.0,0.0,,,,,,0.47712125471966244,Necrotic,Necrotic,Necrotic,Necrotic,Necrotic,Necrotic,Necrotic,Necrotic,Necrotic,Necrotic,Necrotic,Necrotic,false,false,false,false,false,false,Lesion 12 Day 031 FG,Lesion 12 Day 046 FG,Lesion 12 Day 060 FG,Lesion 12 Day 073 FG,Lesion 12 Day 088 FG,Lesion 12 Day 101 FG,4.348464,1.1782169,1,cool
EMB+MOX+PZA+RIF,BN13,13,-537.28,-270.16,-263.61,-255.27,-332.16,-359.14,-559.41,-285.58,-283.43,-261.65,-356.19,-376.97,149.32,235.4,254.11,258.41,238.79,230.57,0.62,2.28,1.1,0.97,0.73,0.61,0.61,2.07,1.17,1.0,0.77,0.59,0.15,0.97,0.27,0.28,0.2,0.23,0.97,4.82,1.57,1.51,1.12,1.05,0.0,0.06,0.0,0.0,0.0,0.0,,,,,,,0.0,0.06,0.0,0.0,0.0,0.0,0.01,0.26,0.06,0.05,0.03,0.02,0.0,0.2,0.04,0.04,0.02,0.01,0.0,0.0,0.0,0.0,0.0,0.0,0.0,0.05,0.02,0.02,0.02,0.02,0.0,0.03,0.02,0.02,0.01,0.0,,,,,,0.47712125471966244,Fibrotic,Fibrotic,Fibrotic,Fibrotic,Fibrotic,Fibrotic,Fibrotic,Fibrotic,Fibrotic,Fibrotic,Fibrotic,Fibrotic,false,false,false,false,false,false,Lesion 13 Day 031 FG,Lesion 13 Day 046 FG,Lesion 13 Day 060 FG,Lesion 13 Day 073 FG,Lesion 13 Day 088 FG,Lesion 13 Day 101 FG,2.741315,1.2323853,1,cool
EMB+MOX+PZA+RIF,BN13,14,-441.76,-136.46,-102.42,-243.44,-152.68,-168.15,-455.43,-46.21,-2.55,-158.21,-76.83,-93.93,202.39,208.34,200.19,265.33,217.58,232.11,1.66,3.81,2.61,2.09,1.44,1.74,1.64,3.48,2.63,2.03,1.48,1.79,0.37,1.79,0.37,0.95,0.38,0.55,2.57,8.29,3.36,4.04,2.2,2.9,0.01,0.11,0.11,0.04,0.0,0.04,,,,,,,0.01,0.11,0.11,0.04,0.0,0.04,0.05,0.51,0.32,0.17,0.14,0.17,0.03,0.48,0.29,0.13,0.12,0.15,0.0,0.0,0.0,0.0,0.0,0.0,0.02,0.04,0.03,0.03,0.03,0.03,0.0,0.07,0.08,0.03,0.05,0.05,,,,,,0.7781512503836436,Fibrotic,Fibrotic,Fibrotic,Fibrotic,Fibrotic,Fibrotic,Fibrotic,Fibrotic,Fibrotic,Fibrotic,Fibrotic,Fibrotic,false,false,false,false,false,false,Lesion 14 Day 031 FG,Lesion 14 Day 046 FG,Lesion 14 Day 060 FG,Lesion 14 Day 073 FG,Lesion 14 Day 088 FG,Lesion 14 Day 101 FG,0.2314561,4.9458055,2,hot
PZA+RIF,BN14,1,-274.12,-299.88,-278.43,-260.55,-249.18,-297.63,-288.0,-309.0,-289.0,-266.0,-262.0,-324.0,151.03,165.83,144.52,145.98,172.32,156.12,0.78,0.57,0.64,0.76,0.53,0.49,0.75,0.53,0.64,0.75,0.52,0.49,0.16,0.15,0.09,0.11,0.08,0.07,1.22,1.15,0.86,1.04,0.73,0.65,0.0,0.0,0.0,0.0,0.0,0.0,0.0,0.0,0.0,0.0,0.0,0.0,0.0,0.0,0.0,0.0,0.0,0.0,0.01,0.03,0.0,0.01,0.0,0.0,0.01,0.03,0.0,0.01,0.0,0.0,0.0,0.0,0.0,0.0,0.0,0.0,0.01,0.04,0.0,0.01,0.0,0.0,0.0,0.01,0.0,0.0,0.0,0.0,,,,,,0.48,Scar,Scar,Scar,Scar,Scar,Scar,Scar,Scar,Scar,Scar,Scar,Scar,false,false,false,false,false,false,Lesion 01 Day 033 AA,Lesion 01 Day 046 AA,Lesion 01 Day 060 AA,Lesion 01 Day 074 AA,Lesion 01 Day 088 AA,Lesion 01 Day 102 AA,8.226125,5.9920406,8,cool
PZA+RIF,BN14,2,-249.77,-153.32,-185.1,-189.81,-157.1,-177.0,-253.0,-109.0,-141.0,-151.0,-102.0,-138.0,156.64,164.21,170.45,166.79,188.93,192.8,1.04,1.71,1.13,0.94,0.8,0.6,0.84,1.39,0.85,0.72,0.61,0.45,0.55,1.0,0.69,0.52,0.44,0.34,3.32,4.27,3.25,2.7,2.71,1.7,0.03,0.12,0.05,0.03,0.01,0.0,0.03,0.12,0.05,0.03,0.01,0.0,0.01,0.08,0.03,0.01,0.0,0.0,0.17,0.43,0.21,0.16,0.13,0.08,0.17,0.43,0.21,0.16,0.13,0.08,0.009036144578313253,0.028103044496487123,0.014792899408284025,0.01111111111111111,0.003690036900369004,0.0,0.12,0.11,0.09,0.08,0.07,0.06,0.05,0.14,0.1,0.08,0.09,0.07,,,,,,1.0,Cavity,Cavity,Cavity,Cavity,Cavity,Cavity,Cavity,Cavity,Cavity,Cavity,Cavity,Cavity,true,true,true,true,true,true,Lesion 02z04 Day 033 AA,Lesion 02z04 Day 046 AA,Lesion 02z04 Day 060 AA,Lesion 02z04 Day 074 AA,Lesion 02z04 Day 088 AA,Lesion 02z04 Day 102 AA,1.5893255,9.711028,14,hot
PZA+RIF,BN14,3,-350.67,-232.41,-318.0,-406.11,-385.65,-545.77,-357.0,-221.0,-333.0,-428.0,-392.0,-548.0,103.53,150.44,135.27,82.89,95.26,89.03,0.76,0.86,0.58,0.56,0.54,0.42,0.75,0.82,0.57,0.54,0.54,0.41,0.1,0.18,0.07,0.09,0.06,0.08,1.12,1.48,0.74,0.81,0.67,0.69,0.0,0.0,0.0,0.0,0.0,0.0,0.0,0.0,0.0,0.0,0.0,0.0,0.0,0.0,0.0,0.0,0.0,0.0,0.01,0.02,0.01,0.0,0.0,0.01,0.01,0.02,0.01,0.0,0.0,0.01,0.0,0.0,0.0,0.0,0.0,0.0,0.02,0.01,0.01,0.01,0.0,0.01,0.0,0.01,0.0,0.0,0.0,0.0,,,,,,0.48,Scar,Scar,Scar,Scar,Scar,Scar,Scar,Scar,Scar,Scar,Scar,Scar,false,false,false,false,false,false,Lesion 03 Day 033 AA,Lesion 03 Day 046 AA,Lesion 03 Day 060 AA,Lesion 03 Day 074 AA,Lesion 03 Day 088 AA,Lesion 03 Day 102 AA,7.226665,8.385859,3,cool
PZA+RIF,BN14,6,-236.79,-66.81,-130.07,-150.67,-138.13,-224.58,-239.0,-23.0,-81.0,-103.0,-85.0,-236.0,158.14,136.24,165.92,174.23,199.38,210.96,1.38,3.09,1.96,1.45,1.0,0.61,1.0,2.84,1.76,1.21,0.7,0.48,0.94,1.62,1.09,0.86,0.72,0.35,5.86,7.18,4.91,4.16,3.53,2.02,0.27,1.38,0.66,0.43,0.17,0.02,0.27,1.38,0.66,0.43,0.17,0.02,0.18,1.15,0.49,0.29,0.1,0.0,1.26,5.37,2.26,1.54,0.78,0.39,1.26,5.37,2.26,1.54,0.77,0.38,0.04607508532423208,0.19220055710306405,0.13441955193482688,0.10336538461538461,0.0481586402266289,0.009900990099009901,0.62,0.36,0.42,0.46,0.32,0.39,0.29,1.32,0.73,0.62,0.45,0.25,,,,,,1.28,Cavity,Cavity,Cavity,Cavity,Cavity,Cavity,Cavity,Cavity,Cavity,Cavity,Cavity,Cavity,true,true,true,true,true,true,Lesion 06z07 Day 033 AA,Lesion 06z07 Day 046 AA,Lesion 06z07 Day 060 AA,Lesion 06z07 Day 074 AA,Lesion 06az07 Day 088 AA,Lesion 06z07 Day 102 AA,-5.1462855,6.8575053,0,hot
PZA+RIF,BN14,8,-352.04,-256.25,-331.69,-409.86,-519.12,-594.01,-363.0,-245.0,-331.0,-424.0,-540.0,-593.0,110.19,128.61,112.42,124.68,98.74,86.8,0.61,0.94,0.52,0.51,0.4,0.25,0.61,0.88,0.52,0.51,0.4,0.25,0.03,0.19,0.03,0.03,0.02,0.01,0.75,1.57,0.58,0.56,0.46,0.27,0.0,0.0,0.0,0.0,0.0,0.0,0.0,0.0,0.0,0.0,0.0,0.0,0.0,0.0,0.0,0.0,0.0,0.0,0.01,0.02,0.0,0.0,0.0,0.0,0.01,0.02,0.0,0.0,0.0,0.0,0.0,0.0,0.0,0.0,0.0,0.0,0.01,0.01,0.0,0.0,0.0,0.0,0.0,0.0,0.0,0.0,0.0,0.0,,,,,,0.48,Fibrotic,Fibrotic,Fibrotic,Fibrotic,Fibrotic,Fibrotic,Fibrotic,Fibrotic,Fibrotic,Fibrotic,Fibrotic,Fibrotic,false,false,false,false,false,false,Lesion 08 Day 033 AA,Lesion 08 Day 046 AA,Lesion 08 Day 060 AA,Lesion 08 Day 074 AA,Lesion 08 Day 088 AA,Lesion 08 Day 102 AA,8.654215,9.470357,3,cool
PZA+RIF,BN14,11,-289.05,-240.26,-264.15,-287.32,-231.53,-254.36,-299.0,-241.0,-267.0,-291.0,-239.0,-259.0,143.01,148.89,151.89,144.13,160.22,155.38,0.84,0.99,0.68,0.53,0.52,0.31,0.82,0.96,0.65,0.5,0.49,0.31,0.23,0.28,0.23,0.14,0.12,0.06,1.47,1.88,1.18,0.87,0.87,0.54,0.0,0.0,0.0,0.0,0.0,0.0,0.0,0.0,0.0,0.0,0.0,0.0,0.0,0.0,0.0,0.0,0.0,0.0,0.05,0.09,0.04,0.03,0.05,0.02,0.05,0.09,0.04,0.03,0.05,0.02,0.0,0.0,0.0,0.0,0.0,0.0,0.05,0.06,0.05,0.04,0.07,0.05,0.01,0.03,0.02,0.01,0.03,0.02,,,,,,0.96,Necrotic,Necrotic,Necrotic,Necrotic,Necrotic,Necrotic,Necrotic,Necrotic,Necrotic,Necrotic,Necrotic,Necrotic,false,false,false,false,false,false,Lesion 11 Day 033 AA,Lesion 11 Day 046 AA,Lesion 11 Day 060 AA,Lesion 11 Day 074 AA,Lesion 11 Day 088 AA,Lesion 11 Day 102 AA,7.9598093,8.182325,3,cool
PZA+RIF,BN14,12,-383.85,-232.34,-265.36,-295.61,-318.08,-347.4,-394.0,-233.0,-254.0,-302.0,-332.0,-357.0,101.58,148.79,147.28,152.02,145.3,129.09,0.53,1.17,0.7,0.58,0.31,0.21,0.46,0.74,0.59,0.53,0.3,0.18,0.17,0.69,0.31,0.23,0.06,0.06,1.42,3.72,1.5,1.12,0.53,0.41,0.0,0.03,0.0,0.0,0.0,0.0,0.0,0.03,0.0,0.0,0.0,0.0,0.0,0.02,0.0,0.0,0.0,0.0,0.04,0.14,0.07,0.04,0.01,0.01,0.04,0.14,0.07,0.04,0.01,0.01,0.0,0.008064516129032258,0.0,0.0,0.0,0.0,0.08,0.1,0.07,0.06,0.03,0.05,0.0,0.05,0.02,0.01,0.01,0.0,,,,,,0.78,Necrotic,Necrotic,Necrotic,Necrotic,Necrotic,Necrotic,Necrotic,Necrotic,Necrotic,Necrotic,Necrotic,Necrotic,true,true,true,true,true,true,Lesion 12z13 Day 033 AA,Lesion 12z13 Day 033 FG,Lesion 12z13 Day 060 AA,Lesion 12z13 Day 074 AA,Lesion 12z13 Day 088 AA,Lesion 12z13 Day 102 AA,6.865609,8.567079,3,cool
EMB+INH+PZA+RIF,BN18,1,-335.46,-294.8,-291.22,-357.79,-410.15,-513.86,-343.55,-314.34,-312.2,-375.27,-440.89,-543.01,257.69,229.26,243.45,200.78,188.09,132.68,0.86,1.21,0.9,0.81,0.91,0.48,0.88,1.23,0.9,0.83,1.03,0.43,0.16,0.19,0.12,0.11,0.32,0.09,1.14,1.69,1.11,0.97,1.33,0.76,0.0,0.0,0.0,0.0,0.0,0.0,,,,,,,0.0,0.0,0.0,0.0,0.0,0.0,0.06,0.06,0.04,0.02,0.02,0.01,0.05,0.06,0.04,0.02,0.02,0.0,0.0,0.0,0.0,0.0,0.0,0.0,0.04,0.03,0.02,0.02,0.01,0.01,0.02,0.02,0.02,0.01,0.0,0.0,,,,,,0.47712125471966244,Fibrotic,Fibrotic,Fibrotic,Fibrotic,Fibrotic,Fibrotic,Fibrotic,Fibrotic,Fibrotic,Fibrotic,Fibrotic,Fibrotic,false,false,false,false,false,false,Lesion 01 Day 032 FG,Lesion 01 Day 045 FG,Lesion 01 Day 060 FG,Lesion 01 Day 074 FG,Lesion 01 Day 089 FG,Lesion 01 Day 102 FG,5.2277293,2.4780498,13,cool
EMB+INH+PZA+RIF,BN18,2,-203.8,-17.36,-54.99,-85.93,-108.99,-82.52,-142.46,28.44,17.08,0.2,-27.3,-22.62,258.48,141.98,187.83,220.18,223.25,211.26,1.62,2.85,2.18,2.65,1.21,1.27,1.28,2.87,2.2,2.45,1.14,1.26,0.9,0.94,0.62,1.22,0.36,0.33,4.57,5.14,3.57,7.99,2.55,2.26,0.16,0.81,0.54,0.41,0.02,0.01,,,,,,,0.16,0.81,0.54,0.41,0.02,0.01,0.94,2.99,1.95,1.7,0.54,0.46,0.9,2.98,1.94,1.66,0.52,0.45,0.0,0.0,0.0,0.0,0.0,0.0,0.23,0.1,0.15,0.13,0.11,0.07,0.32,0.99,0.74,0.51,0.31,0.28,,,,,,0.7781512503836436,Necrotic,Necrotic,Necrotic,Necrotic,Necrotic,Necrotic,Necrotic,Necrotic,Necrotic,Necrotic,Necrotic,Necrotic,true,true,true,true,true,true,Lesion 02z03 Day 032 FG,Lesion 02z03 Day 045 FG,Lesion 02z03 Day 060 FG,Lesion 02z03 Day 074 FG,Lesion 02z03 Day 089 FG,Lesion 02z03 Day 102 FG,-2.7527688,7.568469,0,hot
EMB+INH+PZA+RIF,BN18,4,-238.32,-209.26,-243.16,-285.56,-339.25,-330.47,-236.85,-157.23,-231.39,-313.03,-370.28,-320.57,230.48,252.82,239.2,224.48,220.68,214.2,1.49,1.81,1.6,1.29,0.88,0.61,1.4,1.79,1.54,1.19,0.89,0.55,0.58,0.78,0.55,0.55,0.37,0.24,2.94,3.43,3.01,2.7,1.73,1.26,0.03,0.15,0.05,0.01,0.0,0.0,,,,,,,0.03,0.15,0.05,0.01,0.0,0.0,0.22,0.7,0.32,0.14,0.07,0.06,0.22,0.67,0.31,0.14,0.06,0.06,0.0,0.0,0.0,0.0,0.0,0.0,0.08,0.15,0.1,0.07,0.05,0.06,0.07,0.22,0.09,0.04,0.02,0.03,,,,,,0.7781512503836436,Fibrotic,Fibrotic,Fibrotic,Fibrotic,Fibrotic,Fibrotic,Fibrotic,Fibrotic,Fibrotic,Fibrotic,Fibrotic,Fibrotic,false,false,false,false,false,false,Lesion 04 Day 032 FG,Lesion 04 Day 045 FG,Lesion 04 Day 060 FG,Lesion 04 Day 074 FG,Lesion 04 Day 089 FG,Lesion 04 Day 102 FG,0.26118544,2.5182705,11,hot
EMB+INH+PZA+RIF,BN18,5,-353.69,-190.19,-212.14,-315.3,-330.23,-362.64,-359.96,-163.35,-205.13,-363.23,-386.42,-385.88,226.29,221.04,249.94,244.15,250.4,216.75,1.2,1.57,1.64,1.1,0.95,0.57,1.15,1.31,1.58,1.11,0.98,0.56,0.38,0.71,0.55,0.26,0.27,0.09,2.08,3.68,2.94,1.63,1.53,0.94,0.0,0.08,0.05,0.0,0.0,0.0,,,,,,,0.0,0.08,0.05,0.0,0.0,0.0,0.13,0.52,0.24,0.1,0.06,0.05,0.12,0.49,0.23,0.09,0.05,0.04,0.0,0.0,0.0,0.0,0.0,0.0,0.07,0.13,0.07,0.05,0.04,0.05,0.03,0.18,0.07,0.03,0.01,0.02,,,,,,0.47712125471966244,Fibrotic,Fibrotic,Fibrotic,Fibrotic,Fibrotic,Fibrotic,Fibrotic,Fibrotic,Fibrotic,Fibrotic,Fibrotic,Fibrotic,false,false,false,false,false,false,Lesion 05 Day 032 FG,Lesion 05 Day 045 FG,Lesion 05 Day 060 FG,Lesion 05 Day 074 FG,Lesion 05 Day 089 FG,Lesion 05 Day 102 FG,0.69234484,2.5336325,11,hot
EMB+INH+PZA+RIF,BN18,6,-264.32,-133.34,-604.86,-324.43,-616.22,-254.24,-251.21,-67.46,-720.25,-305.0,-632.56,-243.02,194.86,259.34,307.11,294.6,179.07,189.35,0.96,1.03,0.36,1.01,0.92,0.73,0.88,0.89,0.35,0.85,0.79,0.67,0.43,0.4,0.05,0.33,0.52,0.13,2.07,2.88,0.58,1.67,3.04,1.23,0.0,0.0,0.0,0.0,0.0,0.0,,,,,,,0.0,0.0,0.0,0.0,0.0,0.0,0.02,0.05,0.0,0.0,0.01,0.01,0.02,0.05,0.0,0.0,0.0,0.01,0.0,0.0,0.0,0.0,0.0,0.0,0.01,0.02,0.0,0.0,0.0,0.01,0.01,0.03,0.0,0.0,0.0,0.01,,,,,,0.47712125471966244,Fibrotic,Fibrotic,Fibrotic,Fibrotic,Fibrotic,Fibrotic,Fibrotic,Fibrotic,Fibrotic,Fibrotic,Fibrotic,Fibrotic,false,false,false,false,false,false,Lesion 06 Day 032 FG,Lesion 06 Day 045 FG,Lesion 06 Day 060 FG,Lesion 06 Day 074 FG,Lesion 06 Day 089 FG,Lesion 06 Day 102 FG,3.145378,3.7384033,1,cool
EMB+INH+PZA+RIF,BN18,8,-202.14,-39.5,-91.75,-80.14,-84.76,-84.42,-124.0,24.36,25.16,32.32,27.17,28.39,261.7,181.45,227.8,228.99,221.71,228.32,2.24,2.7,2.36,1.98,1.78,1.3,2.11,2.61,2.34,1.94,1.8,1.33,0.99,1.0,0.78,0.71,0.6,0.49,4.74,5.37,4.16,4.12,3.31,2.57,0.2,0.65,0.44,0.16,0.09,0.02,,,,,,,0.2,0.65,0.44,0.16,0.09,0.02,0.83,2.59,1.54,0.73,0.43,0.29,0.8,2.51,1.5,0.72,0.43,0.28,0.0,0.0,0.0,0.0,0.0,0.0,0.13,0.14,0.15,0.08,0.07,0.06,0.2,0.76,0.45,0.27,0.18,0.16,,,,,,0.7781512503836436,Fibrotic,Fibrotic,Fibrotic,Fibrotic,Fibrotic,Fibrotic,Fibrotic,Fibrotic,Fibrotic,Fibrotic,Fibrotic,Fibrotic,false,false,false,false,false,false,Lesion 08 Day 032 FG,Lesion 08 Day 045 FG,Lesion 08 Day 060 FG,Lesion 08 Day 074 FG,Lesion 08 Day 089 FG,Lesion 08 Day 102 FG,-3.9181378,5.8087797,0,hot
BDQ,BN22,1,-200.41,-26.02,-105.57,-159.12,-181.81,-267.54,-181.0,9.0,-55.0,-126.0,-158.0,-279.0,173.8,121.48,162.85,166.9,167.87,153.34,0.64,2.62,1.68,1.46,1.38,1.35,0.51,2.1,1.43,1.33,1.15,1.03,0.35,1.41,0.78,0.7,0.71,0.89,2.03,8.29,4.2,3.56,3.46,4.59,0.09,0.13,0.23,0.13,0.13,0.17,0.09,0.13,0.23,0.13,0.13,0.17,0.07,0.98,0.45,0.16,0.12,0.06,0.11,2.92,1.15,0.44,0.34,0.33,0.1,2.91,1.14,0.43,0.33,0.32,0.04433497536945813,0.003618817852834741,0.05476190476190476,0.03651685393258427,0.03757225433526012,0.03703703703703704,0.09,0.13,0.23,0.13,0.13,0.17,0.07,0.97,0.44,0.16,0.11,0.06,,,,,,4.206542548100585,Cavity,Cavity,Cavity,Cavity,Cavity,Cavity,Cavity,Cavity,Cavity,Cavity,Cavity,Cavity,true,true,true,true,true,true,Lesion 01z02 Day 031 FG,Lesion 01z02 Day 045 FG,Lesion 01z02 Day 060 FG,Lesion 01z02 Day 075 FG,Lesion 01z02 Day 088 FG,Lesion 01z02 Day 101 FG,-2.8324587,7.787345,0,hot
BDQ,BN22,3,-354.75,-169.13,-147.42,-218.7,-261.21,-319.89,-375.0,-126.0,-87.0,-198.0,-271.0,-322.0,114.49,154.6,163.35,156.42,158.38,117.02,0.39,2.5,1.58,1.24,1.05,0.88,0.4,2.4,1.52,1.26,1.05,0.89,0.04,0.92,0.55,0.33,0.24,0.21,0.5,4.9,2.75,1.97,1.65,1.38,0.02,0.03,0.04,0.04,0.04,0.04,0.02,0.03,0.04,0.04,0.04,0.04,0.0,0.04,0.07,0.03,0.02,0.0,0.01,0.17,0.17,0.08,0.06,0.04,0.01,0.17,0.17,0.08,0.05,0.03,0.04,0.006122448979591836,0.014545454545454545,0.020304568527918784,0.024242424242424246,0.028985507246376815,0.02,0.03,0.04,0.04,0.03,0.03,0.0,0.04,0.07,0.03,0.02,0.0,,,,,,2.805160901599434,Necrotic,Necrotic,Necrotic,Necrotic,Necrotic,Necrotic,Necrotic,Necrotic,Necrotic,Necrotic,Necrotic,Necrotic,false,false,false,false,false,false,Lesion 03 Day 031 FG,Lesion 03 Day 045 FG,Lesion 03 Day 060 FG,Lesion 03 Day 075 FG,Lesion 03 Day 088 FG,Lesion 03 Day 101 FG,1.8017249,6.9210033,10,cool
BDQ,BN22,4,-240.53,-130.41,-57.04,-162.49,-170.34,-159.55,-247.0,-63.0,1.0,-114.0,-143.0,-136.0,150.7,169.07,147.75,182.44,175.29,155.5,0.59,3.71,2.32,1.67,1.55,1.54,0.54,3.17,2.17,1.42,1.27,1.33,0.25,1.87,0.95,0.86,0.86,0.78,1.96,10.24,5.66,4.5,4.51,5.09,0.33,0.31,0.2,0.35,0.4,0.37,0.33,0.31,0.2,0.35,0.4,0.37,0.16,0.66,0.84,0.44,0.44,0.41,0.3,3.71,2.42,1.4,1.35,1.22,0.29,3.62,2.41,1.36,1.32,1.2,0.16836734693877553,0.0302734375,0.0353356890459364,0.07777777777777778,0.08869179600886919,0.07269155206286837,0.33,0.31,0.2,0.35,0.4,0.37,0.16,0.66,0.85,0.45,0.44,0.41,,,,,,4.08246222116863,Cavity,Cavity,Cavity,Cavity,Cavity,Cavity,Cavity,Cavity,Cavity,Cavity,Cavity,Cavity,true,true,true,true,true,true,Lesion 04z05z06z07 Day 031 FG,Lesion 04z05z06z07 Day 045 FG,Lesion 04z05z06z07 Day 060 FG,Lesion 04z05z06z07 Day 075 FG,Lesion 04z05z06z07 Day 088 FG,Lesion 04z05z06z07 Day 101 FG,-4.1506357,6.968906,0,hot
BDQ,BN22,8,-327.88,-132.89,-128.29,-203.48,-232.67,-271.18,-360.0,-85.0,-57.0,-190.0,-229.0,-292.0,152.09,164.93,182.22,175.18,165.35,162.69,0.42,3.57,1.87,1.38,1.18,1.08,0.35,3.3,1.81,1.22,1.04,0.89,0.19,1.84,0.78,0.63,0.55,0.6,1.54,8.09,3.73,3.36,2.72,2.82,0.08,0.08,0.11,0.11,0.1,0.1,0.08,0.08,0.11,0.11,0.1,0.1,0.02,0.16,0.21,0.09,0.06,0.04,0.05,0.9,0.6,0.3,0.2,0.16,0.04,0.87,0.59,0.29,0.19,0.15,0.051948051948051945,0.00988875154511743,0.029490616621983913,0.03273809523809524,0.03676470588235294,0.03546099290780142,0.08,0.08,0.11,0.11,0.1,0.1,0.02,0.16,0.21,0.09,0.06,0.04,,,,,,4.549836699792701,Cavity,Cavity,Cavity,Cavity,Cavity,Cavity,Cavity,Cavity,Cavity,Cavity,Cavity,Cavity,false,false,false,false,false,false,Lesion 08 Day 031 FG,Lesion 08 Day 045 FG,Lesion 08 Day 060 FG,Lesion 08 Day 075 FG,Lesion 08 Day 088 FG,Lesion 08 Day 101 FG,-0.16765569,6.437311,2,hot
BDQ,BN22,10,-251.6,-82.06,-92.6,-184.04,-188.03,-236.64,-252.0,-23.0,-15.0,-161.0,-171.0,-251.0,153.73,145.85,172.99,171.34,169.64,157.6,0.46,3.43,1.96,1.3,1.1,0.99,0.43,3.05,1.82,1.12,0.94,0.83,0.15,1.7,0.77,0.6,0.49,0.49,1.58,8.84,4.39,3.84,2.85,2.58,0.26,0.17,0.18,0.23,0.2,0.22,0.26,0.17,0.18,0.23,0.2,0.22,0.0,0.61,0.5,0.22,0.04,0.01,0.18,2.72,1.36,0.6,0.41,0.35,0.17,2.67,1.34,0.58,0.41,0.34,0.16455696202531644,0.019230769230769232,0.04100227790432802,0.059895833333333336,0.07017543859649122,0.08527131782945736,0.25,0.17,0.19,0.23,0.2,0.22,0.12,0.6,0.49,0.22,0.18,0.12,,,,,,4.046612209068446,Necrotic,Necrotic,Necrotic,Necrotic,Necrotic,Necrotic,Necrotic,Necrotic,Necrotic,Necrotic,Necrotic,Necrotic,false,false,false,false,false,false,Lesion 10 Day 031 FG,Lesion 10 Day 045 FG,Lesion 10 Day 060 FG,Lesion 10 Day 075 FG,Lesion 10 Day 088 FG,Lesion 10 Day 101 FG,-2.8720386,6.658291,0,hot
BDQ,BN22,11,-300.96,-114.8,4.58,-143.91,-224.29,-289.76,-311.0,-46.0,24.0,-107.0,-242.0,-311.0,133.81,157.1,74.05,156.82,164.06,149.78,0.36,2.72,1.57,1.32,1.07,0.85,0.34,2.3,1.38,1.2,0.96,0.79,0.08,1.39,0.57,0.46,0.32,0.17,0.62,6.22,3.07,2.52,1.92,1.27,0.02,0.04,0.01,0.05,0.07,0.05,0.02,0.04,0.01,0.05,0.07,0.05,0.47,0.09,0.15,0.07,0.33,0.32,0.01,0.37,0.25,0.16,0.12,0.06,0.01,0.37,0.25,0.16,0.12,0.05,0.03225806451612903,0.006430868167202573,0.003257328990228013,0.019841269841269844,0.036458333333333336,0.03937007874015748,0.02,0.04,0.01,0.05,0.07,0.05,0.0,0.09,0.15,0.07,0.03,0.01,,,,,,1.3222192947339193,Necrotic,Necrotic,Necrotic,Necrotic,Necrotic,Necrotic,Necrotic,Necrotic,Necrotic,Necrotic,Necrotic,Necrotic,false,false,false,false,false,false,Lesion 11 Day 031 FG,Lesion 11 Day 045 FG,Lesion 11 Day 060 FG,Lesion 11 Day 075 FG,Lesion 11 Day 088 FG,Lesion 11 Day 101 FG,1.1597565,7.7849555,2,hot
BDQ,BN22,12,-146.89,-109.39,-52.04,-150.14,-169.79,-175.36,-106.0,-44.0,4.0,-116.0,-149.0,-171.0,166.47,169.68,152.85,162.97,173.39,158.01,0.99,3.96,2.6,1.9,1.57,1.81,0.65,3.24,2.48,1.62,1.33,1.57,0.77,2.68,1.3,1.04,0.91,0.98,3.58,11.82,5.77,4.78,4.37,4.89,0.34,0.31,0.19,0.31,0.33,0.35,0.34,0.31,0.19,0.31,0.33,0.35,0.01,0.79,0.81,0.42,0.02,0.01,0.8,4.5,2.62,1.4,1.08,1.21,0.79,4.41,2.58,1.38,1.05,1.2,0.09497206703910616,0.026226734348561757,0.03292894280762565,0.06485355648535565,0.07517084282460137,0.07157464212678936,0.34,0.31,0.19,0.31,0.32,0.35,0.46,0.79,0.8,0.42,0.33,0.32,,,,,,3.5425764762605296,Cavity,Cavity,Cavity,Cavity,Cavity,Cavity,Cavity,Cavity,Cavity,Cavity,Cavity,Cavity,false,false,false,false,false,false,Lesion 12 Day 031 FG,Lesion 12 Day 045 FG,Lesion 12 Day 060 FG,Lesion 12 Day 075 FG,Lesion 12 Day 088 FG,Lesion 12 Day 101 FG,-3.9941616,6.4983745,0,hot
BDQ,BN22,13,-218.22,-146.15,-120.87,-231.09,-232.93,-302.99,-203.0,-96.0,-59.0,-240.0,-252.0,-333.0,138.02,156.36,160.18,165.85,173.35,145.44,0.71,3.12,1.37,1.01,0.92,0.78,0.67,2.87,1.18,0.96,0.87,0.73,0.16,1.47,0.54,0.22,0.19,0.14,1.35,6.05,2.72,1.76,1.79,1.51,0.03,0.02,0.02,0.04,0.04,0.03,0.03,0.02,0.02,0.04,0.04,0.03,,0.04,0.05,0.02,,,0.03,0.19,0.1,0.06,0.06,0.03,0.03,0.18,0.09,0.06,0.05,0.03,0.02222222222222222,0.0033057851239669425,0.007352941176470588,0.022727272727272728,0.0223463687150838,0.019867549668874173,0.03,0.02,0.02,0.04,0.04,0.03,0.02,0.04,0.05,0.02,0.02,0.01,,,,,,1.8356905714924256,Necrotic,Necrotic,Necrotic,Necrotic,Necrotic,Necrotic,Necrotic,Necrotic,Necrotic,Necrotic,Necrotic,Necrotic,false,false,false,false,false,false,Lesion 13 Day 031 FG,Lesion 13 Day 045 FG,Lesion 13 Day 060 FG,Lesion 13 Day 075 FG,Lesion 13 Day 088 FG,Lesion 13 Day 101 FG,1.2628036,6.6965294,10,cool
EMB+INH+PZA+RIF,BN24,1,-255.39,-135.14,-165.08,-199.88,-215.75,-244.98,-258.53,-44.02,-94.73,-152.57,-191.43,-220.46,208.93,234.84,246.43,253.65,232.43,270.75,1.6,2.95,2.41,2.51,1.63,1.45,1.58,3.0,2.45,2.35,1.59,1.37,0.43,1.15,1.04,1.13,0.69,0.67,2.53,5.52,4.63,5.36,3.34,3.27,0.01,0.31,0.29,0.19,0.06,0.07,,,,,,,0.01,0.31,0.29,0.19,0.06,0.07,0.1,1.2,1.08,0.78,0.33,0.47,0.09,1.17,1.04,0.75,0.33,0.41,0.0,0.0,0.0,0.0,0.0,0.0,0.04,0.12,0.16,0.13,0.1,0.14,0.03,0.27,0.27,0.16,0.1,0.16,,,,,,0.7781512503836436,Necrotic,Necrotic,Necrotic,Necrotic,Necrotic,Necrotic,Necrotic,Necrotic,Necrotic,Necrotic,Necrotic,Necrotic,false,false,false,false,false,false,Lesion 01 Day 031 FG,Lesion 01 Day 045 FG,Lesion 01 Day 060 FG,Lesion 01 Day 074 FG,Lesion 01 Day 089 FG,Lesion 01 Day 102 FG,-1.0219251,3.2123315,11,hot
EMB+INH+PZA+RIF,BN24,2,-228.59,-122.15,-123.5,-174.32,-207.64,9.04,-194.72,-21.52,-22.7,-111.62,-165.36,35.24,219.39,216.21,211.64,227.89,243.27,116.0,3.12,3.97,2.51,2.97,2.51,1.87,2.92,3.96,2.51,2.83,2.15,1.74,1.17,1.14,0.68,1.32,1.3,0.43,6.49,6.76,3.99,6.96,7.2,3.36,0.07,0.49,0.42,0.27,0.16,0.2,,,,,,,0.07,0.49,0.42,0.27,0.16,0.2,0.27,2.01,1.39,1.05,0.73,1.17,0.27,2.0,1.38,1.04,0.71,1.17,0.0,0.0,0.0,0.0,0.0,0.0,0.04,0.15,0.17,0.14,0.12,0.03,0.04,0.35,0.39,0.21,0.15,0.58,,,,,,0.7781512503836436,Cavity,Cavity,Cavity,Cavity,Cavity,Cavity,Cavity,Cavity,Cavity,Cavity,Cavity,Cavity,false,false,false,false,false,false,Lesion 02 Day 031 FG,Lesion 02 Day 045 FG,Lesion 02 Day 060 FG,Lesion 02 Day 074 FG,Lesion 02 Day 089 FG,Lesion 02 Day 102 FG,-1.7434591,4.5727973,11,hot
EMB+INH+PZA+RIF,BN24,3,-220.65,-83.36,-30.8,-43.7,-100.58,-55.91,-205.01,17.36,41.11,35.78,7.11,35.24,238.18,218.62,191.45,203.76,237.52,248.54,1.65,3.28,2.96,2.46,1.74,1.63,1.54,3.24,3.06,2.38,1.63,1.62,0.44,1.24,0.86,0.99,0.57,0.47,3.08,6.46,4.69,6.21,4.31,2.76,0.05,1.8,1.97,1.35,0.39,0.18,,,,,,,0.05,1.8,1.97,1.35,0.39,0.18,0.42,7.17,6.94,5.14,2.62,1.32,0.41,7.05,6.77,5.05,2.55,1.23,0.0,0.0,0.0,0.0,0.0,0.0,0.12,0.47,0.35,0.32,0.38,0.15,0.13,1.67,1.9,1.73,1.11,0.57,,,,,,1.3222192947339193,Cavity,Cavity,Cavity,Cavity,Cavity,Cavity,Cavity,Cavity,Cavity,Cavity,Cavity,Cavity,true,true,true,true,true,true,Lesion 03z04z05 Day 031 FG,Lesion 03z04z05 Day 045 FG,Lesion 03z04z05 Day 060 FG,Lesion 03z04z05 Day 074 FG,Lesion 03z04z05 Day 089 FG,Lesion 03z04z05 Day 102 FG,-5.6276846,7.1400614,0,hot
EMB+INH+PZA+RIF,BN24,6,-187.29,-185.43,-244.75,-282.9,-267.54,-248.74,-153.56,-140.17,-216.18,-287.68,-269.64,-247.05,222.86,234.23,279.68,220.0,227.07,230.04,0.89,2.09,1.86,1.76,1.41,1.26,0.83,2.06,1.88,1.69,1.42,1.24,0.33,0.93,0.65,0.63,0.48,0.45,1.87,3.93,3.31,3.29,2.35,2.19,0.0,0.06,0.06,0.02,0.01,0.0,,,,,,,0.0,0.06,0.06,0.02,0.01,0.0,0.12,0.25,0.25,0.12,0.08,0.08,0.12,0.24,0.22,0.12,0.08,0.08,0.0,0.0,0.0,0.0,0.0,0.0,0.06,0.05,0.05,0.04,0.03,0.03,0.08,0.07,0.07,0.03,0.02,0.03,,,,,,0.7781512503836436,Cavity,Cavity,Cavity,Cavity,Cavity,Cavity,Cavity,Cavity,Cavity,Cavity,Cavity,Cavity,false,false,false,false,false,false,Lesion 06 Day 031 FG,Lesion 06 Day 045 FG,Lesion 06 Day 060 FG,Lesion 06 Day 074 FG,Lesion 06 Day 089 FG,Lesion 06 Day 102 FG,2.3187268,3.1509697,1,cool
EMB+INH+PZA+RIF,BN24,7,-193.93,29.56,5.7,25.5,12.39,6.41,-157.68,48.04,47.29,41.92,37.2,20.92,223.27,101.63,154.16,116.6,133.19,91.29,2.72,5.64,3.35,3.48,2.23,2.49,2.72,5.68,3.35,3.08,1.66,2.52,0.93,1.43,0.74,1.27,1.42,0.55,5.33,8.47,5.03,7.29,7.46,3.56,0.06,0.54,0.63,0.37,0.12,0.11,,,,,,,0.06,0.54,0.63,0.37,0.12,0.11,0.22,3.05,2.18,1.41,0.64,0.35,0.22,3.04,2.12,1.39,0.62,0.35,0.0,0.0,0.0,0.0,0.0,0.0,0.04,0.02,0.06,0.02,0.02,0.0,0.05,0.51,0.57,0.37,0.27,0.13,,,,,,0.7781512503836436,Fibrotic,Fibrotic,Fibrotic,Fibrotic,Fibrotic,Fibrotic,Fibrotic,Fibrotic,Fibrotic,Fibrotic,Fibrotic,Fibrotic,false,false,false,false,false,false,Lesion 07 Day 031 FG,Lesion 07 Day 045 FG,Lesion 07 Day 060 FG,Lesion 07 Day 074 FG,Lesion 07 Day 089 FG,Lesion 07 Day 102 FG,-0.8664461,7.868535,2,hot
EMB+MOX+PZA+RIF,BN27,1,-236.64,-2.71,-16.77,-19.12,-20.05,-12.47,-229.59,36.11,34.54,37.46,34.16,34.48,207.7,129.67,149.18,163.68,156.35,151.54,2.43,3.45,2.53,2.66,2.24,2.32,2.42,3.08,2.01,2.35,2.1,2.16,0.77,1.62,1.48,1.31,0.69,1.01,4.03,7.08,5.8,5.65,4.19,5.02,0.09,0.64,0.38,0.39,0.42,0.37,,,,,,,0.09,0.64,0.38,0.39,0.42,0.37,0.33,2.91,1.97,1.84,1.67,1.59,0.3,2.85,1.85,1.74,1.6,1.55,0.0,0.0,0.0,0.0,0.0,0.0,0.08,0.08,0.09,0.09,0.09,0.08,0.04,0.76,0.66,0.57,0.64,0.58,,,,,,1.255272505103306,Cavity,Cavity,Cavity,Cavity,Cavity,Cavity,Cavity,Cavity,Cavity,Cavity,Cavity,Cavity,true,true,true,true,true,true,Lesion 01z02 Day 031 FG,Lesion 01z02 Day 046 FG,Lesion 01z02 Day 059 FG,Lesion 01z02 Day 073 FG,Lesion 01z02 Day 088 FG,Lesion 01z02 Day 101 FG,-1.9450626,8.030621,0,hot
EMB+MOX+PZA+RIF,BN27,4,-289.83,-46.21,-66.48,-36.23,-85.3,-14.22,-286.12,29.95,26.81,33.4,19.88,42.65,247.05,194.75,223.81,194.04,224.38,172.62,2.42,4.81,3.39,3.15,2.41,3.16,2.23,4.73,3.37,3.14,2.29,3.2,0.88,1.73,1.43,1.18,0.94,1.24,5.27,8.98,6.84,5.65,5.98,7.15,0.45,1.5,1.54,1.43,1.04,1.36,,,,,,,0.45,1.5,1.54,1.43,1.04,1.36,1.79,7.51,6.55,5.75,4.04,5.44,1.44,7.23,6.18,5.48,3.78,5.25,0.0,0.0,0.0,0.0,0.0,0.0,0.34,0.26,0.32,0.29,0.39,0.23,0.22,1.21,1.46,1.43,1.16,1.43,,,,,,1.380211241711606,Cavity,Cavity,Cavity,Cavity,Cavity,Cavity,Cavity,Cavity,Cavity,Cavity,Cavity,Cavity,true,true,true,true,true,true,Lesion 04z05z06z09 Day 031 FG,Lesion 04z05z06z09 Day 046 FG,Lesion 04z05z06z09 Day 059 FG,Lesion 04z05z06z09 Day 073 FG,Lesion 04z05z06z09 Day 088 FG,Lesion 04z05z06z09 Day 101 FG,-3.2458599,5.720213,0,hot
EMB+MOX+PZA+RIF,BN27,7,-436.29,-292.82,-264.35,-271.82,-199.06,-233.16,-488.0,-323.43,-290.01,-285.92,-188.3,-196.38,217.31,228.29,260.38,274.15,245.57,254.77,1.34,2.07,1.62,1.34,1.1,0.78,1.37,2.07,1.63,1.31,1.08,0.78,0.13,0.24,0.27,0.18,0.11,0.12,1.51,2.51,2.22,1.7,1.33,1.01,0.0,0.01,0.0,0.0,0.0,0.0,,,,,,,0.0,0.01,0.0,0.0,0.0,0.0,0.01,0.04,0.04,0.03,0.03,0.02,0.01,0.03,0.04,0.02,0.02,0.02,0.0,0.0,0.0,0.0,0.0,0.0,0.0,0.01,0.01,0.01,0.01,0.01,0.0,0.0,0.01,0.01,0.01,0.01,,,,,,0.7781512503836436,Fibrotic,Fibrotic,Fibrotic,Fibrotic,Fibrotic,Fibrotic,Fibrotic,Fibrotic,Fibrotic,Fibrotic,Fibrotic,Fibrotic,false,false,false,false,false,false,Lesion 07 Day 031 FG,Lesion 07 Day 046 FG,Lesion 07 Day 059 FG,Lesion 07 Day 073 FG,Lesion 07 Day 088 FG,Lesion 07 Day 101 FG,4.06011,1.6996219,1,cool
EMB+MOX+PZA+RIF,BN27,8,-597.71,-410.61,-362.16,-291.01,-368.37,-379.36,-605.08,-422.05,-369.22,-310.32,-406.68,-431.32,74.53,191.52,215.27,257.28,205.85,222.4,0.81,1.3,1.3,1.03,0.95,0.63,0.83,1.29,1.25,1.03,1.0,0.65,0.12,0.13,0.21,0.19,0.17,0.06,1.11,1.57,1.87,1.4,1.2,0.74,0.0,0.0,0.0,0.0,0.0,0.0,,,,,,,0.0,0.0,0.0,0.0,0.0,0.0,0.0,0.02,0.03,0.03,0.02,0.01,0.0,0.01,0.02,0.02,0.01,0.01,0.0,0.0,0.0,0.0,0.0,0.0,0.0,0.01,0.01,0.01,0.01,0.01,0.0,0.0,0.0,0.01,0.0,0.0,,,,,,0.47712125471966244,Fibrotic,Fibrotic,Fibrotic,Fibrotic,Fibrotic,Fibrotic,Fibrotic,Fibrotic,Fibrotic,Fibrotic,Fibrotic,Fibrotic,false,false,false,false,false,false,Lesion 08 Day 031 FG,Lesion 08 Day 046 FG,Lesion 08 Day 059 FG,Lesion 08 Day 073 FG,Lesion 08 Day 088 FG,Lesion 08 Day 101 FG,7.7370205,2.8875287,13,cool
EMB+MOX+PZA+RIF,BN27,10,-175.15,-185.23,-153.74,-27.79,-68.79,-67.49,-179.12,-128.25,-77.51,27.3,11.71,9.96,184.04,230.67,226.3,149.12,192.77,191.0,2.37,3.35,2.16,2.37,2.09,2.12,2.3,3.34,1.73,1.91,1.91,1.7,0.63,1.45,1.26,1.13,0.66,1.19,3.83,6.35,5.44,5.28,4.48,5.58,0.07,0.37,0.28,0.27,0.27,0.25,,,,,,,0.07,0.37,0.28,0.27,0.27,0.25,0.24,1.65,1.33,1.36,1.35,1.21,0.24,1.51,1.18,1.34,1.27,1.14,0.0,0.0,0.0,0.0,0.0,0.0,0.06,0.2,0.23,0.11,0.14,0.13,0.04,0.24,0.32,0.43,0.47,0.42,,,,,,0.7781512503836436,Necrotic,Necrotic,Necrotic,Necrotic,Necrotic,Necrotic,Necrotic,Necrotic,Necrotic,Necrotic,Necrotic,Necrotic,true,true,true,true,true,true,Lesion 10z11 Day 031 FG,Lesion 10z11 Day 046 FG,Lesion 10z11 Day 059 FG,Lesion 10z11 Day 073 FG,Lesion 10z11 Day 088 FG,Lesion 10z11 Day 101 FG,-1.6201403,3.4454618,11,hot
EMB+MOX+PZA+RIF,BN27,12,-375.35,-175.12,-154.63,-154.3,-164.24,-193.24,-395.13,-111.81,-75.58,-74.4,-96.46,-133.05,236.25,231.93,226.22,230.71,240.47,243.94,2.0,3.16,2.76,2.82,1.71,1.75,1.93,2.88,2.61,2.64,1.45,1.47,0.71,1.45,1.13,1.38,0.97,0.96,3.6,6.27,5.29,6.12,4.29,4.37,0.04,0.19,0.17,0.15,0.07,0.06,,,,,,,0.04,0.19,0.17,0.15,0.07,0.06,0.17,0.82,0.68,0.65,0.37,0.28,0.12,0.74,0.62,0.61,0.33,0.26,0.0,0.0,0.0,0.0,0.0,0.0,0.04,0.1,0.09,0.08,0.08,0.06,0.02,0.13,0.13,0.13,0.11,0.08,,,,,,0.7781512503836436,Cavity,Cavity,Cavity,Cavity,Cavity,Cavity,Cavity,Cavity,Cavity,Cavity,Cavity,Cavity,false,false,false,false,false,false,Lesion 12 Day 031 FG,Lesion 12 Day 046 FG,Lesion 12 Day 059 FG,Lesion 12 Day 073 FG,Lesion 12 Day 088 FG,Lesion 12 Day 101 FG,-0.33202547,2.4736457,12,hot
EMB+MOX+PZA+RIF,BN27,13,-373.12,-286.4,-263.3,-241.81,-229.31,-240.37,-387.06,-292.61,-262.96,-224.9,-222.99,-222.94,203.79,204.05,217.46,217.8,231.43,217.12,1.39,2.88,2.19,2.36,1.8,2.13,1.31,2.78,2.17,2.31,1.8,2.1,0.7,0.99,0.6,0.85,0.75,0.81,2.78,5.23,3.67,4.22,3.5,4.1,0.01,0.12,0.09,0.09,0.06,0.08,,,,,,,0.01,0.12,0.09,0.09,0.06,0.08,0.06,0.43,0.34,0.35,0.26,0.32,0.05,0.35,0.29,0.3,0.23,0.28,0.0,0.0,0.0,0.0,0.0,0.0,0.02,0.08,0.08,0.08,0.06,0.08,0.01,0.03,0.04,0.05,0.05,0.05,,,,,,0.9542425094393249,Cavity,Cavity,Cavity,Cavity,Cavity,Cavity,Cavity,Cavity,Cavity,Cavity,Cavity,Cavity,true,true,true,true,true,true,Lesion 13z14z15 Day 031 FG,Lesion 13z14z15 Day 046 FG,Lesion 13z14z15 Day 059 FG,Lesion 13z14z15 Day 073 FG,Lesion 13z14z15 Day 088 FG,Lesion 13z14z15 Day 101 FG,1.6599971,0.8324602,12,hot
EMB+MOX+PZA+RIF,BN27,16,-419.2,-225.03,-233.22,-243.67,-198.68,-277.13,-449.64,-206.32,-193.42,-222.87,-159.72,-257.67,220.29,235.12,237.68,249.8,232.31,261.65,1.44,3.07,2.31,2.4,1.95,1.87,1.37,3.07,2.39,2.46,1.99,1.77,0.49,0.87,0.73,0.7,0.48,0.77,2.6,4.77,3.65,3.72,2.98,3.58,0.01,0.05,0.05,0.05,0.03,0.03,,,,,,,0.01,0.05,0.05,0.05,0.03,0.03,0.04,0.17,0.16,0.17,0.14,0.13,0.03,0.14,0.14,0.14,0.12,0.11,0.0,0.0,0.0,0.0,0.0,0.0,0.01,0.02,0.03,0.03,0.03,0.03,0.0,0.02,0.03,0.03,0.03,0.02,,,,,,0.7781512503836436,Cavity,Cavity,Cavity,Cavity,Cavity,Cavity,Cavity,Cavity,Cavity,Cavity,Cavity,Cavity,false,false,false,false,false,false,Lesion 16 Day 031 FG,Lesion 16 Day 046 FG,Lesion 16 Day 059 FG,Lesion 16 Day 073 FG,Lesion 16 Day 088 FG,Lesion 16 Day 101 FG,1.0621759,1.5614258,12,hot
EMB+MOX+PZA+RIF,BN27,17,-237.99,-217.43,-220.53,-178.56,-230.66,-208.73,-229.59,-179.61,-172.17,-113.04,-204.62,-163.69,218.03,249.11,238.38,235.11,225.28,249.5,2.36,3.72,2.67,2.31,1.77,1.82,2.3,3.65,2.58,2.27,1.76,1.82,0.67,1.14,1.07,0.78,0.5,0.54,3.8,6.24,4.98,3.88,2.83,2.87,0.05,0.17,0.14,0.13,0.06,0.06,,,,,,,0.05,0.17,0.14,0.13,0.06,0.06,0.17,0.66,0.56,0.47,0.28,0.28,0.13,0.57,0.47,0.41,0.24,0.25,0.0,0.0,0.0,0.0,0.0,0.0,0.04,0.08,0.09,0.08,0.07,0.06,0.02,0.07,0.09,0.1,0.06,0.07,,,,,,1.7993405494535817,Necrotic,Necrotic,Necrotic,Necrotic,Necrotic,Necrotic,Necrotic,Necrotic,Necrotic,Necrotic,Necrotic,Necrotic,false,false,false,false,false,false,Lesion 17 Day 031 FG,Lesion 17 Day 046 FG,Lesion 17 Day 059 FG,Lesion 17 Day 073 FG,Lesion 17 Day 088 FG,Lesion 17 Day 101 FG,-0.06258136,1.3314462,12,hot
EMB+MOX+PZA+RIF,BN27,18,-451.81,-289.54,-287.5,-349.45,-300.91,-364.58,-479.92,-286.45,-295.81,-373.37,-327.08,-388.42,190.18,201.88,239.96,244.77,222.07,237.88,1.07,1.84,0.82,0.87,0.76,0.73,1.09,1.78,0.74,0.83,0.78,0.76,0.14,0.5,0.28,0.28,0.15,0.16,1.26,2.9,1.9,1.52,1.1,0.97,0.0,0.01,0.0,0.0,0.0,0.0,,,,,,,0.0,0.01,0.0,0.0,0.0,0.0,0.01,0.04,0.02,0.02,0.01,0.01,0.01,0.03,0.02,0.01,0.01,0.01,0.0,0.0,0.0,0.0,0.0,0.0,0.01,0.01,0.01,0.01,0.01,0.01,0.0,0.0,0.01,0.0,0.0,0.0,,,,,,0.47712125471966244,Necrotic,Necrotic,Necrotic,Necrotic,Necrotic,Necrotic,Necrotic,Necrotic,Necrotic,Necrotic,Necrotic,Necrotic,false,false,false,false,false,false,Lesion 18 Day 031 FG,Lesion 18 Day 046 FG,Lesion 18 Day 059 FG,Lesion 18 Day 073 FG,Lesion 18 Day 088 FG,Lesion 18 Day 101 FG,5.89097,2.1536057,13,cool
BDQ+DEL+OPC,BN31,1,-262.4,-75.64,-55.49,-38.78,-65.4,-78.47,-282.0,-26.0,-14.0,-12.0,-28.0,-20.0,191.78,141.21,136.71,116.74,132.27,165.09,1.52,3.38,2.18,2.1,1.79,2.18,1.28,3.22,2.02,2.06,1.72,1.85,0.7,1.26,0.94,1.08,0.73,1.26,3.86,6.57,4.32,4.44,3.76,5.84,,,,,,,0.04,0.35,0.27,0.26,0.15,0.14,0.02,0.32,0.2,0.22,0.1,0.11,0.17,1.23,0.87,0.88,0.45,0.52,0.15,1.22,0.85,0.87,0.44,0.51,0.8333333333333334,10.166666666666666,5.3125,6.692307692307692,2.5882352941176467,3.0,0.06,0.07,0.06,0.04,0.04,0.04,0.04,0.3,0.33,0.37,0.21,0.19,1.08,1.08,1.08,1.08,1.08,1.08,Cavity,Cavity,Cavity,Cavity,Cavity,Cavity,Cavity,Cavity,Cavity,Cavity,Cavity,Cavity,false,false,false,false,false,false,Lesion 01 Day 033 AA,Lesion 01 Day 046 AA,Lesion 01 Day 060 AA,Lesion 01 Day 074 AA,Lesion 01 Day 088 AA,Lesion 01 Day 102 AA,-0.9823641,8.036281,2,hot
BDQ+DEL+OPC,BN31,2,-448.92,-277.06,-284.66,-443.86,-429.53,-468.6,-469.0,-285.0,-292.0,-468.0,-448.0,-490.0,83.16,166.08,161.25,145.69,88.2,70.59,0.6,0.89,0.6,0.49,0.44,0.54,0.58,0.89,0.59,0.48,0.44,0.53,0.06,0.09,0.07,0.04,0.03,0.05,0.76,1.14,0.8,0.6,0.51,0.65,,,,,,,0.0,0.0,0.0,0.0,0.0,0.0,0.0,0.0,0.0,0.0,0.0,0.0,0.0,0.02,0.01,0.0,0.0,0.0,0.0,0.01,0.0,0.0,0.0,0.0,0.0,0.08333333333333334,0.0,0.0,0.0,0.0,0.0,0.01,0.01,0.0,0.0,0.0,0.0,0.0,0.0,0.0,0.0,0.0,0.48,0.48,0.48,0.48,0.48,0.48,Fibrotic,Fibrotic,Fibrotic,Fibrotic,Fibrotic,Fibrotic,Fibrotic,Fibrotic,Fibrotic,Fibrotic,Fibrotic,Fibrotic,false,false,false,false,false,false,Lesion 02 Day 033 AA,Lesion 02 Day 046 AA,Lesion 02 Day 060 AA,Lesion 02 Day 074 AA,Lesion 02 Day 088 AA,Lesion 02 Day 102 AA,7.6600146,5.7717023,8,cool
BDQ+DEL+OPC,BN31,3,-233.14,-168.64,-87.06,-92.49,-116.93,-149.07,-221.0,-99.0,-37.0,-31.0,-51.0,-69.0,163.35,175.46,139.29,152.09,152.79,184.36,0.79,1.5,1.55,1.2,0.84,0.99,0.73,1.29,1.44,0.94,0.7,0.89,0.21,0.59,0.49,0.61,0.3,0.29,1.43,3.58,3.02,3.84,1.91,2.23,,,,,,,0.0,0.03,0.05,0.02,0.0,0.0,0.0,0.01,0.02,0.01,0.0,0.0,0.04,0.12,0.16,0.11,0.04,0.04,0.03,0.12,0.16,0.11,0.04,0.04,0.16666666666666666,1.0,1.0,0.8461538461538461,0.23529411764705882,0.23529411764705882,0.03,0.03,0.02,0.02,0.01,0.01,0.02,0.05,0.08,0.08,0.04,0.03,1.86,1.86,1.86,1.86,1.86,1.86,Cavity,Cavity,Cavity,Cavity,Cavity,Cavity,Cavity,Cavity,Cavity,Cavity,Cavity,Cavity,false,false,false,false,false,false,Lesion 03 Day 033 AA,Lesion 03 Day 046 AA,Lesion 03 Day 060 AA,Lesion 03 Day 074 AA,Lesion 03 Day 088 AA,Lesion 03 Day 102 AA,3.714872,7.5340147,6,cool
BDQ+DEL+OPC,BN31,4,-441.55,-268.11,-242.7,-226.55,-324.78,-334.46,-446.0,-284.0,-217.0,-208.0,-289.0,-337.0,156.1,171.08,179.33,177.03,189.26,176.02,0.55,0.73,0.75,0.46,0.51,0.45,0.55,0.72,0.69,0.44,0.49,0.44,0.04,0.13,0.23,0.06,0.07,0.06,0.62,1.23,1.35,0.7,0.69,0.57,,,,,,,0.0,0.0,0.0,0.0,0.0,0.0,0.0,0.0,0.0,0.0,0.0,0.0,0.0,0.02,0.02,0.01,0.0,0.0,0.0,0.02,0.01,0.01,0.0,0.0,0.0,0.16666666666666669,0.0625,0.07692307692307693,0.0,0.0,0.0,0.02,0.01,0.01,0.01,0.01,0.0,0.01,0.01,0.01,0.0,0.0,0.48,0.48,0.48,0.48,0.48,0.48,Fibrotic,Fibrotic,Fibrotic,Fibrotic,Fibrotic,Fibrotic,Fibrotic,Fibrotic,Fibrotic,Fibrotic,Fibrotic,Fibrotic,false,false,false,false,false,false,Lesion 04 Day 033 AA,Lesion 04 Day 046 AA,Lesion 04 Day 060 AA,Lesion 04 Day 074 AA,Lesion 04 Day 088 AA,Lesion 04 Day 102 AA,7.333097,5.72079,9,cool
BDQ+DEL+OPC,BN31,5,-456.67,-238.04,-335.81,-356.11,-335.38,-379.85,-465.0,-239.0,-359.0,-383.0,-347.0,-399.0,133.25,175.84,163.37,179.03,136.6,155.38,0.45,0.54,0.48,0.43,0.39,0.35,0.45,0.53,0.46,0.43,0.39,0.35,0.02,0.06,0.09,0.04,0.03,0.02,0.5,0.71,0.75,0.53,0.48,0.39,,,,,,,0.0,0.0,0.0,0.0,0.0,0.0,0.0,0.0,0.0,0.0,0.0,0.0,0.0,0.01,0.0,0.0,0.0,0.0,0.0,0.01,0.0,0.0,0.0,0.0,0.0,0.08333333333333334,0.0,0.0,0.0,0.0,0.0,0.01,0.0,0.0,0.0,0.0,0.0,0.0,0.0,0.0,0.0,0.0,0.48,0.48,0.48,0.48,0.48,0.48,Fibrotic,Fibrotic,Fibrotic,Fibrotic,Fibrotic,Fibrotic,Fibrotic,Fibrotic,Fibrotic,Fibrotic,Fibrotic,Fibrotic,false,false,false,false,false,false,Lesion 05 Day 033 AA,Lesion 05 Day 046 AA,Lesion 05 Day 060 AA,Lesion 05 Day 074 AA,Lesion 05 Day 088 AA,Lesion 05 Day 102 AA,6.639772,6.119623,9,cool
BDQ+DEL+OPC,BN31,6,-249.19,-266.33,-313.39,-304.45,-361.32,-337.67,-218.0,-284.0,-324.0,-314.0,-385.0,-334.0,170.57,156.16,152.13,167.65,137.43,154.99,2.64,2.04,1.58,1.77,2.09,2.99,2.41,1.62,1.25,1.88,2.09,2.85,1.5,1.62,1.25,1.37,1.74,2.43,5.83,5.98,4.5,4.42,6.1,8.38,,,,,,,0.02,0.02,0.01,0.01,0.0,0.01,0.02,0.02,0.01,0.01,0.0,0.01,0.07,0.09,0.03,0.03,0.02,0.04,0.07,0.08,0.03,0.03,0.01,0.03,0.38888888888888895,0.6666666666666667,0.1875,0.23076923076923075,0.058823529411764705,0.1764705882352941,0.02,0.03,0.01,0.01,0.01,0.01,0.01,0.01,0.0,0.0,0.0,0.0,0.48,0.48,0.48,0.48,0.48,0.48,Fibrotic,Fibrotic,Fibrotic,Fibrotic,Fibrotic,Fibrotic,Fibrotic,Fibrotic,Fibrotic,Fibrotic,Fibrotic,Fibrotic,true,true,true,true,true,true,Lesion 06z07 Day 033 AA,Lesion 06z07 Day 046 AA,Lesion 06z07 Day 060 AA,Lesion 06z07 Day 074 AA,Lesion 06z07 Day 088 AA,Lesion 06z07 Day 102 AA,3.7958832,5.185924,10,cool
BDQ+DEL+OPC,BN31,8,-297.32,-245.13,-273.91,-287.17,-308.94,-374.38,-273.0,-265.0,-255.0,-287.0,-263.0,-366.0,170.02,148.04,168.36,172.73,209.45,132.44,0.63,0.66,0.56,0.4,0.29,0.38,0.62,0.65,0.54,0.39,0.28,0.38,0.07,0.08,0.1,0.04,0.02,0.05,0.86,0.96,0.92,0.51,0.35,0.55,,,,,,,0.0,0.0,0.0,0.0,0.0,0.0,0.0,0.0,0.0,0.0,0.0,0.0,0.01,0.01,0.01,0.01,0.0,0.0,0.01,0.01,0.01,0.01,0.0,0.0,0.05555555555555556,0.08333333333333334,0.0625,0.07692307692307693,0.0,0.0,0.01,0.01,0.01,0.01,0.0,0.0,0.0,0.0,0.0,0.0,0.0,0.0,0.48,0.48,0.48,0.48,0.48,0.48,Fibrotic,Fibrotic,Fibrotic,Fibrotic,Fibrotic,Fibrotic,Fibrotic,Fibrotic,Fibrotic,Fibrotic,Fibrotic,Fibrotic,false,false,false,false,false,false,Lesion 08 Day 033 AA,Lesion 08 Day 046 AA,Lesion 08 Day 060 AA,Lesion 08 Day 074 AA,Lesion 08 Day 088 AA,Lesion 08 Day 102 AA,7.3175116,8.404718,3,cool
BDQ+DEL+OPC,BN31,9,-330.18,-239.7,-256.79,-214.36,-239.79,-199.65,-352.0,-240.0,-265.0,-205.0,-231.0,-165.0,141.05,154.5,163.7,170.09,185.77,184.46,1.03,1.21,0.9,0.61,0.4,1.61,0.69,1.06,0.78,0.55,0.36,1.18,0.87,0.48,0.37,0.21,0.15,1.1,5.17,3.11,2.02,1.84,1.08,6.33,,,,,,,0.01,0.07,0.02,0.0,0.0,0.04,0.01,0.03,0.0,0.0,0.0,0.03,0.11,0.37,0.14,0.11,0.02,0.17,0.1,0.36,0.13,0.1,0.02,0.16,0.5555555555555556,3.0,0.8125,0.7692307692307693,0.11764705882352941,0.9411764705882353,0.08,0.2,0.1,0.1,0.03,0.05,0.01,0.1,0.04,0.07,0.02,0.05,0.78,0.78,0.78,0.78,0.78,0.78,Cavity,Cavity,Cavity,Cavity,Cavity,Cavity,Cavity,Cavity,Cavity,Cavity,Cavity,Cavity,true,true,true,true,true,true,Lesion 09z10 Day 033 AA,Lesion 09z10 Day 046 AA,Lesion 09z10 Day 060 AA,Lesion 09z10 Day 074 AA,Lesion 09z10 Day 088 AA,Lesion 09z10 Day 102 AA,-3.856882,11.03584,5,hot
BDQ+DEL+OPC,BN31,11,-536.04,-394.76,-375.87,-403.04,-486.54,-421.85,-543.0,-409.0,-386.0,-411.0,-516.0,-447.0,99.37,107.29,129.52,116.13,156.85,111.05,0.43,0.45,0.53,0.27,0.25,0.27,0.43,0.45,0.48,0.27,0.23,0.28,0.04,0.07,0.15,0.04,0.05,0.03,0.57,0.77,0.97,0.36,0.36,0.34,,,,,,,0.0,0.0,0.0,0.0,0.0,0.0,0.0,0.0,0.0,0.0,0.0,0.0,0.01,0.03,0.02,0.01,0.0,0.0,0.0,0.02,0.02,0.0,0.0,0.0,0.0,0.16666666666666669,0.125,0.0,0.0,0.0,0.01,0.05,0.03,0.02,0.01,0.01,0.0,0.0,0.0,0.0,0.0,0.0,0.48,0.48,0.48,0.48,0.48,0.48,Fibrotic,Fibrotic,Fibrotic,Fibrotic,Fibrotic,Fibrotic,Fibrotic,Fibrotic,Fibrotic,Fibrotic,Fibrotic,Fibrotic,true,true,true,true,true,true,Lesion 11z12z13 Day 033 AA,Lesion 11z12z13 Day 046 AA,Lesion 11z12z13 Day 060 AA,Lesion 11z12z13 Day 074 AA,Lesion 11z12z13 Day 088 AA,Lesion 11z12z13 Day 102 AA,11.625482,7.8768115,7,cool
BDQ+DEL+OPC,BN31,14,-223.11,-69.57,-58.71,-81.69,-93.6,-110.31,-206.0,-13.0,-10.0,-20.0,-34.0,-44.0,174.26,142.37,139.07,156.5,149.74,163.53,1.37,2.07,1.94,1.51,1.38,1.61,1.05,1.74,1.82,1.29,1.13,1.24,0.93,1.07,0.86,0.86,0.76,1.01,5.25,6.39,4.78,3.93,3.9,5.48,,,,,,,0.06,0.9,0.66,0.45,0.27,0.29,0.04,0.59,0.44,0.28,0.16,0.2,0.28,3.13,2.05,1.59,1.03,1.1,0.26,3.1,2.02,1.53,1.02,1.07,1.4444444444444446,25.833333333333336,12.625,11.769230769230768,6.0,6.294117647058823,0.1,0.27,0.18,0.17,0.17,0.15,0.09,1.23,0.86,0.82,0.57,0.48,1.38,1.38,1.38,1.38,1.38,1.38,Cavity,Cavity,Cavity,Cavity,Cavity,Cavity,Cavity,Cavity,Cavity,Cavity,Cavity,Cavity,true,true,true,true,true,true,Lesion 14z16 Day 033 AA,Lesion 14z16 Day 046 AA,Lesion 14z16 Day 060 AA,Lesion 14z16 Day 074 AA,Lesion 14z16 Day 088 AA,Lesion 14z16 Day 102 AA,-5.343699,6.516454,0,hot
BDQ+DEL+OPC,BN31,15,-301.97,-203.61,-178.51,-164.28,-195.05,-247.3,-302.0,-159.0,-131.0,-121.0,-148.0,-220.0,162.82,172.69,183.69,160.83,171.66,166.69,0.65,1.27,1.03,0.69,0.6,0.55,0.63,1.02,0.93,0.6,0.54,0.55,0.12,0.72,0.43,0.31,0.22,0.14,1.02,3.68,2.14,2.18,1.31,0.98,,,,,,,0.0,0.01,0.01,0.0,0.0,0.0,0.0,0.01,0.0,0.0,0.0,0.0,0.01,0.06,0.05,0.03,0.02,0.01,0.01,0.06,0.04,0.03,0.02,0.01,0.05555555555555556,0.5,0.25,0.23076923076923075,0.11764705882352941,0.058823529411764705,0.01,0.02,0.02,0.02,0.01,0.01,0.0,0.02,0.02,0.03,0.01,0.01,0.78,0.78,0.78,0.78,0.78,0.78,Necrotic,Necrotic,Necrotic,Necrotic,Necrotic,Necrotic,Necrotic,Necrotic,Necrotic,Necrotic,Necrotic,Necrotic,false,false,false,false,false,false,Lesion 15 Day 033 AA,Lesion 15 Day 046 AA,Lesion 15 Day 060 AA,Lesion 15 Day 074 AA,Lesion 15 Day 088 AA,Lesion 15 Day 102 AA,5.4640884,6.3732653,9,cool
BDQ+DEL+OPC,BN31,17,-465.55,-307.58,-307.77,-299.1,-338.3,-377.78,-473.0,-316.0,-313.0,-292.0,-350.0,-383.0,63.32,146.82,149.65,157.35,138.0,118.0,0.41,0.56,0.49,0.36,0.36,0.33,0.41,0.54,0.46,0.36,0.37,0.33,0.02,0.06,0.08,0.02,0.02,0.01,0.46,0.77,0.72,0.43,0.4,0.35,,,,,,,0.0,0.0,0.0,0.0,0.0,0.0,0.0,0.0,0.0,0.0,0.0,0.0,0.0,0.0,0.0,0.0,0.0,0.0,0.0,0.0,0.0,0.0,0.0,0.0,0.0,0.0,0.0,0.0,0.0,0.0,0.0,0.01,0.01,0.01,0.0,0.0,0.0,0.0,0.0,0.0,0.0,0.0,0.48,0.48,0.48,0.48,0.48,0.48,Fibrotic,Fibrotic,Fibrotic,Fibrotic,Fibrotic,Fibrotic,Fibrotic,Fibrotic,Fibrotic,Fibrotic,Fibrotic,Fibrotic,false,false,false,false,false,false,Lesion 17 Day 033 AA,Lesion 17 Day 046 AA,Lesion 17 Day 060 AA,Lesion 17 Day 074 AA,Lesion 17 Day 088 AA,Lesion 17 Day 102 AA,8.681693,7.034707,8,cool
BDQ+DEL+OPC,BN31,18,-293.22,-251.39,-202.96,-240.78,-242.61,-364.44,-304.0,-243.0,-183.0,-211.0,-228.0,-385.0,168.79,166.54,167.62,183.27,171.02,170.54,0.45,0.61,0.58,0.38,0.38,0.35,0.45,0.61,0.57,0.38,0.38,0.35,0.04,0.05,0.08,0.02,0.02,0.03,0.54,0.75,0.76,0.43,0.42,0.42,,,,,,,0.0,0.0,0.0,0.0,0.0,0.0,0.0,0.0,0.0,0.0,0.0,0.0,0.0,0.01,0.0,0.0,0.0,0.0,0.0,0.01,0.0,0.0,0.0,0.0,0.0,0.08333333333333334,0.0,0.0,0.0,0.0,0.0,0.01,0.0,0.0,0.0,0.0,0.0,0.0,0.0,0.0,0.0,0.0,0.48,0.48,0.48,0.48,0.48,0.48,Scar,Scar,Scar,Scar,Scar,Scar,Scar,Scar,Scar,Scar,Scar,Scar,false,false,false,false,false,false,Lesion 18 Day 033 AA,Lesion 18 Day 046 AA,Lesion 18 Day 060 AA,Lesion 18 Day 074 AA,Lesion 18 Day 088 AA,Lesion 18 Day 102 AA,7.0775747,6.4712157,9,cool
BDQ+DEL+OPC,BN31,19,-349.81,-217.53,-225.32,-204.6,-203.9,-234.74,-376.0,-183.0,-197.0,-184.0,-143.0,-218.0,134.44,178.98,170.61,163.04,168.35,153.67,0.72,1.21,1.27,0.7,0.71,0.57,0.71,1.03,1.22,0.61,0.66,0.52,0.11,0.62,0.52,0.31,0.24,0.16,1.0,2.85,2.35,2.14,1.68,1.15,,,,,,,0.0,0.01,0.02,0.0,0.0,0.0,0.0,0.01,0.01,0.0,0.0,0.0,0.01,0.05,0.06,0.03,0.02,0.01,0.0,0.05,0.06,0.03,0.02,0.01,0.0,0.4166666666666667,0.375,0.23076923076923075,0.11764705882352941,0.058823529411764705,0.01,0.02,0.02,0.03,0.01,0.01,0.0,0.02,0.02,0.02,0.01,0.01,0.95,0.95,0.95,0.95,0.95,0.95,Necrotic,Necrotic,Necrotic,Necrotic,Necrotic,Necrotic,Necrotic,Necrotic,Necrotic,Necrotic,Necrotic,Necrotic,false,false,false,false,false,false,Lesion 19 Day 033 AA,Lesion 19 Day 046 AA,Lesion 19 Day 060 AA,Lesion 19 Day 074 AA,Lesion 19 Day 088 AA,Lesion 19 Day 102 AA,5.7948394,5.761077,9,cool
BDQ+DEL+OPC,BN31,20,-262.49,-239.51,-185.33,-214.9,-288.33,-311.1,-244.0,-218.0,-140.0,-172.0,-283.0,-311.0,180.2,145.75,157.54,180.57,153.89,167.9,0.7,0.75,0.68,0.59,0.46,0.54,0.7,0.75,0.67,0.56,0.46,0.54,0.06,0.06,0.08,0.12,0.04,0.04,0.82,1.04,0.99,1.14,0.6,0.65,,,,,,,0.0,0.0,0.0,0.0,0.0,0.0,0.0,0.0,0.0,0.0,0.0,0.0,0.02,0.02,0.02,0.02,0.01,0.01,0.01,0.02,0.02,0.02,0.01,0.01,0.05555555555555556,0.16666666666666669,0.125,0.15384615384615385,0.058823529411764705,0.058823529411764705,0.01,0.02,0.01,0.01,0.02,0.01,0.01,0.01,0.02,0.01,0.01,0.0,0.48,0.48,0.48,0.48,0.48,0.48,Necrotic,Necrotic,Necrotic,Necrotic,Necrotic,Necrotic,Necrotic,Necrotic,Necrotic,Necrotic,Necrotic,Necrotic,false,false,false,false,false,false,Lesion 20 Day 033 AA,Lesion 20 Day 046 AA,Lesion 20 Day 060 AA,Lesion 20 Day 074 AA,Lesion 20 Day 088 AA,Lesion 20 Day 102 AA,7.3923492,8.76617,3,cool
BDQ+DEL+OPC,BN31,21,-512.59,-365.86,-430.07,-499.49,-498.06,-531.29,-517.0,-367.0,-439.0,-497.0,-502.0,-542.0,82.11,99.85,94.9,86.62,109.24,87.36,2.52,4.39,1.57,1.13,1.31,3.36,2.41,4.49,1.39,1.06,1.16,2.97,0.67,0.86,0.59,0.38,0.56,1.44,3.84,5.95,3.36,2.12,2.61,6.86,,,,,,,0.0,0.01,0.0,0.0,0.0,0.0,0.0,0.01,0.0,0.0,0.0,0.0,0.01,0.03,0.01,0.01,0.0,0.02,0.01,0.03,0.01,0.0,0.0,0.0,0.05555555555555556,0.25,0.0625,0.0,0.0,0.0,0.0,0.01,0.01,0.0,0.0,0.0,0.0,0.0,0.0,0.0,0.0,0.0,0.48,0.48,0.48,0.48,0.48,0.48,Fibrotic,Fibrotic,Fibrotic,Fibrotic,Fibrotic,Fibrotic,Fibrotic,Fibrotic,Fibrotic,Fibrotic,Fibrotic,Fibrotic,false,false,false,false,false,false,Lesion 21 Day 033 AA,Lesion 21 Day 046 AA,Lesion 21 Day 060 AA,Lesion 21 Day 074 AA,Lesion 21 Day 088 AA,Lesion 21 Day 102 AA,2.2286687,5.6092424,10,cool
BDQ+DEL+OPC,BN31,22,-290.66,-138.92,-174.62,-166.88,-158.09,-180.09,-310.0,-86.0,-133.0,-117.0,-92.0,-148.0,168.3,175.02,181.21,186.52,176.8,165.95,1.07,2.77,2.19,1.34,1.34,1.66,0.9,2.27,2.13,0.82,1.04,1.31,0.5,1.71,1.17,1.15,0.92,1.12,2.62,7.07,4.99,4.66,4.17,4.94,,,,,,,0.04,0.32,0.3,0.15,0.1,0.11,0.01,0.26,0.25,0.11,0.07,0.08,0.2,1.3,1.02,0.66,0.38,0.41,0.19,1.26,0.98,0.63,0.35,0.39,1.0555555555555556,10.5,6.125,4.846153846153846,2.0588235294117645,2.2941176470588234,0.13,0.16,0.2,0.19,0.09,0.11,0.04,0.29,0.25,0.27,0.17,0.12,0.95,0.95,0.95,0.95,0.95,0.95,Cavity,Cavity,Cavity,Cavity,Cavity,Cavity,Cavity,Cavity,Cavity,Cavity,Cavity,Cavity,false,false,false,false,false,false,Lesion 22 Day 033 AA,Lesion 22 Day 046 AA,Lesion 22 Day 060 AA,Lesion 22 Day 074 AA,Lesion 22 Day 088 AA,Lesion 22 Day 102 AA,-3.2681136,6.804389,0,hot
BDQ+DEL+OPC,BN31,23,-630.3,-408.26,-525.3,-392.95,-350.31,-399.6,-629.0,-408.0,-545.0,-418.0,-362.0,-414.0,70.99,133.58,153.16,125.82,178.72,182.08,1.1,0.67,0.56,0.51,0.41,0.46,1.1,0.67,0.56,0.5,0.41,0.46,0.15,0.06,0.05,0.06,0.03,0.04,1.37,0.83,0.72,0.68,0.49,0.54,,,,,,,0.0,0.0,0.0,0.0,0.0,0.0,0.0,0.0,0.0,0.0,0.0,0.0,0.0,0.0,0.0,0.0,0.0,0.0,0.0,0.0,0.0,0.0,0.0,0.0,0.0,0.0,0.0,0.0,0.0,0.0,0.0,0.0,0.0,0.0,0.0,0.0,0.0,0.0,0.0,0.0,0.0,0.0,0.48,0.48,0.48,0.48,0.48,0.48,Fibrotic,Fibrotic,Fibrotic,Fibrotic,Fibrotic,Fibrotic,Fibrotic,Fibrotic,Fibrotic,Fibrotic,Fibrotic,Fibrotic,false,false,false,false,false,false,Lesion 23 Day 033 AA,Lesion 23 Day 046 AA,Lesion 23 Day 060 AA,Lesion 23 Day 074 AA,Lesion 23 Day 088 AA,Lesion 23 Day 102 AA,10.877492,5.8372965,7,cool
BDQ+DEL+OPC,BN31,24,-258.81,-119.92,-127.84,-126.87,-154.22,-190.39,-281.0,-57.0,-77.0,-76.0,-92.0,-156.0,167.16,167.46,174.09,172.96,170.47,176.6,0.98,1.94,1.69,1.03,0.81,1.12,0.89,1.34,1.43,0.8,0.59,0.8,0.35,1.37,0.84,0.59,0.52,0.79,2.09,6.32,3.91,3.57,3.21,3.94,,,,,,,0.0,0.07,0.08,0.03,0.01,0.02,0.0,0.05,0.06,0.01,0.01,0.01,0.04,0.32,0.3,0.17,0.08,0.09,0.04,0.31,0.29,0.17,0.08,0.09,0.22222222222222224,2.5833333333333335,1.8124999999999998,1.3076923076923077,0.47058823529411764,0.5294117647058822,0.03,0.05,0.06,0.06,0.03,0.04,0.01,0.11,0.11,0.11,0.06,0.04,1.26,1.26,1.26,1.26,1.26,1.26,Necrotic,Necrotic,Necrotic,Necrotic,Necrotic,Necrotic,Necrotic,Necrotic,Necrotic,Necrotic,Necrotic,Necrotic,false,false,false,false,false,false,Lesion 24 Day 033 AA,Lesion 24 Day 046 AA,Lesion 24 Day 060 AA,Lesion 24 Day 074 AA,Lesion 24 Day 088 AA,Lesion 24 Day 102 AA,2.3922071,9.059793,6,cool
BDQ,BN34,1,-201.82,-17.75,-14.98,-3.67,13.89,21.29,-187.0,6.0,9.0,23.0,27.0,55.0,152.49,103.04,99.61,103.76,76.21,123.85,1.9,2.07,1.69,1.78,2.11,2.37,1.64,1.72,1.6,1.6,1.99,2.27,1.03,1.24,0.6,0.66,0.76,0.66,5.27,5.59,3.42,3.45,4.28,4.39,0.2,0.5,0.49,0.36,0.54,0.58,0.2,0.5,0.49,0.36,0.54,0.58,0.16,0.4,0.27,0.23,0.37,0.42,0.73,1.92,1.5,1.14,1.58,1.47,0.72,1.91,1.5,1.13,1.58,1.46,0.037950664136622396,0.08944543828264759,0.14327485380116958,0.10434782608695652,0.12616822429906543,0.13211845102505695,0.21,0.07,0.07,0.05,0.03,0.06,0.18,0.86,0.81,0.59,0.72,0.57,,,,,,2.4800069429571505,Cavity,Cavity,Cavity,Cavity,Cavity,Cavity,Cavity,Cavity,Cavity,Cavity,Cavity,Cavity,false,false,false,true,false,false,Lesion 01 Day 033 AA,Lesion 01 Day 046 AA,Lesion 01 Day 059 AA,Lesion 01 Day 05z073 AA,Lesion 01 Day 087 AA,Lesion 01 Day 101 AA,-2.0167267,8.955367,14,hot
BDQ,BN34,2,-369.66,-184.87,-229.95,-165.66,-225.72,-230.0,-377.0,-155.0,-202.0,-124.0,-214.0,-231.0,148.4,142.14,175.73,154.08,159.59,156.18,0.9,1.11,1.03,0.85,0.68,0.67,0.81,0.91,0.99,0.79,0.6,0.64,0.26,0.57,0.32,0.28,0.24,0.14,1.55,2.73,1.68,1.55,1.5,1.24,0.0,0.01,0.01,0.0,0.0,0.0,0.0,0.01,0.01,0.0,0.0,0.0,0.0,0.01,0.0,0.0,0.0,0.0,0.02,0.06,0.06,0.04,0.02,0.02,0.02,0.06,0.06,0.04,0.02,0.02,0.0,0.003663003663003663,0.005952380952380953,0.0,0.0,0.0,0.01,0.03,0.03,0.02,0.02,0.02,0.0,0.03,0.03,0.03,0.01,0.01,,,,,,3.977815026083187,Cavity,Cavity,Cavity,Cavity,Cavity,Cavity,Cavity,Cavity,Cavity,Cavity,Cavity,Cavity,true,true,true,true,true,true,Lesion 02z03 Day 033 AA,Lesion 02z03 Day 046 AA,Lesion 02z03 Day 059 AA,Lesion 02z03 Day 05z073 AA,Lesion 02z03 Day 087 AA,Lesion 02z03 Day 101 AA,6.322954,9.628517,3,cool
BDQ,BN34,4,-264.66,-88.8,-136.74,-75.8,-152.95,-133.62,-280.0,-45.0,-89.0,-37.0,-115.0,-98.0,174.16,137.8,157.57,135.08,172.09,178.22,2.03,1.97,1.42,1.33,1.19,0.96,1.61,1.81,1.34,1.26,0.98,0.85,1.3,0.8,0.48,0.52,0.62,0.41,5.85,3.74,2.51,2.57,2.78,1.95,0.06,0.19,0.11,0.09,0.05,0.03,0.06,0.19,0.11,0.09,0.05,0.03,0.05,0.13,0.05,0.03,0.03,0.0,0.23,0.59,0.38,0.33,0.19,0.18,0.21,0.58,0.37,0.33,0.19,0.17,0.010256410256410256,0.05080213903743315,0.043824701195219126,0.03501945525291829,0.01798561151079137,0.015384615384615384,0.07,0.07,0.09,0.05,0.07,0.08,0.03,0.23,0.17,0.2,0.1,0.11,,,,,,2.7446840632768863,Cavity,Cavity,Cavity,Cavity,Cavity,Cavity,Cavity,Cavity,Cavity,Cavity,Cavity,Cavity,true,true,true,true,true,true,Lesion 04z06 Day 033 AA,Lesion 04z06 Day 046 AA,Lesion 04z06 Day 059 AA,Lesion 04z06 Day 05z073 AA,Lesion 04z06 Day 087 AA,Lesion 04z06 Day 101 AA,0.9416142,10.390456,4,hot
BDQ,BN34,7,-264.22,-208.19,-148.95,-150.11,-135.89,-169.97,-270.0,-221.0,-117.0,-120.0,-80.0,-126.0,144.65,160.68,165.33,164.78,186.35,212.82,2.13,1.52,1.6,1.5,2.66,2.67,1.94,1.45,1.62,1.5,2.77,2.72,0.97,0.62,0.45,0.6,0.91,0.53,4.35,3.02,2.59,2.68,4.18,3.59,0.07,0.11,0.08,0.07,0.12,0.17,0.07,0.11,0.08,0.07,0.12,0.17,0.05,0.06,0.03,0.04,0.11,0.15,0.22,0.36,0.22,0.2,0.38,0.46,0.22,0.36,0.22,0.2,0.37,0.42,0.01609195402298851,0.03642384105960265,0.03088803088803089,0.02611940298507463,0.028708133971291867,0.04735376044568246,0.08,0.15,0.06,0.06,0.05,0.07,0.03,0.09,0.07,0.07,0.09,0.09,,,,,,3.7327956982893293,Necrotic,Necrotic,Necrotic,Necrotic,Necrotic,Necrotic,Necrotic,Necrotic,Necrotic,Necrotic,Necrotic,Necrotic,true,true,true,true,true,true,Lesion 05z07 Day 033 AA,Lesion 05z07 Day 046 AA,Lesion 05z07 Day 059 AA,Lesion 05z07 Day 05z073 AA,Lesion 05z07 Day 087 AA,Lesion 05z07 Day 101 AA,-3.671533,11.062409,5,hot
BDQ,BN34,8,-311.17,-173.83,-146.62,-121.37,-209.18,-203.81,-328.0,-140.0,-111.0,-82.0,-197.0,-213.0,153.61,156.34,142.85,150.31,168.53,157.91,1.41,1.42,1.28,1.09,0.92,0.92,1.22,1.16,1.2,0.91,0.71,0.9,0.69,0.76,0.52,0.56,0.58,0.34,3.87,3.43,2.43,2.78,2.93,1.96,0.06,0.16,0.13,0.08,0.04,0.01,0.06,0.16,0.13,0.08,0.04,0.01,0.03,0.11,0.04,0.03,0.02,0.0,0.21,0.6,0.47,0.35,0.23,0.21,0.2,0.6,0.46,0.35,0.23,0.2,0.015503875968992248,0.04664723032069971,0.053497942386831275,0.02877697841726619,0.013651877133105802,0.005102040816326531,0.11,0.19,0.14,0.11,0.14,0.13,0.03,0.21,0.21,0.21,0.11,0.09,,,,,,3.1179338350396413,Cavity,Cavity,Cavity,Cavity,Cavity,Cavity,Cavity,Cavity,Cavity,Cavity,Cavity,Cavity,true,true,true,true,true,true,Lesion 08z09z10 Day 033 AA,Lesion 08z09z10 Day 046 AA,Lesion 08z09z10 Day 059 AA,Lesion 08z09z10 Day 05z073 AA,Lesion 08z09z10 Day 087 AA,Lesion 08z09z10 Day 101 AA,-4.380294,10.48833,5,hot
BDQ,BN34,11,-151.88,-109.93,-107.84,-69.74,-84.01,-79.86,-131.0,-71.0,-73.0,-32.0,-50.0,-34.0,124.47,130.3,125.9,137.13,130.22,157.12,2.92,1.59,1.46,1.23,1.85,1.58,2.82,1.41,1.55,1.08,1.88,1.59,1.04,0.64,0.59,0.64,0.87,0.56,5.83,2.89,2.42,2.69,3.68,3.01,0.07,0.05,0.07,0.05,0.09,0.08,0.07,0.05,0.07,0.05,0.09,0.08,0.06,0.03,0.03,0.02,0.07,0.03,0.24,0.16,0.2,0.17,0.28,0.24,0.24,0.16,0.2,0.17,0.28,0.23,0.012006861063464838,0.01730103806228374,0.028225806451612906,0.01858736059479554,0.024456521739130432,0.026578073089701,0.04,0.03,0.04,0.03,0.03,0.04,0.05,0.08,0.1,0.11,0.12,0.11,,,,,,3.0993352776859577,Fibrotic,Fibrotic,Fibrotic,Fibrotic,Fibrotic,Fibrotic,Fibrotic,Fibrotic,Fibrotic,Fibrotic,Fibrotic,Fibrotic,false,false,false,true,false,false,Lesion 11 Day 033 AA,Lesion 11 Day 046 AA,Lesion 11 Day 059 AA,Lesion 11 Day 05z073 AA,Lesion 11 Day 087 AA,Lesion 11 Day 101 AA,3.224675,11.103401,4,hot
BDQ,BN34,12,-193.41,-72.83,-80.05,-33.2,-49.83,-79.65,-170.0,-11.0,-20.0,14.0,2.0,-18.0,155.78,141.65,147.4,128.42,134.72,162.11,2.6,2.28,1.88,1.74,1.7,1.3,2.28,2.1,1.89,1.61,1.57,1.24,1.52,1.32,0.61,0.7,0.86,0.57,6.61,6.46,3.14,3.29,3.42,2.8,0.06,0.12,0.12,0.11,0.07,0.06,0.06,0.12,0.12,0.11,0.07,0.06,0.05,0.1,0.08,0.07,0.06,0.02,0.22,0.4,0.33,0.35,0.24,0.22,0.22,0.4,0.33,0.34,0.24,0.22,0.00907715582450832,0.018575851393188854,0.03821656050955414,0.03343465045592705,0.020467836257309944,0.02142857142857143,0.05,0.05,0.04,0.03,0.03,0.05,0.04,0.14,0.13,0.17,0.12,0.12,,,,,,3.833848049531148,Cavity,Cavity,Cavity,Cavity,Cavity,Cavity,Cavity,Cavity,Cavity,Cavity,Cavity,Cavity,false,false,false,true,false,false,Lesion 12 Day 033 AA,Lesion 12 Day 046 AA,Lesion 12 Day 059 AA,Lesion 12 Day 05z073 AA,Lesion 12 Day 087 AA,Lesion 12 Day 101 AA,0.8264902,10.051634,4,hot
BDQ,BN34,13,-225.27,-112.36,-85.72,-43.33,-79.17,-60.19,-219.0,-46.0,-27.0,-20.0,-32.0,-17.0,174.52,167.98,159.16,108.21,164.97,154.81,1.69,1.97,1.29,1.35,1.3,1.46,1.39,1.95,1.28,1.38,1.25,1.43,0.79,0.83,0.38,0.36,0.46,0.34,3.81,3.7,2.23,2.11,2.36,2.29,0.02,0.09,0.05,0.11,0.06,0.07,0.02,0.09,0.05,0.11,0.06,0.07,0.02,0.06,0.0,0.0,0.01,0.01,0.09,0.26,0.2,0.37,0.21,0.23,0.08,0.25,0.2,0.37,0.2,0.22,0.005249343832020997,0.024324324324324322,0.022421524663677132,0.05213270142180095,0.025423728813559324,0.030567685589519653,0.03,0.03,0.03,0.03,0.03,0.03,0.02,0.09,0.12,0.24,0.13,0.12,,,,,,3.383815365980431,Cavity,Cavity,Cavity,Cavity,Cavity,Cavity,Cavity,Cavity,Cavity,Cavity,Cavity,Cavity,false,false,false,true,false,false,Lesion 13 Day 033 AA,Lesion 13 Day 046 AA,Lesion 13 Day 059 AA,Lesion 13 Day 05z073 AA,Lesion 13 Day 087 AA,Lesion 13 Day 101 AA,2.4505215,8.829855,6,cool
BDQ,BN34,14,-291.48,-120.97,-116.74,-80.65,-149.5,-193.38,-308.0,-63.0,-65.0,-29.0,-88.0,-160.0,158.97,154.18,141.35,146.42,172.75,201.02,1.64,2.02,1.64,1.39,1.29,1.28,1.47,2.03,1.6,1.17,1.08,1.17,0.78,0.87,0.48,0.74,0.75,0.57,3.43,4.05,2.81,3.46,3.94,3.29,0.07,0.23,0.21,0.2,0.1,0.07,0.07,0.23,0.21,0.2,0.1,0.07,0.05,0.18,0.09,0.12,0.05,0.03,0.24,0.72,0.61,0.74,0.38,0.29,0.22,0.71,0.6,0.73,0.36,0.27,0.020408163265306124,0.05679012345679013,0.07473309608540925,0.05780346820809249,0.02538071065989848,0.021276595744680854,0.1,0.11,0.11,0.13,0.11,0.1,0.03,0.24,0.26,0.4,0.18,0.11,,,,,,2.791690649020118,Cavity,Cavity,Cavity,Cavity,Cavity,Cavity,Cavity,Cavity,Cavity,Cavity,Cavity,Cavity,true,true,true,true,true,true,Lesion 14z15z16 Day 033 AA,Lesion 14z15z16 Day 046 AA,Lesion 14z15z16 Day 059 AA,Lesion 14z15z16 Day 05z073 AA,Lesion 14z15z16 Day 087 AA,Lesion 14z15z16 Day 101 AA,-1.3695004,9.310698,14,hot
BDQ,BN34,17,-434.37,-254.52,-213.37,-182.7,-286.46,-308.22,-452.0,-256.0,-192.0,-158.0,-293.0,-321.0,89.31,138.98,157.73,150.77,142.62,160.88,0.35,0.88,0.92,0.53,0.41,0.53,0.35,0.8,0.9,0.47,0.37,0.53,0.01,0.39,0.26,0.16,0.12,0.09,0.38,1.96,1.57,1.25,0.83,0.71,0.0,0.0,0.0,0.0,0.0,0.0,0.0,0.0,0.0,0.0,0.0,0.0,0.0,0.0,0.0,0.0,0.0,0.0,0.0,0.03,0.04,0.02,0.01,0.01,0.0,0.03,0.04,0.02,0.01,0.01,0.0,0.0,0.0,0.0,0.0,0.0,0.0,0.02,0.02,0.02,0.02,0.01,0.0,0.01,0.02,0.02,0.01,0.0,,,,,,0.47712125471966244,Necrotic,Necrotic,Necrotic,Necrotic,Necrotic,Necrotic,Necrotic,Necrotic,Necrotic,Necrotic,Necrotic,Necrotic,false,false,false,true,false,false,Lesion 17 Day 033 AA,Lesion 17 Day 046 AA,Lesion 17 Day 059 AA,Lesion 17 Day 05z073 AA,Lesion 17 Day 087 AA,Lesion 17 Day 101 AA,8.407877,9.018924,3,cool
BDQ,BN34,18,-179.12,-114.66,-115.68,-114.24,-169.84,-162.08,-163.0,-72.0,-82.0,-64.0,-143.0,-131.0,160.79,130.2,133.46,158.17,172.61,193.36,1.97,1.92,1.6,1.23,1.32,1.05,1.73,1.52,1.51,1.18,1.26,1.03,0.83,0.99,0.47,0.42,0.56,0.27,4.71,5.37,2.64,2.69,3.06,1.78,0.09,0.09,0.08,0.03,0.04,0.01,0.09,0.09,0.08,0.03,0.04,0.01,0.05,0.06,0.04,0.01,0.02,0.0,0.26,0.34,0.26,0.18,0.17,0.12,0.26,0.34,0.26,0.17,0.17,0.11,0.01910828025477707,0.01675977653631285,0.030303030303030304,0.011194029850746268,0.013071895424836602,0.0056179775280898875,0.07,0.06,0.05,0.05,0.06,0.05,0.06,0.12,0.11,0.09,0.07,0.06,,,,,,2.8627275283179747,Necrotic,Necrotic,Necrotic,Necrotic,Necrotic,Necrotic,Necrotic,Necrotic,Necrotic,Necrotic,Necrotic,Necrotic,false,false,false,true,false,false,Lesion 18 Day 033 AA,Lesion 18 Day 046 AA,Lesion 18 Day 059 AA,Lesion 18 Day 05z073 AA,Lesion 18 Day 087 AA,Lesion 18 Day 101 AA,1.738717,11.059254,4,hot
BDQ,BN34,19,-339.36,-205.14,-156.5,-176.81,-259.95,-246.71,-365.0,-179.0,-114.0,-154.0,-261.0,-254.0,142.53,144.52,143.07,144.03,149.43,164.27,1.19,1.0,1.1,0.57,0.56,0.79,1.16,0.83,1.05,0.47,0.49,0.73,0.36,0.53,0.38,0.25,0.24,0.25,2.07,2.16,1.95,1.42,1.24,1.57,0.01,0.01,0.01,0.0,0.0,0.0,0.01,0.01,0.01,0.0,0.0,0.0,0.0,0.0,0.0,0.0,0.0,0.0,0.04,0.05,0.06,0.03,0.02,0.03,0.03,0.05,0.06,0.03,0.02,0.03,0.004830917874396136,0.004629629629629629,0.005128205128205128,0.0,0.0,0.0,0.02,0.03,0.02,0.03,0.03,0.03,0.0,0.02,0.03,0.03,0.01,0.01,,,,,,3.0610753236297916,Necrotic,Necrotic,Necrotic,Necrotic,Necrotic,Necrotic,Necrotic,Necrotic,Necrotic,Necrotic,Necrotic,Necrotic,false,false,false,true,false,false,Lesion 19 Day 033 AA,Lesion 19 Day 046 AA,Lesion 19 Day 059 AA,Lesion 19 Day 05z073 AA,Lesion 19 Day 087 AA,Lesion 19 Day 101 AA,6.8298516,9.368784,3,cool
EMB+INH+PZA+RIF,BN36,1,-266.47,-173.49,-141.66,-126.46,-178.54,-247.39,-265.68,-91.89,-76.1,-60.99,-139.95,-205.51,221.79,224.46,214.55,221.44,224.94,211.13,0.99,1.8,1.39,1.4,0.8,0.92,1.01,1.67,1.38,1.44,0.75,0.95,0.25,0.63,0.21,0.14,0.2,0.23,1.41,3.1,2.14,1.65,1.41,1.38,0.0,0.03,0.0,0.0,0.0,0.0,,,,,,,0.0,0.03,0.0,0.0,0.0,0.0,0.03,0.14,0.1,0.06,0.02,0.03,0.03,0.14,0.1,0.06,0.02,0.03,0.0,0.0,0.0,0.0,0.0,0.0,0.02,0.03,0.02,0.02,0.01,0.01,0.01,0.05,0.05,0.03,0.01,0.01,,,,,,0.7781512503836436,Fibrotic,Fibrotic,Fibrotic,Fibrotic,Fibrotic,Fibrotic,Fibrotic,Fibrotic,Fibrotic,Fibrotic,Fibrotic,Fibrotic,false,false,false,false,false,false,Lesion 01 Day 032 FG,Lesion 01 Day 045 FG,Lesion 01 Day 059 FG,Lesion 01 Day 074 FG,Lesion 01 Day 089 FG,Lesion 01 Day 102 FG,2.8998027,3.7416518,1,cool
EMB+INH+PZA+RIF,BN36,2,-544.86,-437.61,-426.87,-547.38,-642.53,-701.56,-587.72,-457.1,-470.53,-563.07,-644.06,-703.56,138.62,194.24,150.12,119.09,91.73,70.17,0.31,0.62,0.49,0.52,0.41,0.34,0.33,0.61,0.49,0.52,0.42,0.33,0.04,0.12,0.04,0.08,0.05,0.04,0.41,0.97,0.57,0.72,0.5,0.47,0.0,0.0,0.0,0.0,0.0,0.0,,,,,,,0.0,0.0,0.0,0.0,0.0,0.0,0.0,0.01,0.0,0.0,0.0,0.0,0.0,0.01,0.0,0.0,0.0,0.0,0.0,0.0,0.0,0.0,0.0,0.0,0.0,0.01,0.01,0.01,0.0,0.0,0.0,0.0,0.0,0.0,0.0,0.0,,,,,,0.47712125471966244,Fibrotic,Fibrotic,Fibrotic,Fibrotic,Fibrotic,Fibrotic,Fibrotic,Fibrotic,Fibrotic,Fibrotic,Fibrotic,Fibrotic,false,false,false,false,false,false,Lesion 02 Day 032 FG,Lesion 02 Day 045 FG,Lesion 02 Day 059 FG,Lesion 02 Day 074 FG,Lesion 02 Day 089 FG,Lesion 02 Day 102 FG,7.9908032,3.1243033,13,cool
EMB+INH+PZA+RIF,BN36,3,-464.26,-327.31,-346.12,-436.45,-573.17,-588.82,-475.62,-348.36,-363.7,-462.26,-580.28,-596.98,151.77,210.22,192.37,169.17,112.9,152.28,0.61,1.3,0.74,0.58,0.49,0.51,0.63,1.2,0.75,0.59,0.48,0.5,0.08,0.47,0.11,0.07,0.1,0.06,0.74,2.33,0.97,0.81,0.77,0.62,0.0,0.0,0.0,0.0,0.0,0.0,,,,,,,0.0,0.0,0.0,0.0,0.0,0.0,0.01,0.04,0.01,0.01,0.01,0.01,0.01,0.04,0.01,0.01,0.0,0.01,0.0,0.0,0.0,0.0,0.0,0.0,0.01,0.02,0.01,0.01,0.01,0.01,0.0,0.01,0.01,0.0,0.0,0.0,,,,,,0.47712125471966244,Fibrotic,Fibrotic,Fibrotic,Fibrotic,Fibrotic,Fibrotic,Fibrotic,Fibrotic,Fibrotic,Fibrotic,Fibrotic,Fibrotic,false,false,false,false,false,false,Lesion 03 Day 032 FG,Lesion 03 Day 045 FG,Lesion 03 Day 059 FG,Lesion 03 Day 074 FG,Lesion 03 Day 089 FG,Lesion 03 Day 102 FG,6.610197,2.351955,13,cool
EMB+INH+PZA+RIF,BN36,4,-266.34,-74.43,-140.04,-227.34,-261.68,-345.3,-292.18,12.75,-69.93,-203.31,-273.7,-363.33,221.0,198.2,226.93,239.88,247.88,236.99,1.64,3.37,2.09,1.83,1.98,0.84,1.48,3.34,2.03,1.74,1.67,0.82,0.58,1.1,0.69,0.64,0.93,0.19,3.59,8.07,3.67,4.08,3.77,1.42,0.04,0.64,0.31,0.13,0.11,0.0,,,,,,,0.04,0.64,0.31,0.13,0.11,0.0,0.29,2.43,1.24,0.75,0.51,0.21,0.28,2.42,1.21,0.73,0.47,0.19,0.0,0.0,0.0,0.0,0.0,0.0,0.11,0.16,0.19,0.2,0.14,0.15,0.07,0.56,0.38,0.2,0.1,0.07,,,,,,1.0791812460476249,Necrotic,Necrotic,Necrotic,Necrotic,Necrotic,Necrotic,Necrotic,Necrotic,Necrotic,Necrotic,Necrotic,Necrotic,true,true,true,true,true,true,Lesion 04z05 Day 032 FG,Lesion 04z05 Day 045 FG,Lesion 04z05 Day 059 FG,Lesion 04z05 Day 074 FG,Lesion 04z05 Day 089 FG,Lesion 04z05 Day 102 FG,-2.9594975,5.0638833,11,hot
EMB+INH+PZA+RIF,BN36,6,-236.98,-150.7,-155.45,-193.05,-297.23,-310.68,-237.14,-75.48,-92.53,-145.99,-304.56,-326.43,206.39,231.56,223.79,254.74,263.42,265.23,1.09,2.29,1.36,1.19,1.0,0.86,1.11,2.24,1.24,1.19,1.01,0.84,0.09,0.74,0.38,0.22,0.27,0.17,1.24,4.02,2.66,1.75,1.57,1.32,0.0,0.13,0.01,0.0,0.0,0.0,,,,,,,0.0,0.13,0.01,0.0,0.0,0.0,0.04,0.49,0.16,0.17,0.07,0.04,0.03,0.48,0.16,0.16,0.06,0.04,0.0,0.0,0.0,0.0,0.0,0.0,0.02,0.07,0.04,0.05,0.04,0.03,0.02,0.13,0.07,0.08,0.03,0.02,,,,,,0.9542425094393249,Necrotic,Necrotic,Necrotic,Necrotic,Necrotic,Necrotic,Necrotic,Necrotic,Necrotic,Necrotic,Necrotic,Necrotic,false,false,false,false,false,false,Lesion 06 Day 032 FG,Lesion 06 Day 045 FG,Lesion 06 Day 059 FG,Lesion 06 Day 074 FG,Lesion 06 Day 089 FG,Lesion 06 Day 102 FG,1.1074001,3.0785725,1,cool
EMB+INH+PZA+RIF,BN36,7,-432.21,-247.77,-268.42,-251.71,-180.68,-241.13,-447.08,-253.98,-265.09,-284.36,-135.84,-232.15,122.6,219.93,235.68,255.73,224.76,225.92,0.54,1.79,1.43,1.02,1.09,0.91,0.54,1.86,1.43,1.0,1.08,0.93,0.05,0.55,0.33,0.23,0.19,0.16,0.61,2.73,2.24,1.5,1.5,1.26,0.0,0.02,0.0,0.0,0.0,0.0,,,,,,,0.0,0.02,0.0,0.0,0.0,0.0,0.0,0.09,0.05,0.02,0.41,0.26,0.0,0.09,0.05,0.02,0.41,0.26,0.0,0.0,0.0,0.0,0.0,0.0,0.01,0.02,0.02,0.01,0.15,0.15,0.0,0.02,0.02,0.01,0.22,0.13,,,,,,0.47712125471966244,Fibrotic,Fibrotic,Fibrotic,Fibrotic,Fibrotic,Fibrotic,Fibrotic,Fibrotic,Fibrotic,Fibrotic,Fibrotic,Fibrotic,false,false,false,false,false,false,Lesion 07 Day 032 FG,Lesion 07 Day 045 FG,Lesion 07 Day 059 FG,Lesion 07 Day 074 FG,Lesion 07 Day 089 FG,Lesion 07 Day 102 FG,4.118133,2.2734942,1,cool
EMB+INH+PZA+RIF,BN36,8,-284.12,-143.8,-187.98,-244.39,-253.16,-281.09,-308.48,-61.11,-125.4,-223.08,-261.35,-307.99,230.14,223.85,223.56,224.35,225.53,246.73,1.21,3.08,1.95,1.55,1.07,1.21,1.28,3.07,1.84,1.53,1.01,1.23,0.38,0.95,0.73,0.5,0.39,0.31,1.75,4.97,3.75,2.61,2.03,1.91,0.0,0.19,0.11,0.03,0.0,0.0,,,,,,,0.0,0.19,0.11,0.03,0.0,0.0,0.07,0.66,0.52,0.22,0.1,0.08,0.07,0.65,0.51,0.22,0.1,0.07,0.0,0.0,0.0,0.0,0.0,0.0,0.04,0.07,0.1,0.08,0.05,0.04,0.02,0.14,0.15,0.07,0.04,0.03,,,,,,0.47712125471966244,Necrotic,Necrotic,Necrotic,Necrotic,Necrotic,Necrotic,Necrotic,Necrotic,Necrotic,Necrotic,Necrotic,Necrotic,true,true,true,true,true,true,Lesion 08z10 Day 032 FG,Lesion 08z10 Day 045 FG,Lesion 08z10 Day 059 FG,Lesion 08z10 Day 074 FG,Lesion 08z10 Day 089 FG,Lesion 08z10 Day 102 FG,-0.033205096,3.372513,12,hot
EMB+INH+PZA+RIF,BN36,9,-366.52,-264.89,-355.48,-344.03,-419.58,-529.52,-392.05,-258.08,-369.87,-359.47,-440.36,-555.99,181.21,205.56,230.48,172.14,157.42,165.6,0.78,1.9,1.15,0.83,0.49,0.6,0.77,1.85,1.15,0.84,0.53,0.59,0.13,0.44,0.27,0.08,0.06,0.04,1.06,2.88,1.66,0.97,0.59,0.66,0.0,0.02,0.0,0.0,0.0,0.0,,,,,,,0.0,0.02,0.0,0.0,0.0,0.0,0.01,0.12,0.04,0.01,0.0,0.01,0.01,0.12,0.04,0.01,0.0,0.0,0.0,0.0,0.0,0.0,0.0,0.0,0.01,0.04,0.02,0.01,0.01,0.01,0.0,0.03,0.01,0.0,0.0,0.0,,,,,,0.47712125471966244,Fibrotic,Fibrotic,Fibrotic,Fibrotic,Fibrotic,Fibrotic,Fibrotic,Fibrotic,Fibrotic,Fibrotic,Fibrotic,Fibrotic,false,false,false,false,false,false,Lesion 09 Day 032 FG,Lesion 09 Day 045 FG,Lesion 09 Day 059 FG,Lesion 09 Day 074 FG,Lesion 09 Day 089 FG,Lesion 09 Day 102 FG,4.745853,1.9439334,1,cool
EMB+INH+PZA+RIF,BN36,11,-451.3,-342.12,-454.31,-465.12,-635.78,-723.82,-546.95,-366.82,-466.42,-489.93,-633.77,-736.35,248.68,182.98,173.85,125.4,76.94,73.46,1.02,1.34,0.96,0.99,0.52,0.87,1.0,1.34,0.95,0.98,0.52,0.86,0.12,0.1,0.08,0.21,0.1,0.14,1.26,1.49,1.12,1.36,0.7,1.11,0.0,0.0,0.0,0.0,0.0,0.0,,,,,,,0.0,0.0,0.0,0.0,0.0,0.0,0.01,0.02,0.01,0.0,0.0,0.0,0.0,0.02,0.01,0.0,0.0,0.0,0.0,0.0,0.0,0.0,0.0,0.0,0.0,0.01,0.01,0.0,0.0,0.0,0.0,0.0,0.0,0.0,0.0,0.0,,,,,,0.47712125471966244,Fibrotic,Fibrotic,Fibrotic,Fibrotic,Fibrotic,Fibrotic,Fibrotic,Fibrotic,Fibrotic,Fibrotic,Fibrotic,Fibrotic,false,false,false,false,false,false,Lesion 11 Day 032 FG,Lesion 11 Day 045 FG,Lesion 11 Day 059 FG,Lesion 11 Day 074 FG,Lesion 11 Day 089 FG,Lesion 11 Day 102 FG,7.8760214,3.2027113,13,cool
BDQ+OPC,BN40,1,-418.83,-216.4,-199.16,-132.77,-178.66,-218.16,-434.0,-224.0,-170.0,-63.0,-97.0,-177.0,130.18,186.85,192.03,190.69,208.6,221.98,0.6,1.61,1.44,0.98,1.63,1.25,0.59,1.17,1.45,0.89,1.54,1.3,0.11,1.2,0.55,0.36,0.72,0.42,0.94,6.77,2.74,1.91,3.32,2.15,,,,,,,0.0,0.1,0.13,0.03,0.07,0.03,0.0,0.06,0.05,0.0,0.04,0.0,0.04,0.47,0.41,0.25,0.21,0.17,0.03,0.45,0.39,0.24,0.2,0.15,0.75,11.25,6.500000000000001,2.6666666666666665,4.0,2.5,0.04,0.16,0.12,0.08,0.04,0.05,0.0,0.12,0.14,0.16,0.07,0.06,3.64,3.64,3.64,3.64,3.64,3.64,Cavity,Cavity,Cavity,Cavity,Cavity,Cavity,Cavity,Cavity,Cavity,Cavity,Cavity,Cavity,true,true,true,true,true,true,Lesion 01z02z03 Day 034 AA,Lesion 01z02z03 Day 047 AA,Lesion 01z02z03 Day 062 AA,Lesion 01z02z03 Day 075 AA,Lesion 01z02z03 Day 091 AA,Lesion 01z02z03 Day 103 AA,-3.798109,11.060415,5,hot
BDQ+OPC,BN40,4,-552.51,-320.28,-350.65,-395.91,-555.06,-606.05,-560.0,-337.0,-363.0,-411.0,-565.0,-615.0,71.81,147.28,152.65,141.69,93.65,85.82,0.39,0.85,0.54,0.33,0.32,0.39,0.39,0.85,0.52,0.32,0.31,0.39,0.04,0.1,0.07,0.03,0.02,0.05,0.47,1.04,0.73,0.41,0.38,0.51,,,,,,,0.0,0.0,0.0,0.0,0.0,0.0,0.0,0.0,0.0,0.0,0.0,0.0,0.0,0.01,0.01,0.0,0.0,0.0,0.0,0.01,0.01,0.0,0.0,0.0,0.0,0.25,0.16666666666666669,0.0,0.0,0.0,0.0,0.01,0.01,0.01,0.0,0.0,0.0,0.0,0.0,0.0,0.0,0.0,0.48,0.48,0.48,0.48,0.48,0.48,Fibrotic,Fibrotic,Fibrotic,Fibrotic,Fibrotic,Fibrotic,Fibrotic,Fibrotic,Fibrotic,Fibrotic,Fibrotic,Fibrotic,false,false,false,false,false,false,Lesion 04 Day 034 AA,Lesion 04 Day 047 AA,Lesion 04 Day 062 AA,Lesion 04 Day 075 AA,Lesion 04 Day 091 AA,Lesion 04 Day 103 AA,9.646603,6.585188,8,cool
BDQ+OPC,BN40,5,-314.43,-92.11,-127.63,-173.83,-233.24,-231.99,-334.0,-29.0,-66.0,-142.0,-222.0,-223.0,132.8,160.99,167.32,166.76,163.82,168.74,0.86,2.6,1.61,0.9,1.03,1.74,0.58,2.42,1.43,0.85,0.82,0.86,0.66,1.17,0.75,0.38,0.63,1.77,3.62,6.1,3.53,2.05,3.34,7.51,,,,,,,0.03,0.68,0.32,0.05,0.06,0.07,0.01,0.53,0.2,0.0,0.03,0.06,0.15,2.18,1.13,0.46,0.3,0.37,0.14,2.14,1.1,0.45,0.28,0.36,3.5000000000000004,53.5,18.333333333333336,5.0,5.6000000000000005,6.0,0.12,0.2,0.23,0.23,0.16,0.12,0.02,0.61,0.47,0.26,0.1,0.08,2.65,2.65,2.65,2.65,2.65,2.65,Cavity,Cavity,Cavity,Cavity,Cavity,Cavity,Cavity,Cavity,Cavity,Cavity,Cavity,Cavity,false,false,false,false,false,false,Lesion 05 Day 034 AA,Lesion 05 Day 047 AA,Lesion 05 Day 062 AA,Lesion 05 Day 075 AA,Lesion 05 Day 091 AA,Lesion 05 Day 103 AA,-4.3196697,6.986739,0,hot
BDQ+OPC,BN40,6,-581.41,-408.14,-449.25,-446.97,-612.25,-547.01,-608.0,-417.0,-461.0,-456.0,-614.0,-545.0,97.65,98.01,105.21,73.02,72.2,83.41,0.2,0.66,0.41,0.24,0.24,0.29,0.21,0.63,0.4,0.24,0.24,0.3,0.01,0.14,0.02,0.01,0.01,0.02,0.23,1.02,0.45,0.26,0.26,0.33,,,,,,,0.0,0.0,0.0,0.0,0.0,0.0,0.0,0.0,0.0,0.0,0.0,0.0,0.0,0.01,0.0,0.0,0.0,0.0,0.0,0.01,0.0,0.0,0.0,0.0,0.0,0.25,0.0,0.0,0.0,0.0,0.0,0.01,0.01,0.0,0.0,0.0,0.0,0.0,0.0,0.0,0.0,0.0,0.78,0.78,0.78,0.78,0.78,0.78,Scar,Scar,Scar,Scar,Scar,Scar,Scar,Scar,Scar,Scar,Scar,Scar,false,false,false,false,false,false,Lesion 06 Day 034 AA,Lesion 06 Day 047 AA,Lesion 06 Day 062 AA,Lesion 06 Day 075 AA,Lesion 06 Day 091 AA,Lesion 06 Day 103 AA,11.862448,7.8966675,7,cool
BDQ+OPC,BN40,7,-701.16,-452.81,-522.43,-573.94,-670.19,-511.14,-701.0,-450.0,-526.0,-576.0,-672.0,-520.0,47.89,71.51,74.24,46.36,38.88,83.29,0.22,0.78,0.42,0.3,0.24,0.27,0.21,0.75,0.42,0.3,0.23,0.27,0.02,0.12,0.03,0.03,0.02,0.01,0.3,1.25,0.49,0.35,0.28,0.3,,,,,,,0.0,0.0,0.0,0.0,0.0,0.0,0.0,0.0,0.0,0.0,0.0,0.0,0.0,0.01,0.0,0.0,0.0,0.0,0.0,0.01,0.0,0.0,0.0,0.0,0.0,0.25,0.0,0.0,0.0,0.0,0.0,0.01,0.0,0.0,0.0,0.0,0.0,0.0,0.0,0.0,0.0,0.0,0.78,0.78,0.78,0.78,0.78,0.78,Scar,Scar,Scar,Scar,Scar,Scar,Scar,Scar,Scar,Scar,Scar,Scar,false,false,false,false,false,false,Lesion 07 Day 034 AA,Lesion 07 Day 047 AA,Lesion 07 Day 062 AA,Lesion 07 Day 075 AA,Lesion 07 Day 091 AA,Lesion 07 Day 103 AA,12.434984,7.724858,7,cool
BDQ+OPC,BN40,8,-445.79,-240.29,-211.83,-247.83,-281.39,-269.07,-494.0,-235.0,-186.0,-259.0,-296.0,-264.0,189.3,179.66,191.31,179.73,178.78,164.27,0.48,2.05,1.55,0.71,0.72,0.72,0.41,1.62,1.44,0.65,0.61,0.73,0.16,1.22,0.64,0.27,0.32,0.17,0.92,5.7,2.95,1.42,1.61,1.15,,,,,,,0.0,0.07,0.08,0.0,0.0,0.0,0.0,0.05,0.05,0.0,0.0,0.0,0.02,0.26,0.26,0.08,0.04,0.06,0.01,0.24,0.24,0.07,0.04,0.05,0.25,6.0,4.0,0.7777777777777779,0.7999999999999999,0.8333333333333334,0.01,0.07,0.08,0.06,0.04,0.06,0.0,0.05,0.08,0.04,0.02,0.02,3.67,3.67,3.67,3.67,3.67,3.67,Necrotic,Necrotic,Necrotic,Necrotic,Necrotic,Necrotic,Necrotic,Necrotic,Necrotic,Necrotic,Necrotic,Necrotic,true,true,true,true,true,true,Lesion 08z09 Day 034 AA,Lesion 08z09 Day 047 AA,Lesion 08z09 Day 062 AA,Lesion 08z09 Day 075 AA,Lesion 08z09 Day 091 AA,Lesion 08z09 Day 103 AA,6.561561,3.1001446,13,cool
BDQ+OPC,BN40,10,-321.14,-207.83,-142.01,-75.66,-113.3,-112.25,-369.0,-194.0,-83.0,-13.0,-56.0,-61.0,162.83,177.91,171.91,155.74,156.7,153.27,0.51,2.16,1.69,1.39,1.45,1.12,0.44,1.72,1.45,1.26,1.15,0.9,0.23,1.43,1.03,0.71,0.86,0.51,1.75,5.93,4.98,3.42,4.09,3.04,,,,,,,0.0,0.21,0.44,0.3,0.27,0.22,0.0,0.17,0.31,0.16,0.18,0.11,0.1,0.84,1.58,1.04,1.06,1.27,0.08,0.79,1.56,1.03,1.04,1.25,2.0,19.75,26.000000000000004,11.444444444444445,20.8,20.833333333333336,0.12,0.19,0.3,0.18,0.22,0.33,0.03,0.17,0.61,0.57,0.5,0.78,4.59,4.59,4.59,4.59,4.59,4.59,Cavity,Cavity,Cavity,Cavity,Cavity,Cavity,Cavity,Cavity,Cavity,Cavity,Cavity,Cavity,false,false,false,false,false,false,Lesion 10 Day 034 AA,Lesion 10 Day 047 AA,Lesion 10 Day 062 AA,Lesion 10 Day 075 AA,Lesion 10 Day 091 AA,Lesion 10 Day 103 AA,-4.4065223,9.422352,5,hot
BDQ+OPC,BN40,11,-285.18,-185.82,-189.15,-190.68,-184.16,-256.15,-300.0,-160.0,-154.0,-145.0,-142.0,-259.0,159.63,166.28,178.52,179.27,169.11,175.77,0.49,2.64,1.72,0.99,1.36,0.88,0.46,2.44,1.54,0.82,0.92,0.65,0.15,1.21,0.81,0.64,1.08,0.6,1.06,6.52,4.14,3.46,4.67,3.47,,,,,,,0.0,0.85,0.51,0.16,0.23,0.11,0.0,0.67,0.33,0.09,0.18,0.07,0.11,2.74,1.7,0.92,1.07,0.84,0.1,2.67,1.64,0.89,1.05,0.79,2.5,66.75,27.333333333333332,9.88888888888889,21.0,13.166666666666668,0.16,0.5,0.46,0.38,0.36,0.56,0.05,0.5,0.49,0.48,0.39,0.3,4.61,4.61,4.61,4.61,4.61,4.61,Cavity,Cavity,Cavity,Cavity,Cavity,Cavity,Cavity,Cavity,Cavity,Cavity,Cavity,Cavity,true,true,true,true,true,true,Lesion 11z12 Day 034 AA,Lesion 11z12 Day 047 AA,Lesion 11z12 Day 062 AA,Lesion 11z12 Day 075 AA,Lesion 11z12 Day 091 AA,Lesion 11z12 Day 103 AA,-4.767198,9.070251,5,hot
BDQ+OPC,BN40,13,-670.66,-472.29,-367.69,-510.45,-593.95,-629.86,-675.0,-487.0,-385.0,-513.0,-593.0,-635.0,43.66,101.2,127.17,112.69,106.71,68.02,0.42,0.84,0.77,0.35,0.34,0.41,0.41,0.83,0.77,0.34,0.34,0.4,0.08,0.12,0.09,0.03,0.03,0.02,0.63,1.08,0.96,0.42,0.42,0.47,,,,,,,0.0,0.0,0.0,0.0,0.0,0.0,0.0,0.0,0.0,0.0,0.0,0.0,0.0,0.01,0.01,0.0,0.0,0.0,0.0,0.0,0.01,0.0,0.0,0.0,0.0,0.0,0.16666666666666669,0.0,0.0,0.0,0.0,0.0,0.01,0.0,0.0,0.0,0.0,0.0,0.0,0.0,0.0,0.0,0.48,0.48,0.48,0.48,0.48,0.48,Scar,Scar,Scar,Scar,Scar,Scar,Scar,Scar,Scar,Scar,Scar,Scar,false,false,false,false,false,false,Lesion 13 Day 034 AA,Lesion 13 Day 047 AA,Lesion 13 Day 062 AA,Lesion 13 Day 075 AA,Lesion 13 Day 091 AA,Lesion 13 Day 103 AA,12.233524,6.3458176,7,cool
BDQ+OPC,BN42,1,-136.28,-166.53,-136.03,-150.21,-169.11,-211.11,-125.0,-107.0,-92.0,-114.0,-141.0,-191.0,125.86,166.59,163.44,166.6,178.48,174.13,1.07,1.89,1.6,0.66,0.85,0.98,1.03,1.86,1.51,0.52,0.77,0.86,0.22,0.82,0.86,0.4,0.35,0.52,1.93,3.93,3.58,2.25,2.07,2.82,,,,,,,0.02,0.26,0.22,0.02,0.01,0.03,0.0,0.18,0.15,0.0,0.0,0.01,0.44,0.75,0.7,0.24,0.18,0.17,0.44,0.73,0.7,0.24,0.17,0.16,3.142857142857143,6.636363636363636,5.384615384615384,3.0,0.68,1.777777777777778,0.18,0.17,0.16,0.15,0.1,0.09,0.23,0.22,0.27,0.21,0.1,0.07,2.48,2.48,2.48,2.48,2.48,2.48,Cavity,Cavity,Cavity,Cavity,Cavity,Cavity,Cavity,Cavity,Cavity,Cavity,Cavity,Cavity,true,true,true,true,true,true,Lesion 01z02 Day 034 FG,Lesion 01z02 Day 047 FG,Lesion 01z02 Day 062 FG,Lesion 01z02 Day 075 FG,Lesion 01z02 Day 091 FG,Lesion 01z02 Day 103 FG,-4.7376127,10.178446,5,hot
BDQ+OPC,BN42,3,-226.23,-110.76,-131.01,-200.48,-173.28,-267.81,-224.0,-48.0,-93.0,-192.0,-137.0,-255.0,152.89,155.73,157.27,169.73,176.76,179.54,0.84,2.5,1.95,0.79,1.05,1.14,0.77,2.35,1.66,0.53,0.84,0.75,0.31,1.16,1.2,0.59,0.64,0.93,2.14,5.85,5.16,3.24,3.1,4.97,,,,,,,0.06,1.0,0.63,0.13,0.18,0.18,0.0,0.79,0.48,0.06,0.09,0.11,1.14,3.28,2.26,0.8,0.87,0.84,1.12,3.26,2.23,0.78,0.82,0.77,8.0,29.636363636363633,17.153846153846153,9.75,3.28,8.555555555555555,0.84,0.36,0.43,0.52,0.36,0.43,0.48,0.98,0.71,0.45,0.42,0.24,2.58,2.58,2.58,2.58,2.58,2.58,Cavity,Cavity,Cavity,Cavity,Cavity,Cavity,Cavity,Cavity,Cavity,Cavity,Cavity,Cavity,false,false,false,false,false,false,Lesion 03 Day 034 FG,Lesion 03 Day 047 FG,Lesion 03 Day 062 FG,Lesion 03 Day 075 FG,Lesion 03 Day 091 FG,Lesion 03 Day 103 FG,-5.626956,7.703557,0,hot
BDQ+OPC,BN42,4,-115.1,-55.99,-167.21,-255.86,-211.06,-225.47,-69.0,-14.0,-118.0,-264.0,-215.0,-202.0,158.64,122.9,166.05,168.2,203.49,176.41,1.0,1.16,1.1,0.66,0.82,0.68,1.0,1.07,1.09,0.67,0.8,0.67,0.15,0.33,0.19,0.11,0.12,0.11,1.58,2.55,1.67,0.92,1.16,1.06,,,,,,,0.0,0.08,0.0,0.0,0.0,0.0,0.0,0.01,0.0,0.0,0.0,0.0,0.2,0.56,0.07,0.03,0.03,0.02,0.2,0.55,0.07,0.03,0.02,0.02,1.4285714285714286,5.0,0.5384615384615385,0.375,0.08,0.22222222222222224,0.07,0.08,0.03,0.03,0.02,0.01,0.13,0.4,0.04,0.01,0.01,0.01,0.78,0.78,0.78,0.78,0.78,0.78,Cavity,Cavity,Cavity,Cavity,Cavity,Cavity,Cavity,Cavity,Cavity,Cavity,Cavity,Cavity,false,false,false,false,false,false,Lesion 04 Day 034 FG,Lesion 04 Day 047 FG,Lesion 04 Day 062 FG,Lesion 04 Day 075 FG,Lesion 04 Day 091 FG,Lesion 04 Day 103 FG,-1.4844859,9.875693,14,hot
BDQ+OPC,BN42,5,-244.25,-130.7,-131.92,-202.56,-178.45,-179.29,-246.0,-51.0,-77.0,-179.0,-172.0,-104.0,170.56,189.87,167.18,188.78,202.96,202.24,0.6,1.94,1.41,0.47,1.0,1.37,0.51,1.79,1.03,0.38,0.75,0.91,0.27,1.05,1.09,0.31,0.67,1.09,1.75,4.86,4.93,2.49,2.92,5.22,,,,,,,0.02,0.66,0.3,0.02,0.17,0.2,0.0,0.48,0.21,0.0,0.09,0.14,0.57,2.13,1.1,0.32,0.74,0.85,0.55,2.08,1.1,0.32,0.72,0.83,3.9285714285714284,18.90909090909091,8.461538461538462,4.0,2.88,9.222222222222221,0.6,0.33,0.3,0.36,0.35,0.24,0.33,0.7,0.47,0.32,0.35,0.35,1.73,1.73,1.73,1.73,1.73,1.73,Cavity,Cavity,Cavity,Cavity,Cavity,Cavity,Cavity,Cavity,Cavity,Cavity,Cavity,Cavity,false,false,false,false,false,false,Lesion 05 Day 034 FG,Lesion 05 Day 047 FG,Lesion 05 Day 062 FG,Lesion 05 Day 075 FG,Lesion 05 Day 091 FG,Lesion 05 Day 103 FG,-5.7314973,8.545019,5,hot
BDQ+OPC,BN42,6,-13.91,-111.82,-29.1,-160.98,-169.22,-240.85,-10.0,-62.0,-19.0,-139.0,-128.0,-233.0,75.97,140.56,76.43,156.12,166.17,155.02,0.85,1.54,1.45,0.62,0.57,0.64,0.78,1.45,1.27,0.56,0.57,0.62,0.23,0.53,0.5,0.23,0.07,0.12,1.7,2.95,3.06,1.67,0.89,1.1,,,,,,,0.0,0.11,0.12,0.0,0.0,0.0,0.0,0.05,0.05,0.0,0.0,0.0,0.2,0.4,0.49,0.11,0.07,0.09,0.2,0.4,0.49,0.11,0.06,0.09,1.4285714285714286,3.6363636363636367,3.769230769230769,1.375,0.24,1.0,0.01,0.08,0.02,0.07,0.05,0.09,0.22,0.18,0.31,0.1,0.06,0.05,0.78,0.78,0.78,0.78,0.78,0.78,Fibrotic,Fibrotic,Fibrotic,Fibrotic,Fibrotic,Fibrotic,Fibrotic,Fibrotic,Fibrotic,Fibrotic,Fibrotic,Fibrotic,false,false,false,false,false,false,Lesion 06 Day 034 FG,Lesion 06 Day 047 FG,Lesion 06 Day 062 FG,Lesion 06 Day 075 FG,Lesion 06 Day 091 FG,Lesion 06 Day 103 FG,2.1476078,10.416793,4,hot
DEL,BO02,1,-326.72,-121.41,-130.29,-130.52,-156.7,-170.48,-344.0,-51.0,-53.0,-68.0,-103.0,-109.0,137.92,164.39,179.63,169.79,172.24,168.11,0.9,2.33,2.69,1.64,2.05,1.07,0.67,1.85,2.22,1.44,1.62,0.87,0.5,1.5,1.76,0.7,1.19,0.51,2.44,6.55,7.5,3.51,5.25,2.5,,,,,,,0.01,0.11,0.18,0.11,0.09,0.03,0.0,0.08,0.15,0.07,0.06,0.01,0.07,0.43,0.73,0.39,0.33,0.13,0.06,0.42,0.73,0.37,0.32,0.12,0.5,3.818181818181818,6.636363636363636,2.466666666666667,2.1333333333333333,1.0909090909090908,0.06,0.06,0.07,0.07,0.06,0.04,0.01,0.12,0.18,0.15,0.09,0.07,5.46,5.46,5.46,5.46,5.46,5.46,Cavity,Cavity,Cavity,Cavity,Cavity,Cavity,Cavity,Cavity,Cavity,Cavity,Cavity,Cavity,true,true,true,true,true,true,Lesion 01z02 Day 032 AA,Lesion 01z02 Day 045 AA,Lesion 01z02 Day 059 AA,Lesion 01z02 Day 073 AA,Lesion 01z02 Day 087 AA,Lesion 01z02 Day 101 AA,1.0769343,8.754496,2,hot
DEL,BO02,3,-407.25,-241.69,-251.63,-262.82,-317.21,-289.97,-419.0,-237.0,-244.0,-254.0,-328.0,-294.0,98.42,167.77,164.66,155.3,133.33,149.13,0.65,1.09,1.42,0.77,1.1,0.69,0.61,0.84,1.31,0.71,1.01,0.62,0.18,0.65,0.74,0.29,0.45,0.27,1.1,3.04,3.05,1.37,2.16,1.4,,,,,,,0.0,0.02,0.05,0.0,0.02,0.0,0.0,0.01,0.03,0.0,0.0,0.0,0.03,0.12,0.18,0.08,0.08,0.04,0.02,0.11,0.18,0.07,0.08,0.04,0.16666666666666669,1.0,1.6363636363636362,0.46666666666666673,0.5333333333333333,0.36363636363636365,0.03,0.07,0.07,0.06,0.06,0.04,0.0,0.04,0.04,0.03,0.01,0.01,4.82,4.82,4.82,4.82,4.82,4.82,Cavity,Cavity,Cavity,Cavity,Cavity,Cavity,Cavity,Cavity,Cavity,Cavity,Cavity,Cavity,false,false,false,false,false,false,Lesion 03 Day 032 AA,Lesion 03 Day 045 AA,Lesion 03 Day 059 AA,Lesion 03 Day 073 AA,Lesion 03 Day 087 AA,Lesion 03 Day 101 AA,7.1428494,7.571164,3,cool
DEL,BO02,4,-348.14,-133.9,-167.45,-176.38,-207.53,-232.78,-369.0,-72.0,-108.0,-124.0,-185.0,-211.0,141.76,160.65,173.4,166.67,165.84,164.33,0.8,1.93,2.14,1.46,1.97,1.1,0.66,1.71,1.75,1.37,1.68,0.81,0.4,1.0,1.22,0.67,1.11,0.69,2.27,4.88,5.58,3.08,5.29,3.62,,,,,,,0.01,0.3,0.38,0.19,0.21,0.06,0.0,0.2,0.27,0.1,0.15,0.04,0.14,1.02,1.35,0.63,0.74,0.33,0.13,0.99,1.35,0.6,0.71,0.31,1.0833333333333335,9.0,12.272727272727273,4.0,4.733333333333333,2.8181818181818183,0.13,0.18,0.26,0.17,0.19,0.18,0.02,0.33,0.35,0.23,0.16,0.11,4.19,4.19,4.19,4.19,4.19,4.19,Cavity,Cavity,Cavity,Cavity,Cavity,Cavity,Cavity,Cavity,Cavity,Cavity,Cavity,Cavity,true,true,true,true,true,true,Lesion 04z07 Day 032 AA,Lesion 04z07 Day 045 AA,Lesion 04z07 Day 059 AA,Lesion 04z07 Day 073 AA,Lesion 04z07 Day 087 AA,Lesion 04z07 Day 101 AA,-4.560984,9.281458,5,hot
DEL,BO02,5,-361.39,-163.97,-169.23,-157.86,-193.59,-172.17,-363.0,-98.0,-102.0,-103.0,-156.0,-132.0,118.24,167.57,172.96,157.27,171.06,171.63,0.69,1.97,2.17,1.34,2.11,1.23,0.64,1.79,1.94,1.19,1.73,1.04,0.22,0.87,1.05,0.64,1.09,0.62,1.32,4.1,4.55,2.96,5.09,2.96,,,,,,,0.0,0.14,0.17,0.09,0.13,0.05,0.0,0.1,0.12,0.05,0.09,0.03,0.08,0.45,0.56,0.29,0.43,0.22,0.07,0.43,0.56,0.29,0.41,0.22,0.5833333333333334,3.909090909090909,5.090909090909092,1.9333333333333333,2.7333333333333334,2.0,0.1,0.09,0.1,0.08,0.09,0.08,0.0,0.13,0.15,0.14,0.1,0.1,4.52,4.52,4.52,4.52,4.52,4.52,Cavity,Cavity,Cavity,Cavity,Cavity,Cavity,Cavity,Cavity,Cavity,Cavity,Cavity,Cavity,false,false,false,false,false,false,Lesion 05 Day 032 AA,Lesion 05 Day 045 AA,Lesion 05 Day 059 AA,Lesion 05 Day 073 AA,Lesion 05 Day 087 AA,Lesion 05 Day 101 AA,1.8189483,9.69468,4,hot
DEL,BO02,6,-199.63,-66.57,-100.59,-87.17,-36.34,-59.47,-194.0,-11.0,-19.0,-29.0,0.0,-21.0,160.87,131.0,161.51,159.51,126.91,129.21,1.28,3.0,3.33,2.16,3.88,2.13,1.18,3.09,3.2,2.23,3.85,2.18,0.45,1.04,1.36,0.74,1.37,0.57,2.9,5.64,6.35,3.48,6.92,3.54,,,,,,,0.05,0.32,0.43,0.36,0.48,0.31,0.01,0.24,0.35,0.27,0.42,0.22,0.23,0.99,1.51,1.03,1.8,0.88,0.23,0.99,1.51,1.01,1.78,0.87,1.9166666666666667,9.0,13.727272727272727,6.733333333333333,11.866666666666667,7.909090909090909,0.1,0.1,0.1,0.12,0.07,0.08,0.08,0.28,0.36,0.36,0.46,0.37,3.85,3.85,3.85,3.85,3.85,3.85,Necrotic,Necrotic,Necrotic,Necrotic,Necrotic,Necrotic,Necrotic,Necrotic,Necrotic,Necrotic,Necrotic,Necrotic,false,false,false,false,false,false,Lesion 06 Day 032 AA,Lesion 06 Day 045 AA,Lesion 06 Day 059 AA,Lesion 06 Day 073 AA,Lesion 06 Day 087 AA,Lesion 06 Day 101 AA,-0.6940957,9.056286,4,hot
DEL,BO02,8,-270.94,-58.77,-35.6,-50.54,-76.16,-94.67,-303.0,-4.0,5.0,-13.0,-35.0,-56.0,176.49,149.52,140.52,133.91,148.81,159.5,1.16,2.47,3.06,2.07,2.84,1.43,0.98,2.21,2.74,1.92,2.33,1.23,0.55,1.36,1.71,0.86,1.66,0.61,3.07,6.16,7.68,4.31,8.15,3.57,,,,,,,0.02,0.32,0.5,0.44,0.35,0.11,0.01,0.26,0.42,0.31,0.27,0.06,0.13,1.22,2.02,1.4,1.36,0.45,0.12,1.22,2.02,1.39,1.33,0.44,1.0,11.09090909090909,18.363636363636363,9.266666666666666,8.866666666666667,4.0,0.08,0.06,0.06,0.08,0.09,0.07,0.03,0.45,0.61,0.59,0.37,0.23,4.01,4.01,4.01,4.01,4.01,4.01,Necrotic,Necrotic,Necrotic,Necrotic,Necrotic,Necrotic,Necrotic,Necrotic,Necrotic,Necrotic,Necrotic,Necrotic,false,false,false,false,false,false,Lesion 08 Day 032 AA,Lesion 08 Day 045 AA,Lesion 08 Day 059 AA,Lesion 08 Day 073 AA,Lesion 08 Day 087 AA,Lesion 08 Day 101 AA,-1.3650484,8.826864,14,hot
DEL,BO02,9,-324.51,-148.23,-110.11,-150.96,-154.72,-173.54,-350.0,-77.0,-25.0,-81.0,-87.0,-115.0,144.0,173.16,175.53,171.29,163.28,170.9,0.64,1.49,1.7,1.16,1.56,0.97,0.6,1.34,1.48,1.1,1.28,0.87,0.2,0.71,0.97,0.48,0.86,0.43,1.28,3.2,4.32,2.4,4.96,2.49,,,,,,,0.0,0.04,0.06,0.02,0.04,0.01,0.0,0.02,0.04,0.01,0.02,0.0,0.02,0.16,0.23,0.12,0.14,0.08,0.02,0.16,0.23,0.12,0.14,0.07,0.16666666666666669,1.4545454545454546,2.090909090909091,0.8,0.9333333333333335,0.6363636363636365,0.02,0.04,0.04,0.04,0.03,0.03,0.01,0.07,0.1,0.07,0.06,0.04,3.99,3.99,3.99,3.99,3.99,3.99,Necrotic,Necrotic,Necrotic,Necrotic,Necrotic,Necrotic,Necrotic,Necrotic,Necrotic,Necrotic,Necrotic,Necrotic,false,false,false,false,false,false,Lesion 09 Day 032 AA,Lesion 09 Day 045 AA,Lesion 09 Day 059 AA,Lesion 09 Day 073 AA,Lesion 09 Day 087 AA,Lesion 09 Day 101 AA,3.6927874,8.242237,6,cool
DEL,BO02,10,-343.33,-183.97,-147.96,-156.2,-129.22,-137.49,-356.0,-142.0,-69.0,-83.0,-63.0,-75.0,119.18,182.73,186.2,197.48,167.39,166.99,0.64,1.62,2.22,1.3,2.05,1.23,0.57,1.31,1.82,1.11,1.48,0.96,0.26,0.97,1.44,0.77,1.4,0.77,1.5,4.4,6.01,3.38,6.85,3.83,,,,,,,0.0,0.14,0.32,0.17,0.28,0.14,0.0,0.1,0.26,0.1,0.2,0.08,0.15,0.52,1.23,0.62,1.1,0.61,0.14,0.51,1.23,0.59,1.08,0.59,1.1666666666666667,4.636363636363637,11.181818181818182,3.933333333333333,7.200000000000001,5.363636363636363,0.21,0.14,0.18,0.15,0.16,0.16,0.02,0.16,0.32,0.28,0.36,0.32,4.68,4.68,4.68,4.68,4.68,4.68,Necrotic,Necrotic,Necrotic,Necrotic,Necrotic,Necrotic,Necrotic,Necrotic,Necrotic,Necrotic,Necrotic,Necrotic,true,true,true,true,true,true,Lesion 10z11 Day 032 AA,Lesion 10z11 Day 045 AA,Lesion 10z11 Day 059 AA,Lesion 10z11 Day 073 AA,Lesion 10z11 Day 087 AA,Lesion 10z11 Day 101 AA,-3.465938,10.603914,5,hot
DEL,BO02,12,-240.29,-160.87,-164.01,-168.19,-147.15,-152.0,-250.0,-77.0,-96.0,-113.0,-100.0,-107.0,158.96,186.86,184.27,176.64,161.29,156.89,1.3,2.16,2.19,1.55,2.69,1.69,1.21,1.98,1.83,1.43,2.27,1.5,0.52,1.09,1.33,0.71,1.65,0.93,2.37,4.54,5.89,3.22,6.76,4.08,,,,,,,0.01,0.24,0.22,0.15,0.27,0.19,0.01,0.19,0.18,0.1,0.23,0.14,0.05,0.85,0.84,0.51,1.11,0.62,0.05,0.79,0.84,0.49,1.09,0.6,0.4166666666666667,7.1818181818181825,7.636363636363636,3.2666666666666666,7.2666666666666675,5.454545454545454,0.03,0.13,0.14,0.13,0.14,0.14,0.01,0.24,0.23,0.19,0.25,0.24,4.35,4.35,4.35,4.35,4.35,4.35,Fibrotic Consol,Fibrotic Consol,Fibrotic Consol,Fibrotic Consol,Fibrotic Consol,Fibrotic Consol,Fibrotic,Fibrotic,Fibrotic,Fibrotic,Fibrotic,Fibrotic,true,true,true,true,true,true,Lesion 12z13 Day 032 AA,Lesion 12z13 Day 045 AA,Lesion 12z13 Day 059 AA,Lesion 12z13 Day 073 AA,Lesion 12z13 Day 087 AA,Lesion 12z13 Day 101 AA,-2.5129247,4.0919256,11,hot
DEL,BO02,14,-277.08,-197.95,-158.08,-174.4,-184.02,-220.32,-285.0,-156.0,-92.0,-118.0,-139.0,-205.0,153.26,180.67,179.68,186.94,174.97,173.75,0.64,1.73,2.26,1.46,2.12,1.04,0.6,1.38,1.97,1.36,1.95,0.88,0.2,1.03,1.38,0.65,1.13,0.55,1.51,5.19,6.18,3.62,6.02,3.09,,,,,,,0.0,0.42,0.49,0.28,0.37,0.08,0.0,0.3,0.39,0.14,0.26,0.03,0.46,1.56,1.79,0.96,1.22,0.42,0.44,1.48,1.79,0.9,1.17,0.38,3.666666666666667,13.454545454545455,16.272727272727273,6.0,7.8,3.4545454545454546,0.51,0.39,0.28,0.24,0.24,0.2,0.17,0.44,0.49,0.36,0.3,0.15,4.57,4.57,4.57,4.57,4.57,4.57,Cavity,Cavity,Cavity,Cavity,Cavity,Cavity,Cavity,Cavity,Cavity,Cavity,Cavity,Cavity,true,true,true,true,true,true,Lesion 14z15 Day 032 AA,Lesion 14z15 Day 045 AA,Lesion 14z15 Day 059 AA,Lesion 14z15 Day 073 AA,Lesion 14z15 Day 087 AA,Lesion 14z15 Day 101 AA,-4.8779697,9.675439,5,hot
BDQ+LIN,BO08,1,-247.51,-172.52,-147.13,-158.39,-211.53,-224.67,-217.0,-111.0,-70.0,-98.0,-172.0,-202.0,199.19,181.43,182.39,165.98,179.33,178.18,1.5,2.03,1.6,1.62,1.18,1.43,1.33,2.03,1.44,1.44,0.93,1.28,0.58,0.49,0.58,0.57,0.64,0.6,3.52,3.2,2.97,3.19,3.05,3.15,0.03,0.14,0.07,0.05,0.02,0.02,0.03,0.14,0.07,0.05,0.02,0.02,0.02,0.09,0.04,0.03,0.01,0.01,0.14,0.34,0.24,0.19,0.09,0.08,0.12,0.32,0.24,0.19,0.09,0.07,0.008522727272727272,0.04361370716510904,0.02356902356902357,0.015673981191222573,0.006557377049180329,0.006349206349206349,0.04,0.06,0.05,0.04,0.04,0.03,0.04,0.1,0.1,0.08,0.04,0.02,,,,,,3.3677285460869766,Necrotic,Necrotic,Necrotic,Necrotic,Necrotic,Necrotic,Necrotic,Necrotic,Necrotic,Necrotic,Necrotic,Necrotic,false,false,false,false,false,false,Lesion 01 Day 032 AA,Lesion 01 Day 045 AA,Lesion 01 Day 059 AA,Lesion 01 Day 073 AA,Lesion 01 Day 087 AA,Lesion 01 Day 101 AA,2.6218615,6.0458655,6,cool
BDQ+LIN,BO08,2,-283.58,-203.92,-179.14,-201.72,-302.76,-293.53,-301.0,-179.0,-146.0,-180.0,-323.0,-306.0,174.04,183.2,187.33,177.24,191.46,179.14,0.87,1.61,1.28,0.94,0.58,0.68,0.78,1.57,1.14,0.84,0.52,0.67,0.25,0.41,0.4,0.27,0.17,0.13,1.81,2.6,2.5,1.91,1.14,0.99,0.0,0.04,0.02,0.0,0.0,0.0,0.0,0.04,0.02,0.0,0.0,0.0,0.0,0.01,0.01,0.0,0.0,0.0,0.03,0.12,0.11,0.04,0.02,0.01,0.03,0.11,0.1,0.04,0.02,0.01,0.0,0.015384615384615384,0.008,0.0,0.0,0.0,0.02,0.03,0.04,0.02,0.02,0.01,0.01,0.03,0.04,0.02,0.01,0.0,,,,,,1.8573324964312685,Necrotic,Necrotic,Necrotic,Necrotic,Necrotic,Necrotic,Necrotic,Necrotic,Necrotic,Necrotic,Necrotic,Necrotic,false,false,false,false,false,false,Lesion 02 Day 032 AA,Lesion 02 Day 045 AA,Lesion 02 Day 059 AA,Lesion 02 Day 073 AA,Lesion 02 Day 087 AA,Lesion 02 Day 101 AA,5.2068963,5.7276034,9,cool
BDQ+LIN,BO08,3,-326.89,-174.93,-200.12,-174.51,-252.63,-176.36,-380.0,-161.0,-188.0,-152.0,-243.0,-157.0,187.78,176.04,185.65,158.23,182.11,166.68,0.9,1.61,0.67,0.76,0.5,1.02,0.86,1.4,0.64,0.72,0.48,0.96,0.19,0.61,0.19,0.2,0.13,0.3,1.51,3.26,1.44,1.47,0.96,1.79,0.0,0.02,0.0,0.0,0.0,0.0,0.0,0.02,0.0,0.0,0.0,0.0,0.0,0.01,0.0,0.0,0.0,0.0,0.02,0.06,0.02,0.01,0.01,0.01,0.01,0.06,0.02,0.01,0.01,0.01,0.0,0.006134969325153374,0.0,0.0,0.0,0.0,0.01,0.02,0.02,0.01,0.01,0.01,0.0,0.02,0.02,0.01,0.01,0.01,,,,,,3.0261245167454502,Necrotic,Necrotic,Necrotic,Necrotic,Necrotic,Necrotic,Necrotic,Necrotic,Necrotic,Necrotic,Necrotic,Necrotic,false,false,false,false,false,false,Lesion 03 Day 032 AA,Lesion 03 Day 045 AA,Lesion 03 Day 059 AA,Lesion 03 Day 073 AA,Lesion 03 Day 087 AA,Lesion 03 Day 101 AA,3.3685083,7.3144736,6,cool
BDQ+LIN,BO08,4,-359.51,-251.18,-219.8,-260.27,-336.51,-312.1,-383.0,-243.0,-197.0,-260.0,-355.0,-317.0,151.21,182.99,175.72,161.64,157.61,149.92,0.75,1.67,0.99,0.79,0.49,0.63,0.71,1.56,0.92,0.69,0.44,0.62,0.15,0.53,0.33,0.27,0.17,0.11,1.31,3.08,2.24,1.91,1.02,0.91,0.0,0.06,0.01,0.0,0.0,0.0,0.0,0.06,0.01,0.0,0.0,0.0,0.0,0.03,0.0,0.0,0.0,0.0,0.05,0.2,0.12,0.06,0.02,0.02,0.04,0.19,0.11,0.05,0.02,0.01,0.0,0.01948051948051948,0.004464285714285714,0.0,0.0,0.0,0.04,0.06,0.06,0.05,0.03,0.02,0.01,0.04,0.05,0.02,0.01,0.0,,,,,,2.6843964784190204,Necrotic,Necrotic,Necrotic,Necrotic,Necrotic,Necrotic,Necrotic,Necrotic,Necrotic,Necrotic,Necrotic,Necrotic,false,false,false,false,false,false,Lesion 04 Day 032 AA,Lesion 04 Day 045 AA,Lesion 04 Day 059 AA,Lesion 04 Day 073 AA,Lesion 04 Day 087 AA,Lesion 04 Day 101 AA,6.7692003,2.9135692,13,cool
BDQ+LIN,BO08,5,-213.19,-117.38,-121.5,-116.34,-164.0,-142.78,-183.0,-58.0,-42.0,-50.0,-113.0,-82.0,184.3,144.48,166.37,151.96,164.69,163.9,0.99,1.86,1.1,0.82,0.69,0.76,0.97,1.81,0.93,0.7,0.67,0.75,0.16,0.39,0.34,0.31,0.12,0.13,1.51,2.83,2.44,2.13,0.99,1.24,0.0,0.09,0.01,0.01,0.0,0.0,0.0,0.09,0.01,0.01,0.0,0.0,0.0,0.04,0.0,0.0,0.0,0.0,0.07,0.22,0.12,0.09,0.05,0.05,0.06,0.22,0.11,0.08,0.04,0.05,0.0,0.03180212014134275,0.004291845493562232,0.004694835680751174,0.0,0.0,0.03,0.03,0.03,0.03,0.03,0.02,0.04,0.09,0.08,0.07,0.04,0.04,,,,,,0.47712125471966244,Fibrotic,Fibrotic,Fibrotic,Fibrotic,Fibrotic,Fibrotic,Fibrotic,Fibrotic,Fibrotic,Fibrotic,Fibrotic,Fibrotic,false,false,false,false,false,false,Lesion 05 Day 032 AA,Lesion 05 Day 045 AA,Lesion 05 Day 059 AA,Lesion 05 Day 073 AA,Lesion 05 Day 087 AA,Lesion 05 Day 101 AA,2.784299,10.813945,4,hot
BDQ+LIN,BO08,6,-263.3,-256.25,-228.52,-259.03,-252.67,-206.58,-280.0,-262.0,-221.0,-262.0,-255.0,-202.0,157.3,180.22,182.27,164.85,167.42,194.75,0.77,1.37,0.65,0.63,0.45,0.87,0.69,1.32,0.56,0.54,0.41,0.82,0.24,0.38,0.22,0.25,0.15,0.24,1.51,2.23,1.45,1.62,1.06,1.54,0.0,0.02,0.0,0.0,0.0,0.0,0.0,0.02,0.0,0.0,0.0,0.0,0.0,0.0,0.0,0.0,0.0,0.0,0.02,0.07,0.04,0.02,0.01,0.01,0.02,0.07,0.04,0.02,0.01,0.01,0.0,0.008968609865470852,0.0,0.0,0.0,0.0,0.02,0.03,0.04,0.02,0.01,0.01,0.01,0.02,0.03,0.01,0.01,0.01,,,,,,3.2676409823459154,Necrotic,Necrotic,Necrotic,Necrotic,Necrotic,Necrotic,Necrotic,Necrotic,Necrotic,Necrotic,Necrotic,Necrotic,false,false,false,false,false,false,Lesion 06 Day 032 AA,Lesion 06 Day 045 AA,Lesion 06 Day 059 AA,Lesion 06 Day 073 AA,Lesion 06 Day 087 AA,Lesion 06 Day 101 AA,7.1306767,5.0754485,9,cool
BDQ+LIN,BO08,7,-192.28,-155.5,-135.55,-185.09,-221.71,-250.09,-183.0,-117.0,-77.0,-185.0,-237.0,-264.0,201.21,188.03,189.93,189.09,206.66,186.79,1.26,1.87,1.06,1.02,0.8,1.0,1.09,1.78,0.94,0.79,0.64,0.95,0.54,0.7,0.53,0.6,0.43,0.32,2.79,3.54,3.26,3.3,2.45,1.8,0.08,0.19,0.06,0.03,0.02,0.01,0.08,0.19,0.06,0.03,0.02,0.01,0.03,0.12,0.03,0.02,0.0,0.0,0.33,0.56,0.33,0.22,0.15,0.1,0.31,0.55,0.33,0.22,0.14,0.09,0.02867383512544803,0.05367231638418079,0.018404907975460124,0.00909090909090909,0.008163265306122448,0.005555555555555556,0.12,0.13,0.1,0.1,0.1,0.06,0.12,0.16,0.21,0.11,0.08,0.03,,,,,,4.218404199249722,Necrotic,Necrotic,Necrotic,Necrotic,Necrotic,Necrotic,Necrotic,Necrotic,Necrotic,Necrotic,Necrotic,Necrotic,false,false,false,false,false,false,Lesion 07 Day 032 AA,Lesion 07 Day 045 AA,Lesion 07 Day 059 AA,Lesion 07 Day 073 AA,Lesion 07 Day 087 AA,Lesion 07 Day 101 AA,-3.070668,9.947396,5,hot
BDQ+LIN,BO08,8,-317.42,-221.8,-222.9,-294.17,-368.47,-346.19,-331.0,-196.0,-196.0,-299.0,-382.0,-357.0,156.21,172.51,170.03,160.88,133.14,160.38,0.94,1.93,0.9,0.76,0.43,0.57,0.81,1.76,0.8,0.61,0.38,0.56,0.41,0.83,0.46,0.45,0.17,0.11,2.16,4.23,3.31,2.3,1.09,0.84,0.01,0.12,0.02,0.01,0.0,0.0,0.01,0.12,0.02,0.01,0.0,0.0,0.0,0.08,0.01,0.0,0.0,0.0,0.1,0.37,0.17,0.09,0.03,0.02,0.09,0.36,0.16,0.08,0.02,0.02,0.004629629629629629,0.02836879432624113,0.006042296072507553,0.004347826086956522,0.0,0.0,0.08,0.1,0.1,0.08,0.05,0.02,0.02,0.08,0.08,0.02,0.0,0.0,,,,,,1.2304489213782739,Necrotic,Necrotic,Necrotic,Necrotic,Necrotic,Necrotic,Necrotic,Necrotic,Necrotic,Necrotic,Necrotic,Necrotic,false,false,false,false,false,false,Lesion 08 Day 032 AA,Lesion 08 Day 045 AA,Lesion 08 Day 059 AA,Lesion 08 Day 073 AA,Lesion 08 Day 087 AA,Lesion 08 Day 101 AA,6.3464327,8.535422,3,cool
BDQ+LIN,BO08,9,-285.06,-144.94,-190.42,-145.05,-203.7,-384.59,-306.0,-78.0,-133.0,-85.0,-154.0,-409.0,204.34,189.79,195.0,188.96,208.81,236.69,1.21,1.73,1.15,0.96,0.61,0.9,1.19,1.77,1.12,0.94,0.58,0.88,0.26,0.37,0.27,0.21,0.14,0.17,1.92,2.67,1.79,1.56,1.03,1.47,0.0,0.03,0.01,0.0,0.0,0.0,0.0,0.03,0.01,0.0,0.0,0.0,0.0,0.01,0.0,0.0,0.0,0.0,0.03,0.07,0.05,0.02,0.01,0.01,0.02,0.07,0.04,0.02,0.01,0.01,0.0,0.011235955056179775,0.005555555555555556,0.0,0.0,0.0,0.01,0.01,0.01,0.01,0.01,0.0,0.01,0.02,0.02,0.01,0.01,0.0,,,,,,0.9542425094393249,Fibrotic,Fibrotic,Fibrotic,Fibrotic,Fibrotic,Fibrotic,Fibrotic,Fibrotic,Fibrotic,Fibrotic,Fibrotic,Fibrotic,false,false,false,false,false,false,Lesion 09 Day 032 AA,Lesion 09 Day 045 AA,Lesion 09 Day 059 AA,Lesion 09 Day 073 AA,Lesion 09 Day 087 AA,Lesion 09 Day 101 AA,2.9567413,6.6660275,6,cool
BDQ+LIN,BO08,10,-320.43,-167.82,-86.06,-182.99,-244.84,-241.51,-349.0,-108.0,-27.0,-138.0,-232.0,-211.0,165.17,184.92,150.37,178.88,180.99,193.29,1.11,1.63,1.18,0.94,0.61,0.8,1.04,1.56,0.92,0.91,0.57,0.79,0.34,0.63,0.68,0.36,0.19,0.15,2.22,3.26,3.25,2.44,1.34,1.2,0.01,0.06,0.03,0.01,0.0,0.0,0.01,0.06,0.03,0.01,0.0,0.0,0.0,0.03,0.02,0.0,0.0,0.0,0.06,0.16,0.12,0.08,0.04,0.02,0.05,0.16,0.12,0.07,0.03,0.02,0.0045045045045045045,0.018404907975460124,0.00923076923076923,0.004098360655737705,0.0,0.0,0.04,0.04,0.02,0.03,0.03,0.01,0.01,0.05,0.08,0.04,0.02,0.01,,,,,,0.9542425094393249,Necrotic,Necrotic,Necrotic,Necrotic,Necrotic,Necrotic,Necrotic,Necrotic,Necrotic,Necrotic,Necrotic,Necrotic,false,false,false,false,false,false,Lesion 10 Day 032 AA,Lesion 10 Day 045 AA,Lesion 10 Day 059 AA,Lesion 10 Day 073 AA,Lesion 10 Day 087 AA,Lesion 10 Day 101 AA,3.6291099,7.073496,6,cool
BDQ+LIN,BO08,11,-336.23,-185.43,-181.02,-194.04,-296.52,-304.08,-369.0,-128.0,-110.0,-162.0,-315.0,-305.0,169.52,186.69,193.03,170.47,194.11,192.88,1.02,2.0,1.48,1.08,0.71,0.81,0.96,1.93,1.31,0.9,0.56,0.67,0.3,0.75,0.79,0.62,0.44,0.41,2.18,3.97,3.82,3.48,2.97,2.77,0.04,0.41,0.27,0.07,0.02,0.01,0.04,0.41,0.27,0.07,0.02,0.01,0.0,0.27,0.16,0.04,0.01,0.0,0.42,1.14,0.93,0.38,0.2,0.13,0.35,1.1,0.87,0.38,0.15,0.11,0.018348623853211007,0.10327455919395465,0.07068062827225131,0.020114942528735635,0.006734006734006734,0.0036101083032490976,0.27,0.22,0.21,0.17,0.14,0.08,0.07,0.3,0.36,0.17,0.08,0.05,,,,,,3.3666097103924297,Necrotic,Necrotic,Necrotic,Necrotic,Necrotic,Necrotic,Necrotic,Necrotic,Necrotic,Necrotic,Necrotic,Necrotic,true,true,true,true,true,true,Lesion 11z12z13z14z15z17 Day 032 AA,Lesion 11z12z13z14z15z17 Day 045 AA,Lesion 11z12z13z14z15z17 Day 059 AA,Lesion 11z12z13z14z15z17 Day 073 AA,Lesion 11z12z13z14z15z17 Day 087 AA,Lesion 11z12z13z14z15z17 Day 101 AA,-4.927819,9.069679,5,hot
BDQ+LIN,BO08,16,-322.57,-211.33,-165.71,-228.42,-273.11,-283.51,-356.0,-191.0,-109.0,-219.0,-281.0,-273.0,162.03,168.89,171.99,170.28,159.34,179.68,1.06,1.73,1.21,0.77,0.5,0.66,1.02,1.67,1.1,0.69,0.44,0.6,0.28,0.44,0.46,0.24,0.19,0.18,1.77,2.87,2.84,1.77,1.14,1.21,0.0,0.05,0.02,0.0,0.0,0.0,0.0,0.05,0.02,0.0,0.0,0.0,0.0,0.02,0.01,0.0,0.0,0.0,0.04,0.14,0.09,0.04,0.02,0.03,0.04,0.13,0.09,0.04,0.02,0.02,0.0,0.017421602787456445,0.007042253521126761,0.0,0.0,0.0,0.03,0.04,0.03,0.03,0.02,0.03,0.01,0.04,0.05,0.02,0.01,0.01,,,,,,2.655138434811382,Necrotic,Necrotic,Necrotic,Necrotic,Necrotic,Necrotic,Necrotic,Necrotic,Necrotic,Necrotic,Necrotic,Necrotic,false,false,false,false,false,false,Lesion 16 Day 032 AA,Lesion 16 Day 045 AA,Lesion 16 Day 059 AA,Lesion 16 Day 073 AA,Lesion 16 Day 087 AA,Lesion 16 Day 101 AA,5.243132,6.093138,9,cool
BDQ+LIN,BO08,18,-349.85,-233.08,-194.41,-215.81,-328.21,-301.71,-377.0,-233.0,-162.0,-219.0,-344.0,-316.0,150.76,167.81,176.03,169.56,164.79,195.66,0.86,1.8,1.08,0.75,0.51,0.89,0.78,1.74,0.93,0.65,0.43,0.76,0.28,0.55,0.49,0.33,0.25,0.48,2.29,3.52,2.85,2.36,2.13,2.73,0.01,0.36,0.1,0.01,0.0,0.02,0.01,0.36,0.1,0.01,0.0,0.02,0.0,0.19,0.04,0.0,0.0,0.01,0.31,0.99,0.61,0.2,0.12,0.15,0.26,0.94,0.58,0.2,0.1,0.13,0.004366812227074236,0.10227272727272727,0.03508771929824561,0.004347826086956522,0.0,0.007326007326007326,0.25,0.32,0.27,0.16,0.17,0.09,0.04,0.19,0.28,0.1,0.04,0.05,,,,,,4.267136513909279,Necrotic,Necrotic,Necrotic,Necrotic,Necrotic,Necrotic,Necrotic,Necrotic,Necrotic,Necrotic,Necrotic,Necrotic,true,true,true,true,true,true,Lesion 18z19z20z21z24z27z29 Day 032 AA,Lesion 18z19z20z21z24z27z29 Day 045 AA,Lesion 18z19z20z21z24z27z29 Day 059 AA,Lesion 18z19z20z21z24z27z29 Day 073 AA,Lesion 18z19z20z21z24z27z29 Day 087 AA,Lesion 18z19z20z21z24z27z29 Day 101 AA,-4.343209,10.169758,5,hot
BDQ+LIN,BO08,22,-373.81,-265.49,-149.81,-83.33,-304.83,-161.06,-391.0,-302.0,-109.0,-34.0,-345.0,-103.0,139.36,185.39,200.57,145.08,179.22,211.78,0.9,1.63,0.81,0.87,0.64,1.58,0.85,1.41,0.72,0.82,0.54,1.49,0.2,0.74,0.31,0.26,0.32,0.56,1.82,3.99,2.32,2.27,2.19,2.71,0.0,0.04,0.01,0.01,0.0,0.02,0.0,0.04,0.01,0.01,0.0,0.02,0.0,0.03,0.0,0.0,0.0,0.01,0.06,0.16,0.11,0.2,0.07,0.07,0.05,0.15,0.11,0.2,0.06,0.06,0.0,0.010025062656641603,0.0028328611898017,0.004405286343612335,0.0,0.007380073800738008,0.05,0.06,0.05,0.06,0.06,0.02,0.0,0.03,0.08,0.18,0.03,0.02,,,,,,1.568201724066995,Necrotic,Necrotic,Necrotic,Necrotic,Necrotic,Necrotic,Necrotic,Necrotic,Necrotic,Necrotic,Necrotic,Necrotic,false,false,false,false,false,false,Lesion 22 Day 032 AA,Lesion 22 Day 045 AA,Lesion 22 Day 059 AA,Lesion 22 Day 073 AA,Lesion 22 Day 087 AA,Lesion 22 Day 101 AA,6.8692374,2.7245266,13,cool
BDQ+LIN,BO08,23,-242.74,-278.31,-277.94,-571.21,-251.61,-220.69,-240.0,-279.0,-281.0,-582.0,-247.0,-210.0,151.76,157.66,154.05,90.93,187.65,182.98,0.6,0.82,0.52,0.34,0.38,0.48,0.59,0.79,0.51,0.33,0.38,0.47,0.08,0.11,0.08,0.03,0.06,0.08,0.93,1.17,0.73,0.4,0.6,0.7,0.0,0.0,0.0,0.0,0.0,0.0,0.0,0.0,0.0,0.0,0.0,0.0,0.0,0.0,0.0,0.0,0.0,0.0,0.04,0.05,0.03,0.0,0.02,0.02,0.04,0.04,0.02,0.0,0.02,0.02,0.0,0.0,0.0,0.0,0.0,0.0,0.04,0.04,0.04,0.0,0.03,0.02,0.02,0.02,0.01,0.0,0.02,0.02,,,,,,3.4058583993176366,Necrotic,Necrotic,Necrotic,Necrotic,Necrotic,Necrotic,Necrotic,Necrotic,Necrotic,Necrotic,Necrotic,Necrotic,false,false,false,false,false,false,Lesion 23 Day 032 AA,Lesion 23 Day 045 AA,Lesion 23 Day 059 AA,Lesion 23 Day 073 AA,Lesion 23 Day 087 AA,Lesion 23 Day 101 AA,8.192775,6.8571086,8,cool
BDQ+LIN,BO08,25,-334.78,-200.87,-198.19,-291.27,-340.36,-327.5,-351.0,-173.0,-178.0,-299.0,-360.0,-337.0,150.06,144.72,149.16,155.99,158.06,143.73,0.81,1.56,0.88,0.45,0.36,0.5,0.74,1.55,0.78,0.4,0.32,0.49,0.25,0.44,0.4,0.16,0.11,0.16,1.68,2.69,2.08,1.17,0.83,0.91,0.0,0.08,0.01,0.0,0.0,0.0,0.0,0.08,0.01,0.0,0.0,0.0,0.0,0.02,0.0,0.0,0.0,0.0,0.1,0.22,0.12,0.04,0.02,0.01,0.08,0.22,0.12,0.04,0.02,0.01,0.0,0.029739776951672865,0.004807692307692308,0.0,0.0,0.0,0.09,0.08,0.07,0.06,0.04,0.02,0.02,0.06,0.06,0.02,0.01,0.0,,,,,,3.4126285205443754,Necrotic,Necrotic,Necrotic,Necrotic,Necrotic,Necrotic,Necrotic,Necrotic,Necrotic,Necrotic,Necrotic,Necrotic,false,false,false,false,false,false,Lesion 25 Day 032 AA,Lesion 25 Day 045 AA,Lesion 25 Day 059 AA,Lesion 25 Day 073 AA,Lesion 25 Day 087 AA,Lesion 25 Day 101 AA,6.1780796,9.662139,3,cool
BDQ+LIN,BO08,26,-535.41,-384.49,-322.89,-426.61,-569.17,-543.86,-541.0,-391.0,-327.0,-441.0,-571.0,-559.0,102.05,118.06,129.0,94.74,84.74,138.25,0.48,0.79,0.34,0.37,0.25,0.36,0.48,0.79,0.34,0.36,0.24,0.36,0.06,0.11,0.04,0.06,0.04,0.04,0.7,1.02,0.5,0.56,0.39,0.47,0.0,0.0,0.0,0.0,0.0,0.0,0.0,0.0,0.0,0.0,0.0,0.0,0.0,0.0,0.0,0.0,0.0,0.0,0.01,0.02,0.01,0.01,0.0,0.0,0.0,0.01,0.01,0.01,0.0,0.0,0.0,0.0,0.0,0.0,0.0,0.0,0.01,0.02,0.02,0.01,0.0,0.0,0.0,0.0,0.0,0.0,0.0,0.0,,,,,,0.47712125471966244,Fibrotic,Fibrotic,Fibrotic,Fibrotic,Fibrotic,Fibrotic,Fibrotic,Fibrotic,Fibrotic,Fibrotic,Fibrotic,Fibrotic,false,false,false,false,false,false,Lesion 26 Day 032 AA,Lesion 26 Day 045 AA,Lesion 26 Day 059 AA,Lesion 26 Day 073 AA,Lesion 26 Day 087 AA,Lesion 26 Day 101 AA,11.423698,7.472008,7,cool
BDQ+LIN,BO08,28,-322.13,-230.69,-210.79,-308.99,-357.93,-308.85,-337.0,-216.0,-171.0,-314.0,-366.0,-293.0,130.9,177.17,179.2,155.92,147.89,160.29,0.96,1.84,1.01,0.57,0.4,0.56,0.94,1.77,0.87,0.52,0.37,0.55,0.25,0.65,0.43,0.21,0.1,0.12,1.55,3.53,2.25,1.46,0.87,0.95,0.0,0.13,0.03,0.0,0.0,0.0,0.0,0.13,0.03,0.0,0.0,0.0,0.0,0.08,0.01,0.0,0.0,0.0,0.14,0.38,0.18,0.08,0.04,0.02,0.14,0.36,0.17,0.07,0.03,0.02,0.0,0.0368271954674221,0.012195121951219513,0.0,0.0,0.0,0.13,0.11,0.09,0.1,0.08,0.03,0.02,0.08,0.09,0.03,0.01,0.01,,,,,,4.254088646919074,Necrotic,Necrotic,Necrotic,Necrotic,Necrotic,Necrotic,Necrotic,Necrotic,Necrotic,Necrotic,Necrotic,Necrotic,false,false,false,false,false,false,Lesion 28 Day 032 AA,Lesion 28 Day 045 AA,Lesion 28 Day 059 AA,Lesion 28 Day 073 AA,Lesion 28 Day 087 AA,Lesion 28 Day 101 AA,6.412858,8.716358,3,cool
BDQ+LIN,BO08,30,-377.14,-316.31,-301.28,-395.8,-433.26,-393.56,-381.0,-329.0,-309.0,-400.0,-444.0,-441.0,111.41,158.5,171.44,115.15,139.55,172.75,0.66,1.18,0.54,0.38,0.31,0.48,0.63,1.13,0.52,0.36,0.31,0.49,0.11,0.3,0.07,0.06,0.03,0.07,1.11,1.98,0.82,0.61,0.43,0.68,0.0,0.01,0.0,0.0,0.0,0.0,0.0,0.01,0.0,0.0,0.0,0.0,0.0,0.0,0.0,0.0,0.0,0.0,0.02,0.06,0.02,0.01,0.01,0.01,0.02,0.05,0.02,0.01,0.0,0.0,0.0,0.005050505050505051,0.0,0.0,0.0,0.0,0.03,0.03,0.03,0.02,0.01,0.01,0.0,0.01,0.01,0.0,0.0,0.0,,,,,,2.3138672203691533,Necrotic,Necrotic,Necrotic,Necrotic,Necrotic,Necrotic,Necrotic,Necrotic,Necrotic,Necrotic,Necrotic,Necrotic,true,true,true,true,true,true,Lesion 30z32 Day 032 AA,Lesion 30z32 Day 045 AA,Lesion 30z32 Day 059 AA,Lesion 30z32 Day 073 AA,Lesion 30z32 Day 087 AA,Lesion 30z32 Day 101 AA,9.735946,5.473796,8,cool
BDQ+LIN,BO08,31,-344.81,-145.92,-146.45,-213.42,-241.75,-197.91,-346.0,-93.0,-107.0,-218.0,-232.0,-157.0,128.25,178.06,157.53,193.32,175.06,164.51,0.75,1.54,0.88,0.63,0.47,1.15,0.74,1.54,0.79,0.57,0.41,1.09,0.06,0.43,0.3,0.22,0.18,0.42,1.03,2.42,2.07,1.72,1.51,2.09,0.0,0.02,0.0,0.0,0.0,0.0,0.0,0.02,0.0,0.0,0.0,0.0,0.0,0.01,0.0,0.0,0.0,0.0,0.01,0.06,0.04,0.03,0.02,0.02,0.01,0.06,0.03,0.03,0.01,0.02,0.0,0.008264462809917356,0.0,0.0,0.0,0.0,0.01,0.01,0.02,0.02,0.02,0.01,0.0,0.02,0.02,0.02,0.01,0.01,,,,,,3.2902572693945182,Necrotic,Necrotic,Necrotic,Necrotic,Necrotic,Necrotic,Necrotic,Necrotic,Necrotic,Necrotic,Necrotic,Necrotic,false,false,false,false,false,false,Lesion 31 Day 032 AA,Lesion 31 Day 045 AA,Lesion 31 Day 059 AA,Lesion 31 Day 073 AA,Lesion 31 Day 087 AA,Lesion 31 Day 101 AA,3.3732967,7.5463247,6,cool
EMB+INH+PZA+RIF,BO09,1,-413.65,-406.62,-468.48,-506.76,-432.05,-663.27,-434.0,-422.0,-475.0,-512.0,-442.0,-667.0,70.46,102.27,91.61,98.17,56.45,56.94,0.52,0.65,0.48,0.42,0.33,0.36,0.51,0.65,0.48,0.42,0.33,0.36,0.02,0.02,0.04,0.02,0.02,0.02,0.58,0.68,0.58,0.47,0.36,0.43,0.0,0.0,0.0,0.0,0.0,0.0,0.0,0.0,0.0,0.0,0.0,0.0,0.0,0.0,0.0,0.0,0.0,0.0,0.0,0.0,0.0,0.0,0.0,0.0,0.0,0.0,0.0,0.0,0.0,0.0,0.0,0.0,0.0,0.0,0.0,0.0,0.0,0.0,0.0,0.0,0.0,0.0,0.0,0.0,0.0,0.0,0.0,0.0,,,,,,0.48,Scar,Scar,Scar,Scar,Scar,Scar,Scar,Scar,Scar,Scar,Scar,Scar,false,false,false,false,false,false,Lesion 01 Day 032 AA,Lesion 01 Day 047 AA,Lesion 01 Day 059 AA,Lesion 01 Day 074 AA,Lesion 01 Day 086 AA,Lesion 01 Day 101 AA,11.709509,7.804106,7,cool
EMB+INH+PZA+RIF,BO09,2,-365.37,-355.11,-386.86,-391.01,-475.84,-506.74,-380.0,-370.0,-393.0,-403.0,-477.0,-508.0,152.73,125.21,117.12,76.56,111.26,109.09,0.74,0.9,0.59,0.53,0.38,0.38,0.71,0.88,0.58,0.52,0.36,0.38,0.14,0.14,0.08,0.05,0.04,0.02,1.18,1.23,0.74,0.65,0.5,0.47,0.0,0.0,0.0,0.0,0.0,0.0,0.0,0.0,0.0,0.0,0.0,0.0,0.0,0.0,0.0,0.0,0.0,0.0,0.01,0.01,0.0,0.0,0.0,0.0,0.0,0.01,0.0,0.0,0.0,0.0,0.0,0.0,0.0,0.0,0.0,0.0,0.01,0.01,0.01,0.0,0.0,0.0,0.0,0.0,0.0,0.0,0.0,0.0,,,,,,0.48,Fibrotic,Fibrotic,Fibrotic,Fibrotic,Fibrotic,Fibrotic,Fibrotic,Fibrotic,Fibrotic,Fibrotic,Fibrotic,Fibrotic,false,false,false,false,false,false,Lesion 02 Day 032 AA,Lesion 02 Day 047 AA,Lesion 02 Day 059 AA,Lesion 02 Day 074 AA,Lesion 02 Day 086 AA,Lesion 02 Day 101 AA,10.9653425,7.4992623,7,cool
EMB+INH+PZA+RIF,BO09,3,-290.4,-281.95,-297.86,-442.92,-311.86,-414.4,-298.0,-279.0,-296.0,-464.0,-329.0,-416.0,154.45,126.37,142.18,152.25,138.14,129.99,1.94,0.96,0.79,0.72,0.58,0.55,1.86,0.94,0.76,0.69,0.55,0.53,0.73,0.14,0.15,0.16,0.12,0.09,3.63,1.31,1.19,1.15,0.95,0.8,0.0,0.0,0.0,0.0,0.0,0.0,0.0,0.0,0.0,0.0,0.0,0.0,0.0,0.0,0.0,0.0,0.0,0.0,0.01,0.01,0.01,0.01,0.0,0.0,0.01,0.01,0.01,0.0,0.0,0.0,0.0,0.0,0.0,0.0,0.0,0.0,0.0,0.01,0.0,0.0,0.0,0.0,0.0,0.0,0.0,0.0,0.0,0.0,,,,,,0.48,Necrotic,Necrotic,Necrotic,Necrotic,Necrotic,Necrotic,Necrotic,Necrotic,Necrotic,Necrotic,Necrotic,Necrotic,false,false,false,false,false,false,Lesion 03 Day 032 AA,Lesion 03 Day 047 AA,Lesion 03 Day 059 AA,Lesion 03 Day 074 AA,Lesion 03 Day 086 AA,Lesion 03 Day 101 AA,9.035989,9.232447,3,cool
EMB+INH+PZA+RIF,BO09,4,-106.19,-80.87,-93.43,-146.52,-169.25,-125.38,-38.0,-43.0,-45.0,-121.0,-133.0,-72.0,163.6,123.73,155.77,170.47,154.67,194.98,3.29,1.67,2.05,1.88,1.52,2.07,3.0,1.64,2.11,1.9,1.2,2.05,1.45,0.41,0.65,0.58,0.9,0.69,7.19,2.71,3.09,3.12,4.07,3.41,0.04,0.03,0.05,0.04,0.02,0.04,0.04,0.03,0.05,0.04,0.02,0.04,0.03,0.01,0.04,0.03,0.02,0.03,0.14,0.08,0.13,0.11,0.09,0.11,0.14,0.08,0.12,0.11,0.09,0.11,0.005563282336578581,0.01107011070110701,0.016181229773462785,0.01282051282051282,0.004914004914004914,0.011730205278592375,0.01,0.01,0.02,0.02,0.03,0.02,0.03,0.04,0.04,0.03,0.03,0.03,,,,,,0.48,Fibrotic,Fibrotic,Fibrotic,Fibrotic,Fibrotic,Fibrotic,Fibrotic,Fibrotic,Fibrotic,Fibrotic,Fibrotic,Fibrotic,false,false,false,false,false,false,Lesion 04 Day 032 AA,Lesion 04 Day 047 AA,Lesion 04 Day 059 AA,Lesion 04 Day 074 AA,Lesion 04 Day 086 AA,Lesion 04 Day 101 AA,2.7326567,10.912499,4,hot
EMB+INH+PZA+RIF,BO09,5,-201.73,-446.36,-509.13,-551.62,-526.76,-524.81,-185.0,-460.0,-525.0,-556.0,-531.0,-527.0,128.33,90.24,89.41,91.87,88.88,106.66,0.77,0.58,0.52,0.46,0.39,0.4,0.76,0.57,0.51,0.47,0.39,0.4,0.1,0.03,0.04,0.03,0.03,0.01,1.07,0.67,0.62,0.51,0.45,0.44,0.0,0.0,0.0,0.0,0.0,0.0,0.0,0.0,0.0,0.0,0.0,0.0,0.0,0.0,0.0,0.0,0.0,0.0,0.01,0.01,0.0,0.0,0.0,0.0,0.01,0.0,0.0,0.0,0.0,0.0,0.0,0.0,0.0,0.0,0.0,0.0,0.01,0.01,0.0,0.0,0.0,0.0,0.0,0.0,0.0,0.0,0.0,0.0,,,,,,0.48,Fibrotic,Fibrotic,Fibrotic,Fibrotic,Fibrotic,Fibrotic,Fibrotic,Fibrotic,Fibrotic,Fibrotic,Fibrotic,Fibrotic,false,false,false,false,false,false,Lesion 05 Day 032 AA,Lesion 05 Day 047 AA,Lesion 05 Day 059 AA,Lesion 05 Day 074 AA,Lesion 05 Day 086 AA,Lesion 05 Day 101 AA,12.2014675,7.56716,7,cool
EMB+INH+PZA+RIF,BO09,6,-204.67,-70.28,-166.23,-204.03,-212.67,-230.1,-189.0,-29.0,-136.0,-193.0,-187.0,-227.0,161.47,126.85,153.48,157.21,149.45,178.02,1.36,1.86,2.29,1.24,1.28,1.52,1.31,1.84,2.18,1.08,1.1,1.35,0.44,0.53,0.94,0.6,0.71,0.68,2.68,3.61,5.2,3.47,4.7,4.27,0.23,1.06,0.78,0.25,0.24,0.32,0.23,1.06,0.78,0.25,0.24,0.32,0.06,0.57,0.59,0.11,0.12,0.17,0.87,2.72,2.44,1.12,0.98,1.13,0.85,2.71,2.42,1.08,0.96,1.08,0.08582089552238806,0.29362880886426596,0.15,0.07204610951008646,0.04948453608247423,0.07494145199063233,0.36,0.26,0.48,0.51,0.43,0.42,0.28,1.19,0.56,0.34,0.31,0.26,,,,,,1.43,Cavity,Cavity,Cavity,Cavity,Cavity,Cavity,Cavity,Cavity,Cavity,Cavity,Cavity,Cavity,true,true,true,true,true,true,Lesion 06z07z08 Day 032 AA,Lesion 06z07z08 Day 047 AA,Lesion 06z07z08 Day 059 AA,Lesion 06z07z08 Day 074 AA,Lesion 06z07z08 Day 086 AA,Lesion 06z07z08 Day 101 AA,-5.1365304,6.698708,0,hot
EMB+INH+PZA+RIF,BO09,9,-302.09,-219.48,-294.67,-297.45,-310.2,-367.59,-297.0,-198.0,-279.0,-297.0,-298.0,-382.0,114.8,159.8,166.63,137.16,130.84,177.86,0.7,1.21,0.74,0.64,0.56,0.66,0.7,1.16,0.72,0.62,0.56,0.65,0.08,0.23,0.12,0.07,0.06,0.1,0.86,1.71,1.09,0.77,0.69,0.88,0.0,0.0,0.0,0.0,0.0,0.0,0.0,0.0,0.0,0.0,0.0,0.0,0.0,0.0,0.0,0.0,0.0,0.0,0.0,0.01,0.01,0.0,0.0,0.0,0.0,0.01,0.0,0.0,0.0,0.0,0.0,0.0,0.0,0.0,0.0,0.0,0.0,0.01,0.01,0.0,0.0,0.0,0.0,0.0,0.0,0.0,0.0,0.0,,,,,,0.48,Scar,Scar,Scar,Scar,Scar,Scar,Scar,Scar,Scar,Scar,Scar,Scar,false,false,false,false,false,false,Lesion 09 Day 032 AA,Lesion 09 Day 047 AA,Lesion 09 Day 059 AA,Lesion 09 Day 074 AA,Lesion 09 Day 086 AA,Lesion 09 Day 101 AA,6.1484957,6.859294,9,cool
EMB+INH+PZA+RIF,BO09,11,-425.87,-329.79,-457.1,-581.05,-473.92,-644.3,-459.0,-334.0,-469.0,-581.0,-487.0,-638.0,135.3,107.33,100.12,102.24,74.71,81.32,0.52,0.58,0.56,0.45,0.41,0.39,0.52,0.58,0.56,0.44,0.39,0.38,0.03,0.02,0.03,0.04,0.03,0.02,0.59,0.62,0.64,0.53,0.47,0.46,0.0,0.0,0.0,0.0,0.0,0.0,0.0,0.0,0.0,0.0,0.0,0.0,0.0,0.0,0.0,0.0,0.0,0.0,0.0,0.0,0.0,0.0,0.0,0.0,0.0,0.0,0.0,0.0,0.0,0.0,0.0,0.0,0.0,0.0,0.0,0.0,0.0,0.0,0.0,0.0,0.0,0.0,0.0,0.0,0.0,0.0,0.0,0.0,,,,,,0.48,Scar,Scar,Scar,Scar,Scar,Scar,Scar,Scar,Scar,Scar,Scar,Scar,false,false,false,false,false,false,Lesion 11 Day 032 AA,Lesion 11 Day 047 AA,Lesion 11 Day 059 AA,Lesion 11 Day 074 AA,Lesion 11 Day 086 AA,Lesion 11 Day 101 AA,10.217257,8.842706,3,cool
EMB+INH+PZA+RIF,BO09,13,-185.68,-39.91,-109.71,-182.01,-102.86,-79.07,-172.0,0.0,-51.0,-157.0,-81.0,0.0,159.0,121.41,163.4,166.02,134.38,181.34,1.7,2.21,2.88,1.9,1.91,2.38,1.59,2.11,2.85,1.73,1.69,2.31,0.64,0.74,0.97,0.8,1.12,1.05,3.76,4.66,5.51,4.45,5.31,5.51,0.17,0.5,0.5,0.38,0.32,0.45,0.17,0.5,0.5,0.38,0.32,0.45,0.09,0.33,0.43,0.22,0.26,0.35,0.53,1.35,1.55,1.13,1.17,1.38,0.52,1.34,1.52,1.09,1.16,1.37,0.04521276595744681,0.1072961373390558,0.09107468123861566,0.0853932584269663,0.06026365348399247,0.08166969147005446,0.16,0.08,0.16,0.28,0.15,0.15,0.14,0.52,0.36,0.29,0.44,0.4,,,,,,0.78,Cavity,Cavity,Cavity,Cavity,Cavity,Cavity,Cavity,Cavity,Cavity,Cavity,Cavity,Cavity,true,true,true,true,true,true,Lesion 13z15z16 Day 032 AA,Lesion 13z15z16 Day 047 AA,Lesion 13z15z16 Day 059 AA,Lesion 13z15z16 Day 074 AA,Lesion 13z15z16 Day 086 AA,Lesion 13z15z16 Day 101 AA,-1.5442327,9.220108,14,hot
EMB+INH+PZA+RIF,BO09,14,-242.68,-88.25,-135.2,-192.29,-140.2,-129.5,-226.0,-38.0,-81.0,-157.0,-103.0,-78.0,173.4,131.26,162.58,159.37,148.25,180.37,1.49,2.19,2.85,1.84,2.45,2.35,1.37,2.13,2.85,1.66,2.23,2.15,0.65,0.65,1.02,0.82,1.41,1.14,4.21,3.64,5.0,4.03,6.01,5.51,0.35,0.97,1.04,0.61,0.7,0.68,0.35,0.97,1.04,0.61,0.7,0.68,0.17,0.66,0.87,0.41,0.58,0.51,1.26,2.59,3.37,1.97,2.55,2.19,1.19,2.56,3.31,1.86,2.53,2.14,0.0831353919239905,0.2664835164835165,0.20800000000000002,0.15136476426799006,0.11647254575707154,0.12341197822141563,0.47,0.26,0.41,0.49,0.38,0.32,0.27,0.91,0.78,0.52,0.64,0.58,,,,,,0.48,Cavity,Cavity,Cavity,Cavity,Cavity,Cavity,Cavity,Cavity,Cavity,Cavity,Cavity,Cavity,false,false,false,false,false,false,Lesion 14 Day 032 AA,Lesion 14 Day 047 AA,Lesion 14 Day 059 AA,Lesion 14 Day 074 AA,Lesion 14 Day 086 AA,Lesion 14 Day 101 AA,-4.992037,7.013927,0,hot
EMB+INH+PZA+RIF,BO09,17,-359.23,-278.55,-375.53,-424.45,-452.88,-509.33,-377.0,-284.0,-386.0,-432.0,-461.0,-515.0,111.54,131.7,93.76,51.72,101.25,112.81,0.66,0.69,0.72,0.54,0.35,0.41,0.65,0.67,0.72,0.53,0.35,0.4,0.06,0.07,0.06,0.04,0.02,0.02,0.8,0.87,0.83,0.62,0.4,0.45,0.0,0.0,0.0,0.0,0.0,0.0,0.0,0.0,0.0,0.0,0.0,0.0,0.0,0.0,0.0,0.0,0.0,0.0,0.01,0.01,0.0,0.0,0.0,0.0,0.0,0.01,0.0,0.0,0.0,0.0,0.0,0.0,0.0,0.0,0.0,0.0,0.01,0.01,0.0,0.0,0.0,0.0,0.0,0.0,0.0,0.0,0.0,0.0,,,,,,0.48,Cavity,Cavity,Cavity,Cavity,Cavity,Cavity,Cavity,Cavity,Cavity,Cavity,Cavity,Cavity,false,false,false,false,false,false,Lesion 17 Day 032 AA,Lesion 17 Day 047 AA,Lesion 17 Day 059 AA,Lesion 17 Day 074 AA,Lesion 17 Day 086 AA,Lesion 17 Day 101 AA,9.017151,9.034148,3,cool
EMB+INH+PZA+RIF,BO09,18,-408.44,-261.81,-359.94,-374.34,-319.5,-535.48,-412.0,-254.0,-376.0,-376.0,-340.0,-536.0,152.71,166.8,174.05,94.21,137.59,89.51,0.48,0.78,0.94,0.49,0.34,0.39,0.48,0.77,0.92,0.49,0.34,0.39,0.04,0.05,0.14,0.02,0.02,0.02,0.55,0.98,1.37,0.56,0.39,0.44,0.0,0.0,0.0,0.0,0.0,0.0,0.0,0.0,0.0,0.0,0.0,0.0,0.0,0.0,0.0,0.0,0.0,0.0,0.0,0.01,0.02,0.0,0.0,0.0,0.0,0.01,0.01,0.0,0.0,0.0,0.0,0.0,0.0,0.0,0.0,0.0,0.0,0.01,0.01,0.01,0.0,0.0,0.0,0.0,0.0,0.0,0.0,0.0,,,,,,0.48,Scar,Scar,Scar,Scar,Scar,Scar,Scar,Scar,Scar,Scar,Scar,Scar,false,false,false,false,false,false,Lesion 18 Day 032 AA,Lesion 18 Day 047 AA,Lesion 18 Day 059 AA,Lesion 18 Day 074 AA,Lesion 18 Day 086 AA,Lesion 18 Day 101 AA,7.4055824,6.1605306,9,cool
EMB+INH+PZA+RIF,BO09,19,-314.04,-225.5,-215.45,-287.14,-221.78,-307.55,-323.0,-190.0,-190.0,-286.0,-186.0,-308.0,130.48,160.49,134.6,124.97,125.23,144.12,0.93,1.15,1.57,0.97,0.58,0.97,0.93,1.13,1.51,0.91,0.56,0.92,0.2,0.22,0.35,0.28,0.15,0.3,1.47,1.69,2.52,1.61,1.25,1.86,0.0,0.0,0.03,0.0,0.0,0.0,0.0,0.0,0.03,0.0,0.0,0.0,0.0,0.0,0.01,0.0,0.0,0.0,0.02,0.07,0.09,0.05,0.03,0.05,0.02,0.06,0.09,0.04,0.03,0.05,0.0,0.0,0.011904761904761904,0.0,0.0,0.0,0.02,0.03,0.03,0.04,0.03,0.04,0.0,0.03,0.02,0.01,0.02,0.01,,,,,,0.78,Necrotic,Necrotic,Necrotic,Necrotic,Necrotic,Necrotic,Necrotic,Necrotic,Necrotic,Necrotic,Necrotic,Necrotic,false,false,false,false,false,false,Lesion 19 Day 032 AA,Lesion 19 Day 047 AA,Lesion 19 Day 059 AA,Lesion 19 Day 074 AA,Lesion 19 Day 086 AA,Lesion 19 Day 101 AA,6.812976,7.5121603,9,cool
BDQ,BO11,1,-418.72,-251.34,-256.09,-281.54,-340.0,-358.28,-425.0,-236.0,-263.0,-261.0,-345.0,-369.0,112.52,149.44,160.73,152.26,101.17,101.53,1.16,0.89,0.73,0.49,0.41,0.54,1.15,0.85,0.67,0.47,0.4,0.52,0.18,0.22,0.18,0.08,0.07,0.08,1.7,1.66,1.3,0.74,0.64,0.72,0.0,0.0,0.0,0.0,0.0,0.0,0.0,0.0,0.0,0.0,0.0,0.0,0.0,0.0,0.0,0.0,0.0,0.0,0.0,0.01,0.01,0.0,0.0,0.0,0.0,0.01,0.01,0.0,0.0,0.0,0.0,0.0,0.0,0.0,0.0,0.0,0.0,0.01,0.01,0.01,0.0,0.0,0.0,0.0,0.0,0.0,0.0,0.0,,,,,,0.47712125471966244,Fibrotic,Fibrotic,Fibrotic,Fibrotic,Fibrotic,Fibrotic,Fibrotic,Fibrotic,Fibrotic,Fibrotic,Fibrotic,Fibrotic,false,false,false,false,false,false,Lesion 01 Day 033 AA,Lesion 01 Day 046 AA,Lesion 01 Day 059 AA,Lesion 01 Day 073 AA,Lesion 01 Day 087 AA,Lesion 01 Day 101 AA,7.8120685,8.223682,3,cool
BDQ,BO11,2,-336.03,-260.04,-251.22,-286.36,-387.11,-418.15,-362.0,-272.0,-265.0,-301.0,-399.0,-422.0,153.17,171.98,166.72,159.91,126.65,107.33,1.12,1.88,1.11,0.61,0.45,0.52,1.05,1.61,0.94,0.58,0.43,0.5,0.37,0.95,0.46,0.15,0.1,0.08,2.04,5.08,2.67,1.03,0.74,0.72,0.0,0.03,0.01,0.0,0.0,0.0,0.0,0.03,0.01,0.0,0.0,0.0,0.0,0.02,0.0,0.0,0.0,0.0,0.03,0.09,0.06,0.01,0.01,0.0,0.03,0.08,0.06,0.01,0.01,0.0,0.0,0.005905511811023622,0.003745318352059925,0.0,0.0,0.0,0.02,0.03,0.03,0.02,0.01,0.01,0.0,0.02,0.02,0.01,0.0,0.0,,,,,,0.47712125471966244,Fibrotic,Fibrotic,Fibrotic,Fibrotic,Fibrotic,Fibrotic,Fibrotic,Fibrotic,Fibrotic,Fibrotic,Fibrotic,Fibrotic,false,false,false,false,false,false,Lesion 02 Day 033 AA,Lesion 02 Day 046 AA,Lesion 02 Day 059 AA,Lesion 02 Day 073 AA,Lesion 02 Day 087 AA,Lesion 02 Day 101 AA,4.487792,4.9914174,10,cool
BDQ,BO11,3,-469.45,-282.04,-269.08,-370.09,-433.59,-509.53,-501.0,-299.0,-285.0,-388.0,-446.0,-515.0,139.16,164.28,141.01,134.37,90.24,81.29,0.8,1.71,1.0,0.53,0.41,0.49,0.81,1.68,0.97,0.52,0.41,0.48,0.08,0.46,0.16,0.09,0.04,0.05,0.93,2.67,1.36,0.8,0.56,0.59,0.0,0.01,0.0,0.0,0.0,0.0,0.0,0.01,0.0,0.0,0.0,0.0,0.0,0.0,0.0,0.0,0.0,0.0,0.01,0.02,0.01,0.0,0.0,0.0,0.0,0.02,0.01,0.0,0.0,0.0,0.0,0.003745318352059925,0.0,0.0,0.0,0.0,0.01,0.01,0.01,0.01,0.0,0.0,0.0,0.0,0.0,0.0,0.0,0.0,,,,,,0.47712125471966244,Fibrotic,Fibrotic,Fibrotic,Fibrotic,Fibrotic,Fibrotic,Fibrotic,Fibrotic,Fibrotic,Fibrotic,Fibrotic,Fibrotic,false,false,false,false,false,false,Lesion 03 Day 033 AA,Lesion 03 Day 046 AA,Lesion 03 Day 059 AA,Lesion 03 Day 073 AA,Lesion 03 Day 087 AA,Lesion 03 Day 101 AA,4.5829186,5.069346,10,cool
BDQ,BO11,4,-381.3,-263.56,-227.69,-288.12,-309.61,-341.29,-404.0,-255.0,-225.0,-293.0,-322.0,-370.0,131.73,162.33,154.46,159.84,145.9,146.15,1.02,2.29,1.55,0.77,0.55,0.66,0.96,2.12,1.54,0.73,0.52,0.64,0.29,1.18,0.63,0.22,0.17,0.14,1.86,4.7,3.43,1.25,1.07,1.05,0.0,0.03,0.03,0.0,0.0,0.0,0.0,0.03,0.03,0.0,0.0,0.0,0.0,0.03,0.01,0.0,0.0,0.0,0.02,0.11,0.08,0.02,0.01,0.01,0.02,0.1,0.08,0.02,0.01,0.01,0.0,0.006382978723404255,0.008333333333333333,0.0,0.0,0.0,0.01,0.03,0.03,0.02,0.01,0.01,0.0,0.01,0.02,0.01,0.0,0.0,,,,,,1.7160033436347992,Necrotic,Necrotic,Necrotic,Necrotic,Necrotic,Necrotic,Necrotic,Necrotic,Necrotic,Necrotic,Necrotic,Necrotic,false,false,false,false,false,false,Lesion 04 Day 033 AA,Lesion 04 Day 046 AA,Lesion 04 Day 059 AA,Lesion 04 Day 073 AA,Lesion 04 Day 087 AA,Lesion 04 Day 101 AA,3.442979,5.253721,10,cool
BDQ,BO11,5,-416.77,-224.73,-217.02,-274.39,-328.47,-373.74,-440.0,-208.0,-208.0,-278.0,-352.0,-398.0,121.22,160.73,165.5,167.77,139.98,127.98,0.78,2.79,1.57,0.84,0.52,0.59,0.77,2.91,1.51,0.75,0.48,0.6,0.08,0.8,0.42,0.28,0.13,0.06,0.95,4.4,2.75,1.5,0.85,0.71,0.0,0.04,0.03,0.0,0.0,0.0,0.0,0.04,0.03,0.0,0.0,0.0,0.0,0.04,0.01,0.0,0.0,0.0,0.01,0.12,0.08,0.03,0.01,0.01,0.01,0.12,0.08,0.03,0.01,0.01,0.0,0.00909090909090909,0.010909090909090908,0.0,0.0,0.0,0.01,0.02,0.03,0.02,0.01,0.01,0.0,0.02,0.02,0.01,0.0,0.0,,,,,,0.47712125471966244,Fibrotic,Fibrotic,Fibrotic,Fibrotic,Fibrotic,Fibrotic,Fibrotic,Fibrotic,Fibrotic,Fibrotic,Fibrotic,Fibrotic,false,false,false,false,false,false,Lesion 05 Day 033 AA,Lesion 05 Day 046 AA,Lesion 05 Day 059 AA,Lesion 05 Day 073 AA,Lesion 05 Day 087 AA,Lesion 05 Day 101 AA,1.9107614,5.948929,10,cool
BDQ,BO11,6,-237.97,-149.95,-96.94,-126.94,-179.98,-197.56,-244.0,-76.0,-44.0,-43.0,-152.0,-180.0,171.82,178.36,138.62,172.75,184.14,184.08,1.63,3.28,2.16,1.66,1.65,1.95,1.44,3.18,2.02,1.44,1.28,1.6,0.66,1.15,0.76,0.88,0.95,1.06,3.7,5.86,3.82,3.52,4.63,5.26,0.12,0.31,0.32,0.14,0.12,0.12,0.12,0.31,0.32,0.14,0.12,0.12,0.07,0.27,0.22,0.1,0.08,0.08,0.43,1.06,0.93,0.48,0.45,0.42,0.39,1.02,0.93,0.48,0.43,0.41,0.03243243243243243,0.05290102389078498,0.08376963350785341,0.03977272727272728,0.02591792656587473,0.022813688212927757,0.15,0.1,0.12,0.08,0.12,0.1,0.09,0.2,0.32,0.2,0.14,0.1,,,,,,1.550228353055094,Cavity,Cavity,Cavity,Cavity,Cavity,Cavity,Cavity,Cavity,Cavity,Cavity,Cavity,Cavity,true,true,true,true,true,true,Lesion 06z07 Day 033 AA,Lesion 06z07 Day 046 AA,Lesion 06z07 Day 059 AA,Lesion 06z07 Day 073 AA,Lesion 06z07 Day 087 AA,Lesion 06z07 Day 101 AA,-0.90288776,5.620129,2,hot
BDQ,BO11,8,-687.32,-424.63,-399.52,-423.29,-603.3,-592.98,-683.0,-439.0,-412.0,-426.0,-608.0,-598.0,70.84,149.79,72.31,67.06,58.66,90.21,0.5,0.73,0.7,0.4,0.32,0.43,0.5,0.74,0.7,0.39,0.31,0.43,0.03,0.15,0.07,0.03,0.02,0.02,0.57,1.12,0.84,0.48,0.36,0.47,0.0,0.0,0.0,0.0,0.0,0.0,0.0,0.0,0.0,0.0,0.0,0.0,0.0,0.0,0.0,0.0,0.0,0.0,0.0,0.0,0.0,0.0,0.0,0.0,0.0,0.0,0.0,0.0,0.0,0.0,0.0,0.0,0.0,0.0,0.0,0.0,0.0,0.0,0.0,0.0,0.0,0.0,0.0,0.0,0.0,0.0,0.0,0.0,,,,,,1.505149978319906,Fibrotic,Fibrotic,Fibrotic,Fibrotic,Fibrotic,Fibrotic,Fibrotic,Fibrotic,Fibrotic,Fibrotic,Fibrotic,Fibrotic,false,false,false,false,false,false,Lesion 08 Day 033 AA,Lesion 08 Day 046 AA,Lesion 08 Day 059 AA,Lesion 08 Day 073 AA,Lesion 08 Day 087 AA,Lesion 08 Day 101 AA,10.56372,5.2485013,7,cool
BDQ,BO11,9,-372.9,-247.22,-273.65,-225.66,-299.9,-360.52,-383.0,-239.0,-281.0,-191.0,-302.0,-372.0,117.33,172.58,154.63,173.01,138.38,112.7,1.21,2.19,1.38,1.01,0.74,0.63,1.19,2.09,1.34,0.95,0.74,0.63,0.25,0.87,0.47,0.45,0.22,0.09,1.73,4.3,2.53,2.27,1.33,0.82,0.0,0.04,0.03,0.01,0.0,0.0,0.0,0.04,0.03,0.01,0.0,0.0,0.0,0.03,0.01,0.0,0.0,0.0,0.04,0.12,0.12,0.06,0.02,0.01,0.03,0.11,0.11,0.05,0.02,0.01,0.0,0.009302325581395349,0.011857707509881424,0.004405286343612335,0.0,0.0,0.03,0.03,0.06,0.03,0.03,0.02,0.0,0.02,0.02,0.02,0.01,0.0,,,,,,0.9294189257142927,Necrotic,Necrotic,Necrotic,Necrotic,Necrotic,Necrotic,Necrotic,Necrotic,Necrotic,Necrotic,Necrotic,Necrotic,false,false,false,false,false,false,Lesion 09 Day 033 AA,Lesion 09 Day 046 AA,Lesion 09 Day 059 AA,Lesion 09 Day 073 AA,Lesion 09 Day 087 AA,Lesion 09 Day 101 AA,3.9288135,5.309098,10,cool
BDQ,BO11,10,-429.13,-243.49,-229.98,-310.87,-335.44,-394.14,-432.0,-235.0,-229.0,-326.0,-349.0,-401.0,68.96,164.68,171.49,154.7,126.1,97.32,0.94,2.67,1.5,0.81,0.6,0.67,0.96,2.54,1.38,0.78,0.59,0.67,0.15,0.92,0.57,0.28,0.15,0.12,1.24,4.9,3.12,1.51,0.96,0.94,0.0,0.07,0.05,0.0,0.0,0.0,0.0,0.07,0.05,0.0,0.0,0.0,0.0,0.06,0.02,0.0,0.0,0.0,0.02,0.21,0.17,0.04,0.02,0.02,0.02,0.2,0.16,0.04,0.02,0.01,0.0,0.014285714285714285,0.016025641025641028,0.0,0.0,0.0,0.02,0.05,0.07,0.03,0.03,0.02,0.0,0.03,0.04,0.01,0.0,0.0,,,,,,2.5921767573958667,Necrotic,Necrotic,Necrotic,Necrotic,Necrotic,Necrotic,Necrotic,Necrotic,Necrotic,Necrotic,Necrotic,Necrotic,false,false,false,false,false,false,Lesion 10 Day 033 AA,Lesion 10 Day 046 AA,Lesion 10 Day 059 AA,Lesion 10 Day 073 AA,Lesion 10 Day 087 AA,Lesion 10 Day 101 AA,1.7996384,5.580617,10,cool
BDQ,BO11,11,-284.67,-208.69,-248.05,-230.68,-253.7,-289.12,-289.0,-201.0,-227.0,-202.0,-235.0,-300.0,162.92,165.75,192.99,177.34,162.69,155.38,0.98,1.8,1.28,0.7,0.57,0.55,0.95,1.61,1.17,0.65,0.53,0.54,0.23,0.84,0.49,0.23,0.18,0.08,1.44,3.72,2.44,1.49,1.17,0.79,0.0,0.02,0.01,0.0,0.0,0.0,0.0,0.02,0.01,0.0,0.0,0.0,0.0,0.02,0.0,0.0,0.0,0.0,0.02,0.08,0.05,0.01,0.01,0.01,0.01,0.08,0.05,0.01,0.01,0.0,0.0,0.005376344086021505,0.004098360655737705,0.0,0.0,0.0,0.01,0.03,0.02,0.01,0.01,0.01,0.0,0.02,0.02,0.01,0.0,0.0,,,,,,1.2041199826559248,Fibrotic,Fibrotic,Fibrotic,Fibrotic,Fibrotic,Fibrotic,Fibrotic,Fibrotic,Fibrotic,Fibrotic,Fibrotic,Fibrotic,false,false,false,false,false,false,Lesion 11 Day 033 AA,Lesion 11 Day 046 AA,Lesion 11 Day 059 AA,Lesion 11 Day 073 AA,Lesion 11 Day 087 AA,Lesion 11 Day 101 AA,4.745244,6.0308504,9,cool
BDQ,BO11,12,-237.33,-98.51,-72.12,-100.15,-133.76,-166.94,-231.0,-33.0,-32.0,-27.0,-66.0,-106.0,167.51,156.08,133.74,174.76,186.28,182.0,1.97,3.36,2.67,2.07,1.83,1.69,1.88,3.33,2.72,1.86,1.6,1.57,0.78,1.48,1.06,1.05,1.1,0.78,3.84,6.05,5.02,4.53,5.1,3.83,0.08,0.21,0.21,0.13,0.09,0.07,0.08,0.21,0.21,0.13,0.09,0.07,0.05,0.18,0.18,0.09,0.06,0.04,0.23,0.8,0.68,0.41,0.31,0.23,0.22,0.77,0.65,0.41,0.29,0.21,0.020833333333333336,0.03471074380165289,0.04183266932270917,0.02869757174392936,0.01764705882352941,0.018276762402088774,0.07,0.06,0.05,0.05,0.05,0.05,0.04,0.17,0.2,0.14,0.11,0.08,,,,,,1.255272505103306,Cavity,Cavity,Cavity,Cavity,Cavity,Cavity,Cavity,Cavity,Cavity,Cavity,Cavity,Cavity,false,false,false,false,false,false,Lesion 12 Day 033 AA,Lesion 12 Day 046 AA,Lesion 12 Day 059 AA,Lesion 12 Day 073 AA,Lesion 12 Day 087 AA,Lesion 12 Day 101 AA,-0.02195866,7.314007,2,hot
BDQ,BO11,13,-385.05,-199.44,-259.69,-296.11,-308.75,-433.69,-400.0,-173.0,-256.0,-309.0,-325.0,-445.0,117.37,168.69,159.66,177.86,158.51,142.86,0.85,2.4,1.08,0.48,0.46,0.47,0.83,2.19,0.99,0.44,0.42,0.46,0.15,1.1,0.34,0.12,0.1,0.05,1.15,5.55,2.14,0.93,0.78,0.6,0.0,0.05,0.01,0.0,0.0,0.0,0.0,0.05,0.01,0.0,0.0,0.0,0.0,0.04,0.0,0.0,0.0,0.0,0.01,0.15,0.04,0.01,0.0,0.01,0.01,0.14,0.04,0.01,0.0,0.0,0.0,0.009009009009009009,0.004672897196261682,0.0,0.0,0.0,0.01,0.03,0.02,0.01,0.01,0.01,0.0,0.03,0.01,0.01,0.0,0.0,,,,,,2.2265999052073573,Necrotic,Necrotic,Necrotic,Necrotic,Necrotic,Necrotic,Necrotic,Necrotic,Necrotic,Necrotic,Necrotic,Necrotic,false,false,false,false,false,false,Lesion 13 Day 033 AA,Lesion 13 Day 046 AA,Lesion 13 Day 059 AA,Lesion 13 Day 073 AA,Lesion 13 Day 087 AA,Lesion 13 Day 101 AA,2.556617,6.1849184,10,cool
BDQ,BO11,14,-501.76,-344.6,-321.5,-370.74,-399.16,-554.2,-509.0,-358.0,-333.0,-383.0,-427.0,-568.0,99.0,141.29,126.15,144.54,102.95,101.07,0.54,1.1,0.73,0.43,0.3,0.42,0.54,1.08,0.67,0.43,0.3,0.41,0.03,0.27,0.11,0.05,0.02,0.05,0.64,1.86,1.22,0.56,0.36,0.57,0.0,0.0,0.0,0.0,0.0,0.0,0.0,0.0,0.0,0.0,0.0,0.0,0.0,0.0,0.0,0.0,0.0,0.0,0.0,0.02,0.01,0.0,0.0,0.0,0.0,0.01,0.01,0.0,0.0,0.0,0.0,0.0,0.0,0.0,0.0,0.0,0.0,0.01,0.01,0.0,0.0,0.0,0.0,0.0,0.0,0.0,0.0,0.0,,,,,,0.47712125471966244,Fibrotic,Fibrotic,Fibrotic,Fibrotic,Fibrotic,Fibrotic,Fibrotic,Fibrotic,Fibrotic,Fibrotic,Fibrotic,Fibrotic,false,false,false,false,false,false,Lesion 14 Day 033 AA,Lesion 14 Day 046 AA,Lesion 14 Day 059 AA,Lesion 14 Day 073 AA,Lesion 14 Day 087 AA,Lesion 14 Day 101 AA,10.593555,6.250592,7,cool
BDQ,BO11,15,-388.63,-114.18,-156.15,-170.77,-188.3,-302.11,-408.0,-39.0,-121.0,-100.0,-173.0,-324.0,120.08,171.59,173.19,192.47,187.94,168.87,1.32,3.02,1.88,1.47,1.23,0.82,1.21,2.85,1.67,1.27,1.07,0.81,0.46,1.12,0.89,0.84,0.77,0.26,3.0,6.92,4.25,3.74,4.17,1.65,0.06,0.57,0.35,0.14,0.07,0.0,0.06,0.57,0.35,0.14,0.07,0.0,0.02,0.49,0.24,0.08,0.04,0.0,0.29,1.82,1.13,0.47,0.3,0.14,0.24,1.76,1.12,0.45,0.29,0.13,0.02,0.08236994219653179,0.08235294117647059,0.03743315508021391,0.01678657074340528,0.0,0.16,0.16,0.26,0.12,0.12,0.11,0.01,0.42,0.33,0.18,0.12,0.04,,,,,,2.651278013998144,Fibrotic,Fibrotic,Fibrotic,Fibrotic,Fibrotic,Fibrotic,Fibrotic,Fibrotic,Fibrotic,Fibrotic,Fibrotic,Fibrotic,true,true,true,true,true,true,Lesion 15z16z19z21 Day 033 AA,Lesion 15z16z19z21 Day 046 AA,Lesion 15z16z19z21 Day 059 AA,Lesion 15z16z19z21 Day 073 AA,Lesion 15z16z19z21 Day 087 AA,Lesion 15z16z19z21 Day 101 AA,-3.103681,6.172699,0,hot
BDQ,BO11,17,-269.38,-192.67,-140.35,-191.11,-267.51,-295.29,-281.0,-159.0,-106.0,-165.0,-286.0,-324.0,149.72,175.83,151.35,176.81,164.73,157.86,1.65,3.08,2.02,1.26,1.05,1.09,1.52,2.74,1.88,1.05,0.86,0.9,0.65,1.48,0.73,0.63,0.54,0.48,4.15,7.72,3.91,3.24,2.97,2.75,0.11,0.24,0.22,0.05,0.02,0.02,0.11,0.24,0.22,0.05,0.02,0.02,0.04,0.2,0.15,0.03,0.01,0.01,0.35,0.83,0.63,0.23,0.14,0.12,0.33,0.81,0.63,0.22,0.12,0.11,0.02650602409638554,0.031088082901554404,0.056265984654731455,0.015432098765432098,0.006734006734006734,0.007272727272727273,0.15,0.12,0.13,0.09,0.09,0.08,0.05,0.13,0.19,0.09,0.03,0.02,,,,,,3.724930914192398,Necrotic,Necrotic,Necrotic,Necrotic,Necrotic,Necrotic,Necrotic,Necrotic,Necrotic,Necrotic,Necrotic,Necrotic,true,true,true,true,true,true,Lesion 17z18 Day 033 AA,Lesion 17z18 Day 046 AA,Lesion 17z18 Day 059 AA,Lesion 17z18 Day 073 AA,Lesion 17z18 Day 087 AA,Lesion 17z18 Day 101 AA,-0.68577635,5.505513,2,hot
BDQ,BO11,20,-329.75,-157.62,-157.96,-114.61,-199.27,-293.36,-345.0,-96.0,-130.0,-59.0,-188.0,-312.0,144.73,173.15,165.4,165.29,175.26,162.82,1.89,3.08,1.98,1.79,1.71,1.08,1.8,3.07,1.82,1.75,1.51,1.03,0.65,1.28,0.91,0.82,1.0,0.39,3.6,5.44,3.83,3.63,5.19,2.23,0.06,0.17,0.14,0.13,0.08,0.02,0.06,0.17,0.14,0.13,0.08,0.02,0.03,0.15,0.1,0.09,0.05,0.0,0.16,0.61,0.46,0.38,0.26,0.11,0.15,0.6,0.45,0.38,0.25,0.1,0.016666666666666666,0.03125,0.03655352480417755,0.03581267217630854,0.015414258188824663,0.008968609865470852,0.06,0.07,0.1,0.06,0.08,0.07,0.01,0.12,0.12,0.14,0.06,0.02,,,,,,0.9542425094393249,Fibrotic,Fibrotic,Fibrotic,Fibrotic,Fibrotic,Fibrotic,Fibrotic,Fibrotic,Fibrotic,Fibrotic,Fibrotic,Fibrotic,true,true,true,true,true,true,Lesion 20z22 Day 033 AA,Lesion 20z22 Day 046 AA,Lesion 20z22 Day 059 AA,Lesion 20z22 Day 073 AA,Lesion 20z22 Day 087 AA,Lesion 20z22 Day 101 AA,0.1198713,6.17048,2,hot
BDQ,BO11,24,-232.4,-199.87,-188.07,-193.51,-226.19,-254.62,-273.0,-177.0,-177.0,-135.0,-225.0,-266.0,173.83,176.6,169.63,207.48,179.82,174.56,1.47,3.09,1.6,0.99,0.73,0.77,1.42,2.92,1.5,0.89,0.71,0.77,0.37,1.06,0.67,0.42,0.27,0.16,2.24,6.41,3.23,2.15,1.45,1.15,0.02,0.16,0.05,0.01,0.0,0.0,0.02,0.16,0.05,0.01,0.0,0.0,0.0,0.14,0.03,0.0,0.0,0.0,0.06,0.5,0.17,0.04,0.02,0.02,0.06,0.49,0.17,0.04,0.02,0.01,0.008928571428571428,0.0249609984399376,0.015479876160990714,0.004405286343612335,0.0,0.0,0.03,0.09,0.06,0.02,0.02,0.01,0.01,0.08,0.05,0.02,0.01,0.01,,,,,,0.9542425094393249,Fibrotic,Fibrotic,Fibrotic,Fibrotic,Fibrotic,Fibrotic,Fibrotic,Fibrotic,Fibrotic,Fibrotic,Fibrotic,Fibrotic,false,false,false,false,false,false,Lesion 24 Day 033 AA,Lesion 24 Day 046 AA,Lesion 24 Day 059 AA,Lesion 24 Day 073 AA,Lesion 24 Day 087 AA,Lesion 24 Day 101 AA,-0.15120886,5.6843324,2,hot
EMB+INH+PZA+RIF,BO16,1,-172.77,-37.03,-59.43,-74.89,-75.19,-107.83,-181.0,7.0,-2.0,-10.0,-4.0,-50.0,183.58,129.17,158.82,166.21,181.31,223.24,2.25,4.42,1.85,2.29,2.01,1.63,1.86,3.88,1.78,2.24,1.72,1.51,1.36,1.87,0.74,1.04,1.27,0.81,7.81,9.68,3.91,4.66,6.58,4.78,0.15,0.4,0.26,0.26,0.19,0.13,0.15,0.4,0.26,0.26,0.19,0.13,0.11,0.39,0.17,0.2,0.15,0.06,0.53,1.76,0.77,0.81,0.69,0.41,0.52,1.75,0.76,0.81,0.68,0.38,0.01920614596670935,0.04132231404958678,0.06649616368286446,0.055793991416309016,0.03273809523809524,0.02719665271966527,0.12,0.06,0.09,0.08,0.08,0.08,0.11,0.34,0.32,0.27,0.27,0.15,,,,,,0.95,Necrotic,Necrotic,Necrotic,Necrotic,Necrotic,Necrotic,Necrotic,Necrotic,Necrotic,Necrotic,Necrotic,Necrotic,false,false,false,false,false,false,Lesion 01 Day 033 AA,Lesion 01 Day 048 AA,Lesion 01 Day 060 AA,Lesion 01 Day 075 AA,Lesion 01 Day 086 AA,Lesion 01 Day 101 AA,-0.9629582,7.608551,2,hot
EMB+INH+PZA+RIF,BO16,2,-288.47,-207.44,-280.68,-274.75,-264.09,-247.13,-306.0,-192.0,-289.0,-272.0,-270.0,-235.0,204.53,162.58,138.78,148.76,170.86,200.93,1.17,3.18,1.18,1.18,0.99,1.36,1.01,3.2,1.11,1.12,0.86,1.26,0.54,1.22,0.5,0.5,0.52,0.61,2.76,5.84,2.64,2.49,2.5,3.19,0.03,0.22,0.05,0.02,0.02,0.04,0.03,0.22,0.05,0.02,0.02,0.04,0.01,0.2,0.02,0.01,0.01,0.02,0.13,0.79,0.23,0.09,0.09,0.14,0.12,0.77,0.23,0.09,0.08,0.13,0.010869565217391304,0.03767123287671233,0.01893939393939394,0.008032128514056224,0.008,0.012539184952978058,0.06,0.14,0.15,0.06,0.06,0.06,0.04,0.11,0.03,0.02,0.03,0.04,,,,,,0.78,Necrotic,Necrotic,Necrotic,Necrotic,Necrotic,Necrotic,Necrotic,Necrotic,Necrotic,Necrotic,Necrotic,Necrotic,false,false,false,false,false,false,Lesion 02 Day 033 AA,Lesion 02 Day 048 AA,Lesion 02 Day 060 AA,Lesion 02 Day 075 AA,Lesion 02 Day 086 AA,Lesion 02 Day 101 AA,-0.8240025,5.790321,2,hot
EMB+INH+PZA+RIF,BO16,3,-283.18,-175.19,-202.78,-251.28,-248.67,-248.68,-279.0,-141.0,-194.0,-250.0,-241.0,-249.0,170.14,142.67,134.01,144.37,157.75,153.94,0.69,2.8,0.81,0.86,0.44,0.45,0.66,2.77,0.79,0.78,0.39,0.45,0.17,0.82,0.22,0.37,0.15,0.07,1.06,4.63,1.39,1.75,0.84,0.59,0.0,0.07,0.0,0.0,0.0,0.0,0.0,0.07,0.0,0.0,0.0,0.0,0.0,0.06,0.0,0.0,0.0,0.0,0.02,0.2,0.06,0.04,0.02,0.01,0.02,0.2,0.06,0.04,0.02,0.01,0.0,0.015118790496760261,0.0,0.0,0.0,0.0,0.02,0.04,0.04,0.03,0.02,0.01,0.01,0.04,0.03,0.01,0.01,0.01,,,,,,0.48,Fibrotic,Fibrotic,Fibrotic,Fibrotic,Fibrotic,Fibrotic,Fibrotic,Fibrotic,Fibrotic,Fibrotic,Fibrotic,Fibrotic,false,false,false,false,false,false,Lesion 03 Day 033 AA,Lesion 03 Day 048 AA,Lesion 03 Day 060 AA,Lesion 03 Day 075 AA,Lesion 03 Day 086 AA,Lesion 03 Day 101 AA,1.4357476,6.681767,10,cool
EMB+INH+PZA+RIF,BO16,4,-45.99,-27.92,-11.81,-42.83,-29.86,18.35,9.0,6.0,12.0,-3.0,7.0,53.0,144.37,117.63,104.49,141.59,131.73,132.39,2.59,3.54,2.33,2.88,2.18,2.77,2.48,3.41,2.39,2.83,1.97,2.36,0.96,1.56,0.92,1.09,1.06,1.49,5.22,9.2,5.21,5.3,5.63,6.93,0.41,1.12,0.86,0.74,0.5,0.36,0.41,1.12,0.86,0.74,0.5,0.36,0.32,1.01,0.71,0.63,0.36,0.28,1.25,4.33,2.64,2.4,1.61,1.28,1.25,4.32,2.64,2.37,1.6,1.26,0.07854406130268199,0.12173913043478263,0.16506717850287908,0.13962264150943396,0.08880994671403197,0.05194805194805195,0.1,0.14,0.11,0.09,0.08,0.04,0.39,1.1,1.03,0.73,0.64,0.41,,,,,,0.95,Cavity,Cavity,Cavity,Cavity,Cavity,Cavity,Cavity,Cavity,Cavity,Cavity,Cavity,Cavity,true,true,true,true,true,true,Lesion 04z05 Day 033 AA,Lesion 04z05 Day 048 AA,Lesion 04z05 Day 060 AA,Lesion 04z05 Day 075 AA,Lesion 04z05 Day 086 AA,Lesion 04z05 Day 101 AA,-2.7292066,7.4351745,0,hot
EMB+INH+PZA+RIF,BO16,6,-263.21,-270.79,-327.8,-257.23,-249.36,-251.03,-273.0,-274.0,-337.0,-256.0,-253.0,-263.0,148.29,151.72,122.76,159.59,158.18,179.58,0.62,2.28,0.52,0.98,0.62,0.82,0.58,2.22,0.47,0.96,0.57,0.83,0.23,0.73,0.19,0.32,0.3,0.23,1.45,4.11,1.09,1.76,1.41,1.28,0.0,0.05,0.0,0.0,0.0,0.0,0.0,0.05,0.0,0.0,0.0,0.0,0.0,0.04,0.0,0.0,0.0,0.0,0.02,0.13,0.02,0.03,0.03,0.02,0.02,0.13,0.02,0.03,0.03,0.02,0.0,0.0121654501216545,0.0,0.0,0.0,0.0,0.02,0.04,0.04,0.02,0.03,0.02,0.01,0.02,0.0,0.01,0.01,0.01,,,,,,0.48,Fibrotic,Fibrotic,Fibrotic,Fibrotic,Fibrotic,Fibrotic,Fibrotic,Fibrotic,Fibrotic,Fibrotic,Fibrotic,Fibrotic,false,false,false,false,false,false,Lesion 06 Day 033 AA,Lesion 06 Day 048 AA,Lesion 06 Day 060 AA,Lesion 06 Day 075 AA,Lesion 06 Day 086 AA,Lesion 06 Day 101 AA,3.2397308,5.1394677,10,cool
EMB+INH+PZA+RIF,BO16,7,-188.86,-184.23,-235.92,-253.33,-246.43,-212.36,-192.0,-161.0,-254.0,-247.0,-242.0,-204.0,152.59,180.15,150.73,174.62,171.28,199.15,1.13,3.75,1.17,1.23,1.08,1.68,0.99,3.52,1.04,0.98,0.93,1.48,0.56,1.59,0.6,0.8,0.62,0.88,2.66,7.98,2.87,3.5,3.06,4.29,0.01,0.18,0.05,0.03,0.02,0.04,0.01,0.18,0.05,0.03,0.02,0.04,0.0,0.17,0.02,0.02,0.01,0.03,0.06,0.71,0.2,0.11,0.09,0.14,0.06,0.7,0.2,0.11,0.09,0.14,0.0037593984962406013,0.022556390977443608,0.017421602787456445,0.008571428571428572,0.006535947712418301,0.009324009324009324,0.03,0.09,0.12,0.05,0.05,0.04,0.02,0.09,0.05,0.03,0.03,0.04,,,,,,0.95,Cavity,Cavity,Cavity,Cavity,Cavity,Cavity,Cavity,Cavity,Cavity,Cavity,Cavity,Cavity,false,false,false,false,false,false,Lesion 07 Day 033 AA,Lesion 07 Day 048 AA,Lesion 07 Day 060 AA,Lesion 07 Day 075 AA,Lesion 07 Day 086 AA,Lesion 07 Day 101 AA,-0.218098,5.6148524,2,hot
EMB+INH+PZA+RIF,BO16,8,-331.43,-221.78,-335.72,-287.14,-314.23,-300.26,-343.0,-223.0,-348.0,-295.0,-333.0,-304.0,118.03,168.25,139.97,171.41,171.74,171.34,0.7,2.74,0.64,1.08,0.6,0.73,0.64,2.51,0.52,0.88,0.53,0.71,0.22,1.43,0.35,0.56,0.25,0.19,1.33,6.88,1.73,2.8,1.31,1.19,0.0,0.11,0.0,0.01,0.0,0.0,0.0,0.11,0.0,0.01,0.0,0.0,0.0,0.09,0.0,0.01,0.0,0.0,0.03,0.4,0.1,0.06,0.03,0.03,0.03,0.39,0.09,0.05,0.02,0.02,0.0,0.015988372093023256,0.0,0.0035714285714285718,0.0,0.0,0.04,0.08,0.12,0.03,0.03,0.02,0.0,0.05,0.02,0.01,0.01,0.01,,,,,,0.48,Fibrotic,Fibrotic,Fibrotic,Fibrotic,Fibrotic,Fibrotic,Fibrotic,Fibrotic,Fibrotic,Fibrotic,Fibrotic,Fibrotic,false,false,false,false,false,false,Lesion 08 Day 033 AA,Lesion 08 Day 048 AA,Lesion 08 Day 060 AA,Lesion 08 Day 075 AA,Lesion 08 Day 086 AA,Lesion 08 Day 101 AA,1.1625583,5.5642757,10,cool
RIF,BO22,1,-208.0,-134.27,-137.44,-169.05,-173.95,-109.98,-205.0,-80.0,-116.0,-148.0,-148.0,-57.0,116.95,141.89,138.29,149.13,151.82,129.08,1.48,1.58,1.5,1.02,1.4,1.72,1.42,1.61,1.41,1.01,1.37,1.75,0.45,0.56,0.57,0.3,0.55,0.45,2.64,2.77,2.74,1.71,2.88,2.73,0.02,0.07,0.08,0.01,0.08,0.13,0.02,0.07,0.08,0.01,0.08,0.13,0.01,0.03,0.05,0.0,0.03,0.06,0.07,0.18,0.27,0.19,0.26,0.33,0.07,0.18,0.27,0.17,0.25,0.33,0.007575757575757576,0.025270758122743684,0.029197080291970802,0.0058479532163742695,0.02777777777777778,0.04761904761904762,0.03,0.04,0.08,0.09,0.08,0.05,0.02,0.08,0.1,0.08,0.09,0.13,,,,,,1.74,Necrotic,Necrotic,Necrotic,Necrotic,Necrotic,Necrotic,Necrotic,Necrotic,Necrotic,Necrotic,Necrotic,Necrotic,false,false,false,false,false,false,Lesion 01 Day 033 FG,Lesion 01 Day 048 FG,Lesion 01 Day 060 FG,Lesion 01 Day 075 FG,Lesion 01 Day 087 FG,Lesion 01 Day 100 FG,3.6007333,10.961045,4,hot
RIF,BO22,2,-199.08,-112.91,-146.7,-273.19,-233.75446,-193.86,-193.0,-64.0,-130.0,-279.0,-208.0,-151.0,123.88,140.56,143.35,176.01,160.18878,165.24,1.62,1.59,1.61,0.92,1.29,1.35,1.44,1.53,1.52,0.81,1.17,1.27,0.8,0.58,0.6,0.41,0.58,0.5,5.95,3.43,3.89,2.83,5.24,3.74,0.21,0.7,0.84,0.16,0.36,0.38,0.21,0.7,0.84,0.16,0.36,0.38,0.12,0.33,0.4,0.02,0.15,0.13,0.71,2.15,2.71,1.47,1.6,1.54,0.71,2.14,2.68,1.35,1.47,1.48,0.03529411764705882,0.2040816326530612,0.2159383033419023,0.05653710247349823,0.06870229007633587,0.1016042780748663,0.27,0.43,0.78,0.95,0.7,0.51,0.17,0.91,0.87,0.52,0.45,0.56,,,,,,3.19,Necrotic,Necrotic,Necrotic,Necrotic,Necrotic,Necrotic,Necrotic,Necrotic,Necrotic,Necrotic,Necrotic,Necrotic,true,true,true,true,true,true,Lesion 02z04z04bz05 Day 033 FG,Lesion 02z04z04bz05 Day 048 FG,Lesion 02z04z04bz05 Day 060 FG,Lesion 02z04z04bz05 Day 075 FG,Lesion 02z04z04bz05 Day 087 FG,Lesion 02z04z04bz05 Day 100 FG,-5.336836,8.9936905,5,hot
RIF,BO22,3,-210.87,-116.18,-231.7,-269.39,-219.74,-188.38,-209.0,-60.0,-238.0,-277.0,-199.0,-154.0,127.07,166.96,137.96,155.97,160.53,168.62,1.32,1.24,1.23,0.71,1.0,0.95,1.18,1.2,1.21,0.68,0.93,0.92,0.55,0.41,0.32,0.22,0.33,0.23,2.64,2.06,1.89,1.33,1.82,1.54,0.01,0.03,0.03,0.0,0.01,0.0,0.01,0.03,0.03,0.0,0.01,0.0,0.01,0.0,0.0,0.0,0.0,0.0,0.05,0.14,0.15,0.08,0.09,0.08,0.05,0.14,0.15,0.07,0.08,0.07,0.003787878787878788,0.014563106796116504,0.015873015873015872,0.0,0.005494505494505494,0.0,0.03,0.04,0.08,0.08,0.05,0.04,0.01,0.07,0.04,0.02,0.03,0.04,,,,,,2.78,Necrotic,Necrotic,Necrotic,Necrotic,Necrotic,Necrotic,Necrotic,Necrotic,Necrotic,Necrotic,Necrotic,Necrotic,false,false,false,false,false,false,Lesion 03 Day 033 FG,Lesion 03 Day 048 FG,Lesion 03 Day 060 FG,Lesion 03 Day 075 FG,Lesion 03 Day 087 FG,Lesion 03 Day 100 FG,3.6605897,9.011119,6,cool
RIF,BO22,6,-157.84,-99.02,-90.58,-96.97,-133.59,-135.5,-131.0,-38.0,-35.0,-55.0,-79.0,-73.0,151.12,150.71,147.41,143.96,155.16,168.14,1.53,1.66,1.76,1.03,1.27,1.2,1.29,1.62,1.77,1.01,1.23,1.17,0.77,0.61,0.61,0.28,0.45,0.37,3.66,3.19,3.1,1.63,2.41,2.07,0.04,0.1,0.15,0.01,0.05,0.04,0.04,0.1,0.15,0.01,0.05,0.04,0.02,0.06,0.09,0.0,0.01,0.0,0.14,0.29,0.42,0.2,0.19,0.17,0.14,0.29,0.42,0.2,0.19,0.17,0.01092896174863388,0.031347962382445145,0.04838709677419355,0.006134969325153374,0.02074688796680498,0.019323671497584544,0.04,0.05,0.07,0.06,0.05,0.05,0.05,0.12,0.17,0.13,0.1,0.09,,,,,,2.47,Necrotic,Necrotic,Necrotic,Necrotic,Necrotic,Necrotic,Necrotic,Necrotic,Necrotic,Necrotic,Necrotic,Necrotic,false,false,false,false,false,false,Lesion 06 Day 033 FG,Lesion 06 Day 048 FG,Lesion 06 Day 060 FG,Lesion 06 Day 075 FG,Lesion 06 Day 087 FG,Lesion 06 Day 100 FG,2.537981,10.073214,4,hot
RIF,BO22,7,-205.24,-87.67,-115.42,-151.59161,-174.71,-91.09381,-200.0,-37.0,-69.0,-112.0,-123.0,-51.0,129.65,139.43,149.03,161.88562,172.61,134.71753,1.49,1.87,1.75,1.01,1.29,1.41,1.32,1.91,1.71,0.96,1.22,1.38,0.74,0.67,0.63,0.37,0.55,0.49,3.5,3.47,3.3,1.86,2.66,2.4,0.03,0.13,0.18,0.03,0.08,0.09,0.03,0.13,0.18,0.03,0.08,0.09,0.02,0.09,0.12,0.0,0.03,0.03,0.11,0.37,0.52,0.28,0.29,0.29,0.11,0.37,0.52,0.28,0.29,0.28,0.008571428571428572,0.037463976945244955,0.05454545454545455,0.016129032258064516,0.03007518796992481,0.0375,0.05,0.06,0.11,0.12,0.09,0.05,0.02,0.14,0.19,0.16,0.13,0.15,,,,,,2.71,Necrotic,Necrotic,Necrotic,Necrotic,Necrotic,Necrotic,Necrotic,Necrotic,Necrotic,Necrotic,Necrotic,Necrotic,false,false,false,false,false,false,Lesion 07 Day 033 FG,Lesion 07 Day 048 FG,Lesion 07 Day 060 FG,Lesion 07 Day 075 FG,Lesion 07 Day 087 FG,Lesion 07 Day 100 FG,1.7581096,10.425158,4,hot
RIF,BO22,10,-250.52,-153.7,-231.23,-243.45,-237.57,-221.54,-257.0,-114.0,-230.0,-252.0,-224.0,-205.0,144.33,141.03,158.5,144.15,153.37,156.46,0.99,1.09,1.14,0.77,1.12,1.31,0.85,1.04,1.07,0.72,0.99,1.24,0.45,0.4,0.47,0.25,0.53,0.47,2.39,2.24,2.55,1.6,3.08,2.94,0.03,0.13,0.23,0.0,0.13,0.18,0.03,0.13,0.23,0.0,0.13,0.18,0.01,0.0,0.06,0.0,0.04,0.06,0.21,0.77,1.14,0.51,0.66,0.79,0.21,0.77,1.1,0.51,0.64,0.77,0.012552301255230124,0.05803571428571428,0.09019607843137256,0.0,0.04220779220779221,0.061224489795918366,0.15,0.27,0.62,0.46,0.37,0.34,0.06,0.43,0.34,0.17,0.2,0.24,,,,,,1.67,Necrotic,Necrotic,Necrotic,Necrotic,Necrotic,Necrotic,Necrotic,Necrotic,Necrotic,Necrotic,Necrotic,Necrotic,true,true,true,true,true,true,Lesion 10z13z14 Day 033 FG,Lesion 10z13z14 Day 048 FG,Lesion 10z13z14 Day 060 FG,Lesion 10z13z14 Day 075 FG,Lesion 10z13z14 Day 087 FG,Lesion 10z13z14 Day 100 FG,-4.540074,10.003202,5,hot
RIF,BO22,11,-197.64,-84.9,-108.39,-227.86,-198.16,-113.58,-197.0,-31.0,-62.0,-224.0,-180.0,-55.0,153.25,138.85,151.05,187.49,186.56,158.73,1.57,1.76,1.62,1.07,1.19,2.0,1.32,1.72,1.56,1.02,1.09,2.03,0.74,0.6,0.56,0.36,0.53,0.59,3.77,3.04,2.84,1.92,2.37,3.1,0.03,0.13,0.11,0.03,0.06,0.11,0.03,0.13,0.11,0.03,0.06,0.11,0.02,0.07,0.06,0.0,0.02,0.07,0.14,0.35,0.33,0.21,0.17,0.3,0.13,0.35,0.33,0.19,0.17,0.29,0.007957559681697613,0.04276315789473684,0.03873239436619719,0.015625,0.023529411764705882,0.035483870967741936,0.06,0.07,0.07,0.06,0.05,0.03,0.03,0.14,0.13,0.08,0.08,0.1,,,,,,1.98,Necrotic,Necrotic,Necrotic,Necrotic,Necrotic,Necrotic,Necrotic,Necrotic,Necrotic,Necrotic,Necrotic,Necrotic,false,false,false,false,false,false,Lesion 11 Day 033 FG,Lesion 11 Day 048 FG,Lesion 11 Day 060 FG,Lesion 11 Day 075 FG,Lesion 11 Day 087 FG,Lesion 11 Day 100 FG,1.8585941,10.384918,4,hot
RIF,BO22,12,-201.85,-144.79,-178.55,-241.83,-223.02,-172.61,-181.0,-111.0,-167.0,-235.0,-203.0,-136.0,162.9,153.87,160.99,175.96,166.81,149.66,1.26,1.28,1.3,0.88,0.91,0.98,1.07,1.2,1.21,0.82,0.88,1.0,0.65,0.48,0.48,0.32,0.39,0.22,2.99,2.43,2.48,1.62,1.87,1.57,0.03,0.05,0.05,0.0,0.01,0.0,0.03,0.05,0.05,0.0,0.01,0.0,0.01,0.02,0.02,0.0,0.0,0.0,0.11,0.2,0.2,0.11,0.08,0.09,0.1,0.2,0.2,0.09,0.08,0.09,0.01003344481605351,0.0205761316872428,0.02040816326530612,0.0,0.0053475935828877,0.0,0.05,0.07,0.08,0.08,0.05,0.04,0.04,0.09,0.08,0.05,0.04,0.04,,,,,,1.84,Necrotic,Necrotic,Necrotic,Necrotic,Necrotic,Necrotic,Necrotic,Necrotic,Necrotic,Necrotic,Necrotic,Necrotic,false,false,false,false,false,false,Lesion 12 Day 033 FG,Lesion 12 Day 048 FG,Lesion 12 Day 060 FG,Lesion 12 Day 075 FG,Lesion 12 Day 087 FG,Lesion 12 Day 100 FG,4.6343083,9.58993,6,cool
RIF,BO22,15,-199.24,-106.92,-120.31,-166.65,-158.23,-124.5,-182.0,-53.0,-80.0,-123.0,-116.0,-82.0,116.22,132.18,138.36,172.81,165.27,129.24,1.17,1.44,1.45,0.94,1.05,1.07,1.07,1.42,1.45,0.94,1.03,1.1,0.47,0.44,0.56,0.27,0.35,0.25,2.35,2.65,2.72,1.6,1.97,1.6,0.01,0.07,0.09,0.0,0.02,0.0,0.01,0.07,0.09,0.0,0.02,0.0,0.0,0.02,0.03,0.0,0.0,0.0,0.06,0.24,0.26,0.18,0.19,0.12,0.06,0.24,0.26,0.17,0.18,0.12,0.00425531914893617,0.026415094339622646,0.03308823529411764,0.0,0.010152284263959392,0.0,0.03,0.05,0.06,0.08,0.07,0.04,0.02,0.1,0.12,0.1,0.09,0.08,,,,,,2.04,Cavity,Cavity,Cavity,Cavity,Cavity,Cavity,Cavity,Cavity,Cavity,Cavity,Cavity,Cavity,false,false,false,false,false,false,Lesion 15 Day 033 FG,Lesion 15 Day 048 FG,Lesion 15 Day 060 FG,Lesion 15 Day 075 FG,Lesion 15 Day 087 FG,Lesion 15 Day 100 FG,3.029432,10.80201,4,hot
RIF,BO23,1,-458.88,-283.31,-363.78,-467.36,-432.14,-517.95,-490.0,-296.0,-391.0,-490.0,-465.0,-559.0,145.1,144.32,139.89,118.17,142.44,153.34,0.58,0.53,0.59,0.55,0.38,0.49,0.59,0.52,0.56,0.55,0.37,0.49,0.07,0.05,0.13,0.06,0.03,0.05,0.73,0.68,0.88,0.69,0.47,0.61,0.0,0.0,0.0,0.0,0.0,0.0,0.0,0.0,0.0,0.0,0.0,0.0,0.0,0.0,0.0,0.0,0.0,0.0,0.01,0.01,0.01,0.01,0.0,0.0,0.0,0.01,0.01,0.0,0.0,0.0,0.0,0.0,0.0,0.0,0.0,0.0,0.01,0.01,0.01,0.01,0.0,0.0,0.0,0.0,0.0,0.0,0.0,0.0,,,,,,0.6,Fibrotic,Fibrotic,Fibrotic,Fibrotic,Fibrotic,Fibrotic,Fibrotic,Fibrotic,Fibrotic,Fibrotic,Fibrotic,Fibrotic,false,false,false,false,false,false,Lesion 01 Day 033 AA,Lesion 01 Day 048 AA,Lesion 01 Day 060 AA,Lesion 01 Day 075 AA,Lesion 01 Day 087 AA,Lesion 01 Day 101 AA,8.529016,7.3533797,8,cool
RIF,BO23,2,-184.13,-60.16,-50.62,-52.88,-57.18,-95.65,-163.0,-13.0,-10.0,-14.0,-7.0,-42.0,163.7,126.91,123.92,128.82,137.43,168.78,1.18,1.5,2.6,2.44,1.36,1.86,0.98,1.5,2.61,2.34,1.13,1.32,0.65,0.63,1.07,0.94,0.85,1.51,3.74,3.1,5.25,5.0,4.16,6.93,0.03,0.26,0.42,0.36,0.09,0.07,0.03,0.26,0.42,0.36,0.09,0.07,0.02,0.13,0.34,0.28,0.06,0.05,0.14,0.76,1.35,1.06,0.35,0.29,0.13,0.76,1.35,1.06,0.35,0.29,0.009009009009009009,0.08387096774193549,0.08,0.072,0.021634615384615384,0.010101010101010102,0.06,0.08,0.09,0.08,0.04,0.05,0.05,0.42,0.43,0.35,0.21,0.1,,,,,,0.6,Necrotic,Necrotic,Necrotic,Necrotic,Necrotic,Necrotic,Necrotic,Necrotic,Necrotic,Necrotic,Necrotic,Necrotic,false,false,false,false,false,false,Lesion 02 Day 033 AA,Lesion 02 Day 048 AA,Lesion 02 Day 060 AA,Lesion 02 Day 075 AA,Lesion 02 Day 087 AA,Lesion 02 Day 101 AA,-1.6747673,9.742223,14,hot
RIF,BO23,3,-251.98,-86.82,-132.41,-164.69,-138.26,-195.86,-271.0,-39.0,-82.0,-113.0,-72.0,-172.0,140.62,128.38,153.8,179.63,159.07,197.58,1.3,1.42,2.08,1.87,1.24,1.64,1.25,1.39,2.07,1.71,1.11,1.32,0.5,0.53,0.74,0.83,0.53,1.03,2.45,2.5,3.57,3.97,2.89,5.36,0.03,0.12,0.18,0.12,0.03,0.04,0.03,0.12,0.18,0.12,0.03,0.04,0.01,0.05,0.12,0.08,0.01,0.03,0.1,0.39,0.49,0.37,0.16,0.16,0.1,0.39,0.47,0.36,0.15,0.15,0.012244897959183673,0.048,0.05042016806722689,0.030226700251889164,0.010380622837370242,0.007462686567164179,0.05,0.06,0.08,0.08,0.04,0.04,0.02,0.21,0.14,0.11,0.08,0.05,,,,,,1.19,Cavity,Cavity,Cavity,Cavity,Cavity,Cavity,Cavity,Cavity,Cavity,Cavity,Cavity,Cavity,false,false,false,false,false,false,Lesion 03 Day 033 AA,Lesion 03 Day 048 AA,Lesion 03 Day 060 AA,Lesion 03 Day 075 AA,Lesion 03 Day 087 AA,Lesion 03 Day 101 AA,2.0732193,10.632305,4,hot
RIF,BO23,4,-241.31,-134.16,-166.31,-242.82,-160.41,-187.25,-235.0,-73.0,-144.0,-246.0,-99.0,-174.0,128.47,144.25,132.59,158.06,164.68,166.64,0.66,1.08,1.57,1.34,0.87,1.18,0.53,0.97,1.47,1.11,0.76,0.95,0.43,0.63,0.67,0.79,0.46,0.75,2.21,2.63,3.54,3.86,2.28,3.66,0.01,0.05,0.08,0.05,0.01,0.02,0.01,0.05,0.08,0.05,0.01,0.02,0.0,0.02,0.04,0.03,0.0,0.01,0.06,0.2,0.26,0.22,0.07,0.07,0.06,0.2,0.26,0.21,0.07,0.07,0.0045045045045045045,0.019011406844106467,0.022598870056497175,0.01295336787564767,0.004385964912280702,0.00546448087431694,0.05,0.06,0.08,0.1,0.03,0.03,0.02,0.12,0.08,0.05,0.05,0.03,,,,,,0.78,Fibrotic,Fibrotic,Fibrotic,Fibrotic,Fibrotic,Fibrotic,Fibrotic,Fibrotic,Fibrotic,Fibrotic,Fibrotic,Fibrotic,false,false,false,false,false,false,Lesion 04 Day 033 AA,Lesion 04 Day 048 AA,Lesion 04 Day 060 AA,Lesion 04 Day 075 AA,Lesion 04 Day 087 AA,Lesion 04 Day 101 AA,4.5003033,9.790084,6,cool
RIF,BO23,5,-496.72,-282.61,-398.42,-508.93,-368.62,-498.46,-505.0,-291.0,-405.0,-515.0,-398.0,-511.0,92.89,133.9,104.22,112.11,164.96,127.02,0.28,0.27,0.46,0.32,0.24,0.27,0.27,0.27,0.47,0.33,0.24,0.27,0.02,0.02,0.04,0.03,0.01,0.01,0.34,0.31,0.52,0.37,0.27,0.3,0.0,0.0,0.0,0.0,0.0,0.0,0.0,0.0,0.0,0.0,0.0,0.0,0.0,0.0,0.0,0.0,0.0,0.0,0.0,0.0,0.0,0.0,0.0,0.0,0.0,0.0,0.0,0.0,0.0,0.0,0.0,0.0,0.0,0.0,0.0,0.0,0.0,0.01,0.01,0.01,0.0,0.0,0.0,0.0,0.0,0.0,0.0,0.0,,,,,,0.48,Scar,Scar,Scar,Scar,Scar,Scar,Scar,Scar,Scar,Scar,Scar,Scar,false,false,false,false,false,false,Lesion 05 Day 033 AA,Lesion 05 Day 048 AA,Lesion 05 Day 060 AA,Lesion 05 Day 075 AA,Lesion 05 Day 087 AA,Lesion 05 Day 101 AA,8.365253,7.7288117,8,cool
RIF,BO23,7,-249.47,-73.88,-125.31,-152.92,-158.2,-262.93,-267.0,-13.0,-78.0,-128.0,-54.0,-234.0,159.81,137.56,154.24,153.41,242.73,264.97,1.2,1.48,2.16,1.84,0.85,1.32,0.94,1.44,2.13,1.72,0.67,1.27,0.73,0.78,0.98,0.93,0.51,0.56,3.7,3.29,4.54,4.3,2.7,3.08,0.07,0.4,0.56,0.41,0.06,0.15,0.07,0.4,0.56,0.41,0.06,0.15,0.04,0.25,0.43,0.28,0.01,0.06,0.29,1.25,1.75,1.27,0.4,0.57,0.28,1.24,1.74,1.24,0.34,0.47,0.01891891891891892,0.12158054711246201,0.12334801762114539,0.09534883720930232,0.02222222222222222,0.0487012987012987,0.14,0.18,0.26,0.31,0.11,0.17,0.07,0.65,0.51,0.34,0.31,0.17,,,,,,1.1,Cavity,Cavity,Cavity,Cavity,Cavity,Cavity,Cavity,Cavity,Cavity,Cavity,Cavity,Cavity,false,false,false,false,false,false,Lesion 07 Day 033 AA,Lesion 07 Day 048 AA,Lesion 07 Day 060 AA,Lesion 07 Day 075 AA,Lesion 07 Day 087 AA,Lesion 07 Day 101 AA,-3.2890396,8.86585,14,hot
RIF,BO23,8,-181.13,-118.31,-105.3,-119.85,-78.472046,-107.11,-169.0,-59.0,-62.0,-76.0,-31.0,-60.0,155.74,149.69,137.77,140.63,137.3808,169.75,1.09,1.36,2.01,1.96,0.71,1.24,0.79,1.2,1.89,1.85,0.57,1.04,0.73,0.74,0.85,0.85,0.43,0.78,3.25,3.07,4.36,4.28,3.27,4.36,0.05,0.39,0.58,0.42,0.03,0.1,0.05,0.39,0.58,0.42,0.03,0.1,0.03,0.24,0.4,0.29,0.01,0.06,0.21,1.36,1.69,1.29,0.32,0.45,0.21,1.35,1.68,1.29,0.31,0.44,0.015384615384615385,0.1270358306188925,0.1330275229357798,0.09813084112149532,0.00923076923076923,0.022935779816513763,0.09,0.3,0.26,0.23,0.07,0.11,0.09,0.68,0.59,0.43,0.36,0.24,,,,,,0.78,Fibrotic,Fibrotic,Fibrotic,Fibrotic,Fibrotic,Fibrotic,Fibrotic,Fibrotic,Fibrotic,Fibrotic,Fibrotic,Fibrotic,false,false,false,false,false,false,Lesion 08 Day 033 AA,Lesion 08 Day 048 AA,Lesion 08 Day 060 AA,Lesion 08 Day 075 AA,Lesion 08 Day 087 AA,Lesion 08 Day 101 AA,-4.772264,9.278853,5,hot
BDQ+DEL+OPC,BO30,1,-303.99,-159.84,-200.19,-212.26,-281.49,-465.98,-321.0,-116.0,-170.0,-182.0,-278.0,-477.0,153.02,159.82,178.42,169.99,133.71,148.0,0.45,1.21,1.03,0.9,0.44,0.37,0.43,0.92,0.72,0.74,0.43,0.36,0.12,0.85,0.76,0.47,0.06,0.05,0.85,4.44,4.3,2.29,0.62,0.48,,,,,,,0.0,0.02,0.02,0.01,0.0,0.0,0.0,0.01,0.01,0.0,0.0,0.0,0.01,0.11,0.08,0.03,0.01,0.01,0.01,0.11,0.07,0.03,0.01,0.01,0.09090909090909091,1.0,0.43750000000000006,0.25,0.07142857142857142,0.07692307692307693,0.02,0.04,0.04,0.02,0.02,0.02,0.01,0.05,0.04,0.01,0.0,0.0,0.48,0.48,0.48,0.48,0.48,0.48,Fibrotic,Fibrotic,Fibrotic,Fibrotic,Fibrotic,Fibrotic,Fibrotic,Fibrotic,Fibrotic,Fibrotic,Fibrotic,Fibrotic,false,false,false,false,false,false,Lesion 01 Day 033 AA,Lesion 01 Day 046 AA,Lesion 01 Day 060 AA,Lesion 01 Day 074 AA,Lesion 01 Day 088 AA,Lesion 01 Day 102 AA,4.8666787,9.144589,6,cool
BDQ+DEL+OPC,BO30,2,-370.23,-135.41,-137.05,-218.67,-332.99,-579.75,-388.0,-88.0,-83.0,-212.0,-338.0,-600.0,118.9,135.12,156.7,160.07,148.37,104.95,0.45,1.42,1.29,0.87,0.48,0.41,0.44,1.19,1.05,0.87,0.47,0.4,0.08,0.75,0.69,0.18,0.06,0.04,0.66,3.65,3.45,1.27,0.65,0.54,,,,,,,0.0,0.02,0.02,0.0,0.0,0.0,0.0,0.01,0.01,0.0,0.0,0.0,0.01,0.09,0.1,0.02,0.01,0.02,0.01,0.09,0.09,0.02,0.01,0.0,0.09090909090909091,0.8181818181818181,0.5625,0.16666666666666669,0.07142857142857142,0.0,0.01,0.02,0.03,0.01,0.01,0.01,0.0,0.04,0.04,0.01,0.0,0.0,0.48,0.48,0.48,0.48,0.48,0.48,Fibrotic,Fibrotic,Fibrotic,Fibrotic,Fibrotic,Fibrotic,Fibrotic,Fibrotic,Fibrotic,Fibrotic,Fibrotic,Fibrotic,false,false,false,false,false,false,Lesion 02 Day 033 AA,Lesion 02 Day 046 AA,Lesion 02 Day 060 AA,Lesion 02 Day 074 AA,Lesion 02 Day 088 AA,Lesion 02 Day 102 AA,4.0325346,10.868398,4,hot
BDQ+DEL+OPC,BO30,3,-337.93,-115.9,-186.96,-228.16,-319.15,-479.18,-362.0,-65.0,-126.0,-206.0,-339.0,-496.0,141.27,130.72,173.9,179.44,155.46,119.01,0.45,1.44,0.94,0.7,0.4,0.35,0.43,1.15,0.81,0.68,0.4,0.35,0.08,0.65,0.32,0.18,0.02,0.02,0.68,3.75,2.37,1.13,0.49,0.4,,,,,,,0.0,0.01,0.0,0.0,0.0,0.0,0.0,0.01,0.0,0.0,0.0,0.0,0.0,0.07,0.04,0.01,0.0,0.0,0.0,0.07,0.04,0.01,0.0,0.0,0.0,0.6363636363636365,0.25,0.08333333333333334,0.0,0.0,0.01,0.02,0.02,0.01,0.01,0.01,0.0,0.03,0.03,0.01,0.0,0.0,0.48,0.48,0.48,0.48,0.48,0.48,Fibrotic,Fibrotic,Fibrotic,Fibrotic,Fibrotic,Fibrotic,Fibrotic,Fibrotic,Fibrotic,Fibrotic,Fibrotic,Fibrotic,false,false,false,false,false,false,Lesion 03 Day 033 AA,Lesion 03 Day 046 AA,Lesion 03 Day 060 AA,Lesion 03 Day 074 AA,Lesion 03 Day 088 AA,Lesion 03 Day 102 AA,3.6250453,11.025747,4,hot
BDQ+DEL+OPC,BO30,4,-338.72,-91.95,-128.38,-197.67,-297.38,-429.33,-355.0,-45.0,-80.0,-167.0,-308.0,-433.0,139.78,136.73,150.68,147.65,163.72,111.24,0.46,2.14,1.7,1.16,0.57,0.49,0.45,1.89,1.51,0.93,0.56,0.49,0.06,0.91,0.72,0.52,0.1,0.04,0.73,4.6,3.88,2.94,1.05,0.59,,,,,,,0.0,0.12,0.08,0.01,0.0,0.0,0.0,0.09,0.05,0.01,0.0,0.0,0.03,0.39,0.28,0.08,0.02,0.02,0.03,0.39,0.27,0.08,0.02,0.01,0.2727272727272727,3.5454545454545454,1.6875,0.6666666666666667,0.14285714285714285,0.07692307692307693,0.05,0.04,0.06,0.04,0.03,0.02,0.01,0.14,0.1,0.03,0.01,0.0,0.95,0.95,0.95,0.95,0.95,0.95,Cavity,Cavity,Cavity,Cavity,Cavity,Cavity,Cavity,Cavity,Cavity,Cavity,Cavity,Cavity,false,false,false,false,false,false,Lesion 04 Day 033 AA,Lesion 04 Day 046 AA,Lesion 04 Day 060 AA,Lesion 04 Day 074 AA,Lesion 04 Day 088 AA,Lesion 04 Day 102 AA,1.0943092,10.584028,4,hot
BDQ+DEL+OPC,BO30,5,-352.41,-185.98,-182.1,-292.21,-352.33,-510.55,-369.0,-160.0,-156.0,-288.0,-348.0,-512.0,124.85,168.17,143.61,142.53,122.79,92.91,0.38,1.2,1.17,0.62,0.48,0.41,0.38,1.12,1.05,0.62,0.47,0.41,0.06,0.36,0.46,0.14,0.05,0.04,0.52,2.61,3.25,0.92,0.6,0.51,,,,,,,0.0,0.01,0.01,0.0,0.0,0.0,0.0,0.0,0.0,0.0,0.0,0.0,0.01,0.07,0.06,0.01,0.0,0.01,0.01,0.07,0.06,0.01,0.0,0.0,0.09090909090909091,0.6363636363636365,0.375,0.08333333333333334,0.0,0.0,0.01,0.03,0.03,0.01,0.01,0.01,0.0,0.03,0.02,0.0,0.0,0.0,0.48,0.48,0.48,0.48,0.48,0.48,Fibrotic,Fibrotic,Fibrotic,Fibrotic,Fibrotic,Fibrotic,Fibrotic,Fibrotic,Fibrotic,Fibrotic,Fibrotic,Fibrotic,false,false,false,false,false,false,Lesion 05 Day 033 AA,Lesion 05 Day 046 AA,Lesion 05 Day 060 AA,Lesion 05 Day 074 AA,Lesion 05 Day 088 AA,Lesion 05 Day 102 AA,5.267728,7.638004,9,cool
BDQ+DEL+OPC,BO30,6,-513.44,-259.7,-337.4,-474.3,-540.86,-676.92,-506.0,-263.0,-353.0,-487.0,-540.0,-682.0,110.8,155.98,135.84,130.18,111.01,72.48,0.29,0.69,0.52,0.33,0.35,0.31,0.27,0.68,0.52,0.34,0.34,0.31,0.06,0.23,0.14,0.05,0.04,0.03,0.47,1.46,1.03,0.44,0.45,0.41,,,,,,,0.0,0.0,0.0,0.0,0.0,0.0,0.0,0.0,0.0,0.0,0.0,0.0,0.0,0.03,0.02,0.0,0.0,0.0,0.0,0.02,0.02,0.0,0.0,0.0,0.0,0.18181818181818182,0.125,0.0,0.0,0.0,0.01,0.03,0.03,0.01,0.0,0.0,0.0,0.01,0.0,0.0,0.0,0.0,0.48,0.48,0.48,0.48,0.48,0.48,Fibrotic,Fibrotic,Fibrotic,Fibrotic,Fibrotic,Fibrotic,Fibrotic,Fibrotic,Fibrotic,Fibrotic,Fibrotic,Fibrotic,true,true,true,true,true,true,Lesion 06z07 Day 033 AA,Lesion 06z07 Day 046 AA,Lesion 06z07 Day 060 AA,Lesion 06z07 Day 074 AA,Lesion 06z07 Day 088 AA,Lesion 06z07 Day 102 AA,7.7798533,7.2039175,8,cool
BDQ+DEL+OPC,BO30,8,-316.3,-175.57,-154.4,-246.67,-386.1,-431.8,-340.0,-133.0,-104.0,-224.0,-385.0,-436.0,154.61,180.36,175.19,172.97,152.76,103.38,0.44,2.01,1.57,0.56,0.52,0.44,0.41,1.56,1.02,0.52,0.51,0.42,0.11,1.31,1.22,0.18,0.07,0.06,0.8,6.0,5.98,1.42,0.79,0.68,,,,,,,0.0,0.04,0.03,0.0,0.0,0.0,0.0,0.03,0.02,0.0,0.0,0.0,0.03,0.17,0.12,0.02,0.02,0.01,0.02,0.15,0.12,0.02,0.01,0.01,0.18181818181818182,1.3636363636363635,0.75,0.16666666666666669,0.07142857142857142,0.07692307692307693,0.04,0.04,0.03,0.02,0.02,0.01,0.01,0.04,0.05,0.01,0.0,0.0,0.95,0.95,0.95,0.95,0.95,0.95,Fibrotic,Fibrotic,Fibrotic,Fibrotic,Fibrotic,Fibrotic,Fibrotic,Fibrotic,Fibrotic,Fibrotic,Fibrotic,Fibrotic,false,false,false,false,false,false,Lesion 08 Day 033 AA,Lesion 08 Day 046 AA,Lesion 08 Day 060 AA,Lesion 08 Day 074 AA,Lesion 08 Day 088 AA,Lesion 08 Day 102 AA,2.9289026,6.318186,6,cool
BDQ+DEL+OPC,BO30,9,-293.17,-121.53,-123.89,-225.73,-284.06,-338.32,-304.0,-54.0,-82.0,-201.0,-269.0,-337.0,154.59,157.53,147.9,164.69,176.55,154.46,0.5,2.07,1.53,0.58,0.42,0.37,0.45,1.65,1.03,0.51,0.39,0.35,0.19,1.27,1.17,0.26,0.07,0.05,1.3,5.32,5.15,1.58,0.68,0.56,,,,,,,0.0,0.09,0.04,0.0,0.0,0.0,0.0,0.07,0.03,0.0,0.0,0.0,0.03,0.34,0.17,0.03,0.01,0.01,0.03,0.32,0.17,0.03,0.01,0.01,0.2727272727272727,2.909090909090909,1.0625,0.25,0.07142857142857142,0.07692307692307693,0.04,0.05,0.04,0.03,0.02,0.01,0.02,0.11,0.07,0.02,0.01,0.0,0.95,0.95,0.95,0.95,0.95,0.95,Fibrotic,Fibrotic,Fibrotic,Fibrotic,Fibrotic,Fibrotic,Fibrotic,Fibrotic,Fibrotic,Fibrotic,Fibrotic,Fibrotic,false,false,false,false,false,false,Lesion 09 Day 033 AA,Lesion 09 Day 046 AA,Lesion 09 Day 060 AA,Lesion 09 Day 074 AA,Lesion 09 Day 088 AA,Lesion 09 Day 102 AA,1.5311459,9.866966,4,hot
BDQ+DEL+OPC,BO30,10,-555.48,-327.3,-368.89,-533.48,-582.83,-636.05,-562.0,-348.0,-380.0,-549.0,-600.0,-633.0,71.77,135.55,107.82,107.0,93.03,71.64,0.33,0.66,0.57,0.42,0.43,0.4,0.33,0.65,0.57,0.41,0.42,0.39,0.01,0.06,0.05,0.03,0.03,0.03,0.37,0.84,0.67,0.53,0.51,0.47,,,,,,,0.0,0.0,0.0,0.0,0.0,0.0,0.0,0.0,0.0,0.0,0.0,0.0,0.0,0.01,0.0,0.0,0.0,0.0,0.0,0.01,0.0,0.0,0.0,0.0,0.0,0.09090909090909091,0.0,0.0,0.0,0.0,0.0,0.01,0.01,0.0,0.0,0.0,0.0,0.0,0.0,0.0,0.0,0.0,0.48,0.48,0.48,0.48,0.48,0.48,Fibrotic,Fibrotic,Fibrotic,Fibrotic,Fibrotic,Fibrotic,Fibrotic,Fibrotic,Fibrotic,Fibrotic,Fibrotic,Fibrotic,false,false,false,false,false,false,Lesion 10 Day 033 AA,Lesion 10 Day 046 AA,Lesion 10 Day 060 AA,Lesion 10 Day 074 AA,Lesion 10 Day 088 AA,Lesion 10 Day 102 AA,9.935982,7.0803256,8,cool
BDQ+DEL+OPC,BO30,11,-210.63,-72.99,-29.78,-207.24,-235.01,-343.02,-188.0,-3.0,18.0,-170.0,-248.0,-360.0,210.07,174.29,134.89,208.21,180.92,172.67,1.04,1.51,2.34,1.67,1.57,1.14,0.84,1.22,2.03,1.45,1.29,1.0,0.6,0.97,1.41,0.86,0.85,0.5,2.91,6.28,6.42,3.63,3.77,2.38,,,,,,,0.02,0.06,0.11,0.04,0.02,0.01,0.01,0.03,0.09,0.03,0.02,0.0,0.11,0.25,0.41,0.13,0.08,0.05,0.11,0.25,0.41,0.13,0.08,0.04,1.0,2.272727272727273,2.5625,1.0833333333333335,0.5714285714285714,0.3076923076923077,0.04,0.03,0.03,0.03,0.03,0.03,0.05,0.13,0.14,0.04,0.02,0.01,0.78,0.78,0.78,0.78,0.78,0.78,Fibrotic Consol,Fibrotic Consol,Fibrotic Consol,Fibrotic Consol,Fibrotic Consol,Fibrotic Consol,Fibrotic,Fibrotic,Fibrotic,Fibrotic,Fibrotic,Fibrotic,true,true,true,true,true,true,Lesion 11 Day 033 AA,Lesion 11 Day 046 AA,Lesion 11 Day 060 AA,Lesion 11 Day 074 AA,Lesion 11 Day 088 AA,Lesion 11 Day 102 AA,2.6055875,8.997946,6,cool
BDQ+DEL+OPC,BO30,12,-260.69,-91.67,-122.49,-244.98,-245.69,-303.23,-268.0,-47.0,-76.0,-243.0,-242.0,-326.0,186.6,132.89,160.32,181.05,171.71,161.34,0.81,2.43,1.84,1.12,0.48,0.54,0.7,1.89,1.34,0.86,0.43,0.52,0.43,1.74,1.39,0.72,0.17,0.17,2.26,7.1,5.94,3.42,1.4,0.97,,,,,,,0.01,0.2,0.14,0.04,0.0,0.0,0.0,0.16,0.11,0.02,0.0,0.0,0.14,0.83,0.57,0.18,0.04,0.05,0.13,0.83,0.55,0.17,0.04,0.05,1.1818181818181819,7.545454545454545,3.4375,1.4166666666666667,0.2857142857142857,0.38461538461538464,0.1,0.09,0.11,0.09,0.05,0.08,0.05,0.26,0.2,0.06,0.03,0.02,0.78,0.78,0.78,0.78,0.78,0.78,Fibrotic,Fibrotic,Fibrotic,Fibrotic,Fibrotic,Fibrotic,Fibrotic,Fibrotic,Fibrotic,Fibrotic,Fibrotic,Fibrotic,false,false,false,false,false,false,Lesion 12 Day 033 AA,Lesion 12 Day 046 AA,Lesion 12 Day 060 AA,Lesion 12 Day 074 AA,Lesion 12 Day 088 AA,Lesion 12 Day 102 AA,-0.63662744,9.668746,4,hot
BDQ+DEL+OPC,BO30,13,-404.04,-120.1,-211.67,-317.51,-361.08,-457.3,-405.0,-79.0,-191.0,-333.0,-366.0,-474.0,104.67,150.72,190.35,152.35,138.99,165.69,0.46,1.41,1.71,1.16,1.06,0.96,0.43,1.17,1.49,0.95,0.78,0.79,0.13,0.84,0.86,0.61,0.72,0.49,1.08,5.84,4.43,3.86,4.03,3.04,,,,,,,0.0,0.04,0.06,0.01,0.01,0.01,0.0,0.02,0.04,0.01,0.0,0.0,0.02,0.18,0.21,0.07,0.04,0.04,0.01,0.18,0.2,0.06,0.03,0.02,0.09090909090909091,1.6363636363636362,1.25,0.5,0.21428571428571425,0.15384615384615385,0.03,0.04,0.06,0.04,0.02,0.02,0.0,0.08,0.06,0.01,0.0,0.0,0.95,0.95,0.95,0.95,0.95,0.95,Fibrotic,Fibrotic,Fibrotic,Fibrotic,Fibrotic,Fibrotic,Fibrotic,Fibrotic,Fibrotic,Fibrotic,Fibrotic,Fibrotic,false,false,false,false,false,false,Lesion 13 Day 033 AA,Lesion 13 Day 046 AA,Lesion 13 Day 060 AA,Lesion 13 Day 074 AA,Lesion 13 Day 088 AA,Lesion 13 Day 102 AA,3.4942887,9.970371,6,cool
BDQ+DEL+OPC,BO30,14,-467.72,-206.19,-337.1,-390.96,-422.7,-604.86,-471.0,-195.0,-352.0,-399.0,-423.0,-616.0,113.89,134.66,127.6,120.51,111.76,93.52,0.27,0.82,0.55,0.48,0.3,0.29,0.27,0.66,0.48,0.44,0.3,0.29,0.04,0.45,0.19,0.16,0.02,0.02,0.4,3.06,1.32,1.03,0.35,0.35,,,,,,,0.0,0.01,0.0,0.0,0.0,0.0,0.0,0.0,0.0,0.0,0.0,0.0,0.0,0.07,0.03,0.01,0.0,0.0,0.0,0.07,0.03,0.01,0.0,0.0,0.0,0.6363636363636365,0.1875,0.08333333333333334,0.0,0.0,0.01,0.05,0.05,0.02,0.01,0.0,0.0,0.03,0.01,0.0,0.0,0.0,0.48,0.48,0.48,0.48,0.48,0.48,Fibrotic,Fibrotic,Fibrotic,Fibrotic,Fibrotic,Fibrotic,Fibrotic,Fibrotic,Fibrotic,Fibrotic,Fibrotic,Fibrotic,false,false,false,false,false,false,Lesion 14 Day 033 AA,Lesion 14 Day 046 AA,Lesion 14 Day 060 AA,Lesion 14 Day 074 AA,Lesion 14 Day 088 AA,Lesion 14 Day 102 AA,6.6148195,9.387592,3,cool
BDQ+DEL+OPC,BO30,15,-343.22,-78.73,-135.05,-265.65,-339.33,-357.13,-360.0,-28.0,-94.0,-243.0,-344.0,-348.0,195.07,153.62,184.49,188.78,190.57,134.49,0.63,1.09,0.71,0.62,0.5,0.55,0.64,1.03,0.67,0.62,0.5,0.54,0.13,0.26,0.16,0.16,0.07,0.09,0.88,2.29,1.35,0.98,0.64,0.75,,,,,,,0.0,0.0,0.0,0.0,0.0,0.0,0.0,0.0,0.0,0.0,0.0,0.0,0.01,0.04,0.02,0.01,0.0,0.0,0.01,0.04,0.02,0.01,0.0,0.0,0.09090909090909091,0.36363636363636365,0.125,0.08333333333333334,0.0,0.0,0.01,0.01,0.01,0.01,0.01,0.01,0.0,0.02,0.02,0.01,0.0,0.0,0.48,0.48,0.48,0.48,0.48,0.48,Fibrotic,Fibrotic,Fibrotic,Fibrotic,Fibrotic,Fibrotic,Fibrotic,Fibrotic,Fibrotic,Fibrotic,Fibrotic,Fibrotic,false,false,false,false,false,false,Lesion 15 Day 033 AA,Lesion 15 Day 046 AA,Lesion 15 Day 060 AA,Lesion 15 Day 074 AA,Lesion 15 Day 088 AA,Lesion 15 Day 102 AA,3.4999435,9.564338,6,cool
EMB+MOX+PZA+RIF,BO33,1,-249.14,-105.72,-150.81,-145.43,-178.27,-118.88,-239.17,-17.55,-61.22,-67.92,-116.21,-40.02,218.67,199.86,219.11,219.36,220.08,208.06,2.36,2.99,2.47,1.66,1.52,1.67,2.1,2.96,2.45,1.61,1.47,1.48,1.14,0.95,0.8,0.71,0.48,0.9,4.91,5.1,4.29,3.25,2.54,4.31,0.06,0.38,0.29,0.12,0.05,0.1,,,,,,,0.06,0.38,0.29,0.12,0.05,0.1,0.26,1.41,1.04,0.6,0.41,0.56,0.23,1.34,0.96,0.53,0.34,0.52,0.0,0.0,0.0,0.0,0.0,0.0,0.06,0.14,0.15,0.12,0.1,0.11,0.04,0.29,0.24,0.18,0.12,0.19,,,,,,0.7781512503836436,Necrotic,Necrotic,Necrotic,Necrotic,Necrotic,Necrotic,Necrotic,Necrotic,Necrotic,Necrotic,Necrotic,Necrotic,false,false,false,false,false,false,Lesion 01 Day 032 FG,Lesion 01 Day 046 FG,Lesion 01 Day 059 FG,Lesion 01 Day 073 FG,Lesion 01 Day 088 FG,Lesion 01 Day 101 FG,-2.2279875,4.7310553,11,hot
EMB+MOX+PZA+RIF,BO33,2,-269.29,-134.79,-196.11,-236.49,-223.13,-177.16,-271.84,-41.86,-151.55,-216.17,-206.73,-127.95,212.83,221.11,231.2,222.76,216.35,216.49,2.03,3.12,2.38,1.77,1.34,1.81,1.93,3.06,2.34,1.74,1.32,1.8,0.91,1.13,0.7,0.52,0.43,0.52,4.08,5.89,4.08,3.11,2.25,2.97,0.05,0.24,0.12,0.04,0.01,0.04,,,,,,,0.05,0.24,0.12,0.04,0.01,0.04,0.23,0.92,0.41,0.23,0.15,0.2,0.2,0.86,0.35,0.2,0.14,0.18,0.0,0.0,0.0,0.0,0.0,0.0,0.06,0.09,0.07,0.06,0.06,0.05,0.03,0.18,0.07,0.05,0.04,0.05,,,,,,0.7781512503836436,Cavity,Cavity,Cavity,Cavity,Cavity,Cavity,Cavity,Cavity,Cavity,Cavity,Cavity,Cavity,false,false,false,false,false,false,Lesion 02 Day 032 FG,Lesion 02 Day 046 FG,Lesion 02 Day 059 FG,Lesion 02 Day 073 FG,Lesion 02 Day 088 FG,Lesion 02 Day 101 FG,-0.46050233,3.6487093,12,hot
EMB+MOX+PZA+RIF,BO33,3,-380.76,-303.14,-326.54,-363.88,-365.12,-427.25,-418.82,-301.16,-332.22,-376.61,-406.27,-448.97,179.38,269.39,199.99,189.59,197.27,159.55,1.39,2.58,1.6,1.3,0.75,0.81,1.39,2.62,1.71,1.33,0.75,0.88,0.4,0.61,0.32,0.14,0.18,0.17,2.41,3.87,2.1,1.57,1.19,1.07,0.0,0.02,0.0,0.0,0.0,0.0,,,,,,,0.0,0.02,0.0,0.0,0.0,0.0,0.01,0.06,0.02,0.01,0.01,0.0,0.01,0.05,0.01,0.01,0.0,0.0,0.0,0.0,0.0,0.0,0.0,0.0,0.0,0.01,0.01,0.0,0.0,0.0,0.0,0.01,0.0,0.0,0.0,0.0,,,,,,0.47712125471966244,Necrotic,Necrotic,Necrotic,Necrotic,Necrotic,Necrotic,Necrotic,Necrotic,Necrotic,Necrotic,Necrotic,Necrotic,false,false,false,false,false,false,Lesion 03 Day 032 FG,Lesion 03 Day 046 FG,Lesion 03 Day 059 FG,Lesion 03 Day 073 FG,Lesion 03 Day 088 FG,Lesion 03 Day 101 FG,2.6962962,1.0644122,1,cool
EMB+MOX+PZA+RIF,BO33,4,-146.63,-72.52,-69.73,-108.25,-93.8,-125.66,-61.56,25.0,27.07,9.25,13.38,-17.53,229.88,201.99,206.54,233.13,212.94,240.73,2.45,3.35,2.47,2.0,2.0,2.98,2.29,3.29,2.55,2.06,1.96,2.83,1.13,1.09,0.78,0.66,0.62,1.2,5.2,5.7,4.15,3.06,4.18,8.1,0.08,0.45,0.51,0.21,0.27,0.5,,,,,,,0.08,0.45,0.51,0.21,0.27,0.5,0.32,1.72,1.79,0.76,1.14,1.92,0.3,1.65,1.69,0.72,1.07,1.73,0.0,0.0,0.0,0.0,0.0,0.0,0.04,0.11,0.13,0.09,0.14,0.19,0.07,0.37,0.54,0.25,0.4,0.39,,,,,,0.7781512503836436,Cavity,Cavity,Cavity,Cavity,Cavity,Cavity,Cavity,Cavity,Cavity,Cavity,Cavity,Cavity,false,false,false,false,false,false,Lesion 04 Day 032 FG,Lesion 04 Day 046 FG,Lesion 04 Day 059 FG,Lesion 04 Day 073 FG,Lesion 04 Day 088 FG,Lesion 04 Day 101 FG,-1.8469286,4.9968624,11,hot
EMB+MOX+PZA+RIF,BO33,5,-388.51,-220.11,-224.23,-294.34,-273.2,-273.85,-406.57,-191.76,-178.24,-266.94,-276.67,-273.12,227.91,217.65,249.32,231.89,217.73,215.89,0.93,2.31,2.02,1.34,1.2,1.24,0.89,2.25,1.99,1.32,1.21,1.25,0.33,0.8,0.59,0.26,0.35,0.19,1.73,4.12,3.23,1.9,1.88,1.66,0.0,0.03,0.03,0.0,0.0,0.0,,,,,,,0.0,0.03,0.03,0.0,0.0,0.0,0.03,0.11,0.12,0.05,0.04,0.04,0.02,0.1,0.11,0.04,0.04,0.03,0.0,0.0,0.0,0.0,0.0,0.0,0.02,0.02,0.02,0.02,0.02,0.01,0.0,0.02,0.03,0.01,0.01,0.01,,,,,,0.7781512503836436,Fibrotic,Fibrotic,Fibrotic,Fibrotic,Fibrotic,Fibrotic,Fibrotic,Fibrotic,Fibrotic,Fibrotic,Fibrotic,Fibrotic,false,false,false,false,false,false,Lesion 05 Day 032 FG,Lesion 05 Day 046 FG,Lesion 05 Day 059 FG,Lesion 05 Day 073 FG,Lesion 05 Day 088 FG,Lesion 05 Day 101 FG,2.8672736,2.0094087,1,cool
EMB+MOX+PZA+RIF,BO33,6,-90.77,-38.88,-40.48,-19.02,-28.94,-41.29,-4.4,31.07,27.07,37.68,36.01,35.63,209.92,171.97,177.96,164.42,176.01,188.52,2.55,3.68,3.34,2.38,2.42,3.43,2.39,3.86,3.43,2.35,2.4,3.41,1.07,0.94,0.93,0.84,0.88,1.14,5.42,5.59,5.12,4.29,4.56,5.99,0.36,0.87,0.7,0.41,0.4,0.66,,,,,,,0.36,0.87,0.7,0.41,0.4,0.66,1.44,3.37,2.63,1.59,1.44,2.56,1.36,3.3,2.53,1.54,1.41,2.47,0.0,0.0,0.0,0.0,0.0,0.0,0.13,0.17,0.13,0.09,0.1,0.13,0.38,0.73,0.63,0.55,0.47,0.56,,,,,,1.0791812460476249,Cavity,Cavity,Cavity,Cavity,Cavity,Cavity,Cavity,Cavity,Cavity,Cavity,Cavity,Cavity,true,true,true,true,true,true,Lesion 06z07 Day 032 FG,Lesion 06z07 Day 046 FG,Lesion 06z07 Day 059 FG,Lesion 06z07 Day 073 FG,Lesion 06z07 Day 088 FG,Lesion 06z07 Day 101 FG,-2.936546,5.990117,0,hot
EMB+MOX+PZA+RIF,BO33,8,-265.58,-208.49,-211.62,-219.46,-217.27,-248.83,-263.67,-179.61,-176.19,-193.83,-206.73,-219.96,229.18,240.63,234.43,228.3,229.64,236.32,1.75,2.64,2.0,1.48,1.18,1.58,1.68,2.56,1.92,1.43,1.11,1.54,0.67,0.96,0.72,0.57,0.37,0.41,3.41,4.73,3.82,2.73,2.11,2.76,0.05,0.17,0.09,0.03,0.0,0.03,,,,,,,0.05,0.17,0.09,0.03,0.0,0.03,0.24,0.69,0.4,0.21,0.18,0.31,0.19,0.61,0.35,0.18,0.16,0.25,0.0,0.0,0.0,0.0,0.0,0.0,0.06,0.11,0.08,0.06,0.07,0.09,0.04,0.11,0.09,0.05,0.06,0.07,,,,,,0.7781512503836436,Cavity,Cavity,Cavity,Cavity,Cavity,Cavity,Cavity,Cavity,Cavity,Cavity,Cavity,Cavity,false,false,false,false,false,false,Lesion 08 Day 032 FG,Lesion 08 Day 046 FG,Lesion 08 Day 059 FG,Lesion 08 Day 073 FG,Lesion 08 Day 088 FG,Lesion 08 Day 101 FG,0.057853956,2.1432345,12,hot
EMB+MOX+PZA+RIF,BO33,9,-373.11,-246.61,-234.83,-241.03,-222.07,-253.96,-424.95,-274.82,-233.68,-260.85,-237.58,-279.25,270.32,242.93,242.89,245.56,261.55,263.18,1.1,1.69,1.52,1.02,1.28,1.03,1.16,1.7,1.55,1.04,1.35,1.02,0.27,0.43,0.32,0.19,0.26,0.11,1.58,2.49,2.16,1.34,1.66,1.33,0.0,0.01,0.0,0.0,0.0,0.0,,,,,,,0.0,0.01,0.0,0.0,0.0,0.0,0.03,0.06,0.07,0.03,0.04,0.03,0.02,0.05,0.06,0.02,0.03,0.02,0.0,0.0,0.0,0.0,0.0,0.0,0.01,0.02,0.02,0.01,0.01,0.01,0.01,0.01,0.02,0.01,0.01,0.01,,,,,,0.47712125471966244,Necrotic,Necrotic,Necrotic,Necrotic,Necrotic,Necrotic,Necrotic,Necrotic,Necrotic,Necrotic,Necrotic,Necrotic,false,false,false,false,false,false,Lesion 09 Day 032 FG,Lesion 09 Day 046 FG,Lesion 09 Day 059 FG,Lesion 09 Day 073 FG,Lesion 09 Day 088 FG,Lesion 09 Day 101 FG,3.8551965,2.6190856,1,cool
EMB+MOX+PZA+RIF,BO33,10,-367.66,-310.1,-346.16,-367.19,-348.82,-405.22,-394.32,-323.44,-371.23,-398.95,-369.24,-451.01,195.7,218.24,227.09,219.31,186.99,170.25,0.82,1.09,1.04,0.79,0.58,0.49,0.83,1.09,1.04,0.81,0.6,0.49,0.13,0.35,0.26,0.21,0.12,0.05,1.01,1.84,1.49,1.35,0.85,0.59,0.0,0.0,0.0,0.0,0.0,0.0,,,,,,,0.0,0.0,0.0,0.0,0.0,0.0,0.01,0.02,0.02,0.01,0.01,0.0,0.01,0.02,0.02,0.01,0.0,0.0,0.0,0.0,0.0,0.0,0.0,0.0,0.01,0.01,0.01,0.01,0.01,0.01,0.0,0.0,0.0,0.0,0.0,0.0,,,,,,0.7781512503836436,Fibrotic,Fibrotic,Fibrotic,Fibrotic,Fibrotic,Fibrotic,Fibrotic,Fibrotic,Fibrotic,Fibrotic,Fibrotic,Fibrotic,false,false,false,false,false,false,Lesion 10 Day 032 FG,Lesion 10 Day 046 FG,Lesion 10 Day 059 FG,Lesion 10 Day 073 FG,Lesion 10 Day 088 FG,Lesion 10 Day 101 FG,6.058396,2.497797,13,cool
DEL+OPC,BO35,1,-110.43,-7.61,-134.12,-195.57,-262.15,-335.58,-12.85,35.63,-47.9,-142.7,-260.67,-331.09,200.8,134.77,201.53,210.1,207.41,162.38,2.07,5.15,2.28,1.16,1.34,0.63,2.02,5.13,2.36,1.01,1.23,0.6,0.71,2.07,0.69,0.52,0.43,0.15,3.62,9.22,3.51,2.65,3.07,1.17,0.15,0.59,0.16,0.02,0.01,0.0,,,,,,,0.15,0.59,0.16,0.02,0.01,0.0,0.61,3.24,0.56,0.2,0.16,0.03,0.6,3.23,0.55,0.2,0.16,0.03,0.0,0.0,0.0,0.0,0.0,0.0,0.08,0.05,0.07,0.08,0.07,0.04,0.22,0.57,0.16,0.1,0.05,0.01,,,,,,1.98,Fibrotic,Fibrotic,Fibrotic,Fibrotic,Fibrotic,Fibrotic,Fibrotic,Fibrotic,Fibrotic,Fibrotic,Fibrotic,Fibrotic,false,false,false,false,false,false,Lesion 01 Day 034 FG,Lesion 01 Day 048 FG,Lesion 01 Day 062 FG,Lesion 01 Day 076 FG,Lesion 01 Day 090 FG,Lesion 01 Day 104 FG,-1.189584,7.3717923,2,hot
DEL+OPC,BO35,2,-150.88,-15.7,-113.98,-100.33,-151.88,-135.25,-55.71,39.73,-4.7,10.73,-67.11,-47.37,237.41,151.26,222.53,222.43,238.82,234.82,1.45,4.77,2.11,1.38,1.61,1.38,1.37,4.49,2.02,1.28,1.53,1.34,0.57,2.18,0.77,0.47,0.56,0.51,3.43,9.77,4.22,2.64,3.41,2.75,0.14,1.63,0.56,0.1,0.13,0.08,,,,,,,0.14,1.63,0.56,0.1,0.13,0.08,1.23,8.52,2.29,1.04,0.93,0.74,1.19,8.47,2.26,1.02,0.91,0.72,0.0,0.0,0.0,0.0,0.0,0.0,0.26,0.19,0.3,0.2,0.21,0.18,0.56,1.58,0.77,0.55,0.37,0.35,,,,,,3.9,Cavity,Cavity,Cavity,Cavity,Cavity,Cavity,Cavity,Cavity,Cavity,Cavity,Cavity,Cavity,true,true,true,true,true,true,Lesion 02az02bz04 Day 034 FG,Lesion 02az02bz04 Day 048 FG,Lesion 02az02bz04 Day 062 FG,Lesion 02az02bz04 Day 076 FG,Lesion 02az02bz04 Day 090 FG,Lesion 02az02bz04 Day 104 FG,-3.3128421,6.428743,0,hot
DEL+OPC,BO35,3,-344.76,-228.5,-291.51,-375.26,-391.45,-494.8,-363.84,-220.61,-294.76,-386.14,-439.82,-540.36,199.75,187.69,169.18,172.57,189.53,188.52,1.01,5.71,1.21,0.66,0.77,0.81,1.02,5.67,1.2,0.66,0.77,0.81,0.11,1.27,0.36,0.06,0.05,0.07,1.27,8.49,2.24,0.78,0.89,0.95,0.0,0.04,0.0,0.0,0.0,0.0,,,,,,,0.0,0.04,0.0,0.0,0.0,0.0,0.03,0.25,0.03,0.01,0.01,0.02,0.02,0.25,0.03,0.01,0.01,0.01,0.0,0.0,0.0,0.0,0.0,0.0,0.02,0.02,0.02,0.01,0.01,0.01,0.01,0.02,0.01,0.0,0.0,0.0,,,,,,1.85,Fibrotic,Fibrotic,Fibrotic,Fibrotic,Fibrotic,Fibrotic,Fibrotic,Fibrotic,Fibrotic,Fibrotic,Fibrotic,Fibrotic,false,false,false,false,false,false,Lesion 03 Day 034 FG,Lesion 03 Day 048 FG,Lesion 03 Day 062 FG,Lesion 03 Day 076 FG,Lesion 03 Day 090 FG,Lesion 03 Day 104 FG,0.2475666,5.8132253,2,hot
DEL+OPC,BO35,5,-68.05,-33.28,-57.89,-66.65,-58.55,-92.79,11.64,31.53,19.98,6.64,4.96,-17.19,189.35,171.22,185.43,191.68,183.71,198.32,2.21,5.78,2.35,1.53,2.23,1.57,2.17,5.96,2.32,1.58,2.25,1.52,0.58,2.15,0.76,0.42,0.54,0.26,3.5,9.49,4.12,2.47,3.43,2.95,0.47,1.09,0.51,0.07,0.35,0.03,,,,,,,0.47,1.09,0.51,0.07,0.35,0.03,1.73,6.61,1.9,0.92,1.14,0.72,1.7,6.57,1.89,0.91,1.13,0.71,0.0,0.0,0.0,0.0,0.0,0.0,0.13,0.15,0.15,0.11,0.09,0.1,0.64,0.96,0.66,0.48,0.42,0.36,,,,,,2.48,Fibrotic Consol,Fibrotic Consol,Fibrotic Consol,Fibrotic Consol,Fibrotic Consol,Fibrotic Consol,Fibrotic,Fibrotic,Fibrotic,Fibrotic,Fibrotic,Fibrotic,true,true,true,true,true,true,Lesion 05 Day 034 FG,Lesion 05 Day 048 FG,Lesion 05 Day 062 FG,Lesion 05 Day 076 FG,Lesion 05 Day 090 FG,Lesion 05 Day 104 FG,-2.1399932,6.049666,0,hot
DEL+OPC,BO35,6,-187.51,-57.68,-67.72,-123.57,-184.19,-166.85,-135.29,25.38,7.64,-52.69,-135.06,-113.78,233.09,170.89,169.3,212.11,216.89,227.82,1.36,5.88,2.15,1.46,1.6,1.42,1.21,5.94,2.15,1.47,1.59,1.39,0.66,1.61,0.67,0.41,0.42,0.43,3.0,8.93,3.69,2.36,2.71,2.69,0.18,1.1,0.55,0.07,0.07,0.05,,,,,,,0.18,1.1,0.55,0.07,0.07,0.05,1.2,6.39,2.05,0.95,0.66,0.67,1.18,6.39,2.05,0.94,0.65,0.66,0.0,0.0,0.0,0.0,0.0,0.0,0.37,0.19,0.18,0.19,0.17,0.18,0.49,0.91,0.78,0.44,0.24,0.29,,,,,,3.65,Fibrotic Consol,Fibrotic Consol,Fibrotic Consol,Fibrotic Consol,Fibrotic Consol,Fibrotic Consol,Fibrotic,Fibrotic,Fibrotic,Fibrotic,Fibrotic,Fibrotic,true,true,true,true,true,true,Lesion 06az06bz06c Day 034 FG,Lesion 06az06bz06c Day 048 FG,Lesion 06az06bz06c Day 062 FG,Lesion 06az06bz06c Day 076 FG,Lesion 06az06bz06c Day 090 FG,Lesion 06az06bz06c Day 104 FG,-2.230416,5.9395623,0,hot
DEL+OPC,BO35,7,-224.66,-111.0,-173.77,-250.15,-239.61,-258.5,-182.23,-17.67,-130.19,-236.8,-235.96,-270.73,244.79,212.46,225.18,227.12,229.49,229.34,1.88,5.24,1.87,1.2,1.25,1.08,1.79,5.32,1.81,1.19,1.22,1.07,0.84,1.88,0.56,0.48,0.43,0.28,3.95,9.36,3.27,2.18,2.4,1.86,0.13,0.31,0.07,0.01,0.01,0.0,,,,,,,0.13,0.31,0.07,0.01,0.01,0.0,0.58,1.65,0.34,0.18,0.13,0.09,0.57,1.63,0.33,0.17,0.12,0.09,0.0,0.0,0.0,0.0,0.0,0.0,0.13,0.08,0.07,0.08,0.05,0.05,0.16,0.22,0.1,0.07,0.05,0.04,,,,,,1.91,Fibrotic,Fibrotic,Fibrotic,Fibrotic,Fibrotic,Fibrotic,Fibrotic,Fibrotic,Fibrotic,Fibrotic,Fibrotic,Fibrotic,false,false,false,false,false,false,Lesion 07 Day 034 FG,Lesion 07 Day 048 FG,Lesion 07 Day 062 FG,Lesion 07 Day 076 FG,Lesion 07 Day 090 FG,Lesion 07 Day 104 FG,-0.3391797,5.1841073,2,hot
DEL+OPC,BO35,8,-254.4,-195.14,-300.13,-397.13,-423.59,-436.85,-216.92,-157.06,-317.38,-414.78,-439.82,-443.77,223.05,225.79,217.05,214.48,171.88,187.79,1.03,2.79,1.07,0.91,0.94,0.64,1.0,2.68,0.99,0.87,0.92,0.59,0.27,0.52,0.22,0.3,0.27,0.16,2.05,4.76,1.85,1.93,1.79,1.26,0.0,0.15,0.0,0.0,0.0,0.0,,,,,,,0.0,0.15,0.0,0.0,0.0,0.0,0.12,0.44,0.08,0.04,0.03,0.02,0.12,0.43,0.08,0.04,0.03,0.02,0.0,0.0,0.0,0.0,0.0,0.0,0.06,0.07,0.05,0.03,0.02,0.02,0.06,0.09,0.03,0.01,0.0,0.0,,,,,,0.59,Fibrotic,Fibrotic,Fibrotic,Fibrotic,Fibrotic,Fibrotic,Fibrotic,Fibrotic,Fibrotic,Fibrotic,Fibrotic,Fibrotic,false,false,false,false,false,false,Lesion 08 Day 034 FG,Lesion 08 Day 048 FG,Lesion 08 Day 062 FG,Lesion 08 Day 076 FG,Lesion 08 Day 090 FG,Lesion 08 Day 104 FG,0.039849482,2.0168602,12,hot
MOX,BO36,1,-155.04,-43.32,-133.57,-310.99,-74.31,-62.24,-108.0,-11.0,-80.0,-303.0,-42.0,-30.0,137.07,100.03,150.6,229.98,119.52,110.12,1.46,2.41,0.86,1.9,1.5,1.16,1.42,2.4,0.85,1.89,1.48,1.06,0.42,0.61,0.21,0.61,0.2,0.28,2.36,3.83,1.36,3.1,2.2,2.13,0.01,0.05,0.0,0.04,0.02,0.01,0.01,0.05,0.0,0.04,0.02,0.01,0.0,0.04,0.0,0.02,0.0,0.0,0.04,0.13,0.04,0.11,0.06,0.05,0.04,0.13,0.04,0.08,0.06,0.05,0.00423728813559322,0.013054830287206267,0.0,0.012903225806451613,0.008368200836820083,0.004694835680751174,0.01,0.01,0.02,0.02,0.01,0.01,0.02,0.04,0.03,0.02,0.04,0.04,,,,,,0.48,Fibrotic,Fibrotic,Fibrotic,Fibrotic,Fibrotic,Fibrotic,Fibrotic,Fibrotic,Fibrotic,Fibrotic,Fibrotic,Fibrotic,false,false,false,false,false,false,Lesion 01 Day 034 FG,Lesion 01 Day 047 FG,Lesion 01 Day 060 FG,Lesion 01 Day 075 FG,Lesion 01 Day 089 FG,Lesion 01 Day 103 FG,1.0311131,10.950619,4,hot
MOX,BO36,2,-320.64,-183.81,-142.45,-187.66,-194.25,-176.18,-335.0,-147.0,-92.0,-160.0,-156.0,-140.0,124.93,174.47,151.5,156.96,179.12,153.64,0.92,1.9,0.8,1.04,0.77,0.71,0.93,1.83,0.77,0.99,0.75,0.68,0.11,0.66,0.22,0.27,0.11,0.16,1.18,3.52,1.36,1.8,1.13,1.55,0.0,0.03,0.0,0.0,0.0,0.0,0.0,0.03,0.0,0.0,0.0,0.0,0.0,0.02,0.0,0.0,0.0,0.0,0.01,0.07,0.04,0.03,0.02,0.02,0.01,0.07,0.04,0.03,0.02,0.02,0.0,0.008522727272727272,0.0,0.0,0.0,0.0,0.01,0.02,0.02,0.01,0.01,0.01,0.0,0.02,0.03,0.01,0.01,0.01,,,,,,0.48,Fibrotic,Fibrotic,Fibrotic,Fibrotic,Fibrotic,Fibrotic,Fibrotic,Fibrotic,Fibrotic,Fibrotic,Fibrotic,Fibrotic,false,false,false,false,false,false,Lesion 02 Day 034 FG,Lesion 02 Day 047 FG,Lesion 02 Day 060 FG,Lesion 02 Day 075 FG,Lesion 02 Day 089 FG,Lesion 02 Day 103 FG,3.1669335,6.7928867,6,cool
MOX,BO36,3,-497.71,-272.56,-284.8,-472.35,-429.08,-413.52,-508.0,-270.0,-287.0,-479.0,-432.0,-419.0,117.8,120.94,117.46,93.27,96.54,100.05,0.6,0.92,0.38,0.54,0.5,0.51,0.61,0.92,0.39,0.54,0.49,0.51,0.09,0.08,0.04,0.04,0.03,0.03,0.82,1.05,0.48,0.61,0.59,0.61,0.0,0.0,0.0,0.0,0.0,0.0,0.0,0.0,0.0,0.0,0.0,0.0,0.0,0.0,0.0,0.0,0.0,0.0,0.0,0.0,0.0,0.0,0.0,0.0,0.0,0.0,0.0,0.0,0.0,0.0,0.0,0.0,0.0,0.0,0.0,0.0,0.0,0.0,0.0,0.0,0.0,0.0,0.0,0.0,0.0,0.0,0.0,0.0,,,,,,0.3,Fibrotic,Fibrotic,Fibrotic,Fibrotic,Fibrotic,Fibrotic,Fibrotic,Fibrotic,Fibrotic,Fibrotic,Fibrotic,Fibrotic,false,false,false,false,false,false,Lesion 03 Day 034 FG,Lesion 03 Day 047 FG,Lesion 03 Day 060 FG,Lesion 03 Day 075 FG,Lesion 03 Day 089 FG,Lesion 03 Day 103 FG,8.747727,9.4702425,3,cool
MOX,BO36,4,-309.81,-48.44,-114.06,-176.5,-139.62,-109.1,-329.0,-4.0,-68.0,-153.0,-102.0,-59.0,170.51,118.73,151.5,172.25,155.15,148.07,1.37,2.17,1.0,0.96,1.1,1.67,1.24,2.05,0.98,0.88,0.89,1.4,0.66,0.93,0.35,0.46,0.67,0.97,4.22,5.79,2.08,2.65,4.55,6.28,0.15,0.91,0.09,0.1,0.14,0.25,0.15,0.91,0.09,0.1,0.14,0.25,0.06,0.7,0.0,0.02,0.07,0.16,0.61,2.88,1.17,0.73,0.72,0.87,0.55,2.88,1.16,0.72,0.71,0.87,0.03456221198156682,0.15716753022452504,0.04326923076923077,0.03773584905660378,0.030769230769230774,0.03980891719745223,0.29,0.2,0.39,0.37,0.24,0.17,0.09,1.1,0.74,0.36,0.41,0.38,,,,,,1.92,Cavity,Cavity,Cavity,Cavity,Cavity,Cavity,Cavity,Cavity,Cavity,Cavity,Cavity,Cavity,true,true,true,true,true,true,Lesion 04z05z06z07z08z09 Day 034 FG,Lesion 04z05z06z07z08z09 Day 047 FG,Lesion 04z05z06z07z08z09 Day 060 FG,Lesion 04z05z06z07z08z09 Day 075 FG,Lesion 04z05z06z07z08z09 Day 089 FG,Lesion 04z05z06z07z08z09 Day 103 FG,-4.791685,6.758929,0,hot
MOX,BO36,10,-658.18,-399.08,-340.56,-604.48,-453.64,-470.65,-654.0,-418.0,-343.0,-600.0,-467.0,-484.0,70.86,126.88,95.57,54.24,111.09,79.66,0.5,0.59,0.32,0.35,0.38,0.5,0.5,0.57,0.32,0.34,0.37,0.5,0.03,0.08,0.03,0.03,0.03,0.04,0.65,0.79,0.39,0.45,0.44,0.62,0.0,0.0,0.0,0.0,0.0,0.0,0.0,0.0,0.0,0.0,0.0,0.0,0.0,0.0,0.0,0.0,0.0,0.0,0.0,0.0,0.0,0.0,0.0,0.0,0.0,0.0,0.0,0.0,0.0,0.0,0.0,0.0,0.0,0.0,0.0,0.0,0.0,0.0,0.01,0.0,0.0,0.0,0.0,0.0,0.0,0.0,0.0,0.0,,,,,,0.48,Fibrotic,Fibrotic,Fibrotic,Fibrotic,Fibrotic,Fibrotic,Fibrotic,Fibrotic,Fibrotic,Fibrotic,Fibrotic,Fibrotic,false,false,false,false,false,false,Lesion 10 Day 034 FG,Lesion 10 Day 047 FG,Lesion 10 Day 060 FG,Lesion 10 Day 075 FG,Lesion 10 Day 089 FG,Lesion 10 Day 103 FG,10.828044,6.4459176,7,cool
MOX,BO36,11,-313.65,-2.56,-73.2,-138.35,-121.88,-136.05,-329.0,13.0,-24.0,-95.0,-66.0,-80.0,175.67,83.26,149.03,185.23,161.99,167.3,1.39,2.8,1.12,1.41,1.35,1.51,1.33,2.61,1.14,1.33,1.24,1.21,0.49,1.16,0.35,0.42,0.43,0.73,2.93,5.91,1.97,2.42,3.08,3.9,0.04,0.31,0.05,0.08,0.05,0.05,0.04,0.31,0.05,0.08,0.05,0.05,0.01,0.23,0.0,0.02,0.02,0.03,0.14,0.97,0.34,0.3,0.26,0.22,0.13,0.97,0.33,0.29,0.26,0.22,0.013651877133105802,0.052453468697123515,0.02538071065989848,0.03305785123966942,0.016233766233766236,0.012820512820512822,0.06,0.02,0.06,0.07,0.06,0.05,0.02,0.33,0.23,0.12,0.13,0.1,,,,,,0.7,Fibrotic,Fibrotic,Fibrotic,Fibrotic,Fibrotic,Fibrotic,Fibrotic,Fibrotic,Fibrotic,Fibrotic,Fibrotic,Fibrotic,true,true,true,true,true,true,Lesion 11z12az12b Day 034 FG,Lesion 11z12az12b Day 047 FG,Lesion 11z12az12b Day 060 FG,Lesion 11z12az12b Day 075 FG,Lesion 11z12az12b Day 089 FG,Lesion 11z12az12b Day 103 FG,-0.06968604,10.553526,4,hot
MOX,BO36,13,-180.4,-16.59,-40.12,-83.95,-83.68,-72.3,-154.0,13.0,-5.0,-35.0,-26.0,-24.0,172.87,106.03,122.7,147.59,159.31,141.31,2.33,3.01,1.3,1.43,1.82,2.15,2.02,2.97,1.31,1.37,1.55,1.7,1.12,1.38,0.48,0.64,1.05,1.4,6.11,6.52,2.5,3.35,4.72,6.75,0.19,0.86,0.34,0.36,0.4,0.32,0.19,0.86,0.34,0.36,0.4,0.32,0.13,0.72,0.07,0.16,0.31,0.24,0.6,3.14,1.2,1.12,1.44,1.24,0.59,3.14,1.19,1.1,1.41,1.22,0.031096563011456628,0.13190184049079756,0.136,0.10746268656716418,0.08474576271186442,0.047407407407407405,0.12,0.1,0.11,0.16,0.15,0.1,0.12,0.93,0.8,0.63,0.62,0.46,,,,,,1.53,Fibrotic,Fibrotic,Fibrotic,Fibrotic,Fibrotic,Fibrotic,Fibrotic,Fibrotic,Fibrotic,Fibrotic,Fibrotic,Fibrotic,true,true,true,true,true,true,Lesion 13z14z15 Day 034 FG,Lesion 13z14z15 Day 047 FG,Lesion 13z14z15 Day 060 FG,Lesion 13z14z15 Day 075 FG,Lesion 13z14z15 Day 089 FG,Lesion 13z14z15 Day 103 FG,-2.3931222,7.966831,0,hot
MOX,BO36,16,-378.31,-107.84,-125.25,-166.15,-140.98,-132.07,-379.0,-51.0,-72.0,-135.0,-103.0,-81.0,134.34,143.27,163.3,169.49,168.55,161.94,1.04,2.46,1.01,0.92,1.02,1.06,0.99,2.39,0.96,0.76,0.74,0.85,0.32,0.87,0.37,0.51,0.64,0.6,2.08,4.73,2.06,2.61,3.26,3.59,0.01,0.28,0.04,0.04,0.04,0.03,0.01,0.28,0.04,0.04,0.04,0.03,0.0,0.21,0.0,0.01,0.02,0.01,0.11,0.81,0.34,0.24,0.23,0.17,0.09,0.81,0.34,0.24,0.23,0.16,0.004807692307692308,0.05919661733615222,0.019417475728155338,0.015325670498084292,0.012269938650306749,0.008403361344537815,0.08,0.1,0.11,0.12,0.08,0.05,0.01,0.23,0.23,0.14,0.14,0.1,,,,,,1.24,Fibrotic,Fibrotic,Fibrotic,Fibrotic,Fibrotic,Fibrotic,Fibrotic,Fibrotic,Fibrotic,Fibrotic,Fibrotic,Fibrotic,true,true,true,true,true,true,Lesion 16z17z18 Day 034 FG,Lesion 16z17z18 Day 047 FG,Lesion 16z17z18 Day 060 FG,Lesion 16z17z18 Day 075 FG,Lesion 16z17z18 Day 089 FG,Lesion 16z17z18 Day 103 FG,-0.6059393,9.415241,4,hot
MOX,BO36,19,-227.0,-62.45,-144.77,-203.78,-145.57,-124.0,-228.0,-21.0,-97.0,-196.0,-105.0,-62.0,166.81,100.33,166.39,156.11,138.97,147.96,1.32,2.01,0.75,0.53,0.71,1.01,1.29,1.74,0.71,0.44,0.58,0.87,0.43,0.91,0.25,0.23,0.38,0.49,2.45,4.42,1.37,1.21,2.19,2.79,0.03,0.17,0.0,0.0,0.01,0.03,0.03,0.17,0.0,0.0,0.01,0.03,0.01,0.11,0.0,0.0,0.0,0.01,0.12,0.57,0.19,0.1,0.15,0.16,0.11,0.57,0.19,0.09,0.14,0.16,0.012244897959183673,0.038461538461538464,0.0,0.0,0.004629629629629629,0.01075268817204301,0.05,0.06,0.09,0.11,0.08,0.05,0.03,0.23,0.15,0.08,0.12,0.1,,,,,,0.48,Fibrotic,Fibrotic,Fibrotic,Fibrotic,Fibrotic,Fibrotic,Fibrotic,Fibrotic,Fibrotic,Fibrotic,Fibrotic,Fibrotic,false,false,false,false,false,false,Lesion 19 Day 034 FG,Lesion 19 Day 047 FG,Lesion 19 Day 060 FG,Lesion 19 Day 075 FG,Lesion 19 Day 089 FG,Lesion 19 Day 103 FG,0.9179921,10.885563,4,hot
MOX,BO36,20,-287.76,2.31,-4.19,-51.92,-33.9,-4.72,-340.0,9.0,12.0,-8.0,1.0,12.0,123.09,47.45,74.14,124.0,119.22,69.23,1.07,3.33,1.56,1.66,1.49,2.81,0.99,3.22,1.59,1.62,1.19,2.71,0.32,1.37,0.51,0.68,0.87,1.04,2.47,6.41,2.7,3.36,4.65,5.07,0.01,0.17,0.13,0.1,0.08,0.12,0.01,0.17,0.13,0.1,0.08,0.12,0.0,0.14,0.05,0.07,0.05,0.1,0.04,0.67,0.37,0.29,0.37,0.39,0.04,0.67,0.37,0.28,0.37,0.39,0.003690036900369004,0.026984126984126985,0.04814814814814815,0.029761904761904764,0.017204301075268817,0.023668639053254437,0.02,0.0,0.01,0.04,0.03,0.01,0.01,0.24,0.23,0.14,0.21,0.13,,,,,,0.78,Fibrotic,Fibrotic,Fibrotic,Fibrotic,Fibrotic,Fibrotic,Fibrotic,Fibrotic,Fibrotic,Fibrotic,Fibrotic,Fibrotic,false,false,false,false,false,false,Lesion 20 Day 034 FG,Lesion 20 Day 047 FG,Lesion 20 Day 060 FG,Lesion 20 Day 075 FG,Lesion 20 Day 089 FG,Lesion 20 Day 103 FG,-0.17706785,11.086501,4,hot
MOX,BO36,23,-305.89,-47.27,-106.36,-126.35,-98.82,-122.86,-302.0,-14.0,-68.0,-88.0,-70.0,-55.0,200.59,108.02,141.32,142.05,118.9,160.48,1.82,3.11,1.47,0.92,1.06,1.24,1.5,2.79,1.46,0.69,0.73,0.85,1.15,1.65,0.67,0.68,0.85,0.9,5.06,7.43,2.94,3.46,4.97,5.86,0.11,0.28,0.16,0.05,0.07,0.05,0.11,0.28,0.16,0.05,0.07,0.05,0.08,0.25,0.09,0.03,0.04,0.03,0.41,1.14,0.49,0.28,0.33,0.26,0.37,1.14,0.47,0.28,0.33,0.26,0.02173913043478261,0.037685060565275916,0.054421768707483,0.014450867052023123,0.014084507042253523,0.009523809523809523,0.11,0.05,0.09,0.13,0.08,0.07,0.06,0.3,0.22,0.19,0.23,0.16,,,,,,1.0,Fibrotic,Fibrotic,Fibrotic,Fibrotic,Fibrotic,Fibrotic,Fibrotic,Fibrotic,Fibrotic,Fibrotic,Fibrotic,Fibrotic,true,true,true,true,true,true,Lesion 23z24 Day 034 FG,Lesion 23z24 Day 047 FG,Lesion 23z24 Day 060 FG,Lesion 23z24 Day 075 FG,Lesion 23z24 Day 089 FG,Lesion 23z24 Day 103 FG,-0.4437427,10.329005,4,hot
MOX,BO37,1,-360.39,-117.1,-126.6,-131.48,-167.63,-142.16,-382.0,-67.0,-60.0,-73.0,-127.0,-95.0,164.62,152.28,160.45,152.14,151.86,150.3,0.62,2.66,1.56,1.43,0.94,0.97,0.54,2.6,1.59,1.26,0.93,0.95,0.18,0.95,0.57,0.52,0.07,0.15,1.03,4.95,2.93,2.88,1.13,1.36,0.0,0.05,0.02,0.02,0.0,0.0,0.0,0.05,0.02,0.02,0.0,0.0,0.0,0.04,0.01,0.01,0.0,0.0,0.01,0.17,0.05,0.08,0.04,0.05,0.01,0.16,0.05,0.08,0.04,0.05,0.0,0.010101010101010102,0.006825938566552901,0.006944444444444445,0.0,0.0,0.01,0.02,0.01,0.02,0.02,0.02,0.0,0.04,0.03,0.04,0.02,0.03,,,,,,0.89,Necrotic,Necrotic,Necrotic,Necrotic,Necrotic,Necrotic,Necrotic,Necrotic,Necrotic,Necrotic,Necrotic,Necrotic,false,false,false,false,false,false,Lesion 01 Day 034 AA,Lesion 01 Day 047 AA,Leesion 01 Day 060 AA,Lesion 01 Day 074 AA,Lesion 01 Day 089 AA,Lesion 01 Day 103 AA,1.5370196,7.442749,10,cool
MOX,BO37,2,-196.73,-29.03,-77.9,-74.34,-104.99,-55.2,-200.0,5.0,-32.0,-8.0,-33.0,-21.0,156.64,103.94,126.69,148.25,165.5,93.63,0.84,4.4,2.16,3.05,1.51,1.57,0.77,4.36,2.05,2.66,1.43,1.34,0.27,1.21,0.73,1.8,0.65,0.72,1.77,6.94,3.81,6.97,3.0,4.0,0.0,0.06,0.02,0.05,0.03,0.01,0.0,0.06,0.02,0.05,0.03,0.01,0.0,0.06,0.01,0.04,0.02,0.01,0.01,0.25,0.06,0.22,0.11,0.05,0.01,0.25,0.06,0.22,0.11,0.05,0.0,0.008645533141210374,0.005249343832020997,0.0071736011477761845,0.01,0.0025,0.01,0.01,0.01,0.02,0.02,0.01,0.01,0.05,0.02,0.06,0.05,0.03,,,,,,0.78,Fibrotic,Fibrotic,Fibrotic,Fibrotic,Fibrotic,Fibrotic,Fibrotic,Fibrotic,Fibrotic,Fibrotic,Fibrotic,Fibrotic,false,false,false,false,false,false,Lesion 02 Day 034 AA,Lesion 02 Day 047 AA,Lesion 02 Day 060 AA,Lesion 02 Day 074 AA,Lesion 02 Day 089 AA,Lesion 02 Day 103 AA,-0.04271854,7.609746,2,hot
MOX,BO37,3,-340.1,-175.28,-171.79,-213.72,-235.3,-222.73,-361.0,-144.0,-133.0,-206.0,-238.0,-218.0,148.92,169.29,156.9,174.22,159.56,166.2,0.43,2.1,1.62,0.8,0.56,0.82,0.42,2.06,1.61,0.71,0.54,0.8,0.07,0.74,0.26,0.25,0.1,0.14,0.6,3.63,2.19,1.98,0.87,1.16,0.0,0.03,0.01,0.0,0.0,0.0,0.0,0.03,0.01,0.0,0.0,0.0,0.0,0.02,0.0,0.0,0.0,0.0,0.01,0.07,0.02,0.02,0.01,0.03,0.01,0.07,0.02,0.02,0.01,0.03,0.0,0.008264462809917356,0.004566210045662101,0.0,0.0,0.0,0.02,0.02,0.01,0.02,0.01,0.02,0.0,0.02,0.01,0.01,0.01,0.01,,,,,,0.78,Necrotic,Necrotic,Necrotic,Necrotic,Necrotic,Necrotic,Necrotic,Necrotic,Necrotic,Necrotic,Necrotic,Necrotic,false,false,false,false,false,false,Lesion 03 Day 034 AA,Lesion 03 Day 047 AA,Lesion 03 Day 060 AA,Lesion 03 Day 074 AA,Lesion 03 Day 089 AA,Lesion 03 Day 103 AA,2.9327755,6.5388713,10,cool
MOX,BO37,4,-288.43,-145.57,-119.7,-148.2,-101.79,-107.86,-298.0,-111.0,-65.0,-108.0,-36.0,-54.0,176.08,159.06,159.38,161.8,169.83,156.51,0.77,3.44,2.16,1.72,1.44,1.72,0.76,3.13,2.07,1.02,1.33,1.67,0.34,1.44,0.76,1.53,0.68,0.84,1.66,7.16,4.42,6.82,3.65,4.43,0.0,0.76,0.33,0.26,0.44,0.46,0.0,0.76,0.33,0.26,0.44,0.46,0.0,0.67,0.21,0.2,0.21,0.3,0.2,2.73,0.89,1.17,1.6,1.4,0.18,2.71,0.88,1.15,1.59,1.39,0.0,0.10614525139664804,0.0746606334841629,0.03812316715542522,0.12054794520547946,0.10383747178329572,0.16,0.33,0.14,0.27,0.33,0.23,0.06,0.45,0.25,0.4,0.76,0.56,,,,,,1.29,Cavity,Cavity,Cavity,Cavity,Cavity,Cavity,Cavity,Cavity,Cavity,Cavity,Cavity,Cavity,true,true,true,true,true,true,Lesion 04z05z06 Day 034 AA,Lesion 04z05z06 Day 047 AA,Lesion 04z05z06 Day 060,Lesion 04z05z06 Day 074 AA,Lesion 04z05z06 Day 089 AA,Lesion 04z05z06 Day 103 AA,-4.365887,7.8794804,5,hot
MOX,BO37,7,-623.44,-524.61,-569.46,-575.17,-551.23,-614.02,-629.0,-528.0,-566.0,-587.0,-539.0,-618.0,69.42,74.85,93.96,96.61,79.61,88.76,0.22,0.71,0.61,0.38,0.33,0.42,0.22,0.72,0.61,0.38,0.33,0.41,0.03,0.07,0.05,0.02,0.01,0.03,0.3,0.86,0.75,0.44,0.35,0.52,0.0,0.0,0.0,0.0,0.0,0.0,0.0,0.0,0.0,0.0,0.0,0.0,0.0,0.0,0.0,0.0,0.0,0.0,0.0,0.01,0.0,0.0,0.0,0.0,0.0,0.0,0.0,0.0,0.0,0.0,0.0,0.0,0.0,0.0,0.0,0.0,0.0,0.0,0.0,0.0,0.0,0.0,0.0,0.0,0.0,0.0,0.0,0.0,,,,,,0.48,Fibrotic,Fibrotic,Fibrotic,Fibrotic,Fibrotic,Fibrotic,Fibrotic,Fibrotic,Fibrotic,Fibrotic,Fibrotic,Fibrotic,false,false,false,false,false,false,Lesion 07 Day 034 AA,Lesion 07 Day 047 AA,Lesion 07 Day 060 AA,Lesion 07 Day 074 AA,Lesion 07 Day 089 AA,Lesion 07 Day 103 AA,12.592054,6.6977453,7,cool
MOX,BO37,8,-657.72,-474.56,-501.92,-546.21,-607.03,-560.92,-659.0,-483.0,-514.0,-564.0,-608.0,-560.0,49.87,118.52,97.45,89.53,90.47,68.95,0.26,1.06,0.81,0.75,0.57,0.6,0.27,1.07,0.8,0.73,0.57,0.6,0.02,0.17,0.05,0.11,0.04,0.06,0.33,1.4,0.95,1.14,0.68,0.74,0.0,0.0,0.0,0.0,0.0,0.0,0.0,0.0,0.0,0.0,0.0,0.0,0.0,0.0,0.0,0.0,0.0,0.0,0.0,0.01,0.0,0.01,0.0,0.0,0.0,0.01,0.0,0.0,0.0,0.0,0.0,0.0,0.0,0.0,0.0,0.0,0.0,0.01,0.0,0.0,0.0,0.0,0.0,0.0,0.0,0.0,0.0,0.0,,,,,,0.48,Fibrotic,Fibrotic,Fibrotic,Fibrotic,Fibrotic,Fibrotic,Fibrotic,Fibrotic,Fibrotic,Fibrotic,Fibrotic,Fibrotic,false,false,false,false,false,false,Lesion 08 Day 034 AA,Lesion 08 Day 047 AA,Lesion 08 Day 060 FG,Lesion 08 Day 074 AA,Lesion 08 Day 089 AA,Lesion 08 Day 103 AA,12.150361,5.633958,7,cool
MOX,BO37,9,-333.27,-185.73,-171.08,-169.1,-178.48,-199.02,-361.0,-142.0,-118.0,-113.0,-144.0,-166.0,179.7,176.38,167.22,169.05,168.3,168.67,0.36,2.78,1.67,1.71,0.93,0.87,0.35,2.5,1.66,1.2,0.83,0.85,0.08,1.48,0.69,1.37,0.47,0.26,0.57,6.82,3.31,6.32,2.25,1.72,0.0,0.09,0.03,0.06,0.01,0.0,0.0,0.09,0.03,0.06,0.01,0.0,0.0,0.07,0.02,0.04,0.0,0.0,0.03,0.31,0.09,0.23,0.09,0.08,0.02,0.3,0.09,0.22,0.09,0.08,0.0,0.013196480938416421,0.009063444108761328,0.009493670886075948,0.0044444444444444444,0.0,0.05,0.05,0.03,0.06,0.05,0.05,0.01,0.06,0.04,0.08,0.05,0.04,,,,,,0.48,Fibrotic,Fibrotic,Fibrotic,Fibrotic,Fibrotic,Fibrotic,Fibrotic,Fibrotic,Fibrotic,Fibrotic,Fibrotic,Fibrotic,false,false,false,false,false,false,Lesion 09 Day 034 AA,Lesion 09 Day 047 AA,Lesion 09 Day 060 AA,Lesion 09 Day 074 AA,Lesion 09 Day 089 AA,Lesion 09 Day 103 AA,1.0800463,5.97356,10,cool
MOX,BO37,10,-557.5,-397.25,-410.92,-556.2,-538.42,-546.76,-562.0,-401.0,-435.0,-585.0,-522.0,-552.0,72.53,113.47,132.82,112.93,110.94,92.24,0.21,0.83,0.63,0.39,0.34,0.45,0.21,0.81,0.62,0.39,0.34,0.45,0.01,0.15,0.07,0.03,0.03,0.02,0.25,1.11,0.83,0.46,0.41,0.52,0.0,0.0,0.0,0.0,0.0,0.0,0.0,0.0,0.0,0.0,0.0,0.0,0.0,0.0,0.0,0.0,0.0,0.0,0.0,0.01,0.0,0.01,0.0,0.0,0.0,0.01,0.0,0.0,0.0,0.0,0.0,0.0,0.0,0.0,0.0,0.0,0.0,0.01,0.0,0.0,0.0,0.0,0.0,0.0,0.0,0.0,0.0,0.0,,,,,,0.48,Scar,Scar,Scar,Scar,Scar,Scar,Scar,Scar,Scar,Scar,Scar,Scar,false,false,false,false,false,false,Lesion 10 Day 034 AA,Lesion 10 Day 047 AA,Lesion 10 Day 060 AA,Lesion 10 Day 074 AA,Lesion 10 Day 089 AA,Lesion 10 Day 103 AA,11.676518,7.336441,7,cool
MOX,BO37,12,-360.04,-165.8,-157.95,-162.66,-262.14,-127.22,-388.0,-142.0,-119.0,-139.0,-248.0,-74.0,177.9,156.2,169.52,148.58,191.32,149.93,0.38,2.83,1.9,1.79,0.86,1.14,0.34,2.7,1.82,1.21,0.84,1.1,0.15,0.87,0.71,1.41,0.38,0.35,0.81,5.75,4.33,6.89,2.09,2.85,0.0,0.23,0.1,0.11,0.01,0.03,0.0,0.23,0.1,0.11,0.01,0.03,0.0,0.2,0.06,0.08,0.0,0.0,0.03,0.68,0.29,0.44,0.21,0.2,0.03,0.68,0.28,0.43,0.2,0.2,0.0,0.04,0.024,0.015625,0.004784688995215312,0.009933774834437087,0.06,0.1,0.05,0.11,0.12,0.05,0.01,0.14,0.07,0.13,0.09,0.12,,,,,,0.78,Necrotic,Necrotic,Necrotic,Necrotic,Necrotic,Necrotic,Necrotic,Necrotic,Necrotic,Necrotic,Necrotic,Necrotic,true,true,true,true,true,true,Lesion 12z14 Day 034 AA,Lesion 12z14 Day 047 AA,Lesion 12z14 Day 060 AA,Lesion 12z14 Day 074 AA,Lesion 12z14 Day 089 AA,Lesion 12z14 Day 103 AA,-0.7255106,6.637528,2,hot
MOX,BO37,15,-504.16,-254.23,-242.14,-221.94,-222.12,-187.86,-538.0,-264.0,-236.0,-209.0,-211.0,-135.0,143.64,163.05,168.87,165.44,175.62,192.65,0.3,2.44,1.7,1.53,1.24,1.59,0.26,2.33,1.62,0.76,0.88,1.1,0.16,1.01,0.72,1.62,0.93,1.2,1.03,5.97,3.54,6.94,4.5,5.16,0.0,0.37,0.16,0.15,0.16,0.25,0.0,0.37,0.16,0.15,0.16,0.25,0.0,0.29,0.11,0.12,0.11,0.2,0.15,1.14,0.51,0.76,0.69,1.02,0.08,1.12,0.48,0.73,0.68,0.96,0.0,0.06197654941373534,0.04519774011299435,0.02229299363057325,0.035555555555555556,0.0,0.2,0.3,0.15,0.25,0.3,0.24,0.01,0.15,0.1,0.19,0.23,0.33,,,,,,2.03,Cavity,Cavity,Cavity,Cavity,Cavity,Cavity,Cavity,Cavity,Cavity,Cavity,Cavity,Cavity,true,true,true,true,true,true,Lesion 15z16z17 Day 034 AA,Lesion 15z16z17 Day 047 AA,Lesion 15z16z17 Day 060 AA,Lesion 15z16z17 Day 074 AA,Lesion 15z16z17 Day 089 AA,Lesion 15z16z17 Day 103 AA,-4.124448,9.214426,5,hot
MOX,BO37,18,-666.53,-330.77,-313.46,-550.85,-332.05,-399.6,-672.0,-338.0,-328.0,-576.0,-339.0,-413.0,40.95,143.44,164.23,110.86,126.75,96.96,0.18,0.82,0.83,0.62,0.47,0.49,0.18,0.82,0.83,0.59,0.46,0.48,0.01,0.05,0.12,0.1,0.06,0.07,0.22,0.94,1.12,0.98,0.63,0.65,0.0,0.0,0.0,0.0,0.0,0.0,0.0,0.0,0.0,0.0,0.0,0.0,0.0,0.0,0.0,0.0,0.0,0.0,0.0,0.01,0.01,0.0,0.01,0.01,0.0,0.01,0.01,0.0,0.01,0.01,0.0,0.0,0.0,0.0,0.0,0.0,0.0,0.01,0.01,0.0,0.02,0.01,0.0,0.0,0.0,0.0,0.0,0.0,,,,,,0.48,Scar,Scar,Scar,Scar,Scar,Scar,Scar,Scar,Scar,Scar,Scar,Scar,false,false,false,false,false,false,Lesion 18 Day 034 AA,Lesion 18 Day 047 AA,Lesion 18 Day 060 AA,Lesion 18 Day 074 AA,Lesion 18 Day 089 AA,Lesion 18 Day 089 JF,9.862143,6.6943145,8,cool
MOX+RIF,BO38,1,-275.63,-52.84,-116.42,-177.43,-261.13,-342.05,-294.0,-6.0,-57.0,-148.0,-268.0,-351.0,183.48,135.24,162.25,165.58,152.18,156.36,1.28,3.17,1.77,0.88,0.79,0.53,1.19,2.77,1.7,0.86,0.7,0.46,0.42,1.37,0.49,0.18,0.25,0.15,2.79,7.57,3.48,1.49,2.05,1.25,0.03,0.37,0.2,0.0,0.0,0.0,0.03,0.37,0.2,0.0,0.0,0.0,0.01,0.31,0.09,0.0,0.0,0.0,0.13,1.21,0.54,0.15,0.08,0.05,0.11,1.2,0.53,0.15,0.08,0.04,0.01075268817204301,0.04887714663143989,0.0574712643678161,0.0,0.0,0.0,0.06,0.06,0.09,0.08,0.07,0.07,0.03,0.32,0.2,0.09,0.03,0.01,,,,,,1.08,Necrotic,Necrotic,Necrotic,Necrotic,Necrotic,Necrotic,Necrotic,Necrotic,Necrotic,Necrotic,Necrotic,Necrotic,true,true,true,true,true,true,Lesion 01z02z03 Day 033 FG,Lesion 01z02z03 Day 046 FG,Lesion 01z02z03 Day 062 FG,Lesion 01z02z03 Day 074 FG,Lesion 01z02z03 Day 088 FG,Lesion 01z02z03 Day 102 FG,-0.7351861,8.783347,4,hot
MOX+RIF,BO38,4,-213.05,-141.24,-210.55,-278.75,-303.16,-290.8,-187.0,-77.0,-188.0,-294.0,-319.0,-321.0,181.5,169.55,191.6,175.7,159.44,197.47,1.49,2.65,1.17,0.78,0.81,0.61,1.36,2.47,1.05,0.76,0.78,0.58,0.51,0.91,0.43,0.18,0.16,0.11,2.66,4.8,2.46,1.14,1.28,0.93,0.01,0.1,0.01,0.0,0.0,0.0,0.01,0.1,0.01,0.0,0.0,0.0,0.01,0.07,0.0,0.0,0.0,0.0,0.05,0.27,0.07,0.03,0.01,0.01,0.05,0.27,0.06,0.02,0.01,0.01,0.0037593984962406013,0.020833333333333336,0.0040650406504065045,0.0,0.0,0.0,0.02,0.04,0.03,0.02,0.01,0.01,0.02,0.06,0.03,0.01,0.0,0.0,,,,,,0.68,Necrotic,Necrotic,Necrotic,Necrotic,Necrotic,Necrotic,Necrotic,Necrotic,Necrotic,Necrotic,Necrotic,Necrotic,false,false,false,false,false,false,Lesion 04 Day 033 FG,Lesion 04 Day 046 FG,Lesion 04 Day 062 FG,Lesion 04 Day 074 FG,Lesion 04 Day 088 FG,Lesion 04 Day 102 FG,1.2637991,7.0059195,10,cool
MOX+RIF,BO38,5,-201.99,-71.58,-87.89,-125.9,-192.87,-236.15,-152.0,-11.0,-32.0,-65.0,-153.0,-219.0,196.46,152.29,147.18,159.67,175.47,174.43,1.9,4.25,2.37,1.56,0.93,0.52,1.72,4.15,2.21,1.44,0.86,0.48,0.9,1.64,0.89,0.65,0.32,0.14,4.99,9.83,4.93,3.74,2.17,1.05,0.33,0.83,0.62,0.2,0.02,0.0,0.33,0.83,0.62,0.2,0.02,0.0,0.21,0.79,0.43,0.1,0.0,0.0,1.04,3.61,1.74,0.66,0.27,0.12,0.99,3.56,1.71,0.65,0.26,0.11,0.06613226452905811,0.08443540183112919,0.1257606490872211,0.053475935828877004,0.009216589861751152,0.0,0.23,0.14,0.17,0.14,0.13,0.12,0.26,0.69,0.54,0.28,0.15,0.09,,,,,,1.32,Necrotic,Necrotic,Necrotic,Necrotic,Necrotic,Necrotic,Necrotic,Necrotic,Necrotic,Necrotic,Necrotic,Necrotic,true,true,true,true,true,true,Lesion 05z06az06bz07 Day 033 FG,Lesion 05z06az06bz07 Day 046 FG,Lesion 05z06az06bz07 Day 062 FG,Lesion 05z06az06bz07 Day 074 FG,Lesion 05z06az06bz07 Day 088 FG,Lesion 05z06az06bz07 Day 102 FG,-2.214665,6.4640355,0,hot
MOX+RIF,BO38,8,-92.24,-42.7,-117.98,-152.77,-248.97,-324.3,-22.0,6.0,-63.0,-131.0,-259.0,-311.0,163.53,137.06,157.31,133.89,154.97,123.56,2.52,3.85,2.52,1.89,1.28,0.59,2.24,3.6,2.37,1.73,1.19,0.56,1.26,1.87,1.02,0.78,0.49,0.14,6.12,9.33,4.84,4.64,2.7,1.07,0.3,0.58,0.34,0.17,0.09,0.0,0.3,0.58,0.34,0.17,0.09,0.0,0.23,0.52,0.27,0.11,0.03,0.0,0.99,2.49,1.05,0.55,0.36,0.04,0.99,2.48,1.05,0.54,0.35,0.03,0.049019607843137254,0.06216505894962486,0.07024793388429752,0.03663793103448276,0.03333333333333333,0.0,0.11,0.09,0.13,0.14,0.18,0.06,0.28,0.56,0.28,0.15,0.09,0.0,,,,,,0.78,Necrotic,Necrotic,Necrotic,Necrotic,Necrotic,Necrotic,Necrotic,Necrotic,Necrotic,Necrotic,Necrotic,Necrotic,false,false,false,false,false,false,Lesion 08 Day 033 FG,Lesion 08 Day 046 FG,Lesion 08 Day 062 FG,Lesion 08 Day 074 FG,Lesion 08 Day 088 FG,Lesion 08 Day 102 FG,-1.7105712,7.5728526,0,hot
MOX+RIF,BO38,9,-193.57,-162.98,-194.48,-260.17,-241.44,-304.83,-166.0,-107.0,-187.0,-243.0,-213.0,-282.0,174.8,183.95,148.85,181.4,154.18,163.05,1.84,2.69,1.2,0.67,0.52,0.35,1.69,2.54,1.09,0.63,0.49,0.34,0.78,1.32,0.52,0.21,0.15,0.07,3.9,6.11,2.54,1.31,0.86,0.58,0.04,0.11,0.02,0.0,0.0,0.0,0.04,0.11,0.02,0.0,0.0,0.0,0.03,0.09,0.01,0.0,0.0,0.0,0.14,0.37,0.1,0.05,0.02,0.01,0.14,0.36,0.09,0.04,0.02,0.01,0.010256410256410256,0.01800327332242226,0.007874015748031496,0.0,0.0,0.0,0.04,0.05,0.04,0.04,0.02,0.02,0.04,0.08,0.03,0.02,0.01,0.01,,,,,,0.48,Fibrotic,Fibrotic,Fibrotic,Fibrotic,Fibrotic,Fibrotic,Fibrotic,Fibrotic,Fibrotic,Fibrotic,Fibrotic,Fibrotic,false,false,false,false,false,false,Lesion 09 Day 033 FG,Lesion 09 Day 046 FG,Lesion 09 Day 062 FG,Lesion 09 Day 074 FG,Lesion 09 Day 088 FG,Lesion 09 Day 102 FG,1.0674901,5.663598,10,cool
MOX+RIF,BO38,10,-376.17,-271.45,-359.39,-427.73,-435.14,-484.53,-392.0,-268.0,-363.0,-454.0,-455.0,-502.0,160.49,154.92,148.59,142.94,123.57,112.66,0.73,1.16,0.54,0.57,0.72,0.55,0.73,1.16,0.55,0.55,0.69,0.53,0.09,0.25,0.04,0.08,0.1,0.06,0.94,1.64,0.63,0.8,0.97,0.74,0.0,0.0,0.0,0.0,0.0,0.0,0.0,0.0,0.0,0.0,0.0,0.0,0.0,0.0,0.0,0.0,0.0,0.0,0.01,0.02,0.0,0.0,0.0,0.0,0.01,0.02,0.0,0.0,0.0,0.0,0.06382978723404255,0.0,0.0,0.0,0.0,0.0,0.01,0.01,0.01,0.0,0.0,0.0,0.0,0.01,0.0,0.0,0.0,0.0,,,,,,0.48,Fibrotic,Fibrotic,Fibrotic,Fibrotic,Fibrotic,Fibrotic,Fibrotic,Fibrotic,Fibrotic,Fibrotic,Fibrotic,Fibrotic,false,false,false,false,false,false,Lesion 10 Day 033 FG,Lesion 10 Day 046 FG,Lesion 10 Day 062 FG,Lesion 10 Day 074 FG,Lesion 10 Day 088 FG,Lesion 10 Day 102 FG,8.448871,6.5197163,8,cool
MOX+RIF,BO38,11,-268.34,-117.84,-134.2,-154.65,-239.25,-268.9,-287.0,-53.0,-75.0,-122.0,-206.0,-267.0,188.5,166.59,187.6,174.22,204.68,191.21,1.52,3.76,1.79,1.17,0.71,0.42,1.39,3.7,1.59,1.15,0.71,0.42,0.52,1.39,0.87,0.43,0.15,0.05,3.24,7.41,3.94,2.21,1.06,0.55,0.06,0.23,0.15,0.04,0.0,0.0,0.06,0.23,0.15,0.04,0.0,0.0,0.03,0.21,0.11,0.01,0.0,0.0,0.21,0.9,0.52,0.22,0.1,0.04,0.19,0.89,0.51,0.22,0.09,0.04,0.037037037037037035,0.0310391363022942,0.03807106598984771,0.01809954751131222,0.0,0.0,0.08,0.07,0.1,0.08,0.07,0.06,0.05,0.17,0.18,0.1,0.07,0.03,,,,,,0.96,Fibrotic,Fibrotic,Fibrotic,Fibrotic,Fibrotic,Fibrotic,Fibrotic,Fibrotic,Fibrotic,Fibrotic,Fibrotic,Fibrotic,true,true,true,true,true,true,Lesion 11az11b Day 033 FG,Lesion 11az11b Day 046 FG,Lesion 11az11b Day 062 FG,Lesion 11az11b Day 074 FG,Lesion 11az11b Day 088 FG,Lesion 11az11b Day 102 FG,-0.064799786,6.5183773,2,hot
MOX+RIF,BO38,12,-32.87,12.15,-0.22,20.03,20.3,13.36,4.0,15.0,9.0,22.0,21.0,16.0,112.03,41.82,64.99,41.38,47.36,44.61,3.3,5.6,2.61,1.86,1.99,0.98,3.32,5.59,2.58,1.7,1.96,0.92,1.18,1.88,0.78,0.8,0.59,0.32,5.87,9.27,4.46,4.17,3.35,1.78,0.12,0.43,0.16,0.12,0.12,0.01,0.12,0.43,0.16,0.12,0.12,0.01,0.11,0.43,0.14,0.07,0.08,0.0,0.44,2.44,0.45,0.35,0.3,0.15,0.44,2.44,0.45,0.35,0.3,0.15,0.0068143100511073255,0.04638619201725998,0.036781609195402305,0.028776978417266185,0.03571428571428571,0.0056179775280898875,0.02,0.0,0.01,0.0,0.0,0.0,0.11,0.43,0.17,0.19,0.15,0.15,,,,,,0.96,Fibrotic,Fibrotic,Fibrotic,Fibrotic,Fibrotic,Fibrotic,Fibrotic,Fibrotic,Fibrotic,Fibrotic,Fibrotic,Fibrotic,false,false,false,false,false,false,Lesion 12 Day 033 FG,Lesion 12 Day 046 FG,Lesion 12 Day 062 FG,Lesion 12 Day 074 FG,Lesion 12 Day 088 FG,Lesion 12 Day 102 FG,-0.59902114,8.418553,2,hot
MOX+RIF,BO38,13,-295.85,-192.59,-243.55,-307.05,-298.25,-361.67,-307.0,-143.0,-228.0,-308.0,-290.0,-372.0,187.86,175.83,177.98,169.8,154.01,146.19,1.61,3.59,1.49,0.83,0.4,0.24,1.4,3.11,1.29,0.75,0.34,0.23,0.81,1.86,0.73,0.39,0.13,0.03,4.11,9.07,3.95,2.19,0.84,0.36,0.04,0.23,0.07,0.01,0.0,0.0,0.04,0.23,0.07,0.01,0.0,0.0,0.02,0.2,0.04,0.0,0.0,0.0,0.15,0.92,0.29,0.13,0.04,0.02,0.13,0.89,0.27,0.12,0.04,0.02,0.0,0.02535832414553473,0.017721518987341773,0.004566210045662101,0.0,0.0,0.05,0.11,0.11,0.1,0.07,0.07,0.03,0.13,0.07,0.03,0.02,0.01,,,,,,0.96,Fibrotic,Fibrotic,Fibrotic,Fibrotic,Fibrotic,Fibrotic,Fibrotic,Fibrotic,Fibrotic,Fibrotic,Fibrotic,Fibrotic,false,false,false,false,false,false,Lesion 13 Day 033 FG,Lesion 13 Day 046 FG,Lesion 13 Day 062 FG,Lesion 13 Day 074 FG,Lesion 13 Day 088 FG,Lesion 13 Day 102 FG,-0.6336867,5.6761003,2,hot
MOX+RIF,BO38,14,-443.56,-281.16,-490.63,-546.6,-518.58,-572.71,-451.0,-278.0,-503.0,-549.0,-522.0,-575.0,144.99,144.82,120.37,99.8,82.75,79.05,0.68,1.24,0.5,0.35,0.29,0.26,0.67,1.23,0.51,0.35,0.29,0.26,0.12,0.23,0.08,0.02,0.02,0.01,0.93,1.72,0.75,0.43,0.39,0.29,0.0,0.0,0.0,0.0,0.0,0.0,0.0,0.0,0.0,0.0,0.0,0.0,0.0,0.0,0.0,0.0,0.0,0.0,0.01,0.02,0.0,0.0,0.0,0.0,0.01,0.01,0.0,0.0,0.0,0.0,0.3978494623655914,0.0,0.0,0.0,0.0,0.0,0.01,0.01,0.0,0.0,0.0,0.0,0.0,0.0,0.0,0.0,0.0,0.0,,,,,,0.48,Scar,Scar,Scar,Scar,Scar,Scar,Scar,Scar,Scar,Scar,Scar,Scar,false,false,false,false,false,false,Lesion 14 Day 033 FG,Lesion 14 Day 046 FG,Lesion 14 Day 062 FG,Lesion 14 Day 074 FG,Lesion 14 Day 088 FG,Lesion 14 Day 102 FG,9.348728,7.914293,8,cool
MOX+RIF,BO42,1,-575.92,-503.57,-553.27,-628.8,-679.89,-596.31,-589.0,-513.0,-562.0,-622.0,-680.0,-588.0,78.48,87.64,81.53,57.2,55.89,49.0,0.44,0.43,0.43,0.52,0.58,0.46,0.44,0.42,0.43,0.52,0.57,0.45,0.01,0.03,0.02,0.05,0.07,0.03,0.48,0.48,0.48,0.62,0.7,0.52,0.0,0.0,0.0,0.0,0.0,0.0,0.0,0.0,0.0,0.0,0.0,0.0,0.0,0.0,0.0,0.0,0.0,0.0,0.0,0.0,0.0,0.0,0.0,0.0,0.0,0.0,0.0,0.0,0.0,0.0,0.0,0.0,,,,,0.0,0.0,0.0,0.0,0.0,0.0,0.0,0.0,0.0,0.0,0.0,0.0,,,,,,0.48,Fibrotic,Fibrotic,Fibrotic,Fibrotic,Fibrotic,Fibrotic,Fibrotic,Fibrotic,Fibrotic,Fibrotic,Fibrotic,Fibrotic,false,false,false,false,false,false,Lesion 01 Day 033 AA,Lesion 01 Day 046 AA,Lesion 01 Day 062 AA,Lesion 01 Day 074 AA,Lesion 01 Day 088 AA,Lesion 01 Day 102 AA,12.261566,6.7991824,7,cool
MOX+RIF,BO42,2,-470.28,-376.41,-396.06,-414.95,-465.54,-535.22,-482.0,-393.0,-415.0,-429.0,-472.0,-545.0,89.7,134.53,140.2,118.32,95.85,74.9,0.6,0.62,0.61,0.49,0.49,0.43,0.6,0.62,0.61,0.49,0.48,0.42,0.04,0.07,0.06,0.04,0.06,0.02,0.67,0.75,0.74,0.62,0.72,0.49,0.0,0.0,0.0,0.0,0.0,0.0,0.0,0.0,0.0,0.0,0.0,0.0,0.0,0.0,0.0,0.0,0.0,0.0,0.0,0.0,0.0,0.0,0.0,0.0,0.0,0.0,0.0,0.0,0.0,0.0,0.0,0.0,,,,,0.0,0.01,0.01,0.01,0.01,0.0,0.0,0.0,0.0,0.0,0.0,0.0,,,,,,0.48,Fibrotic,Fibrotic,Fibrotic,Fibrotic,Fibrotic,Fibrotic,Fibrotic,Fibrotic,Fibrotic,Fibrotic,Fibrotic,Fibrotic,false,false,false,false,false,false,Lesion 02 Day 033 AA,Lesion 02 Day 046 AA,Lesion 02 Day 062 AA,Lesion 02 Day 074 AA,Lesion 02 Day 088 AA,Lesion 02 Day 102 AA,10.515679,6.4993753,7,cool
MOX+RIF,BO42,3,-439.63,-69.35,-102.98,-71.79,-104.52,-100.63,-493.0,-15.0,-30.0,-15.0,-48.0,-30.0,179.51,148.95679,175.01,155.33,179.17,176.6,1.21,2.49,2.52,1.69,1.44,1.35,1.07,2.07,2.39,1.56,1.08,1.01,0.47,1.33,0.97,0.84,0.97,0.93,3.09,5.94,5.04,3.7,4.52,4.58,0.01,0.0,0.17,0.11,0.09,0.1,0.01,0.0,0.17,0.11,0.09,0.1,0.0,0.0,0.12,0.08,0.06,0.07,0.08,0.36,0.51,0.36,0.38,0.36,0.08,0.36,0.51,0.36,0.38,0.36,0.003236245954692557,0.0,,,,,0.06,0.03,0.06,0.05,0.08,0.08,0.01,0.11,0.14,0.16,0.18,0.17,,,,,,0.78,Necrotic,Necrotic,Necrotic,Necrotic,Necrotic,Necrotic,Necrotic,Necrotic,Necrotic,Necrotic,Necrotic,Necrotic,false,false,false,false,false,false,Lesion 03 Day 033 AA,Lesion 03 Day 046 AA,Lesion 03 Day 062 AA,Lesion 03 Day 074 AA,Lesion 03 Day 088 AA,Lesion 03 Day 102 AA,1.001485,9.349917,2,hot
MOX+RIF,BO42,4,-287.48,-130.60168,-127.4,-97.95,-149.99,-120.46,-314.0,-64.0,-53.0,-37.0,-78.0,-61.0,177.59,164.60883,171.46,164.43,185.52,172.85,1.16,2.88,2.42,1.72,1.28,1.49,1.0,2.46,2.21,1.67,1.02,1.26,0.54,1.43,1.13,0.74,0.7,0.79,3.13,7.08,5.58,3.61,3.87,4.93,0.03,0.0,0.26,0.19,0.12,0.14,0.03,0.0,0.26,0.19,0.12,0.14,0.01,0.0,0.2,0.12,0.07,0.08,0.17,1.23,0.84,0.58,0.57,0.6,0.17,1.23,0.84,0.58,0.57,0.6,0.009584664536741214,0.0,,,,,0.11,0.14,0.12,0.09,0.17,0.13,0.04,0.28,0.23,0.25,0.28,0.27,,,,,,1.08,Necrotic,Necrotic,Necrotic,Necrotic,Necrotic,Necrotic,Necrotic,Necrotic,Necrotic,Necrotic,Necrotic,Necrotic,true,true,true,true,true,true,Lesion 04az04bz06 Day 033 AA,Lesion 04az04bz06 Day 046 AA,Lesion 04az04bz06 Day 062 AA,Lesion 04az04bz06 Day 074 AA,Lesion 04az04bz06 Day 088 AA,Lesion 04az04bz06 Day 102 AA,-2.499485,6.5999255,0,hot
MOX+RIF,BO42,7,-420.24,-234.87,-278.26,-259.91,-380.11,-413.31,-433.0,-251.0,-286.0,-283.0,-388.0,-420.0,122.66,142.9,146.53,151.02,97.55,80.33,0.81,0.98,1.35,1.07,0.91,1.16,0.76,0.99,1.28,0.97,0.83,1.03,0.13,0.13,0.41,0.3,0.3,0.42,1.09,1.28,2.6,2.27,1.96,2.47,0.0,0.0,0.0,0.0,0.0,0.0,0.0,0.0,0.0,0.0,0.0,0.0,0.0,0.0,0.0,0.0,0.0,0.0,0.01,0.02,0.02,0.01,0.01,0.02,0.01,0.02,0.02,0.01,0.01,0.02,0.0,0.0,,,,,0.01,0.02,0.01,0.01,0.01,0.02,0.0,0.01,0.0,0.0,0.0,0.0,,,,,,0.48,Fibrotic,Fibrotic,Fibrotic,Fibrotic,Fibrotic,Fibrotic,Fibrotic,Fibrotic,Fibrotic,Fibrotic,Fibrotic,Fibrotic,false,false,false,false,false,false,Lesion 07 Day 033 AA,Lesion 07 Day 046 AA,Lesion 07 Day 062 AA,Lesion 07 Day 074 AA,Lesion 07 Day 088 AA,Lesion 07 Day 102 AA,7.779308,9.121706,3,cool
MOX+RIF,BO42,8,-342.59,-217.71,-158.33,-128.85,-279.16,-310.38,-367.0,-222.0,-118.0,-75.0,-279.0,-323.0,136.1,163.74,154.01,159.78,176.8,157.26,0.93,1.8,2.34,1.6,0.6,0.62,0.84,1.3,2.14,1.38,0.52,0.52,0.38,1.29,1.29,0.81,0.26,0.3,1.96,6.76,5.53,4.07,2.26,2.09,0.01,0.0,0.18,0.18,0.0,0.01,0.01,0.0,0.18,0.18,0.0,0.01,0.0,0.0,0.15,0.11,0.0,0.0,0.06,0.55,0.65,0.62,0.14,0.11,0.06,0.55,0.65,0.62,0.14,0.11,0.005102040816326531,,,,,,0.06,0.19,0.12,0.14,0.17,0.14,0.01,0.12,0.16,0.24,0.07,0.03,,,,,,0.78,Fibrotic,Fibrotic,Fibrotic,Fibrotic,Fibrotic,Fibrotic,Fibrotic,Fibrotic,Fibrotic,Fibrotic,Fibrotic,Fibrotic,true,true,true,true,true,true,Lesion 08az08b Day 033 AA,Lesion 08az08b Day 046 AA,Lesion 08az08b Day 062 AA,Lesion 08az08b Day 074 AA,Lesion 08az08b Day 088 AA,Lesion 08az08b Day 102 AA,-4.1057,10.732019,5,hot
MOX+RIF,BO42,9,-280.23,-160.01,-139.28,-121.22,-166.43,-158.4,-291.0,-125.0,-73.0,-65.0,-134.0,-115.0,150.02,145.43,168.75,147.97,147.47,161.7,1.12,2.81,2.43,1.72,1.32,1.48,0.99,2.44,2.35,1.67,1.06,1.27,0.56,1.41,1.05,0.66,0.78,0.82,2.59,6.32,5.08,3.31,3.73,4.04,0.01,0.0,0.23,0.17,0.12,0.21,0.01,0.0,0.23,0.17,0.12,0.21,0.01,0.0,0.18,0.1,0.07,0.13,0.06,0.85,0.72,0.48,0.48,0.78,0.06,0.85,0.72,0.48,0.48,0.78,0.003861003861003861,,,,,,0.04,0.14,0.11,0.09,0.17,0.21,0.01,0.16,0.2,0.19,0.2,0.31,,,,,,0.96,Cavity,Cavity,Cavity,Cavity,Cavity,Cavity,Cavity,Cavity,Cavity,Cavity,Cavity,Cavity,false,false,false,false,false,false,Lesion 09 Day 033 AA,Lesion 09 Day 046 AA,Lesion 09 Day 062 AA,Lesion 09 Day 074 AA,Lesion 09 Day 088 AA,Lesion 09 Day 102 AA,-1.5270665,6.783377,0,hot
MOX+RIF,BO42,10,-275.16,-176.62,-197.14,-212.19,-230.81,-199.3,-286.0,-151.0,-174.0,-199.0,-222.0,-183.0,155.53,131.04,154.36,150.0,121.2,127.37,0.99,1.52,1.07,0.96,0.83,1.25,0.99,1.37,0.94,0.84,0.77,1.21,0.1,0.68,0.49,0.43,0.26,0.29,1.16,3.44,2.62,2.13,1.81,2.35,0.0,0.0,0.01,0.01,0.0,0.01,0.0,0.0,0.01,0.01,0.0,0.01,0.0,0.0,0.01,0.0,0.0,0.0,0.01,0.11,0.06,0.06,0.05,0.05,0.01,0.11,0.06,0.06,0.05,0.05,0.0,,,,,,0.01,0.04,0.03,0.04,0.05,0.02,0.0,0.04,0.03,0.03,0.02,0.02,,,,,,0.96,Fibrotic,Fibrotic,Fibrotic,Fibrotic,Fibrotic,Fibrotic,Fibrotic,Fibrotic,Fibrotic,Fibrotic,Fibrotic,Fibrotic,false,false,false,false,false,false,Lesion 10 Day 033 AA,Lesion 10 Day 046 AA,Lesion 10 Day 062 AA,Lesion 10 Day 074 AA,Lesion 10 Day 088 AA,Lesion 10 Day 102 AA,5.739571,10.431108,3,cool
MOX+RIF,BO42,11,-307.27,-223.67,-155.96,-167.47,-190.05,-219.0,-316.0,-208.0,-92.0,-87.0,-165.0,-228.0,148.14,177.2,171.97,186.62,159.74,154.04,0.97,2.41,2.38,1.59,0.97,1.24,0.88,1.99,2.22,1.51,0.86,1.12,0.42,1.49,1.04,0.78,0.59,0.64,2.48,7.3,5.18,3.7,3.04,3.6,0.01,0.08,0.23,0.19,0.05,0.07,0.01,0.08,0.23,0.19,0.05,0.07,0.0,0.06,0.17,0.11,0.02,0.03,0.12,0.55,0.71,0.61,0.27,0.31,0.12,0.55,0.71,0.61,0.27,0.31,0.004032258064516129,,,,,,0.1,0.13,0.13,0.15,0.14,0.16,0.02,0.1,0.18,0.22,0.13,0.08,,,,,,0.96,Fibrotic,Fibrotic,Fibrotic,Fibrotic,Fibrotic,Fibrotic,Fibrotic,Fibrotic,Fibrotic,Fibrotic,Fibrotic,Fibrotic,true,true,true,true,true,true,Lesion 11az11b Day 033 AA,Lesion 11az11b Day 046 AA,Lesion 11az11b Day 062 AA,Lesion 11az11b Day 074 AA,Lesion 11az11b Day 088 AA,Lesion 11az11b Day 102 AA,-1.0597961,5.1605964,5,hot
MOX+RIF,BO42,12,-211.26,-64.93,-30.38,-37.53,-75.17,-64.65,-205.0,-16.0,-3.0,-6.0,-23.0,-18.0,162.88,138.93,112.26,119.85,145.73,137.85,1.97,3.71,3.56,2.52,1.95,1.99,1.77,3.66,3.59,2.56,1.73,1.74,0.87,1.83,1.28,0.99,1.07,1.09,5.22,8.22,6.62,4.68,4.69,5.21,0.46,0.24,2.37,2.26,1.45,1.63,0.46,0.24,2.37,2.26,1.45,1.63,0.29,0.16,2.16,1.9,1.13,1.19,1.38,7.74,8.99,7.13,5.06,5.68,1.38,7.73,8.96,7.12,5.06,5.67,0.08812260536398468,,,,,,0.4,0.35,0.26,0.33,0.55,0.59,0.28,1.74,2.19,2.52,2.07,2.22,,,,,,1.48,Necrotic,Necrotic,Necrotic,Necrotic,Necrotic,Necrotic,Necrotic,Necrotic,Necrotic,Necrotic,Necrotic,Necrotic,true,true,true,true,true,true,Lesion 12z15z16 Day 033 AA,Lesion 12z15z16 Day 046 AA,Lesion 12z15z16 Day 062 AA,Lesion 12z15z16 Day 074 AA,Lesion 12z15z16 Day 088 AA,Lesion 12z15z16 Day 102 AA,-5.0630774,6.403775,0,hot
MOX+RIF,BO42,13,-355.47,-455.37,-463.87,-571.54,-587.03,-560.9,-385.0,-477.0,-477.0,-579.0,-596.0,-570.0,135.35,114.56,95.39,86.37,82.38,93.64,0.59,0.43,0.41,0.46,0.43,0.39,0.59,0.43,0.42,0.46,0.42,0.39,0.04,0.04,0.03,0.05,0.03,0.03,0.66,0.55,0.46,0.6,0.51,0.5,0.0,0.0,0.0,0.0,0.0,0.0,0.0,0.0,0.0,0.0,0.0,0.0,0.0,0.0,0.0,0.0,0.0,0.0,0.0,0.0,0.0,0.0,0.0,0.0,0.0,0.0,0.0,0.0,0.0,0.0,0.0,,,,,,0.0,0.0,0.0,0.01,0.0,0.01,0.0,0.0,0.0,0.0,0.0,0.0,,,,,,0.48,Fibrotic,Fibrotic,Fibrotic,Fibrotic,Fibrotic,Fibrotic,Fibrotic,Fibrotic,Fibrotic,Fibrotic,Fibrotic,Fibrotic,false,false,false,false,false,false,Lesion 13 Day 033 AA,Lesion 13 Day 046 AA,Lesion 13 Day 062 AA,Lesion 13 Day 074 AA,Lesion 13 Day 088 AA,Lesion 13 Day 102 AA,11.270894,6.3349414,7,cool
MOX+RIF,BO42,14,-417.28,-319.99,-241.84,-321.87,-422.85,-564.45,-440.0,-347.0,-249.0,-329.0,-439.0,-575.0,103.46,181.21,141.64,179.25,106.08,123.85,0.52,0.73,0.66,0.57,0.42,0.47,0.51,0.73,0.61,0.56,0.41,0.47,0.04,0.14,0.16,0.12,0.05,0.04,0.62,1.03,1.12,0.87,0.57,0.55,0.0,0.0,0.0,0.0,0.0,0.0,0.0,0.0,0.0,0.0,0.0,0.0,0.0,0.0,0.0,0.0,0.0,0.0,0.0,0.01,0.01,0.01,0.0,0.0,0.0,0.01,0.01,0.01,0.0,0.0,0.0,,,,,,0.0,0.01,0.01,0.01,0.01,0.01,0.0,0.0,0.0,0.0,0.0,0.0,,,,,,0.48,Scar,Scar,Scar,Scar,Scar,Scar,Scar,Scar,Scar,Scar,Scar,Scar,false,false,false,false,false,false,Lesion 14 Day 033 AA,Lesion 14 Day 046 AA,Lesion 14 Day 062 AA,Lesion 14 Day 074 AA,Lesion 14 Day 088 AA,Lesion 14 Day 102 AA,8.271222,4.056808,8,cool
INH,BP02,1,-237.1,-83.81,-60.99,-68.57,-183.7,-207.14,-228.0,-40.0,-3.78,-11.0,-183.0,-220.0,170.75,146.18,158.63,157.83,193.64,182.06,1.49,3.13,2.12,1.98,1.21,0.68,1.3,3.04,2.12,2.02,1.22,0.66,0.65,1.34,0.99,0.87,0.42,0.13,3.5,7.42,5.09,4.21,2.56,1.3,0.06,0.22,0.26,0.19,0.05,0.0,0.06,0.22,0.26,0.19,0.05,0.0,0.03,0.19,0.2,0.15,0.01,0.0,0.23,0.78,0.79,0.59,0.25,0.07,0.22,0.78,0.78,0.58,0.24,0.06,0.017142857142857144,0.029649595687331536,0.05108055009823183,0.04513064133016627,0.01953125,0.0,0.09,0.08,0.07,0.06,0.1,0.06,0.05,0.18,0.3,0.23,0.09,0.04,,,,,,3.51,Necrotic,Necrotic,Necrotic,Necrotic,Necrotic,Necrotic,Necrotic,Necrotic,Necrotic,Necrotic,Necrotic,Necrotic,true,true,true,true,true,true,Lesion 01z02z05 Day 034 AA,Lesion 01z02z05 Day 045 AA,Lesion 01z02z05 Day 061 AA,Lesion 01z02z05 Day 073 AA,Lesion 01z02z05 Day 087 AA,Lesion 01z02z05 Day 101 AA,-0.28087074,8.204369,2,hot
INH,BP02,3,-330.57,-106.43,-97.51,-104.45,-207.44,-241.34,-361.0,-68.0,-32.86,-50.0,-208.0,-226.0,169.27,141.05,159.47,153.0,225.53,173.47,0.93,1.86,1.26,1.03,0.81,0.62,0.92,1.59,1.12,0.96,0.81,0.62,0.17,0.81,0.46,0.28,0.08,0.09,1.32,4.55,2.51,1.87,1.02,0.85,0.0,0.03,0.01,0.0,0.0,0.0,0.0,0.03,0.01,0.0,0.0,0.0,0.0,0.02,0.0,0.0,0.0,0.0,0.01,0.09,0.06,0.03,0.01,0.01,0.01,0.09,0.06,0.03,0.01,0.01,0.0,0.006593406593406593,0.003984063745019921,0.0,0.0,0.0,0.01,0.01,0.01,0.01,0.01,0.01,0.0,0.03,0.03,0.02,0.01,0.0,,,,,,2.15,Fibrotic,Fibrotic,Fibrotic,Fibrotic,Fibrotic,Fibrotic,Fibrotic,Fibrotic,Fibrotic,Fibrotic,Fibrotic,Fibrotic,false,false,false,false,false,false,Lesion 03 Day 034 AA,Lesion 03 Day 045 AA,Lesion 03 Day 061 AA,Lesion 03 Day 073 AA,Lesion 03 Day 087 AA,Lesion 03 Day 101 AA,2.9703212,10.57067,4,hot
INH,BP02,4,-579.88,-308.4,-123.34,-274.89,-270.61,-402.18,-583.0,-334.0,-85.84,-304.0,-317.0,-438.0,69.51,152.54,169.22,177.23,179.08,208.54,0.83,1.2,1.05,0.93,1.0,0.82,0.82,1.2,1.04,0.94,0.99,0.79,0.07,0.07,0.14,0.1,0.13,0.15,0.99,1.34,1.37,1.19,1.29,1.12,0.0,0.0,0.0,0.0,0.0,0.0,0.0,0.0,0.0,0.0,0.0,0.0,0.0,0.0,0.0,0.0,0.0,0.0,0.0,0.0,0.01,0.0,0.0,0.0,0.0,0.0,0.01,0.0,0.0,0.0,0.0,0.0,0.0,0.0,0.0,0.0,0.0,0.0,0.0,0.0,0.0,0.0,0.0,0.0,0.0,0.0,0.0,0.0,,,,,,2.15,Fibrotic,Fibrotic,Fibrotic,Fibrotic,Fibrotic,Fibrotic,Fibrotic,Fibrotic,Fibrotic,Fibrotic,Fibrotic,Fibrotic,false,false,false,false,false,false,Lesion 04 Day 034 AA,Lesion 04 Day 045 AA,Lesion 04 Day 061 AA,Lesion 04 Day 073 AA,Lesion 04 Day 087 AA,Lesion 04 Day 101 AA,9.078905,6.4713593,8,cool
INH,BP02,6,-190.38,-88.15,-46.68,-68.94,-111.69,-166.74,-144.0,-38.0,-11.05,-21.0,-60.0,-113.0,205.64,146.22,128.95,140.43,188.03,212.17,1.73,3.39,2.16,1.92,1.32,0.71,1.48,3.2,2.23,1.83,1.25,0.7,0.97,1.55,0.79,0.85,0.44,0.15,4.96,7.77,4.35,4.5,2.46,1.15,0.13,0.38,0.35,0.21,0.06,0.0,0.13,0.38,0.35,0.21,0.06,0.0,0.08,0.34,0.27,0.15,0.02,0.0,0.48,1.47,0.99,0.66,0.23,0.1,0.44,1.46,0.98,0.65,0.23,0.09,0.02620967741935484,0.04890604890604891,0.08045977011494253,0.04666666666666666,0.024390243902439025,0.0,0.11,0.11,0.07,0.07,0.06,0.05,0.14,0.32,0.38,0.26,0.11,0.07,,,,,,3.1,Cavity,Cavity,Cavity,Cavity,Cavity,Cavity,Cavity,Cavity,Cavity,Cavity,Cavity,Cavity,true,true,true,true,true,true,Lesion 06z07 Day 034 AA,Lesion 06z07 Day 045 AA,Lesion 06z07 Day 061 AA,Lesion 06z07 Day 073 AA,Lesion 06z07 Day 087 AA,Lesion 06z07 Day 101 AA,-1.5311435,7.3471,0,hot
INH,BP02,8,-205.0,-142.35,-159.18,-130.04,-205.32,-210.17,-173.0,-80.0,-96.23,-47.0,-184.0,-182.0,178.44,173.29,176.04,177.3,206.08,201.74,1.28,2.51,1.39,1.38,0.86,0.39,0.97,2.42,1.47,1.37,0.83,0.38,0.76,1.13,0.52,0.57,0.27,0.05,3.51,4.99,2.36,2.52,1.52,0.52,0.02,0.13,0.09,0.04,0.0,0.0,0.02,0.13,0.09,0.04,0.0,0.0,0.01,0.1,0.03,0.02,0.0,0.0,0.1,0.45,0.26,0.14,0.04,0.01,0.1,0.44,0.24,0.13,0.04,0.01,0.005698005698005698,0.026052104208416832,0.038135593220338986,0.015873015873015872,0.0,0.0,0.04,0.06,0.07,0.03,0.02,0.02,0.04,0.12,0.11,0.07,0.02,0.02,,,,,,0.96,Fibrotic,Fibrotic,Fibrotic,Fibrotic,Fibrotic,Fibrotic,Fibrotic,Fibrotic,Fibrotic,Fibrotic,Fibrotic,Fibrotic,false,false,false,false,false,false,Lesion 08 Day 034 AA,Lesion 08 Day 045 AA,Lesion 08 Day 061 AA,Lesion 08 Day 073 AA,Lesion 08 Day 087 AA,Lesion 08 Day 101 AA,0.784027,7.4223423,2,hot
INH,BP02,9,-524.94,-211.81,-199.0,-289.12,-330.42,-329.82,-560.0,-203.0,-180.38,-282.0,-353.0,-340.0,161.71,166.02,169.88,193.13,121.16,109.29,0.71,0.98,0.75,0.6,0.74,0.53,0.71,0.97,0.73,0.59,0.73,0.53,0.04,0.11,0.13,0.07,0.1,0.06,0.78,1.3,1.15,0.78,0.99,0.66,0.0,0.0,0.0,0.0,0.0,0.0,0.0,0.0,0.0,0.0,0.0,0.0,0.0,0.0,0.0,0.0,0.0,0.0,0.0,0.01,0.01,0.0,0.0,0.0,0.0,0.01,0.01,0.0,0.0,0.0,0.0,0.0,0.0,0.0,0.0,0.0,0.0,0.0,0.01,0.0,0.0,0.0,0.0,0.0,0.0,0.0,0.0,0.0,,,,,,1.83,Fibrotic,Fibrotic,Fibrotic,Fibrotic,Fibrotic,Fibrotic,Fibrotic,Fibrotic,Fibrotic,Fibrotic,Fibrotic,Fibrotic,false,false,false,false,false,false,Lesion 09 Day 034 AA,Lesion 09 Day 045 AA,Lesion 09 Day 061 AA,Lesion 09 Day 073 AA,Lesion 09 Day 087 AA,Lesion 09 Day 101 AA,5.8798227,6.662983,9,cool
INH,BP02,10,-598.65,-297.79,-250.68,-364.46,-320.3,-314.47,-603.0,-306.0,-251.02,-386.0,-342.0,-343.0,101.85,156.52,164.79,208.23,140.26,142.88,0.53,0.99,0.84,0.62,0.59,0.36,0.53,0.96,0.84,0.61,0.59,0.36,0.04,0.14,0.14,0.07,0.04,0.02,0.64,1.46,1.15,0.88,0.67,0.42,0.0,0.0,0.0,0.0,0.0,0.0,0.0,0.0,0.0,0.0,0.0,0.0,0.0,0.0,0.0,0.0,0.0,0.0,0.0,0.01,0.01,0.01,0.0,0.0,0.0,0.01,0.01,0.01,0.0,0.0,0.0,0.0,0.0,0.0,0.0,0.0,0.0,0.01,0.01,0.01,0.0,0.0,0.0,0.0,0.0,0.0,0.0,0.0,,,,,,1.83,Fibrotic,Fibrotic,Fibrotic,Fibrotic,Fibrotic,Fibrotic,Fibrotic,Fibrotic,Fibrotic,Fibrotic,Fibrotic,Fibrotic,false,false,false,false,false,false,Lesion 10 Day 034 AA,Lesion 10 Day 045 AA,Lesion 10 Day 061 AA,Lesion 10 Day 073 AA,Lesion 10 Day 087 AA,Lesion 10 Day 101 AA,8.719572,6.301819,8,cool
INH,BP02,11,-421.94,-204.06,-208.46,-178.74,-248.19,-253.43,-438.0,-169.0,-176.22,-120.0,-246.0,-238.0,142.31,142.79,161.93,149.98,167.46,155.27,0.5,1.68,1.19,1.09,0.75,0.38,0.47,1.14,1.04,0.96,0.7,0.36,0.13,1.25,0.66,0.58,0.3,0.11,0.99,5.48,2.9,2.52,1.42,0.65,0.0,0.04,0.03,0.02,0.0,0.0,0.0,0.04,0.03,0.02,0.0,0.0,0.0,0.03,0.01,0.01,0.0,0.0,0.01,0.15,0.1,0.09,0.04,0.01,0.01,0.15,0.1,0.08,0.03,0.01,0.0,0.0072992700729927005,0.010344827586206896,0.007936507936507936,0.0,0.0,0.02,0.04,0.04,0.03,0.03,0.02,0.0,0.04,0.04,0.04,0.01,0.01,,,,,,0.78,Necrotic,Necrotic,Necrotic,Necrotic,Necrotic,Necrotic,Necrotic,Necrotic,Necrotic,Necrotic,Necrotic,Necrotic,false,false,false,false,false,false,Lesion 11 Day 034 AA,Lesion 11 Day 045 AA,Lesion 11 Day 061 AA,Lesion 11 Day 073 AA,Lesion 11 Day 087 AA,Lesion 11 Day 101 AA,6.7464304,10.194165,3,cool
INH,BP02,12,-418.18,-145.9,-139.17,-125.72,-179.69,-163.66,-436.0,-100.0,-81.69,-56.0,-129.0,-106.0,170.18,160.12,164.93,160.2,196.2,194.8,0.6,2.32,1.46,1.28,0.91,0.57,0.55,2.06,1.22,1.08,0.87,0.54,0.19,1.29,0.87,0.73,0.37,0.19,1.37,5.9,3.86,3.17,1.76,0.92,0.0,0.06,0.06,0.04,0.0,0.0,0.0,0.06,0.06,0.04,0.0,0.0,0.0,0.05,0.04,0.02,0.0,0.0,0.02,0.23,0.19,0.15,0.06,0.03,0.01,0.23,0.19,0.14,0.05,0.03,0.0,0.010169491525423728,0.015544041450777202,0.012618296529968456,0.0,0.0,0.02,0.04,0.05,0.03,0.03,0.02,0.0,0.06,0.08,0.08,0.03,0.03,,,,,,1.75,Cavity,Cavity,Cavity,Cavity,Cavity,Cavity,Cavity,Cavity,Cavity,Cavity,Cavity,Cavity,false,false,false,false,false,false,Lesion 12 Day 034 AA,Lesion 12 Day 045 AA,Lesion 12 Day 061 AA,Lesion 12 Day 073 AA,Lesion 12 Day 087 AA,Lesion 12 Day 101 AA,1.9442049,7.5747447,10,cool
INH,BP02,13,-207.93,-168.85,-119.74,-120.72,-207.64,-125.65,-208.0,-124.0,-66.11,-67.0,-221.0,-86.0,202.82,161.97,143.33,139.77,214.3,216.62,1.6,2.83,2.17,1.81,1.03,0.54,1.43,2.18,2.15,1.62,0.91,0.53,0.78,1.82,1.0,0.93,0.45,0.14,3.81,7.42,4.52,4.32,2.12,0.86,0.02,0.12,0.14,0.11,0.01,0.0,0.02,0.12,0.14,0.11,0.01,0.0,0.01,0.1,0.11,0.08,0.0,0.0,0.07,0.54,0.44,0.34,0.06,0.02,0.06,0.54,0.44,0.34,0.06,0.02,0.0053191489361702135,0.016172506738544475,0.030973451327433635,0.02546296296296296,0.0047169811320754715,0.0,0.02,0.08,0.06,0.05,0.03,0.01,0.02,0.11,0.14,0.13,0.03,0.03,,,,,,1.57,Fibrotic,Fibrotic,Fibrotic,Fibrotic,Fibrotic,Fibrotic,Fibrotic,Fibrotic,Fibrotic,Fibrotic,Fibrotic,Fibrotic,false,false,false,false,false,false,Lesion 13 Day 034 AA,Lesion 13 Day 045 AA,Lesion 13 Day 061 AA,Lesion 13 Day 073 AA,Lesion 13 Day 087 AA,Lesion 13 Day 101 AA,0.230411,6.59053,2,hot
INH,BP02,14,-88.96,-188.39,-181.97,-166.02,-197.63,-80.57,-58.0,-163.0,-132.59,-105.0,-172.0,-31.0,127.29,166.94,177.04,171.21,201.95,161.82,2.01,1.7,1.02,0.87,0.77,0.75,1.99,1.36,0.95,0.83,0.77,0.72,0.45,0.96,0.37,0.3,0.2,0.19,3.2,4.37,2.05,2.07,1.21,1.7,0.77,0.07,0.02,0.0,0.0,0.0,0.77,0.07,0.02,0.0,0.0,0.0,0.42,0.05,0.0,0.0,0.0,0.0,1.78,0.29,0.18,0.09,0.04,0.23,1.77,0.28,0.17,0.08,0.04,0.23,0.240625,0.016018306636155607,0.009756097560975611,0.0,0.0,0.0,0.22,0.09,0.08,0.04,0.02,0.08,0.64,0.08,0.09,0.06,0.03,0.21,,,,,,2.8,Cavity,Cavity,Cavity,Cavity,Cavity,Cavity,Cavity,Cavity,Cavity,Cavity,Cavity,Cavity,true,true,true,true,true,true,Lesion 14z15z16 Day 034 AA,Lesion 14z15z16 Day 045 AA,Lesion 14z15z16 Day 061 AA,Lesion 14z15z16 Day 073 AA,Lesion 14z15z16 Day 087 AA,Lesion 14z15z16 Day 101 AA,5.5070367,8.706576,3,cool
INH,BP02,17,-84.75,-205.85,-188.17,-160.42,-147.95,-190.09,-30.0,-195.0,-140.9,-82.0,-106.0,-164.0,157.13,164.95,173.02,169.46,171.08,168.49,1.36,1.96,1.34,1.03,0.86,0.59,1.34,1.58,1.23,0.91,0.74,0.58,0.22,1.15,0.65,0.51,0.35,0.12,2.61,5.39,3.21,2.41,1.72,0.94,0.03,0.06,0.05,0.02,0.0,0.0,0.03,0.06,0.05,0.02,0.0,0.0,0.0,0.05,0.02,0.01,0.0,0.0,0.21,0.25,0.16,0.1,0.04,0.08,0.2,0.25,0.16,0.1,0.04,0.08,0.011764705882352941,0.011131725417439703,0.015576323987538943,0.008298755186721992,0.0,0.0,0.03,0.07,0.05,0.03,0.02,0.07,0.12,0.05,0.06,0.06,0.03,0.06,,,,,,3.34,Cavity,Cavity,Cavity,Cavity,Cavity,Cavity,Cavity,Cavity,Cavity,Cavity,Cavity,Cavity,false,false,false,false,false,false,Lesion 17 Day 034 AA,Lesion 17 Day 045 AA,Lesion 17 Day 061 AA,Lesion 17 Day 073 AA,Lesion 17 Day 087 AA,Lesion 17 Day 101 AA,4.507166,6.5439973,10,cool
INH,BP02,18,-285.51,-147.75,-137.64,-129.36,-182.65,-193.99,-305.0,-113.0,-84.8,-60.0,-144.0,-158.0,160.26,147.43,159.7,168.85,184.64,187.45,0.71,2.55,1.46,1.51,1.14,0.51,0.59,2.46,1.38,1.3,1.01,0.49,0.34,1.34,0.71,0.82,0.6,0.19,2.25,6.68,3.82,3.92,3.24,1.18,0.0,0.38,0.21,0.18,0.06,0.0,0.0,0.38,0.21,0.18,0.06,0.0,0.0,0.32,0.1,0.1,0.03,0.0,0.06,1.38,0.7,0.63,0.31,0.11,0.05,1.38,0.69,0.62,0.29,0.11,0.0,0.056886227544910184,0.0549738219895288,0.04591836734693878,0.018518518518518517,0.0,0.05,0.24,0.17,0.11,0.12,0.1,0.02,0.32,0.3,0.29,0.14,0.11,,,,,,4.27,Cavity,Cavity,Cavity,Cavity,Cavity,Cavity,Cavity,Cavity,Cavity,Cavity,Cavity,Cavity,true,true,true,true,true,true,Lesion 18z22z23 Day 034 AA,Lesion 18z22z23 Day 045 AA,Lesion 18z22z23 Day 061 AA,Lesion 18z22z23 Day 073 AA,Lesion 18z22z23 Day 087 AA,Lesion 18z22z23 Day 101 AA,-4.3307776,8.067718,5,hot
INH,BP02,19,-316.16,-236.51,-150.35,-152.79,-188.83,-198.94,-321.0,-235.0,-119.09,-77.0,-140.0,-158.0,155.15,161.76,149.49,176.83,187.54,181.1,0.68,1.45,0.86,0.78,0.7,0.46,0.65,1.15,0.8,0.72,0.66,0.44,0.1,0.9,0.32,0.27,0.16,0.09,1.2,4.06,1.67,1.39,1.13,0.68,0.0,0.05,0.0,0.0,0.0,0.0,0.0,0.05,0.0,0.0,0.0,0.0,0.0,0.04,0.0,0.0,0.0,0.0,0.02,0.18,0.1,0.08,0.04,0.02,0.02,0.17,0.1,0.07,0.04,0.02,0.0,0.012315270935960593,0.0,0.0,0.0,0.0,0.02,0.07,0.05,0.03,0.02,0.02,0.01,0.04,0.07,0.06,0.03,0.02,,,,,,3.38,Cavity,Cavity,Cavity,Cavity,Cavity,Cavity,Cavity,Cavity,Cavity,Cavity,Cavity,Cavity,false,false,false,false,false,false,Lesion 19 Day 034 AA,Lesion 19 Day 045 AA,Lesion 19 Day 061 AA,Lesion 19 Day 073 AA,Lesion 19 Day 087 AA,Lesion 19 Day 101 AA,8.0575905,7.5270815,3,cool
INH,BP02,20,-285.93,-232.83,-212.26,-197.63,-201.21,-259.47,-310.0,-229.0,-201.15,-140.0,-183.0,-269.0,168.04,163.4,153.01,186.16,182.18,170.44,1.09,1.46,0.95,0.88,0.79,0.45,1.08,1.4,0.92,0.85,0.76,0.43,0.13,0.48,0.26,0.26,0.19,0.1,1.74,2.8,1.63,1.52,1.2,0.79,0.0,0.02,0.0,0.0,0.0,0.0,0.0,0.02,0.0,0.0,0.0,0.0,0.0,0.01,0.0,0.0,0.0,0.0,0.02,0.08,0.05,0.03,0.02,0.01,0.02,0.07,0.05,0.03,0.02,0.01,0.0,0.0071428571428571435,0.0,0.0,0.0,0.0,0.01,0.03,0.03,0.02,0.01,0.01,0.0,0.02,0.02,0.02,0.01,0.01,,,,,,1.85,Cavity,Cavity,Cavity,Cavity,Cavity,Cavity,Cavity,Cavity,Cavity,Cavity,Cavity,Cavity,false,false,false,false,false,false,Lesion 20 Day 034 AA,Lesion 20 Day 045 AA,Lesion 20 Day 061 AA,Lesion 20 Day 073 AA,Lesion 20 Day 087 AA,Lesion 20 Day 101 AA,6.5953608,6.260239,9,cool
INH,BP02,24,-516.97,-564.74,-431.95,-292.27,-273.48,-338.76,-539.0,-573.0,-457.74,-307.0,-294.0,-362.0,116.14,85.41,139.32,141.17,166.69,122.86,0.51,0.72,0.49,0.49,0.55,0.31,0.5,0.71,0.47,0.49,0.53,0.31,0.04,0.04,0.06,0.09,0.07,0.04,0.64,0.8,0.66,0.68,0.73,0.4,0.0,0.0,0.0,0.0,0.0,0.0,0.0,0.0,0.0,0.0,0.0,0.0,0.0,0.0,0.0,0.0,0.0,0.0,0.0,0.0,0.0,0.0,0.0,0.0,0.0,0.0,0.0,0.0,0.0,0.0,0.0,0.0,0.0,0.0,0.0,0.0,0.0,0.0,0.0,0.0,0.0,0.0,0.0,0.0,0.0,0.0,0.0,0.0,,,,,,0.48,Scar,Scar,Scar,Scar,Scar,Scar,Scar,Scar,Scar,Scar,Scar,Scar,false,false,false,false,false,false,Lesion 24 Day 034 AA,Lesion 24 Day 045 AA,Lesion 24 Day 061 AA,Lesion 24 Day 073 AA,Lesion 24 Day 087 AA,Lesion 24 Day 101 AA,12.687932,5.8658857,7,cool
BDQ+LIN+PRE,BP07,1,-217.16,-102.44,-130.01,-120.17,-172.47,-194.83,-203.0,-26.0,-54.0,-66.0,-129.0,-134.0,187.54,176.62,188.07,157.17,166.75,192.19,2.06,2.94,1.6,1.04,0.84,0.97,1.69,2.86,1.4,1.0,0.8,0.91,1.17,0.97,0.69,0.24,0.19,0.24,6.13,5.24,3.94,1.96,1.59,1.89,0.06,0.29,0.13,0.01,0.0,0.01,0.06,0.29,0.13,0.01,0.0,0.01,0.04,0.24,0.07,0.0,0.0,0.0,0.21,0.9,0.43,0.19,0.12,0.19,0.19,0.86,0.4,0.19,0.12,0.18,0.009787928221859706,0.055343511450381674,0.03299492385786802,0.005102040816326531,0.0,0.005235602094240838,0.05,0.08,0.07,0.05,0.06,0.06,0.04,0.23,0.18,0.13,0.08,0.11,,,,,,1.0791812460476249,Necrotic,Necrotic,Necrotic,Necrotic,Necrotic,Necrotic,Necrotic,Necrotic,Necrotic,Necrotic,Necrotic,Necrotic,true,true,true,true,true,true,Lesion 01z02z03 Day 032 AA,Lesion 01z02z03 Day 046 AA,Lesion 01z02z03 Day 061 AA,Lesion 01z02z03 Day 074 AA,Lesion 01z02z03 Day 089 AA,Lesion 01z02z03 Day 102 AA,-0.6128295,6.487546,2,hot
BDQ+LIN+PRE,BP07,4,-228.91,-114.3,-109.25,-195.57,-299.53,-281.43,-187.0,-40.0,-58.0,-151.0,-296.0,-274.0,192.97,175.74,152.73,183.01,204.04,182.94,2.07,1.99,1.41,0.71,0.52,0.51,1.61,1.86,1.28,0.69,0.5,0.5,1.3,0.98,0.64,0.18,0.11,0.05,5.29,4.06,2.91,1.19,0.99,0.65,0.02,0.06,0.02,0.0,0.0,0.0,0.02,0.06,0.02,0.0,0.0,0.0,0.02,0.05,0.01,0.0,0.0,0.0,0.08,0.2,0.09,0.03,0.01,0.01,0.07,0.19,0.09,0.03,0.01,0.01,0.003780718336483932,0.01477832512315271,0.006872852233676976,0.0,0.0,0.0,0.02,0.02,0.02,0.02,0.01,0.01,0.02,0.07,0.05,0.02,0.01,0.01,,,,,,0.47712125471966244,Fibrotic,Fibrotic,Fibrotic,Fibrotic,Fibrotic,Fibrotic,Fibrotic,Fibrotic,Fibrotic,Fibrotic,Fibrotic,Fibrotic,false,false,false,false,false,false,Lesion 04 Day 032 AA,Lesion 04 Day 046 AA,Lesion 04 Day 061 AA,Lesion 04 Day 074 AA,Lesion 04 Day 089 AA,Lesion 04 Day 102 AA,2.4966626,8.431461,6,cool
BDQ+LIN+PRE,BP07,5,-198.19,-132.69,-172.7,-287.34,-225.84,-339.31,-146.0,-46.0,-142.0,-308.0,-215.0,-366.0,201.21,195.5,174.01,172.55,163.04,182.26,2.79,2.38,1.58,0.89,0.82,0.98,2.31,2.38,1.61,0.82,0.88,0.97,1.71,0.9,0.49,0.31,0.3,0.42,7.78,5.36,2.88,1.84,1.51,2.0,0.08,0.34,0.12,0.0,0.0,0.01,0.08,0.34,0.12,0.0,0.0,0.01,0.06,0.29,0.04,0.0,0.0,0.0,0.3,0.99,0.34,0.13,0.05,0.09,0.3,0.9,0.33,0.11,0.05,0.08,0.010282776349614395,0.06343283582089553,0.041666666666666664,0.0,0.0,0.005235602094240838,0.05,0.11,0.11,0.09,0.03,0.06,0.06,0.27,0.1,0.03,0.02,0.02,,,,,,0.7781512503836436,Necrotic,Necrotic,Necrotic,Necrotic,Necrotic,Necrotic,Necrotic,Necrotic,Necrotic,Necrotic,Necrotic,Necrotic,true,true,true,true,true,true,Lesion 05z06 Day 032 AA,Lesion 05z06 Day 046 AA,Lesion 05z06 Day 061 AA,Lesion 05z06 Day 074 AA,Lesion 05z06 Day 089 AA,Lesion 05z06 Day 102 AA,-1.4512032,4.1672606,11,hot
BDQ+LIN+PRE,BP07,7,-238.53,-166.83,-197.98,-253.44,-276.65,-252.42,-227.0,-100.0,-147.0,-236.0,-263.0,-220.0,181.01,178.0,176.11,173.85,173.0,184.16,2.2,1.65,1.18,0.62,0.38,0.45,1.79,1.63,1.08,0.55,0.37,0.43,1.36,0.6,0.56,0.21,0.07,0.08,5.65,2.99,2.34,1.2,0.66,0.67,0.01,0.04,0.01,0.0,0.0,0.0,0.01,0.04,0.01,0.0,0.0,0.0,0.01,0.02,0.01,0.0,0.0,0.0,0.05,0.12,0.06,0.02,0.01,0.01,0.05,0.12,0.06,0.02,0.01,0.01,0.0017699115044247787,0.013377926421404682,0.004273504273504274,0.0,0.0,0.0,0.01,0.03,0.02,0.02,0.01,0.01,0.01,0.04,0.03,0.01,0.01,0.01,,,,,,0.47712125471966244,Fibrotic,Fibrotic,Fibrotic,Fibrotic,Fibrotic,Fibrotic,Fibrotic,Fibrotic,Fibrotic,Fibrotic,Fibrotic,Fibrotic,false,false,false,false,false,false,Lesion 07 Day 032 AA,Lesion 07 Day 046 AA,Lesion 07 Day 061 AA,Lesion 07 Day 074 AA,Lesion 07 Day 089 AA,Lesion 07 Day 102 AA,3.4750865,7.378505,6,cool
BDQ+LIN+PRE,BP07,8,-206.32,-96.7,-123.51,-137.21,-212.13,-227.56,-174.0,-38.0,-69.0,-100.0,-189.0,-211.0,172.6,155.99,166.74,177.58,190.85,172.44,2.16,2.63,1.69,0.78,0.59,0.6,1.69,2.65,1.54,0.7,0.52,0.57,1.31,0.94,0.78,0.33,0.28,0.22,6.73,5.31,3.9,1.8,2.17,1.31,0.08,0.47,0.18,0.01,0.0,0.0,0.08,0.47,0.18,0.01,0.0,0.0,0.06,0.39,0.12,0.0,0.0,0.0,0.3,1.41,0.59,0.17,0.1,0.07,0.29,1.4,0.57,0.16,0.09,0.07,0.01188707280832095,0.08851224105461394,0.046153846153846156,0.005555555555555556,0.0,0.0,0.07,0.14,0.1,0.08,0.08,0.06,0.06,0.39,0.23,0.13,0.08,0.04,,,,,,1.0791812460476249,Necrotic,Necrotic,Necrotic,Necrotic,Necrotic,Necrotic,Necrotic,Necrotic,Necrotic,Necrotic,Necrotic,Necrotic,true,true,true,true,true,true,Lesion 08z09 Day 032 AA,Lesion 08z09 Day 046 AA,Lesion 08z09 Day 061 AA,Lesion 08z09 Day 074 AA,Lesion 08z09 Day 089 AA,Lesion 08z09 Day 102 AA,-2.9394543,7.115837,0,hot
BDQ+LIN+PRE,BP07,10,-134.67,-49.07,-90.59,-88.06,-114.19,-116.93,-64.0,9.0,-8.0,-21.0,-40.0,-46.0,173.01,148.81,182.64,158.7,164.56,168.68,3.48,2.53,1.92,1.28,1.21,1.11,3.08,2.15,1.61,1.27,1.27,1.09,1.84,1.14,1.03,0.39,0.31,0.23,9.33,6.6,4.72,2.28,1.85,1.79,0.09,0.15,0.06,0.02,0.01,0.0,0.09,0.15,0.06,0.02,0.01,0.0,0.07,0.1,0.04,0.0,0.0,0.0,0.35,0.45,0.22,0.08,0.06,0.04,0.34,0.45,0.21,0.08,0.06,0.04,0.009646302250803858,0.022488755622188904,0.012711864406779662,0.008771929824561405,0.005405405405405405,0.0,0.03,0.03,0.03,0.01,0.01,0.01,0.06,0.15,0.09,0.05,0.04,0.03,,,,,,0.7781512503836436,Fibrotic,Fibrotic,Fibrotic,Fibrotic,Fibrotic,Fibrotic,Fibrotic,Fibrotic,Fibrotic,Fibrotic,Fibrotic,Fibrotic,false,false,false,false,false,false,Lesion 10 Day 032 AA,Lesion 10 Day 046 AA,Lesion 10 Day 061 AA,Lesion 10 Day 074 AA,Lesion 10 Day 089 AA,Lesion 10 Day 102 AA,0.89088315,9.216309,2,hot
BDQ+LIN+PRE,BP07,11,-295.39,-197.16,-240.66,-292.69,-330.17,-444.6,-301.0,-155.0,-205.0,-282.0,-325.0,-457.0,186.12,194.91,207.2,208.96,184.97,197.13,1.48,1.26,1.05,0.63,0.51,0.56,1.19,1.05,0.87,0.6,0.5,0.55,0.82,0.53,0.49,0.11,0.04,0.05,3.69,2.84,2.21,0.98,0.63,0.68,0.01,0.02,0.01,0.0,0.0,0.0,0.01,0.02,0.01,0.0,0.0,0.0,0.01,0.01,0.0,0.0,0.0,0.0,0.04,0.1,0.06,0.01,0.01,0.01,0.03,0.1,0.05,0.01,0.0,0.0,0.0027100271002710027,0.007042253521126761,0.004524886877828055,0.0,0.0,0.0,0.01,0.04,0.03,0.01,0.01,0.01,0.01,0.04,0.03,0.01,0.0,0.0,,,,,,0.7781512503836436,Fibrotic,Fibrotic,Fibrotic,Fibrotic,Fibrotic,Fibrotic,Fibrotic,Fibrotic,Fibrotic,Fibrotic,Fibrotic,Fibrotic,false,false,false,false,false,false,Lesion 11 Day 032 AA,Lesion 11 Day 046 AA,Lesion 11 Day 061 AA,Lesion 11 Day 074 AA,Lesion 11 Day 089 AA,Lesion 11 Day 102 AA,4.9571824,6.083255,9,cool
BDQ+LIN+PRE,BP07,12,-250.73,-209.33,-204.43,-238.47,-277.23,-346.12,-233.0,-174.0,-150.0,-205.0,-262.0,-343.0,170.56,176.74,169.18,173.76,173.44,183.51,1.13,1.5,0.88,0.64,0.42,0.5,0.98,1.32,0.83,0.63,0.42,0.49,0.52,0.54,0.32,0.1,0.04,0.04,2.38,2.73,1.59,0.89,0.52,0.59,0.01,0.03,0.0,0.0,0.0,0.0,0.01,0.03,0.0,0.0,0.0,0.0,0.0,0.01,0.0,0.0,0.0,0.0,0.03,0.1,0.04,0.01,0.01,0.01,0.02,0.09,0.04,0.01,0.01,0.0,0.004201680672268908,0.010989010989010988,0.0,0.0,0.0,0.0,0.01,0.03,0.02,0.01,0.01,0.01,0.01,0.03,0.02,0.01,0.0,0.0,,,,,,0.47712125471966244,Necrotic,Necrotic,Necrotic,Necrotic,Necrotic,Necrotic,Necrotic,Necrotic,Necrotic,Necrotic,Necrotic,Necrotic,false,false,false,false,false,false,Lesion 12 Day 032 AA,Lesion 12 Day 046 AA,Lesion 12 Day 061 AA,Lesion 12 Day 074 AA,Lesion 12 Day 089 AA,Lesion 12 Day 102 AA,5.488404,5.8632264,9,cool
BDQ+LIN+PRE,BP07,13,-230.92,-162.59,-160.7,-324.36,-374.41,-399.96,-221.0,-89.0,-115.0,-321.0,-393.0,-403.0,154.49,182.24,152.44,168.09,160.73,182.41,2.3,1.39,1.15,0.58,0.44,0.5,1.79,1.31,1.0,0.54,0.43,0.5,1.61,0.63,0.54,0.15,0.09,0.11,6.91,3.15,2.58,0.97,0.75,0.92,0.02,0.06,0.02,0.0,0.0,0.0,0.02,0.06,0.02,0.0,0.0,0.0,0.02,0.03,0.01,0.0,0.0,0.0,0.1,0.21,0.11,0.03,0.01,0.01,0.1,0.2,0.11,0.02,0.01,0.01,0.002894356005788712,0.019169329073482427,0.007751937984496124,0.0,0.0,0.0,0.03,0.05,0.04,0.03,0.02,0.01,0.02,0.09,0.05,0.01,0.0,0.0,,,,,,0.47712125471966244,Fibrotic,Fibrotic,Fibrotic,Fibrotic,Fibrotic,Fibrotic,Fibrotic,Fibrotic,Fibrotic,Fibrotic,Fibrotic,Fibrotic,false,false,false,false,false,false,Lesion 13 Day 032 AA,Lesion 13 Day 046 AA,Lesion 13 Day 061 AA,Lesion 13 Day 074 AA,Lesion 13 Day 089 AA,Lesion 13 Day 102 AA,4.2251325,7.414884,6,cool
BDQ+LIN+PRE,BP07,14,-181.34,-144.98,-135.98,-240.39,-218.72,-203.18,-110.0,-63.0,-64.0,-212.0,-192.0,-164.0,190.41,177.83,168.12,171.08,172.38,179.11,1.52,1.54,1.07,0.81,0.51,0.57,1.02,1.42,1.04,0.82,0.5,0.57,1.09,0.51,0.28,0.09,0.11,0.07,5.14,2.92,1.94,1.03,0.74,0.71,0.03,0.03,0.01,0.0,0.0,0.0,0.03,0.03,0.01,0.0,0.0,0.0,0.02,0.01,0.0,0.0,0.0,0.0,0.12,0.11,0.07,0.01,0.02,0.01,0.11,0.11,0.06,0.01,0.02,0.01,0.005836575875486381,0.010273972602739725,0.005154639175257732,0.0,0.0,0.0,0.03,0.02,0.02,0.01,0.02,0.01,0.04,0.05,0.04,0.01,0.01,0.01,,,,,,0.47712125471966244,Fibrotic,Fibrotic,Fibrotic,Fibrotic,Fibrotic,Fibrotic,Fibrotic,Fibrotic,Fibrotic,Fibrotic,Fibrotic,Fibrotic,false,false,false,false,false,false,Lesion 14 Day 032 AA,Lesion 14 Day 046 AA,Lesion 14 Day 061 AA,Lesion 14 Day 074 AA,Lesion 14 Day 089 AA,Lesion 14 Day 102 AA,3.4432511,7.708954,6,cool
BDQ+LIN+PRE,BP07,15,-428.28,-42.21,-274.85,-241.18,-312.88,-410.45,-440.0,0.0,-282.0,-220.0,-316.0,-438.0,127.67,123.84,159.45,131.6,129.36,172.48,0.89,2.9,1.42,0.95,0.33,0.34,0.9,2.61,1.38,1.07,0.33,0.34,0.17,0.93,0.37,0.41,0.04,0.04,1.5,5.49,2.26,1.59,0.44,0.49,0.0,0.1,0.02,0.0,0.0,0.0,0.0,0.1,0.02,0.0,0.0,0.0,0.0,0.09,0.0,0.0,0.0,0.0,0.02,0.29,0.09,0.02,0.0,0.0,0.01,0.29,0.08,0.02,0.0,0.0,0.0,0.018214936247723135,0.008849557522123895,0.0,0.0,0.0,0.01,0.02,0.04,0.01,0.01,0.01,0.0,0.08,0.01,0.01,0.0,0.0,,,,,,0.47712125471966244,Necrotic,Necrotic,Necrotic,Necrotic,Necrotic,Necrotic,Necrotic,Necrotic,Necrotic,Necrotic,Necrotic,Necrotic,false,false,false,false,false,false,Lesion 15 Day 032 AA,Lesion 15 Day 046 AA,Lesion 15 Day 061 AA,Lesion 15 Day 074 AA,Lesion 15 Day 089 AA,Lesion 15 Day 102 AA,0.6141138,9.996152,4,hot
BDQ+LIN+PRE,BP07,16,-226.89,-72.62,-149.28,-187.3,-249.73,-206.4,-165.0,-29.0,-74.0,-131.0,-235.0,-155.0,210.92,129.85,186.71,185.0,188.59,178.32,1.62,2.47,1.18,0.53,0.31,0.34,1.32,2.3,1.02,0.48,0.29,0.33,1.03,0.79,0.54,0.16,0.05,0.07,5.09,4.31,2.55,0.99,0.46,0.56,0.02,0.08,0.02,0.0,0.0,0.0,0.02,0.08,0.02,0.0,0.0,0.0,0.01,0.06,0.01,0.0,0.0,0.0,0.08,0.22,0.08,0.02,0.01,0.01,0.07,0.21,0.07,0.02,0.01,0.01,0.003929273084479372,0.018561484918793506,0.00784313725490196,0.0,0.0,0.0,0.02,0.01,0.02,0.01,0.01,0.01,0.02,0.07,0.04,0.02,0.01,0.01,,,,,,0.47712125471966244,Fibrotic,Fibrotic,Fibrotic,Fibrotic,Fibrotic,Fibrotic,Fibrotic,Fibrotic,Fibrotic,Fibrotic,Fibrotic,Fibrotic,false,false,false,false,false,false,Lesion 16 Day 032 AA,Lesion 16 Day 046 AA,Lesion 16 Day 061 AA,Lesion 16 Day 074 AA,Lesion 16 Day 089 AA,Lesion 16 Day 102 AA,0.97540545,10.469512,4,hot
BDQ+LIN+PRE,BP07,17,-275.43,-207.1,-249.14,-288.83,-285.39,-345.5,-267.0,-164.0,-234.0,-284.0,-282.0,-358.0,178.69,169.24,169.95,172.36,175.16,167.43,0.96,0.87,0.58,0.43,0.3,0.31,0.88,0.72,0.51,0.43,0.29,0.3,0.4,0.35,0.2,0.07,0.06,0.04,1.83,2.21,1.36,0.6,0.44,0.41,0.0,0.0,0.0,0.0,0.0,0.0,0.0,0.0,0.0,0.0,0.0,0.0,0.0,0.0,0.0,0.0,0.0,0.0,0.02,0.02,0.02,0.01,0.0,0.01,0.02,0.02,0.02,0.01,0.0,0.0,0.0,0.0,0.0,0.0,0.0,0.0,0.01,0.01,0.02,0.01,0.01,0.01,0.01,0.01,0.01,0.01,0.0,0.0,,,,,,0.47712125471966244,Necrotic,Necrotic,Necrotic,Necrotic,Necrotic,Necrotic,Necrotic,Necrotic,Necrotic,Necrotic,Necrotic,Necrotic,false,false,false,false,false,false,Lesion 17 Day 032 AA,Lesion 17 Day 046 AA,Lesion 17 Day 061 AA,Lesion 17 Day 074 AA,Lesion 17 Day 089 AA,Lesion 17 Day 102 AA,5.5184565,6.8761125,9,cool
BDQ+LIN+PRE,BP07,18,-188.92,-91.03,-204.87,-313.75,-294.32,-476.63,-114.0,-29.0,-192.0,-351.0,-296.0,-503.0,225.67,168.81,192.73,209.36,202.28,181.09,2.23,2.54,0.95,0.48,0.47,0.41,1.92,2.4,0.88,0.46,0.46,0.4,1.06,1.14,0.46,0.14,0.08,0.09,5.23,5.42,2.65,0.9,0.74,0.71,0.03,0.18,0.02,0.0,0.0,0.0,0.03,0.18,0.02,0.0,0.0,0.0,0.02,0.15,0.01,0.0,0.0,0.0,0.08,0.62,0.14,0.02,0.01,0.02,0.08,0.6,0.13,0.02,0.01,0.01,0.005736137667304015,0.033210332103321034,0.007547169811320755,0.0,0.0,0.0,0.01,0.06,0.07,0.03,0.01,0.02,0.02,0.17,0.06,0.01,0.01,0.0,,,,,,0.47712125471966244,Fibrotic,Fibrotic,Fibrotic,Fibrotic,Fibrotic,Fibrotic,Fibrotic,Fibrotic,Fibrotic,Fibrotic,Fibrotic,Fibrotic,false,false,false,false,false,false,Lesion 18 Day 032 AA,Lesion 18 Day 046 AA,Lesion 18 Day 061 AA,Lesion 18 Day 074 AA,Lesion 18 Day 089 AA,Lesion 18 Day 102 AA,0.59475577,8.201828,2,hot
BDQ+LIN+PRE,BP07,19,-463.86,-262.13,-243.82,-260.17,-385.47,-416.03,-492.0,-241.0,-227.0,-244.0,-389.0,-417.0,156.57,197.97,175.16,162.09,117.68,140.9,0.73,0.88,1.01,0.58,0.34,0.38,0.71,0.84,0.78,0.54,0.34,0.38,0.13,0.28,0.6,0.18,0.03,0.04,0.99,1.86,2.87,1.2,0.43,0.48,0.0,0.0,0.01,0.0,0.0,0.0,0.0,0.0,0.01,0.0,0.0,0.0,0.0,0.0,0.0,0.0,0.0,0.0,0.0,0.03,0.03,0.01,0.0,0.0,0.0,0.03,0.03,0.01,0.0,0.0,0.0,0.0,0.003484320557491289,0.0,0.0,0.0,0.0,0.02,0.02,0.01,0.01,0.0,0.0,0.01,0.01,0.01,0.0,0.0,,,,,,0.47712125471966244,Fibrotic,Fibrotic,Fibrotic,Fibrotic,Fibrotic,Fibrotic,Fibrotic,Fibrotic,Fibrotic,Fibrotic,Fibrotic,Fibrotic,false,false,false,false,false,false,Lesion 19 Day 032 AA,Lesion 19 Day 046 AA,Lesion 19 Day 061 AA,Lesion 19 Day 074 AA,Lesion 19 Day 089 AA,Lesion 19 Day 102 AA,6.526275,5.083489,9,cool
BDQ+LIN+PRE,BP07,20,-355.1,-142.49,-250.02,-387.37,-538.56,-537.83,-365.0,-82.0,-224.0,-393.0,-549.0,-554.0,162.5,155.58,179.72,142.11,133.56,139.51,1.84,2.28,1.13,0.48,0.33,0.33,1.61,2.39,1.01,0.46,0.32,0.32,0.94,0.68,0.47,0.09,0.06,0.05,4.83,3.56,2.42,0.74,0.51,0.51,0.04,0.16,0.03,0.0,0.0,0.0,0.04,0.16,0.03,0.0,0.0,0.0,0.03,0.12,0.01,0.0,0.0,0.0,0.15,0.43,0.14,0.03,0.02,0.02,0.12,0.41,0.12,0.02,0.01,0.01,0.008281573498964804,0.0449438202247191,0.012396694214876033,0.0,0.0,0.0,0.05,0.07,0.06,0.04,0.03,0.02,0.01,0.12,0.05,0.0,0.0,0.0,,,,,,0.47712125471966244,Fibrotic,Fibrotic,Fibrotic,Fibrotic,Fibrotic,Fibrotic,Fibrotic,Fibrotic,Fibrotic,Fibrotic,Fibrotic,Fibrotic,false,false,false,false,false,false,Lesion 20 Day 032 AA,Lesion 20 Day 046 AA,Lesion 20 Day 061 AA,Lesion 20 Day 074 AA,Lesion 20 Day 089 AA,Lesion 20 Day 102 AA,0.84242964,10.265869,4,hot
BDQ,BP08,1,-362.16,-245.36,-257.13,-362.58,-417.81,-455.98,-387.0,-227.0,-272.0,-376.0,-423.0,-455.0,112.23,162.03,163.01,120.41,82.47,66.39,1.15,1.76,1.08,0.8,0.86,0.57,1.15,1.73,1.08,0.79,0.86,0.57,0.15,0.32,0.23,0.13,0.08,0.06,1.52,2.43,1.78,1.16,1.09,0.75,0.0,0.03,0.0,0.0,0.0,0.0,0.0,0.03,0.0,0.0,0.0,0.0,0.0,0.01,0.0,0.0,0.0,0.0,0.02,0.06,0.07,0.03,0.01,0.0,0.01,0.06,0.07,0.02,0.01,0.0,0.0,0.012345679012345678,0.0,0.0,0.0,0.0,0.01,0.02,0.04,0.03,0.01,0.01,0.0,0.01,0.02,0.0,0.0,0.0,,,,,,0.47712125471966244,Fibrotic,Fibrotic,Fibrotic,Fibrotic,Fibrotic,Fibrotic,Fibrotic,Fibrotic,Fibrotic,Fibrotic,Fibrotic,Fibrotic,false,false,false,false,false,false,Lesion 01 Day 032 AA,Lesion 01 Day 045 AA,Lesion 01 Day 059 AA,Lesion 01 Day 073 AA,Lesion 01 Day 087 AA,Lesion 01 Day 101 AA,4.5320086,5.4764366,10,cool
BDQ,BP08,2,-311.66,-285.11,-307.72,-402.0,-477.55,-455.35,-337.0,-296.0,-312.0,-414.0,-484.0,-458.0,143.56,153.27,134.55,83.62,102.79,93.65,0.61,0.83,0.55,0.46,0.59,0.4,0.61,0.79,0.54,0.46,0.59,0.4,0.05,0.15,0.05,0.02,0.02,0.02,0.76,1.2,0.74,0.55,0.66,0.46,0.0,0.0,0.0,0.0,0.0,0.0,0.0,0.0,0.0,0.0,0.0,0.0,0.0,0.0,0.0,0.0,0.0,0.0,0.01,0.01,0.01,0.0,0.0,0.0,0.01,0.01,0.01,0.0,0.0,0.0,0.0,0.0,0.0,0.0,0.0,0.0,0.01,0.01,0.01,0.0,0.0,0.0,0.0,0.0,0.0,0.0,0.0,0.0,,,,,,0.47712125471966244,Fibrotic,Fibrotic,Fibrotic,Fibrotic,Fibrotic,Fibrotic,Fibrotic,Fibrotic,Fibrotic,Fibrotic,Fibrotic,Fibrotic,false,false,false,false,false,false,Lesion 02 Day 032 AA,Lesion 02 Day 045 AA,Lesion 02 Day 059 AA,Lesion 02 Day 073 AA,Lesion 02 Day 087 AA,Lesion 02 Day 101 AA,8.459948,6.799096,8,cool
BDQ,BP08,3,-242.5,-166.49,-144.65,-203.32,-218.68,-203.81,-275.0,-153.0,-138.0,-206.0,-232.0,-194.0,171.47,168.86,172.06,184.69,186.58,182.13,0.76,2.01,1.12,0.97,1.04,0.84,0.75,1.68,0.91,0.89,0.97,0.77,0.15,0.98,0.57,0.34,0.32,0.32,1.31,4.49,2.97,2.46,2.46,2.1,0.0,0.08,0.04,0.01,0.01,0.0,0.0,0.08,0.04,0.01,0.01,0.0,0.0,0.05,0.02,0.0,0.0,0.0,0.04,0.26,0.16,0.07,0.06,0.04,0.03,0.26,0.16,0.07,0.06,0.04,0.0,0.017817371937639197,0.013468013468013467,0.004048582995951417,0.0040650406504065045,0.0,0.03,0.06,0.07,0.04,0.03,0.02,0.01,0.06,0.08,0.03,0.02,0.02,,,,,,1.146128035678238,Cavity,Cavity,Cavity,Cavity,Cavity,Cavity,Cavity,Cavity,Cavity,Cavity,Cavity,Cavity,true,true,true,true,true,true,Lesion 03z04 Day 032 AA,Lesion 03z04 Day 045 AA,Lesion 03z04 Day 059 AA,Lesion 03z04 Day 073 AA,Lesion 03z04 Day 087 AA,Lesion 03z04 Day 101 AA,2.7050512,8.191653,10,cool
BDQ,BP08,5,-342.51,-311.07,-227.74,-356.03,-446.53,-414.39,-367.0,-320.0,-229.0,-389.0,-466.0,-423.0,146.32,146.41,147.96,142.47,114.95,60.11,0.6,0.88,0.67,0.56,0.61,0.44,0.61,0.85,0.65,0.55,0.61,0.44,0.08,0.19,0.11,0.07,0.05,0.02,0.84,1.33,1.11,0.86,0.73,0.51,0.0,0.0,0.0,0.0,0.0,0.0,0.0,0.0,0.0,0.0,0.0,0.0,0.0,0.0,0.0,0.0,0.0,0.0,0.0,0.01,0.01,0.0,0.0,0.0,0.0,0.01,0.01,0.0,0.0,0.0,0.0,0.0,0.0,0.0,0.0,0.0,0.01,0.01,0.01,0.01,0.0,0.0,0.0,0.0,0.01,0.0,0.0,0.0,,,,,,0.47712125471966244,Fibrotic,Fibrotic,Fibrotic,Fibrotic,Fibrotic,Fibrotic,Fibrotic,Fibrotic,Fibrotic,Fibrotic,Fibrotic,Fibrotic,false,false,false,false,false,false,Lesion 05 Day 032 AA,Lesion 05 Day 045 AA,Lesion 05 Day 059 AA,Lesion 05 Day 073 AA,Lesion 05 Day 087 AA,Lesion 05 Day 101 AA,9.4490385,7.0432453,8,cool
BDQ,BP08,6,-283.47,-100.34,-52.26,-235.84,-299.2,-310.88,-307.0,-39.0,-20.0,-217.0,-322.0,-326.0,165.3,151.14,118.15,173.2,169.12,152.46,0.81,2.55,1.43,0.92,0.72,0.6,0.74,2.46,1.21,0.81,0.66,0.54,0.29,1.06,0.69,0.42,0.34,0.25,2.74,5.67,4.3,3.54,3.39,2.31,0.01,1.3,0.53,0.09,0.02,0.01,0.01,1.3,0.53,0.09,0.02,0.01,0.0,1.08,0.3,0.03,0.01,0.0,0.43,4.09,2.14,0.86,0.49,0.29,0.4,4.07,2.14,0.81,0.43,0.26,0.0036496350364963502,0.22927689594356263,0.12325581395348838,0.025787965616045842,0.005361930294906166,0.004329004329004329,0.36,0.48,0.26,0.53,0.47,0.35,0.12,1.13,1.22,0.34,0.13,0.08,,,,,,2.4785664955938436,Cavity,Cavity,Cavity,Cavity,Cavity,Cavity,Cavity,Cavity,Cavity,Cavity,Cavity,Cavity,true,true,true,true,true,true,Lesion 06z07z08z10z11 Day 032 AA,Lesion 06z07z08z10z11 Day 045 AA,Lesion 06z07z08z10z11 Day 059 AA,Lesion 06z07z08z10z11 Day 073 AA,Lesion 06z07z08z10z11 Day 087 AA,Lesion 06z07z08z10z11 Day 101 AA,-5.658989,8.047916,0,hot
BDQ,BP08,9,-223.16,-42.63,-232.24,-385.36,-310.78,-205.06,-199.0,-30.0,-245.0,-405.0,-320.0,-169.0,127.01,83.72,122.76,129.67,132.58,118.71,0.89,1.5,0.89,1.17,1.09,1.51,0.9,1.54,0.89,1.05,1.02,1.44,0.07,0.19,0.07,0.35,0.29,0.36,1.08,2.06,1.08,2.12,2.06,2.54,0.0,0.01,0.0,0.0,0.0,0.0,0.0,0.01,0.0,0.0,0.0,0.0,0.0,0.0,0.0,0.0,0.0,0.0,0.02,0.04,0.01,0.01,0.01,0.01,0.02,0.04,0.01,0.01,0.01,0.01,0.0,0.0048543689320388345,0.0,0.0,0.0,0.0,0.02,0.0,0.01,0.0,0.0,0.0,0.01,0.02,0.0,0.0,0.0,0.0,,,,,,0.47712125471966244,Fibrotic,Fibrotic,Fibrotic,Fibrotic,Fibrotic,Fibrotic,Fibrotic,Fibrotic,Fibrotic,Fibrotic,Fibrotic,Fibrotic,false,false,false,false,false,false,Lesion 09 Day 032 AA,Lesion 09 Day 045 AA,Lesion 09 Day 059 AA,Lesion 09 Day 073 AA,Lesion 09 Day 087 AA,Lesion 09 Day 101 AA,2.5874507,11.154716,4,hot
BDQ,BP08,12,-244.39,-159.89,-47.44,-207.96,-254.68,-315.44,-251.0,-94.0,-15.0,-181.0,-268.0,-329.0,155.05,195.03,119.4,175.99,185.71,180.53,0.92,2.34,1.58,1.19,0.91,0.63,0.82,2.09,1.36,0.99,0.79,0.58,0.35,1.05,0.71,0.72,0.41,0.24,2.48,5.96,4.22,5.05,2.98,1.83,0.03,0.75,0.68,0.12,0.04,0.0,0.03,0.75,0.68,0.12,0.04,0.0,0.0,0.52,0.37,0.05,0.02,0.0,0.37,2.33,2.56,0.66,0.45,0.2,0.36,2.2,2.56,0.63,0.42,0.18,0.012,0.12583892617449666,0.16113744075829387,0.023762376237623763,0.013422818791946308,0.0,0.27,0.35,0.29,0.27,0.29,0.2,0.11,0.58,1.33,0.24,0.16,0.08,,,,,,1.7160033436347992,Necrotic,Necrotic,Necrotic,Necrotic,Necrotic,Necrotic,Necrotic,Necrotic,Necrotic,Necrotic,Necrotic,Necrotic,true,true,true,true,true,true,Lesion 12z13z14z15z16z17 Day 032 AA,Lesion 12z13z14z15z16z17 Day 045 AA,Lesion 12z13z14z15z16z17 Day 059 AA,Lesion 12z13z14z15z16z17 Day 073 AA,Lesion 12z13z14z15z16z17 Day 087 AA,Lesion 12z13z14z15z16z17 Day 101 AA,-5.3896422,8.716092,5,hot
BDQ,BP08,18,-171.53,28.46,16.11,-22.42,-7.75,-48.02,-164.0,28.0,18.0,-19.0,-10.0,-24.0,165.47,31.0,40.68,60.28,79.52,107.77,1.19,2.86,2.29,1.53,1.24,1.02,1.04,2.79,2.29,1.48,1.18,0.93,0.43,0.97,0.54,0.32,0.32,0.37,2.59,5.01,3.54,2.9,2.55,2.59,0.02,0.12,0.22,0.04,0.01,0.01,0.02,0.12,0.22,0.04,0.01,0.01,0.0,0.1,0.16,0.01,0.0,0.0,0.12,0.38,0.55,0.14,0.09,0.07,0.11,0.38,0.55,0.14,0.09,0.07,0.007722007722007722,0.023952095808383235,0.06214689265536723,0.015625,0.004901960784313725,0.003861003861003861,0.06,0.0,0.0,0.0,0.0,0.01,0.04,0.12,0.24,0.09,0.07,0.06,,,,,,0.47712125471966244,Fibrotic,Fibrotic,Fibrotic,Fibrotic,Fibrotic,Fibrotic,Fibrotic,Fibrotic,Fibrotic,Fibrotic,Fibrotic,Fibrotic,false,false,false,false,false,false,Lesion 18 Day 032 AA,Lesion 18 Day 045 AA,Lesion 18 Day 059 AA,Lesion 18 Day 073 AA,Lesion 18 Day 087 AA,Lesion 18 Day 101 AA,0.33590114,11.217334,4,hot
BDQ,BP08,19,-323.38,-73.8,-80.25,-194.97,-257.59,-310.65,-341.0,-14.0,-17.0,-154.0,-268.0,-311.0,142.79,143.97,178.06,188.88,186.06,175.0,0.75,2.99,1.88,1.07,0.71,0.66,0.67,2.85,1.57,0.84,0.59,0.59,0.29,1.27,0.92,0.61,0.3,0.29,1.79,6.41,4.5,3.0,1.62,1.75,0.01,1.23,0.7,0.22,0.01,0.0,0.01,1.23,0.7,0.22,0.01,0.0,0.0,1.01,0.49,0.11,0.0,0.0,0.49,4.13,2.53,1.01,0.55,0.31,0.46,4.11,2.41,0.96,0.52,0.27,0.00558659217877095,0.19188767550702027,0.15555555555555556,0.07333333333333333,0.006172839506172839,0.0,0.53,0.31,0.29,0.42,0.46,0.31,0.09,1.06,0.94,0.47,0.26,0.11,,,,,,1.7403626894942439,Necrotic,Necrotic,Necrotic,Necrotic,Necrotic,Necrotic,Necrotic,Necrotic,Necrotic,Necrotic,Necrotic,Necrotic,true,true,true,true,true,true,Lesion 19z20z22 Day 032 AA,Lesion 19z20z22 Day 045 AA,Lesion 19z20z22 Day 059 AA,Lesion 19z20z22 Day 073 AA,Lesion 19z20z22 Day 087 AA,Lesion 19z20z22 Day 101 AA,-4.9398017,6.811663,0,hot
BDQ,BP08,21,-157.8,-15.43,-22.93,-196.25,-185.43,-183.26,-126.0,10.0,0.0,-155.0,-120.0,-151.0,182.86,99.11,116.36,175.99,213.27,180.46,0.96,2.5,1.49,1.08,1.04,0.7,0.9,2.33,1.37,0.86,0.91,0.68,0.27,0.53,0.47,0.6,0.47,0.22,1.73,4.26,3.08,3.3,2.54,1.16,0.0,0.13,0.04,0.02,0.02,0.0,0.0,0.13,0.04,0.02,0.02,0.0,0.0,0.12,0.01,0.01,0.01,0.0,0.11,0.34,0.14,0.1,0.1,0.04,0.1,0.34,0.14,0.1,0.1,0.04,0.0,0.03217821782178218,0.012987012987012986,0.0060606060606060615,0.007874015748031496,0.0,0.05,0.01,0.01,0.05,0.04,0.02,0.06,0.13,0.09,0.05,0.05,0.03,,,,,,0.47712125471966244,Fibrotic,Fibrotic,Fibrotic,Fibrotic,Fibrotic,Fibrotic,Fibrotic,Fibrotic,Fibrotic,Fibrotic,Fibrotic,Fibrotic,false,false,false,false,false,false,Lesion 21 Day 032 AA,Lesion 21 Day 045 AA,Lesion 21 Day 059 AA,Lesion 21 Day 073 AA,Lesion 21 Day 087 AA,Lesion 21 Day 101 AA,0.6887862,10.808676,4,hot
BDQ+LIN,BP09,1,-494.84,-357.3,-321.88,-530.57,-649.35,-628.92,-519.0,-377.0,-335.0,-551.0,-658.0,-639.0,134.16,154.92,154.16,136.13,98.83,72.02,0.37,0.59,0.46,0.36,0.28,0.3,0.36,0.56,0.43,0.36,0.28,0.3,0.02,0.14,0.1,0.01,0.02,0.03,0.45,0.97,0.78,0.41,0.33,0.36,0.0,0.0,0.0,0.0,0.0,0.0,0.0,0.0,0.0,0.0,0.0,0.0,0.0,0.0,0.0,0.0,0.0,0.0,0.0,0.01,0.0,0.0,0.0,0.0,0.0,0.0,0.0,0.0,0.0,0.0,0.0,0.0,0.0,0.0,0.0,0.0,0.0,0.01,0.01,0.0,0.0,0.0,0.0,0.0,0.0,0.0,0.0,0.0,,,,,,0.47712125471966244,Fibrotic,Fibrotic,Fibrotic,Fibrotic,Fibrotic,Fibrotic,Fibrotic,Fibrotic,Fibrotic,Fibrotic,Fibrotic,Fibrotic,false,false,false,false,false,false,Lesion 01 Day 033 AA,Lesion 01 Day 046 AA,Lesion 01 Day 060 AA,Lesion 01 Day 074 AA,Lesion 01 Day 088 AA,Lesion 01 Day 102 AA,9.395023,5.402824,8,cool
BDQ+LIN,BP09,2,-276.9,-148.48,-127.64,-197.69,-245.02,-272.33,-292.0,-85.0,-46.0,-144.0,-244.0,-283.0,174.75,183.28,190.52,186.99,175.67,173.76,0.69,2.0,2.39,0.68,0.54,0.49,0.64,1.75,1.89,0.6,0.51,0.47,0.18,1.07,1.58,0.22,0.13,0.1,1.48,4.25,6.42,1.24,1.02,0.84,0.0,0.04,0.06,0.0,0.0,0.0,0.0,0.04,0.06,0.0,0.0,0.0,0.0,0.03,0.05,0.0,0.0,0.0,0.02,0.15,0.25,0.04,0.01,0.01,0.02,0.14,0.24,0.03,0.01,0.01,0.0,0.009411764705882354,0.009345794392523364,0.0,0.0,0.0,0.02,0.03,0.03,0.02,0.02,0.01,0.01,0.04,0.07,0.03,0.01,0.0,,,,,,0.7781512503836436,Necrotic,Necrotic,Necrotic,Necrotic,Necrotic,Necrotic,Necrotic,Necrotic,Necrotic,Necrotic,Necrotic,Necrotic,false,false,false,false,false,false,Lesion 02 Day 033 AA,Lesion 02 Day 046 AA,Lesion 02 Day 060 AA,Lesion 02 Day 074 AA,Lesion 02 Day 088 AA,Lesion 02 Day 102 AA,2.6914668,6.5194125,6,cool
BDQ+LIN,BP09,3,-294.24,-161.93,-166.03,-227.24,-308.08,-259.19,-311.0,-104.0,-95.0,-185.0,-309.0,-246.0,172.98,181.52,185.89,186.28,166.37,171.36,1.08,2.43,2.87,0.95,0.43,0.59,0.85,2.34,2.59,0.9,0.39,0.52,0.65,1.01,1.54,0.32,0.15,0.29,4.01,5.56,8.36,2.0,0.93,1.39,0.09,0.9,0.86,0.04,0.0,0.0,0.09,0.9,0.86,0.04,0.0,0.0,0.04,0.69,0.71,0.0,0.0,0.0,0.45,2.76,3.18,0.64,0.15,0.19,0.37,2.64,3.02,0.58,0.13,0.17,0.022443890274314215,0.16187050359712232,0.1028708133971292,0.02,0.0,0.0,0.24,0.39,0.36,0.3,0.23,0.18,0.1,0.68,0.67,0.31,0.07,0.11,,,,,,3.48572142648158,Cavity,Cavity,Cavity,Cavity,Cavity,Cavity,Cavity,Cavity,Cavity,Cavity,Cavity,Cavity,false,false,false,false,false,false,Lesion 03 Day 033 AA,Lesion 03 Day 046 AA,Lesion 03 Day 060 AA,Lesion 03 Day 074 AA,Lesion 03 Day 088 AA,Lesion 03 Day 102 AA,-5.4714856,8.647626,5,hot
BDQ+LIN,BP09,4,-445.87,-460.22,-416.12,-617.03,-665.61,-609.31,-463.0,-479.0,-434.0,-634.0,-669.0,-596.0,79.75,126.51,129.23,79.71,61.12,71.92,0.4,0.55,0.41,0.38,0.36,0.36,0.4,0.55,0.41,0.38,0.35,0.35,0.02,0.05,0.01,0.02,0.05,0.05,0.48,0.64,0.44,0.43,0.51,0.52,0.0,0.0,0.0,0.0,0.0,0.0,0.0,0.0,0.0,0.0,0.0,0.0,0.0,0.0,0.0,0.0,0.0,0.0,0.0,0.0,0.0,0.0,0.0,0.0,0.0,0.0,0.0,0.0,0.0,0.0,0.0,0.0,0.0,0.0,0.0,0.0,0.0,0.0,0.0,0.0,0.0,0.0,0.0,0.0,0.0,0.0,0.0,0.0,,,,,,1.568201724066995,Necrotic,Necrotic,Necrotic,Necrotic,Necrotic,Necrotic,Necrotic,Necrotic,Necrotic,Necrotic,Necrotic,Necrotic,false,false,false,false,false,false,Lesion 04 Day 033 AA,Lesion 04 Day 046 AA,Lesion 04 Day 060 AA,Lesion 04 Day 074 AA,Lesion 04 Day 088 AA,Lesion 04 Day 102 AA,11.163675,5.716234,7,cool
BDQ+LIN,BP09,5,-168.4,-124.62,-60.05,-91.78,-184.87,-173.7,-91.0,-43.0,-2.0,-40.0,-135.0,-121.0,198.93,187.92,160.91,165.45,182.48,186.74,1.64,2.75,3.13,1.32,0.94,0.94,1.25,2.48,2.73,1.25,0.97,0.91,0.91,1.29,1.95,0.36,0.25,0.28,5.35,7.57,9.99,2.95,1.65,1.97,0.13,0.42,0.54,0.1,0.0,0.01,0.13,0.42,0.54,0.1,0.0,0.01,0.08,0.32,0.47,0.03,0.0,0.0,0.5,1.37,2.36,0.65,0.26,0.22,0.46,1.31,2.29,0.63,0.23,0.21,0.02429906542056075,0.05548216644649934,0.05405405405405406,0.03389830508474576,0.0,0.005076142131979696,0.1,0.14,0.11,0.09,0.11,0.09,0.19,0.34,0.6,0.38,0.14,0.13,,,,,,1.7481880270062005,Necrotic,Necrotic,Necrotic,Necrotic,Necrotic,Necrotic,Necrotic,Necrotic,Necrotic,Necrotic,Necrotic,Necrotic,true,true,true,true,true,true,Lesion 05z06 Day 033 AA,Lesion 05z06 Day 046 AA,Lesion 05z06 Day 060 AA,Lesion 05z06 Day 074 AA,Lesion 05z06 Day 088 AA,Lesion 05z06 Day 102 AA,-2.895102,4.859887,11,hot
BDQ+LIN,BP09,7,-622.85,-433.46,-515.48,-615.55,-681.36,-598.15,-632.0,-461.0,-551.0,-633.0,-683.0,-607.0,82.13,143.13,112.92,102.52,79.29,75.17,0.51,0.63,0.5,0.46,0.36,0.43,0.52,0.62,0.5,0.46,0.36,0.43,0.04,0.05,0.03,0.01,0.04,0.04,0.58,0.76,0.59,0.52,0.45,0.54,0.0,0.0,0.0,0.0,0.0,0.0,0.0,0.0,0.0,0.0,0.0,0.0,0.0,0.0,0.0,0.0,0.0,0.0,0.0,0.0,0.0,0.0,0.0,0.0,0.0,0.0,0.0,0.0,0.0,0.0,0.0,0.0,0.0,0.0,0.0,0.0,0.0,0.0,0.0,0.0,0.0,0.0,0.0,0.0,0.0,0.0,0.0,0.0,,,,,,0.5440680443502757,Scar,Scar,Scar,Scar,Scar,Scar,Scar,Scar,Scar,Scar,Scar,Scar,false,false,false,false,false,false,Lesion 07 Day 033 AA,Lesion 07 Day 046 AA,Lesion 07 Day 060 AA,Lesion 07 Day 074 AA,Lesion 07 Day 088 AA,Lesion 07 Day 102 AA,10.780567,5.3981924,7,cool
BDQ+LIN,BP09,8,-321.26,-202.78,-237.37,-262.41,-354.22,-301.19,-347.0,-159.0,-202.0,-245.0,-368.0,-297.0,166.03,184.19,171.52,146.6,147.81,143.43,0.56,1.25,1.26,0.5,0.42,0.58,0.54,1.02,1.05,0.5,0.41,0.56,0.12,0.61,0.72,0.07,0.07,0.12,0.95,2.78,3.12,0.67,0.64,0.92,0.0,0.01,0.01,0.0,0.0,0.0,0.0,0.01,0.01,0.0,0.0,0.0,0.0,0.0,0.01,0.0,0.0,0.0,0.01,0.04,0.04,0.01,0.0,0.01,0.01,0.04,0.03,0.01,0.0,0.01,0.0,0.0035971223021582736,0.003205128205128205,0.0,0.0,0.0,0.01,0.01,0.02,0.01,0.01,0.01,0.0,0.01,0.01,0.0,0.0,0.0,,,,,,1.9084850188786497,Fibrotic,Fibrotic,Fibrotic,Fibrotic,Fibrotic,Fibrotic,Fibrotic,Fibrotic,Fibrotic,Fibrotic,Fibrotic,Fibrotic,false,false,false,false,false,false,Lesion 08 Day 033 AA,Lesion 08 Day 046 AA,Lesion 08 Day 060 AA,Lesion 08 Day 074 AA,Lesion 08 Day 088 AA,Lesion 08 Day 102 AA,5.599931,5.9390006,9,cool
BDQ+LIN,BP09,9,-163.39,-15.94,-35.81,-44.67,-94.38,-191.42,-101.0,-2.0,-13.0,-16.0,-56.0,-156.0,170.35,78.14,102.91,106.12,142.72,168.36,2.1,3.67,4.25,1.74,0.86,1.08,2.06,3.6,4.16,1.68,0.86,1.08,0.91,1.07,1.6,0.32,0.17,0.26,4.01,6.44,7.98,2.6,1.3,1.7,0.07,0.23,0.24,0.17,0.0,0.01,0.07,0.23,0.24,0.17,0.0,0.01,0.05,0.22,0.23,0.05,0.0,0.0,0.21,0.84,1.01,0.39,0.17,0.17,0.19,0.84,1.01,0.39,0.17,0.16,0.01745635910224439,0.03571428571428571,0.03007518796992481,0.06538461538461539,0.0,0.0058823529411764705,0.04,0.01,0.02,0.03,0.05,0.07,0.05,0.22,0.22,0.18,0.15,0.08,,,,,,1.4313637641589874,Necrotic,Necrotic,Necrotic,Necrotic,Necrotic,Necrotic,Necrotic,Necrotic,Necrotic,Necrotic,Necrotic,Necrotic,false,false,false,false,false,false,Lesion 09 Day 033 AA,Lesion 09 Day 046 AA,Lesion 09 Day 060 AA,Lesion 09 Day 074 AA,Lesion 09 Day 088 AA,Lesion 09 Day 102 AA,-0.4040587,10.789009,4,hot
BDQ+LIN,BP09,10,-281.86,-177.61,-125.02,-192.32,-297.33,-309.32,-303.0,-113.0,-70.0,-143.0,-297.0,-316.0,175.59,180.07,167.81,180.01,148.17,140.77,1.05,2.26,3.24,1.03,0.32,0.4,0.87,2.26,3.08,0.99,0.3,0.4,0.54,0.91,1.49,0.33,0.08,0.07,2.32,4.27,7.0,1.97,0.55,0.56,0.01,0.09,0.15,0.01,0.0,0.0,0.01,0.09,0.15,0.01,0.0,0.0,0.0,0.07,0.13,0.0,0.0,0.0,0.05,0.28,0.55,0.11,0.02,0.01,0.05,0.26,0.54,0.11,0.02,0.01,0.004310344827586208,0.021077283372365342,0.02142857142857143,0.005076142131979696,0.0,0.0,0.03,0.04,0.04,0.05,0.05,0.02,0.01,0.07,0.12,0.06,0.01,0.0,,,,,,2.0969100130080562,Necrotic,Necrotic,Necrotic,Necrotic,Necrotic,Necrotic,Necrotic,Necrotic,Necrotic,Necrotic,Necrotic,Necrotic,false,false,false,false,false,false,Lesion 10 Day 033 AA,Lesion 10 Day 046 AA,Lesion 10 Day 060 AA,Lesion 10 Day 074 AA,Lesion 10 Day 088 AA,Lesion 10 Day 102 AA,2.4188259,5.8626695,10,cool
BDQ+LIN,BP09,11,-432.52,-326.52,-280.94,-416.16,-488.21,-482.11,-438.0,-321.0,-228.0,-434.0,-486.0,-503.0,113.35,177.9,183.96,177.89,144.29,173.44,0.37,0.91,1.2,0.52,0.25,0.26,0.36,0.87,1.15,0.51,0.25,0.26,0.05,0.27,0.43,0.08,0.03,0.02,0.46,1.57,2.14,0.71,0.33,0.32,0.0,0.0,0.01,0.0,0.0,0.0,0.0,0.0,0.01,0.0,0.0,0.0,0.0,0.0,0.0,0.0,0.0,0.0,0.0,0.02,0.03,0.01,0.0,0.0,0.0,0.02,0.03,0.01,0.0,0.0,0.0,0.0,0.004672897196261682,0.0,0.0,0.0,0.01,0.01,0.01,0.01,0.01,0.01,0.0,0.0,0.01,0.0,0.0,0.0,,,,,,0.47712125471966244,Fibrotic,Fibrotic,Fibrotic,Fibrotic,Fibrotic,Fibrotic,Fibrotic,Fibrotic,Fibrotic,Fibrotic,Fibrotic,Fibrotic,false,false,false,false,false,false,Lesion 11 Day 033 AA,Lesion 11 Day 046 AA,Lesion 11 Day 060 AA,Lesion 11 Day 074 AA,Lesion 11 Day 088 AA,Lesion 11 Day 102 AA,8.507027,4.0792985,8,cool
BDQ+LIN,BP09,12,-258.64,-166.46,-97.93,-186.17,-234.79,-277.88,-281.0,-96.0,-33.0,-147.0,-235.0,-300.0,190.64,197.01,156.7,186.42,194.59,194.49,1.02,2.3,2.76,0.99,0.6,0.52,0.91,2.22,2.48,0.98,0.61,0.46,0.53,1.14,1.52,0.3,0.2,0.24,3.04,4.96,7.11,1.57,1.19,1.35,0.02,0.2,0.27,0.01,0.0,0.0,0.02,0.2,0.27,0.01,0.0,0.0,0.01,0.16,0.23,0.0,0.0,0.0,0.13,0.68,0.97,0.29,0.1,0.07,0.12,0.64,0.96,0.28,0.1,0.06,0.006578947368421052,0.040322580645161296,0.0379746835443038,0.006369426751592356,0.0,0.0,0.07,0.11,0.09,0.13,0.1,0.07,0.04,0.16,0.26,0.15,0.07,0.04,,,,,,0.8450980400142568,Necrotic,Necrotic,Necrotic,Necrotic,Necrotic,Necrotic,Necrotic,Necrotic,Necrotic,Necrotic,Necrotic,Necrotic,false,false,false,false,false,false,Lesion 12 Day 033 AA,Lesion 12 Day 046 AA,Lesion 12 Day 060 AA,Lesion 12 Day 074 AA,Lesion 12 Day 088 AA,Lesion 12 Day 102 AA,-1.2025644,3.1385045,11,hot
BDQ+LIN,BP09,14,-350.73,-183.65,-90.02,-219.69,-281.46,-312.91,-368.0,-118.0,-31.0,-191.0,-272.0,-302.0,139.99,187.8,161.54,178.54,160.34,160.26,1.04,2.41,3.42,1.02,0.57,0.6,1.0,2.34,3.41,1.05,0.57,0.6,0.37,1.08,1.62,0.34,0.14,0.19,2.19,5.17,7.14,1.74,0.99,1.19,0.01,0.19,0.27,0.02,0.0,0.0,0.01,0.19,0.27,0.02,0.0,0.0,0.0,0.15,0.24,0.0,0.0,0.0,0.12,0.59,1.12,0.21,0.08,0.06,0.1,0.58,1.11,0.2,0.07,0.05,0.004566210045662101,0.0367504835589942,0.03781512605042017,0.011494252873563218,0.0,0.0,0.09,0.09,0.07,0.1,0.09,0.07,0.01,0.14,0.25,0.1,0.03,0.02,,,,,,2.0681858617461617,Necrotic,Necrotic,Necrotic,Necrotic,Necrotic,Necrotic,Necrotic,Necrotic,Necrotic,Necrotic,Necrotic,Necrotic,false,false,false,false,false,false,Lesion 14 Day 033 AA,Lesion 14 Day 046 AA,Lesion 14 Day 060 AA,Lesion 14 Day 074 AA,Lesion 14 Day 088 AA,Lesion 14 Day 102 AA,-0.39535546,3.0028903,12,hot
BDQ+LIN,BP09,15,-246.48,-222.22,-180.57,-245.76,-273.23,-239.07,-263.0,-172.0,-113.0,-231.0,-284.0,-216.0,180.84,187.36,178.7,186.44,187.49,176.74,1.29,2.31,2.53,0.97,0.72,0.81,0.98,1.95,2.28,0.84,0.62,0.64,0.74,1.18,1.26,0.37,0.42,0.47,3.82,5.76,6.78,2.18,2.13,2.07,0.05,0.3,0.4,0.04,0.01,0.02,0.05,0.3,0.4,0.04,0.01,0.02,0.03,0.21,0.3,0.0,0.0,0.0,0.29,0.97,1.31,0.35,0.2,0.15,0.27,0.94,1.25,0.32,0.18,0.14,0.013089005235602096,0.052083333333333336,0.058997050147492625,0.018348623853211007,0.004694835680751174,0.009661835748792272,0.13,0.2,0.21,0.19,0.15,0.11,0.07,0.21,0.3,0.14,0.08,0.07,,,,,,2.187520720836463,Cavity,Cavity,Cavity,Cavity,Cavity,Cavity,Cavity,Cavity,Cavity,Cavity,Cavity,Cavity,true,true,true,true,true,true,Lesion 15z16z17 Day 033 AA,Lesion 15z16z17 Day 046 AA,Lesion 15z16z17 Day 060 AA,Lesion 15z16z17 Day 074 AA,Lesion 15z16z17 Day 088 AA,Lesion 15z16z17 Day 102 AA,-4.4565835,8.888928,5,hot
LIN+PRE,BP13,1,-440.82,-365.63,-493.48,-571.41,-607.92,-666.11,-475.0,-391.0,-516.0,-602.0,-616.0,-681.0,145.0,139.83,138.18,121.56,73.05,83.61,0.68,0.97,0.92,1.1,1.02,0.83,0.67,0.95,0.88,1.09,0.95,0.85,0.11,0.12,0.18,0.13,0.27,0.12,1.02,1.24,1.4,1.45,1.69,1.1,0.0,0.0,0.0,0.0,0.0,0.0,0.0,0.0,0.0,0.0,0.0,0.0,0.0,0.0,0.0,0.0,0.0,0.0,0.01,0.01,0.0,0.01,0.01,0.0,0.0,0.01,0.0,0.0,0.0,0.0,0.0,0.0,0.0,0.0,0.0,0.0,0.0,0.01,0.0,0.0,0.0,0.0,0.0,0.0,0.0,0.0,0.0,0.0,,,,,,0.47712125471966244,Fibrotic,Fibrotic,Fibrotic,Fibrotic,Fibrotic,Fibrotic,Fibrotic,Fibrotic,Fibrotic,Fibrotic,Fibrotic,Fibrotic,true,true,true,true,true,true,Lesion 01z02 Day 034 AA,Lesion 01z02 Day 047 AA,Lesion 01z02 Day 060 AA,Lesion 01z02 Day 074 AA,Lesion 01z02 Day 088 AA,Lesion 01z02 Day 102 AA,10.645678,5.964223,7,cool
LIN+PRE,BP13,3,-230.65,-141.77,-174.96,-164.52,-188.6,-192.64,-247.0,-70.0,-112.0,-104.0,-147.0,-161.0,187.49,175.94,199.96,191.02,203.28,210.8,1.12,1.35,1.41,1.0,0.93,0.97,0.88,1.26,1.36,0.95,0.75,0.8,0.7,0.59,0.6,0.34,0.5,0.5,3.74,2.77,2.75,1.77,2.53,2.78,0.04,0.09,0.11,0.02,0.02,0.02,0.04,0.09,0.11,0.02,0.02,0.02,0.02,0.04,0.05,0.0,0.01,0.01,0.19,0.32,0.34,0.18,0.13,0.15,0.18,0.32,0.32,0.18,0.12,0.12,0.0106951871657754,0.032490974729241874,0.04,0.011299435028248588,0.00790513833992095,0.0072992700729927005,0.09,0.08,0.09,0.07,0.06,0.05,0.06,0.15,0.13,0.11,0.07,0.06,,,,,,4.73642040773697,Cavity,Cavity,Cavity,Cavity,Cavity,Cavity,Cavity,Cavity,Cavity,Cavity,Cavity,Cavity,true,true,true,true,true,true,Lesion 03z04z05z06 Day 034 AA,Lesion 03z04z05z06 Day 047 AA,Lesion 03z04z05z06 Day 060 AA,Lesion 03z04z05z06 Day 074 AA,Lesion 03z04z05z06 Day 088 AA,Lesion 03z04z05z06 Day 102 AA,4.0745645,8.682982,6,cool
LIN+PRE,BP13,7,-347.25,-206.13,-299.23,-208.84,-447.36,-465.98,-358.0,-157.0,-293.0,-159.0,-486.0,-504.0,137.71,174.47,159.13,177.04,163.51,152.79,0.63,0.93,0.97,0.62,0.48,0.56,0.6,0.92,0.89,0.57,0.46,0.54,0.21,0.25,0.34,0.18,0.08,0.09,1.38,1.55,1.94,1.5,0.83,0.95,0.0,0.0,0.01,0.0,0.0,0.0,0.0,0.0,0.01,0.0,0.0,0.0,0.0,0.0,0.0,0.0,0.0,0.0,0.06,0.14,0.12,0.14,0.06,0.07,0.05,0.13,0.11,0.13,0.03,0.03,0.0,0.0,0.005154639175257732,0.0,0.0,0.0,0.07,0.07,0.08,0.1,0.06,0.05,0.01,0.07,0.03,0.1,0.01,0.01,,,,,,4.695135679183961,Necrotic,Necrotic,Necrotic,Necrotic,Necrotic,Necrotic,Necrotic,Necrotic,Necrotic,Necrotic,Necrotic,Necrotic,true,true,true,true,true,true,Lesion 07z08 Day 034 AA,Lesion 07z08 Day 047 AA,Lesion 07z08 Day 060 AA,Lesion 07z08 Day 074 AA,Lesion 07z08 Day 088 AA,Lesion 07z08 Day 102 AA,6.282793,7.428074,9,cool
LIN+PRE,BP13,9,-381.17,-135.58,-243.95,-160.56,-280.84,-397.96,-391.0,-77.0,-223.0,-109.0,-283.0,-412.0,136.55,160.41,159.84,162.24,157.27,145.93,0.59,1.18,1.43,0.63,0.44,0.49,0.53,1.13,1.36,0.57,0.41,0.47,0.26,0.38,0.6,0.21,0.13,0.06,1.37,2.17,3.32,1.21,0.83,0.71,0.0,0.07,0.09,0.0,0.0,0.0,0.0,0.07,0.09,0.0,0.0,0.0,0.0,0.0,0.04,0.0,0.0,0.0,0.07,0.36,0.31,0.07,0.04,0.03,0.06,0.35,0.29,0.07,0.03,0.02,0.0,0.03225806451612904,0.02710843373493976,0.0,0.0,0.0,0.09,0.09,0.13,0.04,0.05,0.04,0.01,0.21,0.07,0.07,0.02,0.0,,,,,,3.8634418286137087,Necrotic,Necrotic,Necrotic,Necrotic,Necrotic,Necrotic,Necrotic,Necrotic,Necrotic,Necrotic,Necrotic,Necrotic,true,true,true,true,true,true,Lesion 09z11 Day 034 AA,Lesion 09z11 Day 047 AA,Lesion 09z11 Day 060 AA,Lesion 09z11 Day 074 AA,Lesion 09z11 Day 088 AA,Lesion 09z11 Day 102 AA,3.6157143,9.379819,6,cool
LIN+PRE,BP13,10,-272.45,-190.6,-198.26,-257.79,-281.29,-436.25,-256.0,-163.0,-184.0,-276.0,-310.0,-449.0,149.06,167.6,162.05,169.47,172.59,99.6,1.58,2.06,1.71,1.2,1.19,0.97,1.31,1.91,1.67,1.2,1.12,0.92,0.72,0.74,0.33,0.15,0.38,0.21,3.99,4.11,2.5,1.67,2.17,1.68,0.03,0.07,0.05,0.0,0.01,0.0,0.03,0.07,0.05,0.0,0.01,0.0,0.02,0.04,0.02,0.0,0.0,0.0,0.1,0.19,0.13,0.05,0.04,0.02,0.09,0.18,0.13,0.05,0.04,0.01,0.007025761124121781,0.0170316301703163,0.02040816326530612,0.0,0.004608294930875576,0.0,0.04,0.05,0.04,0.03,0.02,0.01,0.02,0.05,0.03,0.01,0.01,0.0,,,,,,3.220631019448092,Necrotic,Necrotic,Necrotic,Necrotic,Necrotic,Necrotic,Necrotic,Necrotic,Necrotic,Necrotic,Necrotic,Necrotic,false,false,false,false,false,false,Lesion 10 Day 034 AA,Lesion 10 Day 047 AA,Lesion 10 Day 060 AA,Lesion 10 Day 074 AA,Lesion 10 Day 088 AA,Lesion 10 Day 102 AA,3.3345783,6.50114,10,cool
LIN+PRE,BP13,12,-405.07,-167.92,-297.16,-327.34,-283.15,-384.28,-431.0,-135.0,-293.0,-336.0,-299.0,-407.0,177.3,146.61,178.5,182.29,162.39,156.79,0.5,1.05,0.99,0.41,0.36,0.56,0.44,0.98,0.95,0.39,0.33,0.46,0.18,0.25,0.3,0.08,0.08,0.27,1.31,1.8,2.02,0.73,0.71,2.13,0.0,0.01,0.01,0.0,0.0,0.0,0.0,0.01,0.01,0.0,0.0,0.0,0.0,0.0,0.0,0.0,0.0,0.0,0.11,0.22,0.19,0.04,0.02,0.05,0.08,0.22,0.16,0.03,0.02,0.04,0.0,0.005555555555555556,0.0049504950495049506,0.0,0.0,0.0,0.12,0.1,0.11,0.05,0.04,0.06,0.02,0.12,0.05,0.02,0.01,0.01,,,,,,2.569373909615046,Fibrotic,Fibrotic,Fibrotic,Fibrotic,Fibrotic,Fibrotic,Fibrotic,Fibrotic,Fibrotic,Fibrotic,Fibrotic,Fibrotic,true,true,true,true,true,true,Lesion 12z13z15 Day 034 AA,Lesion 12z13z15 Day 047 AA,Lesion 12z13z15 Day 060 AA,Lesion 12z13z15 Day 074 AA,Lesion 12z13z15 Day 088 AA,Lesion 12z13z15 Day 102 AA,5.295778,9.325577,3,cool
LIN+PRE,BP13,14,-372.73,-163.55,-287.93,-299.72,-301.76,-379.35,-398.0,-127.0,-282.0,-307.0,-315.0,-389.0,140.65,150.41,151.48,210.05,165.69,152.83,0.73,1.1,1.16,0.6,0.5,0.55,0.6,1.05,1.04,0.53,0.42,0.5,0.36,0.33,0.47,0.25,0.2,0.16,1.98,2.2,2.6,1.5,1.28,1.12,0.01,0.05,0.07,0.0,0.0,0.0,0.01,0.05,0.07,0.0,0.0,0.0,0.0,0.0,0.02,0.0,0.0,0.0,0.2,0.37,0.33,0.12,0.06,0.07,0.16,0.37,0.31,0.1,0.06,0.05,0.005050505050505051,0.022727272727272728,0.026923076923076925,0.0,0.0,0.0,0.18,0.15,0.19,0.09,0.08,0.08,0.02,0.19,0.06,0.06,0.03,0.01,,,,,,4.632477538541778,Cavity,Cavity,Cavity,Cavity,Cavity,Cavity,Cavity,Cavity,Cavity,Cavity,Cavity,Cavity,true,true,true,true,true,true,Lesion 14z16z17z18 Day 034 AA,Lesion 14z16z17z18 Day 047 AA,Lesion 14z16z17z18 Day 060 AA,Lesion 14z16z17z18 Day 074 AA,Lesion 14z16z17z18 Day 088 AA,Lesion 14z16z17z18 Day 102 AA,-3.2088666,10.415137,5,hot
LIN+PRE,BP13,19,-281.67,-135.38,-174.55,-14.89,-268.2,-319.22,-305.0,-72.0,-127.0,7.0,-265.0,-336.0,198.69,168.29,175.78,105.3,197.33,200.52,0.76,1.34,1.26,0.86,0.76,0.65,0.72,1.4,1.24,0.74,0.75,0.67,0.31,0.52,0.46,0.34,0.34,0.21,1.76,2.78,2.64,2.54,1.85,1.22,0.01,0.25,0.16,0.11,0.0,0.0,0.01,0.25,0.16,0.11,0.0,0.0,0.0,0.06,0.03,0.01,0.0,0.0,0.36,0.82,0.64,1.43,0.13,0.08,0.31,0.8,0.62,1.42,0.12,0.07,0.005681818181818182,0.08992805755395684,0.06060606060606061,0.04330708661417323,0.0,0.0,0.24,0.19,0.21,0.09,0.09,0.07,0.15,0.39,0.27,1.52,0.06,0.03,,,,,,3.30941722577814,Fibrotic,Fibrotic,Fibrotic,Fibrotic,Fibrotic,Fibrotic,Fibrotic,Fibrotic,Fibrotic,Fibrotic,Fibrotic,Fibrotic,true,true,true,true,true,true,Lesion 19z20z21z22z23z24z25z26z27 Day 034 AA,Lesion 19z20z21z22z23z24z25z26z27 Day 047 AA,Lesion 19z20z21z22z23z24z25z26z27 Day 060 AA,Lesion 19z20z21z22z23z24z25z26z27 Day 074 AA,Lesion 19z20z21z22z23z24z25z26z27 Day 088 AA,Lesion 19z20z21z22z23z24z25z26z27 Day 102 AA,-3.8908825,9.726719,5,hot
LIN+PRE,BP13,28,-336.61,-169.8,-213.75,-166.42,-284.05,-136.31,-349.0,-127.0,-198.0,-115.0,-272.0,-86.0,170.05,172.06,173.26,174.94,210.97,179.82,0.64,1.08,1.18,0.79,0.59,0.91,0.62,1.05,1.1,0.75,0.54,0.85,0.2,0.44,0.46,0.3,0.25,0.37,1.17,2.4,2.45,1.49,1.57,2.0,0.0,0.05,0.07,0.0,0.0,0.02,0.0,0.05,0.07,0.0,0.0,0.02,0.0,0.01,0.01,0.0,0.0,0.0,0.12,0.35,0.32,0.14,0.08,0.21,0.1,0.34,0.31,0.14,0.07,0.2,0.0,0.020833333333333336,0.02857142857142857,0.0,0.0,0.01,0.12,0.14,0.14,0.07,0.07,0.08,0.03,0.18,0.11,0.1,0.05,0.14,,,,,,4.926764186660883,Cavity,Cavity,Cavity,Cavity,Cavity,Cavity,Cavity,Cavity,Cavity,Cavity,Cavity,Cavity,true,true,true,true,true,true,Lesion 28z30z31z34z37 Day 034 AA,Lesion 28z30z31z34z37 Day 047 AA,Lesion 28z30z31z34z37 Day 060 AA,Lesion 28z30z31z34z37 Day 074 AA,Lesion 28z30z31z34z37 Day 088 AA,Lesion 28z30z31z34z37 Day 102 AA,-3.028156,10.547322,5,hot
LIN+PRE,BP13,29,-490.39,-240.09,-219.62,-19.04,-258.91,-337.43,-496.0,-224.0,-200.0,-2.0,-234.0,-362.0,111.11,157.44,141.69,98.73,154.99,155.97,0.36,0.78,0.88,0.44,0.44,0.59,0.35,0.77,0.82,0.42,0.42,0.56,0.05,0.1,0.18,0.08,0.07,0.07,0.59,1.06,1.49,0.73,0.6,0.84,0.0,0.0,0.0,0.0,0.0,0.0,0.0,0.0,0.0,0.0,0.0,0.0,0.0,0.0,0.0,0.0,0.0,0.0,0.02,0.05,0.04,0.02,0.02,0.02,0.01,0.05,0.04,0.02,0.01,0.02,0.0,0.0,0.0,0.0,0.0,0.0,0.03,0.04,0.03,0.0,0.02,0.02,0.0,0.02,0.02,0.05,0.01,0.01,,,,,,1.9934362304976116,Fibrotic,Fibrotic,Fibrotic,Fibrotic,Fibrotic,Fibrotic,Fibrotic,Fibrotic,Fibrotic,Fibrotic,Fibrotic,Fibrotic,false,false,false,false,false,false,Lesion 29 Day 034 AA,Lesion 29 Day 047 AA,Lesion 29 Day 060 AA,Lesion 29 Day 074 AA,Lesion 29 Day 088 AA,Lesion 29 Day 102 AA,7.399231,7.5794897,3,cool
LIN+PRE,BP13,32,-290.4,-112.82,-221.9,-191.63,-243.3,-285.43,-303.0,-64.0,-182.0,-122.0,-228.0,-288.0,178.65,150.03,183.6,199.49,188.4,198.23,1.04,1.42,1.56,0.84,0.62,0.77,0.88,1.45,1.5,0.75,0.47,0.64,0.61,0.51,0.7,0.34,0.36,0.35,3.09,2.61,3.5,1.77,1.92,1.93,0.05,0.19,0.2,0.01,0.01,0.01,0.05,0.19,0.2,0.01,0.01,0.01,0.02,0.06,0.11,0.0,0.0,0.0,0.27,0.58,0.59,0.18,0.1,0.15,0.25,0.57,0.55,0.16,0.09,0.13,0.016181229773462785,0.07279693486590039,0.05714285714285715,0.005649717514124294,0.005208333333333334,0.0051813471502590676,0.16,0.12,0.18,0.07,0.08,0.11,0.07,0.28,0.17,0.11,0.06,0.05,,,,,,4.986747108623239,Cavity,Cavity,Cavity,Cavity,Cavity,Cavity,Cavity,Cavity,Cavity,Cavity,Cavity,Cavity,true,true,true,true,true,true,Lesion 32z33z35z39 Day 034 AA,Lesion 32z33z35z39 Day 047 AA,Lesion 32z33z35z39 Day 060 AA,Lesion 32z33z35z39 Day 074 AA,Lesion 32z33z35z39 Day 088 AA,Lesion 32z33z35z39 Day 102 AA,-2.2370963,9.480113,14,hot
LIN+PRE,BP13,36,-663.08,-233.79,-386.63,-485.03,-479.31,-640.43,-665.0,-205.0,-390.0,-512.0,-482.0,-642.0,76.86,159.02,131.72,132.69,71.09,58.95,0.29,0.65,0.69,0.27,0.26,0.37,0.29,0.64,0.7,0.27,0.26,0.37,0.02,0.07,0.1,0.02,0.01,0.01,0.33,0.82,0.89,0.32,0.28,0.41,0.0,0.0,0.0,0.0,0.0,0.0,0.0,0.0,0.0,0.0,0.0,0.0,0.0,0.0,0.0,0.0,0.0,0.0,0.01,0.02,0.02,0.0,0.0,0.0,0.0,0.02,0.02,0.0,0.0,0.0,0.0,0.0,0.0,0.0,0.0,0.0,0.0,0.02,0.02,0.0,0.0,0.0,0.0,0.01,0.0,0.0,0.0,0.0,,,,,,1.8027737252919758,Fibrotic,Fibrotic,Fibrotic,Fibrotic,Fibrotic,Fibrotic,Fibrotic,Fibrotic,Fibrotic,Fibrotic,Fibrotic,Fibrotic,false,false,false,false,false,false,Lesion 36 Day 034 AA,Lesion 36 Day 047 AA,Lesion 36 Day 060 AA,Lesion 36 Day 074 AA,Lesion 36 Day 088 AA,Lesion 36 Day 102 AA,6.9520574,7.3026853,9,cool
LIN+PRE,BP13,38,-402.06,-256.01,-274.16,-330.03,-394.64,-487.89,-393.0,-245.0,-280.0,-360.0,-419.0,-521.0,105.03,164.73,132.32,180.13,130.22,177.58,0.62,1.15,0.92,0.67,0.61,0.71,0.62,1.13,0.91,0.65,0.61,0.69,0.06,0.14,0.11,0.1,0.04,0.07,0.74,1.56,1.17,0.91,0.71,0.91,0.0,0.0,0.0,0.0,0.0,0.0,0.0,0.0,0.0,0.0,0.0,0.0,0.0,0.0,0.0,0.0,0.0,0.0,0.0,0.01,0.01,0.0,0.0,0.01,0.0,0.01,0.01,0.0,0.0,0.0,0.0,0.0,0.0,0.0,0.0,0.0,0.0,0.01,0.01,0.0,0.0,0.0,0.0,0.0,0.0,0.0,0.0,0.0,,,,,,0.47712125471966244,Fibrotic,Fibrotic,Fibrotic,Fibrotic,Fibrotic,Fibrotic,Fibrotic,Fibrotic,Fibrotic,Fibrotic,Fibrotic,Fibrotic,false,false,false,false,false,false,Lesion 38 Day 034 AA,Lesion 38 Day 047 AA,Lesion 38 Day 060 AA,Lesion 38 Day 074 AA,Lesion 38 Day 088 AA,Lesion 38 Day 102 AA,7.315116,5.9220004,8,cool
LIN+PRE,BP14,1,-333.58,-259.23,-319.05,-342.56,-373.47,-322.0,-365.0,-267.0,-333.0,-369.0,-389.0,-348.0,177.69,180.06,166.34,169.15,136.19,175.73,0.86,0.94,1.09,0.56,0.66,0.55,0.84,0.92,1.08,0.55,0.66,0.55,0.15,0.21,0.17,0.07,0.05,0.02,1.19,1.35,1.58,0.8,0.79,0.6,0.0,0.0,0.0,0.0,0.0,0.0,0.0,0.0,0.0,0.0,0.0,0.0,0.0,0.0,0.0,0.0,0.0,0.0,0.03,0.03,0.03,0.01,0.01,0.01,0.02,0.03,0.03,0.01,0.01,0.01,0.0,0.0,0.0,0.0,0.0,0.0,0.02,0.02,0.02,0.01,0.01,0.01,0.0,0.01,0.0,0.0,0.0,0.0,,,,,,2.6830470382388496,Necrotic,Necrotic,Necrotic,Necrotic,Necrotic,Necrotic,Necrotic,Necrotic,Necrotic,Necrotic,Necrotic,Necrotic,true,true,true,true,true,true,Lesion 01z05 Day 034 AA,Lesion 01z05 Day 047 AA,Lesion 01z05 Day 060 AA,Lesion 01z05 Day 074 AA,Lesion 01z05 Day 088 AA,Lesion 01z05 Day 101 AA,6.8353353,5.4561896,9,cool
LIN+PRE,BP14,2,-149.33,-164.74,-154.65,-192.46,-255.17,-249.23,-88.0,-96.0,-86.0,-143.0,-237.0,-237.0,175.7,187.21,181.47,181.5,165.54,162.59,1.37,1.37,1.51,0.79,1.01,0.72,1.34,1.33,1.48,0.8,1.01,0.71,0.31,0.35,0.26,0.1,0.08,0.08,2.06,2.01,2.04,1.08,1.27,0.93,0.01,0.01,0.01,0.0,0.0,0.0,0.01,0.01,0.01,0.0,0.0,0.0,0.0,0.0,0.0,0.0,0.0,0.0,0.05,0.05,0.05,0.02,0.02,0.01,0.05,0.05,0.05,0.02,0.02,0.01,0.0048543689320388345,0.0049751243781094535,0.004901960784313725,0.0,0.0,0.0,0.02,0.02,0.01,0.01,0.01,0.01,0.02,0.02,0.02,0.01,0.0,0.0,,,,,,2.3138672203691533,Necrotic,Necrotic,Necrotic,Necrotic,Necrotic,Necrotic,Necrotic,Necrotic,Necrotic,Necrotic,Necrotic,Necrotic,false,false,false,false,false,false,Lesion 02 Day 034 AA,Lesion 02 Day 047 AA,Lesion 02 Day 060 AA,Lesion 02 Day 074 AA,Lesion 02 Day 088 AA,Lesion 02 Day 101 AA,3.8294804,7.0474896,6,cool
LIN+PRE,BP14,3,-432.46,-417.43,-463.67,-444.1,-535.8,-605.82,-456.0,-445.0,-467.0,-469.0,-540.0,-607.0,135.92,129.07,100.6,86.56,41.22,39.94,0.75,0.71,0.85,0.46,0.73,0.6,0.75,0.7,0.85,0.45,0.72,0.59,0.03,0.04,0.03,0.03,0.04,0.05,0.81,0.84,0.9,0.54,0.82,0.71,0.0,0.0,0.0,0.0,0.0,0.0,0.0,0.0,0.0,0.0,0.0,0.0,0.0,0.0,0.0,0.0,0.0,0.0,0.0,0.0,0.0,0.0,0.0,0.0,0.0,0.0,0.0,0.0,0.0,0.0,0.0,0.0,0.0,0.0,0.0,0.0,0.0,0.0,0.0,0.0,0.0,0.0,0.0,0.0,0.0,0.0,0.0,0.0,,,,,,2.3138672203691533,Necrotic,Necrotic,Necrotic,Necrotic,Necrotic,Necrotic,Necrotic,Necrotic,Necrotic,Necrotic,Necrotic,Necrotic,false,false,false,false,false,false,Lesion 03 Day 034 AA,Lesion 03 Day 047 AA,Lesion 03 Day 060 AA,Lesion 03 Day 074 AA,Lesion 03 Day 088 AA,Lesion 03 Day 101 AA,10.986411,5.9778733,7,cool
LIN+PRE,BP14,4,-521.34,-314.26,-372.8,-428.96,-536.27,-573.65,-541.0,-318.0,-394.0,-443.0,-548.0,-586.0,102.78,137.33,122.7,120.44,86.09,88.83,0.65,0.68,0.72,0.4,0.59,0.53,0.65,0.67,0.71,0.39,0.6,0.52,0.04,0.06,0.06,0.03,0.04,0.03,0.73,0.83,0.91,0.47,0.65,0.62,0.0,0.0,0.0,0.0,0.0,0.0,0.0,0.0,0.0,0.0,0.0,0.0,0.0,0.0,0.0,0.0,0.0,0.0,0.0,0.01,0.01,0.0,0.0,0.0,0.0,0.01,0.01,0.0,0.0,0.0,0.0,0.0,0.0,0.0,0.0,0.0,0.0,0.01,0.01,0.0,0.0,0.0,0.0,0.0,0.0,0.0,0.0,0.0,,,,,,2.4409090820652177,Fibrotic,Fibrotic,Fibrotic,Fibrotic,Fibrotic,Fibrotic,Fibrotic,Fibrotic,Fibrotic,Fibrotic,Fibrotic,Fibrotic,false,false,false,false,false,false,Lesion 04 Day 034 AA,Lesion 04 Day 047 AA,Lesion 04 Day 060 AA,Lesion 04 Day 074 AA,Lesion 04 Day 088 AA,Lesion 04 Day 101 AA,9.651684,7.5478225,8,cool
LIN+PRE,BP14,6,-140.47,-112.04,-112.88,-124.07,-170.1,-199.48,-83.0,-41.0,-43.0,-55.0,-112.0,-174.0,160.77,165.15,177.04,179.36,180.93,178.62,1.79,2.12,1.79,1.27,1.29,1.02,1.76,2.02,1.71,1.2,1.24,0.98,0.52,0.83,0.45,0.52,0.3,0.29,3.06,4.24,2.92,2.74,2.67,1.95,0.19,0.24,0.2,0.08,0.03,0.01,0.19,0.24,0.2,0.08,0.03,0.01,0.09,0.17,0.08,0.02,0.01,0.0,0.48,0.71,0.49,0.31,0.22,0.17,0.47,0.67,0.48,0.29,0.21,0.16,0.06209150326797386,0.056603773584905655,0.06849315068493152,0.029197080291970802,0.011235955056179775,0.005128205128205128,0.12,0.09,0.08,0.08,0.08,0.1,0.15,0.22,0.19,0.15,0.08,0.06,,,,,,3.9448526518532803,Cavity,Cavity,Cavity,Cavity,Cavity,Cavity,Cavity,Cavity,Cavity,Cavity,Cavity,Cavity,false,false,false,false,false,false,Lesion 06 Day 034 AA,Lesion 06 Day 047 AA,Lesion 06 Day 060 AA,Lesion 06 Day 074 AA,Lesion 06 Day 088 AA,Lesion 06 Day 101 AA,0.2959656,9.258938,4,hot
LIN+PRE,BP14,7,-239.33,-206.24,-228.78,-209.89,-256.93,-281.37,-221.0,-178.0,-209.0,-188.0,-242.0,-288.0,171.84,159.18,165.26,178.55,170.05,166.45,1.01,1.41,1.09,0.54,0.76,0.71,0.96,1.3,1.03,0.49,0.74,0.68,0.32,0.62,0.37,0.18,0.13,0.2,1.93,2.71,1.9,1.12,1.22,1.43,0.01,0.06,0.02,0.0,0.0,0.0,0.01,0.06,0.02,0.0,0.0,0.0,0.0,0.03,0.0,0.0,0.0,0.0,0.09,0.19,0.11,0.04,0.04,0.04,0.08,0.18,0.1,0.03,0.03,0.03,0.0051813471502590676,0.02214022140221402,0.010526315789473686,0.0,0.0,0.0,0.06,0.08,0.06,0.04,0.03,0.04,0.03,0.05,0.03,0.02,0.01,0.01,,,,,,2.831549851995756,Necrotic,Necrotic,Necrotic,Necrotic,Necrotic,Necrotic,Necrotic,Necrotic,Necrotic,Necrotic,Necrotic,Necrotic,true,true,true,true,true,true,Lesion 07z08 Day 034 AA,Lesion 07z08 Day 047 AA,Lesion 07z08 Day 060 AA,Lesion 07z08 Day 074 AA,Lesion 07z08 Day 088 AA,Lesion 07z08 Day 101 AA,6.4846587,8.5655,3,cool
LIN+PRE,BP14,9,-194.78,-146.37,-161.8,-178.11,-190.04,-282.13,-154.0,-72.0,-104.0,-136.0,-145.0,-279.0,179.72,171.95,173.87,176.94,172.76,167.95,1.84,2.38,1.87,0.97,1.4,1.16,1.76,2.17,1.72,0.84,1.35,1.08,0.8,1.2,0.83,0.48,0.38,0.45,4.08,5.23,4.33,2.45,2.54,3.11,0.12,0.25,0.17,0.03,0.05,0.02,0.12,0.25,0.17,0.03,0.05,0.02,0.09,0.2,0.1,0.01,0.01,0.01,0.39,0.87,0.51,0.17,0.18,0.13,0.38,0.85,0.49,0.16,0.17,0.12,0.029411764705882353,0.04780114722753346,0.03926096997690531,0.012244897959183673,0.019607843137254905,0.006430868167202573,0.11,0.15,0.13,0.09,0.07,0.08,0.09,0.21,0.14,0.08,0.05,0.02,,,,,,3.34966598409663,Fibrotic,Fibrotic,Fibrotic,Fibrotic,Fibrotic,Fibrotic,Fibrotic,Fibrotic,Fibrotic,Fibrotic,Fibrotic,Fibrotic,true,true,true,true,true,true,Lesion 09z10 Day 034 AA,Lesion 09z10 Day 047 AA,Lesion 09z10 Day 060 AA,Lesion 09z10 Day 074 AA,Lesion 09z10 Day 088 AA,Lesion 09z10 Day 101 AA,-3.3430488,7.194224,0,hot
LIN+PRE,BP14,12,-251.13,-176.72,-221.02,-263.05,-269.76,-302.5,-249.0,-108.0,-195.0,-263.0,-245.0,-306.0,157.27,165.32,171.43,161.34,174.0,145.85,1.09,1.24,1.11,0.53,0.7,0.68,1.08,1.21,1.1,0.47,0.7,0.69,0.21,0.43,0.3,0.15,0.09,0.08,1.57,2.14,1.73,1.0,0.9,0.84,0.0,0.02,0.01,0.0,0.0,0.0,0.0,0.02,0.01,0.0,0.0,0.0,0.0,0.0,0.0,0.0,0.0,0.0,0.06,0.08,0.06,0.02,0.02,0.02,0.05,0.08,0.05,0.02,0.02,0.02,0.0,0.009345794392523364,0.005780346820809249,0.0,0.0,0.0,0.04,0.03,0.03,0.03,0.02,0.02,0.01,0.03,0.02,0.01,0.0,0.0,,,,,,3.085825533520743,Necrotic,Necrotic,Necrotic,Necrotic,Necrotic,Necrotic,Necrotic,Necrotic,Necrotic,Necrotic,Necrotic,Necrotic,false,false,false,false,false,false,Lesion 12 Day 034 AA,Lesion 12 Day 047 AA,Lesion 12 Day 060 AA,Lesion 12 Day 074 AA,Lesion 12 Day 088 AA,Lesion 12 Day 101 AA,5.132803,8.1624155,6,cool
LIN+PRE,BP14,13,-330.2,-271.35,-327.02,-309.45,-336.67,-415.21,-334.0,-265.0,-342.0,-314.0,-336.0,-415.0,130.6,167.97,137.31,139.22,124.1,87.67,0.66,0.82,0.71,0.38,0.66,0.56,0.62,0.71,0.68,0.37,0.65,0.54,0.11,0.27,0.13,0.06,0.05,0.08,1.17,1.77,1.18,0.63,0.78,0.84,0.0,0.0,0.0,0.0,0.0,0.0,0.0,0.0,0.0,0.0,0.0,0.0,0.0,0.0,0.0,0.0,0.0,0.0,0.02,0.03,0.02,0.01,0.01,0.01,0.02,0.02,0.01,0.01,0.01,0.01,0.0,0.0,0.0,0.0,0.0,0.0,0.03,0.02,0.02,0.01,0.01,0.01,0.0,0.01,0.0,0.0,0.0,0.0,,,,,,3.7782959910888336,Fibrotic,Fibrotic,Fibrotic,Fibrotic,Fibrotic,Fibrotic,Fibrotic,Fibrotic,Fibrotic,Fibrotic,Fibrotic,Fibrotic,false,false,false,false,false,false,Lesion 13 Day 034 AA,Lesion 13 Day 047 AA,Lesion 13 Day 060 AA,Lesion 13 Day 074 AA,Lesion 13 Day 088 AA,Lesion 13 Day 101 AA,7.5644817,5.7930255,8,cool
LIN+PRE,BP14,15,-193.29,-152.41,-189.54,-159.18,-172.11,-242.27,-175.0,-84.0,-154.0,-118.0,-119.0,-253.0,179.47,181.41,194.21,185.68,195.06,177.19,1.34,2.05,1.52,0.97,1.12,0.99,1.23,2.06,1.53,0.87,1.08,0.9,0.6,0.97,0.59,0.5,0.39,0.44,2.68,4.52,2.77,2.13,1.97,2.17,0.06,0.13,0.09,0.03,0.02,0.02,0.06,0.13,0.09,0.03,0.02,0.02,0.03,0.1,0.04,0.0,0.0,0.0,0.21,0.4,0.26,0.12,0.11,0.12,0.19,0.38,0.24,0.12,0.11,0.11,0.022388059701492536,0.028761061946902658,0.032490974729241874,0.014084507042253521,0.010152284263959392,0.009216589861751152,0.08,0.08,0.08,0.06,0.05,0.08,0.06,0.1,0.07,0.06,0.05,0.03,,,,,,3.7782959910888336,Cavity,Cavity,Cavity,Cavity,Cavity,Cavity,Cavity,Cavity,Cavity,Cavity,Cavity,Cavity,false,false,false,false,false,false,Lesion 15 Day 034 AA,Lesion 15 Day 047 AA,Lesion 15 Day 060 AA,Lesion 15 Day 074 AA,Lesion 15 Day 088 AA,Lesion 15 Day 101 AA,1.5587726,4.754375,15,hot
LIN+PRE,BP14,16,-371.38,-325.27,-310.52,-359.6,-397.77,-451.47,-375.0,-340.0,-320.0,-370.0,-411.0,-449.0,122.04,150.28,141.33,122.87,120.92,101.65,0.75,0.76,0.82,0.35,0.55,0.55,0.68,0.66,0.78,0.34,0.55,0.55,0.16,0.29,0.2,0.05,0.05,0.06,1.29,1.42,1.36,0.54,0.63,0.69,0.0,0.0,0.0,0.0,0.0,0.0,0.0,0.0,0.0,0.0,0.0,0.0,0.0,0.0,0.0,0.0,0.0,0.0,0.06,0.05,0.06,0.01,0.01,0.02,0.05,0.04,0.05,0.01,0.01,0.01,0.0,0.0,0.0,0.0,0.0,0.0,0.06,0.05,0.06,0.02,0.01,0.02,0.0,0.01,0.01,0.0,0.0,0.0,,,,,,2.2576785748691846,Necrotic,Necrotic,Necrotic,Necrotic,Necrotic,Necrotic,Necrotic,Necrotic,Necrotic,Necrotic,Necrotic,Necrotic,false,false,false,false,false,false,Lesion 16 Day 034 AA,Lesion 16 Day 047 AA,Lesion 16 Day 060 AA,Lesion 16 Day 074 AA,Lesion 16 Day 088 AA,Lesion 16 Day 101 AA,9.234755,6.5000863,8,cool
LIN+PRE,BP14,17,-159.46,-162.58,-140.5,-199.55,-216.68,-282.97,-137.0,-111.0,-109.0,-159.0,-166.0,-286.0,147.17,152.2,160.32,178.28,169.69,137.0,1.18,1.22,1.25,0.56,1.21,1.42,1.14,1.16,1.24,0.56,1.21,1.35,0.31,0.28,0.22,0.08,0.16,0.32,2.54,2.0,1.8,0.75,1.73,2.42,0.0,0.0,0.0,0.0,0.0,0.0,0.0,0.0,0.0,0.0,0.0,0.0,0.0,0.0,0.0,0.0,0.0,0.0,0.02,0.02,0.03,0.01,0.02,0.02,0.02,0.02,0.03,0.01,0.02,0.02,0.0,0.0,0.0,0.0,0.0,0.0,0.01,0.01,0.01,0.01,0.01,0.01,0.01,0.01,0.01,0.01,0.01,0.0,,,,,,2.2576785748691846,Necrotic,Necrotic,Necrotic,Necrotic,Necrotic,Necrotic,Necrotic,Necrotic,Necrotic,Necrotic,Necrotic,Necrotic,false,false,false,false,false,false,Lesion 17 Day 034 AA,Lesion 17 Day 047 AA,Lesion 17 Day 060 AA,Lesion 17 Day 074 AA,Lesion 17 Day 088 AA,Lesion 17 Day 101 AA,5.132752,9.31794,6,cool
LIN+PRE,BP14,18,-319.03,-202.56,-283.74,-284.21,-281.15,-362.0,-318.0,-153.0,-288.0,-283.0,-277.0,-364.0,157.54,178.16,171.62,157.9,156.43,125.33,0.87,1.44,1.18,0.66,0.71,0.64,0.86,1.45,1.19,0.63,0.71,0.64,0.25,0.68,0.41,0.28,0.15,0.15,1.53,3.18,2.12,1.36,1.0,0.97,0.0,0.06,0.03,0.0,0.0,0.0,0.0,0.06,0.03,0.0,0.0,0.0,0.0,0.03,0.0,0.0,0.0,0.0,0.09,0.17,0.14,0.05,0.04,0.05,0.08,0.16,0.12,0.05,0.04,0.04,0.0,0.018867924528301886,0.014150943396226414,0.0,0.0,0.0,0.08,0.06,0.08,0.06,0.04,0.06,0.01,0.05,0.02,0.01,0.01,0.0,,,,,,3.7006777625159746,Necrotic,Necrotic,Necrotic,Necrotic,Necrotic,Necrotic,Necrotic,Necrotic,Necrotic,Necrotic,Necrotic,Necrotic,true,true,true,true,true,true,Lesion 18z19z22 Day 034 AA,Lesion 18z19z22 Day 047 AA,Lesion 18z19z22 Day 060 AA,Lesion 18z19z22 Day 074 AA,Lesion 18z19z22 Day 088 AA,Lesion 18z19z22 Day 101 AA,5.9629364,6.757581,9,cool
LIN+PRE,BP14,20,-233.92,-157.95,-217.03,-224.4,-219.11,-278.97,-211.0,-94.0,-201.0,-199.0,-174.0,-284.0,155.3,155.12,150.31,156.42,142.41,146.69,0.97,1.28,1.22,0.75,0.82,0.82,0.92,1.34,1.23,0.66,0.78,0.73,0.27,0.53,0.4,0.39,0.26,0.34,1.64,2.31,2.08,1.76,1.41,1.73,0.0,0.03,0.02,0.0,0.0,0.0,0.0,0.03,0.02,0.0,0.0,0.0,0.0,0.01,0.0,0.0,0.0,0.0,0.07,0.11,0.1,0.05,0.04,0.06,0.07,0.1,0.1,0.05,0.03,0.06,0.0,0.012987012987012986,0.009615384615384616,0.0,0.0,0.0,0.05,0.04,0.06,0.05,0.03,0.06,0.02,0.04,0.03,0.02,0.01,0.01,,,,,,3.2715395855938034,Necrotic,Necrotic,Necrotic,Necrotic,Necrotic,Necrotic,Necrotic,Necrotic,Necrotic,Necrotic,Necrotic,Necrotic,false,false,false,false,false,false,Lesion 20 Day 034 AA,Lesion 20 Day 047 AA,Lesion 20 Day 060 AA,Lesion 20 Day 074 AA,Lesion 20 Day 088 AA,Lesion 20 Day 101 AA,4.8381295,9.413623,6,cool
LIN+PRE,BP14,21,-284.64,-340.14,-376.43,-315.33,-388.81,-304.46,-297.0,-363.0,-393.0,-341.0,-382.0,-295.0,132.19,145.0,105.93,136.08,149.82,96.74,0.72,0.57,0.58,0.33,0.51,0.5,0.66,0.51,0.56,0.33,0.5,0.51,0.16,0.16,0.11,0.06,0.07,0.07,1.2,1.1,0.91,0.46,0.68,0.7,0.0,0.0,0.0,0.0,0.0,0.0,0.0,0.0,0.0,0.0,0.0,0.0,0.0,0.0,0.0,0.0,0.0,0.0,0.01,0.01,0.01,0.0,0.01,0.0,0.01,0.01,0.01,0.0,0.0,0.0,0.0,0.0,0.0,0.0,0.0,0.0,0.01,0.01,0.01,0.01,0.01,0.01,0.0,0.0,0.0,0.0,0.0,0.0,,,,,,3.2715395855938034,Necrotic,Necrotic,Necrotic,Necrotic,Necrotic,Necrotic,Necrotic,Necrotic,Necrotic,Necrotic,Necrotic,Necrotic,false,false,false,false,false,false,Lesion 21 Day 034 AA,Lesion 21 Day 047 AA,Lesion 21 Day 060 AA,Lesion 21 Day 074 AA,Lesion 21 Day 088 AA,Lesion 21 Day 101 AA,9.644324,6.3432813,8,cool
LIN+PRE,BP14,23,-329.38,-326.5,-328.05,-409.01,-472.07,-393.16,-341.0,-335.0,-327.0,-416.0,-479.0,-391.0,129.16,161.18,116.2,107.84,101.68,91.06,0.92,0.93,0.84,0.42,0.57,0.52,0.9,0.91,0.83,0.42,0.57,0.51,0.06,0.1,0.07,0.04,0.04,0.05,1.09,1.32,1.06,0.5,0.74,0.68,0.0,0.0,0.0,0.0,0.0,0.0,0.0,0.0,0.0,0.0,0.0,0.0,0.0,0.0,0.0,0.0,0.0,0.0,0.0,0.01,0.01,0.0,0.0,0.0,0.0,0.0,0.01,0.0,0.0,0.0,0.0,0.0,0.0,0.0,0.0,0.0,0.01,0.0,0.01,0.0,0.0,0.0,0.0,0.0,0.0,0.0,0.0,0.0,,,,,,3.09725730969342,Necrotic,Necrotic,Necrotic,Necrotic,Necrotic,Necrotic,Necrotic,Necrotic,Necrotic,Necrotic,Necrotic,Necrotic,false,false,false,false,false,false,Lesion 23 Day 034 AA,Lesion 23 Day 047 AA,Lesion 23 Day 060 AA,Lesion 23 Day 074 AA,Lesion 23 Day 088 AA,Lesion 23 Day 101 AA,8.840757,5.3887177,8,cool
LIN+PRE,BP14,24,-342.96,-257.3,-292.84,-328.31,-303.86,-381.46,-351.0,-247.0,-305.0,-331.0,-300.0,-381.0,116.13,159.35,148.69,137.45,139.27,117.19,0.78,0.96,0.84,0.5,0.55,0.57,0.72,0.84,0.8,0.45,0.54,0.53,0.18,0.39,0.2,0.16,0.05,0.11,1.37,1.83,1.31,0.95,0.66,0.82,0.0,0.01,0.0,0.0,0.0,0.0,0.0,0.01,0.0,0.0,0.0,0.0,0.0,0.0,0.0,0.0,0.0,0.0,0.05,0.07,0.06,0.03,0.01,0.02,0.05,0.07,0.05,0.02,0.01,0.02,0.0,0.00546448087431694,0.0,0.0,0.0,0.0,0.06,0.05,0.05,0.05,0.02,0.03,0.0,0.02,0.01,0.0,0.0,0.0,,,,,,3.09725730969342,Necrotic,Necrotic,Necrotic,Necrotic,Necrotic,Necrotic,Necrotic,Necrotic,Necrotic,Necrotic,Necrotic,Necrotic,false,false,false,false,false,false,Lesion 24 Day 034 AA,Lesion 24 Day 047 AA,Lesion 24 Day 060 AA,Lesion 24 Day 074 AA,Lesion 24 Day 088 AA,Lesion 24 Day 101 AA,7.8828726,7.2932096,8,cool
LIN+PRE,BP14,25,-265.92,-354.98,-431.75,-288.26,-411.3,-449.02,-279.0,-355.0,-444.0,-288.0,-421.0,-433.0,128.36,173.77,155.48,126.83,169.54,102.19,0.77,0.54,0.69,0.42,0.62,0.56,0.78,0.54,0.67,0.42,0.63,0.56,0.06,0.07,0.08,0.04,0.04,0.04,0.87,0.72,0.91,0.52,0.68,0.67,0.0,0.0,0.0,0.0,0.0,0.0,0.0,0.0,0.0,0.0,0.0,0.0,0.0,0.0,0.0,0.0,0.0,0.0,0.0,0.0,0.0,0.0,0.0,0.0,0.0,0.0,0.0,0.0,0.0,0.0,0.0,0.0,0.0,0.0,0.0,0.0,0.0,0.0,0.0,0.0,0.0,0.0,0.0,0.0,0.0,0.0,0.0,0.0,,,,,,3.09725730969342,Necrotic,Necrotic,Necrotic,Necrotic,Necrotic,Necrotic,Necrotic,Necrotic,Necrotic,Necrotic,Necrotic,Necrotic,false,false,false,false,false,false,Lesion 25 Day 034 AA,Lesion 25 Day 047 AA,Lesion 25 Day 060 AA,Lesion 25 Day 074 AA,Lesion 25 Day 088 AA,Lesion 25 Day 101 AA,8.810314,4.226386,8,cool
LIN+PRE,BP14,26,-115.81,-109.42,-95.7,-97.96,-133.01,-121.24,-60.0,-41.0,-29.0,-28.0,-70.0,-80.0,158.52,168.66,169.71,175.99,170.97,163.39,2.0,2.81,2.58,1.59,1.51,1.27,1.93,2.63,2.44,1.53,1.52,1.26,0.56,1.14,0.84,0.42,0.19,0.18,3.6,5.73,4.6,2.59,2.06,2.03,0.16,0.25,0.17,0.09,0.1,0.02,0.16,0.25,0.17,0.09,0.1,0.02,0.09,0.2,0.13,0.03,0.0,0.0,0.41,0.81,0.48,0.28,0.29,0.26,0.4,0.77,0.46,0.27,0.27,0.25,0.044444444444444446,0.04363001745200698,0.036956521739130443,0.03474903474903475,0.04854368932038835,0.009852216748768475,0.07,0.08,0.05,0.05,0.07,0.08,0.13,0.19,0.13,0.12,0.11,0.12,,,,,,2.230448921378274,Necrotic,Necrotic,Necrotic,Necrotic,Necrotic,Necrotic,Necrotic,Necrotic,Necrotic,Necrotic,Necrotic,Necrotic,false,false,false,false,false,false,Lesion 26 Day 034 AA,Lesion 26 Day 047 AA,Lesion 26 Day 060 AA,Lesion 26 Day 074 AA,Lesion 26 Day 088 AA,Lesion 26 Day 101 AA,-0.1328408,7.1276665,2,hot
LIN+PRE,BP14,31,-246.44,-224.23,-255.98,-265.38,-315.34,-274.49,-231.0,-177.0,-242.0,-263.0,-311.0,-284.0,154.49,172.26,173.14,176.95,182.15,165.9,0.99,0.98,0.86,0.45,0.62,0.61,0.96,0.92,0.83,0.43,0.6,0.58,0.25,0.39,0.21,0.13,0.1,0.09,1.69,1.84,1.41,1.03,0.91,0.91,0.0,0.02,0.0,0.0,0.0,0.0,0.0,0.02,0.0,0.0,0.0,0.0,0.0,0.0,0.0,0.0,0.0,0.0,0.12,0.13,0.07,0.03,0.03,0.03,0.11,0.12,0.07,0.03,0.03,0.03,0.0,0.010869565217391304,0.0,0.0,0.0,0.0,0.09,0.07,0.06,0.04,0.03,0.04,0.03,0.05,0.02,0.02,0.01,0.01,,,,,,3.9085922388475693,Necrotic,Necrotic,Necrotic,Necrotic,Necrotic,Necrotic,Necrotic,Necrotic,Necrotic,Necrotic,Necrotic,Necrotic,true,true,true,true,true,true,Lesion 31z32z33 Day 034 AA,Lesion 31z32z33 Day 047 AA,Lesion 31z32z33 Day 060 AA,Lesion 31z32z33 Day 074 AA,Lesion 31z32z33 Day 088 AA,Lesion 31z32z33 Day 101 AA,6.53535,7.383671,9,cool
LIN+PRE,BP14,34,-94.95,-79.61,-118.08,-85.99,-121.73,-122.08,-40.0,-14.0,-38.0,-7.0,-40.0,-55.0,143.24,156.76,182.45,181.57,181.7,183.8,1.82,2.33,1.67,1.07,1.33,1.33,1.79,2.21,1.5,1.0,1.39,1.41,0.59,1.03,0.69,0.49,0.4,0.38,3.42,5.36,3.68,2.62,2.2,2.17,0.41,0.63,0.29,0.11,0.16,0.19,0.41,0.63,0.29,0.11,0.16,0.19,0.24,0.48,0.16,0.03,0.01,0.0,1.09,1.93,0.97,0.6,0.53,0.65,1.09,1.91,0.94,0.58,0.51,0.63,0.11988304093567251,0.11753731343283581,0.07880434782608695,0.04198473282442748,0.07272727272727272,0.08755760368663595,0.2,0.22,0.2,0.16,0.13,0.17,0.4,0.59,0.35,0.36,0.25,0.29,,,,,,3.9682026681428497,Necrotic,Necrotic,Necrotic,Necrotic,Necrotic,Necrotic,Necrotic,Necrotic,Necrotic,Necrotic,Necrotic,Necrotic,true,true,true,true,true,true,Lesion 34z35z36z39 Day 034 AA,Lesion 34z35z36z39 Day 047 AA,Lesion 34z35z36z39 Day 060 AA,Lesion 34z35z36z39 Day 074 AA,Lesion 34z35z36z39 Day 088 AA,Lesion 34z35z36z39 Day 101 AA,-4.3365364,7.675452,0,hot
LIN+PRE,BP14,37,-229.49,-170.85,-216.65,-182.83,-222.41,-294.99,-210.0,-97.0,-183.0,-127.0,-199.0,-324.0,157.7,171.8,170.98,184.68,177.56,165.25,1.1,1.16,1.16,0.78,0.86,0.77,1.09,1.08,1.14,0.65,0.85,0.77,0.27,0.47,0.35,0.35,0.16,0.18,1.7,2.15,1.9,1.75,1.24,1.19,0.0,0.02,0.01,0.0,0.0,0.0,0.0,0.02,0.01,0.0,0.0,0.0,0.0,0.0,0.0,0.0,0.0,0.0,0.05,0.08,0.07,0.04,0.03,0.03,0.05,0.08,0.06,0.04,0.03,0.02,0.0,0.009302325581395349,0.005263157894736843,0.0,0.0,0.0,0.03,0.03,0.03,0.03,0.03,0.03,0.01,0.04,0.02,0.02,0.01,0.01,,,,,,2.879955585122749,Necrotic,Necrotic,Necrotic,Necrotic,Necrotic,Necrotic,Necrotic,Necrotic,Necrotic,Necrotic,Necrotic,Necrotic,false,false,false,false,false,false,Lesion 37 Day 034 AA,Lesion 37 Day 047 AA,Lesion 37 Day 060 AA,Lesion 37 Day 074 AA,Lesion 37 Day 088 AA,Lesion 37 Day 101 AA,4.7732635,7.675375,6,cool
LIN+PRE,BP14,38,-199.01,-128.86,-171.88,-195.8,-233.18,-266.54,-177.0,-69.0,-138.0,-174.0,-224.0,-284.0,165.04,168.59,170.43,178.67,180.21,182.15,1.32,1.89,1.48,0.86,1.01,0.92,1.22,1.82,1.36,0.77,0.98,0.89,0.45,0.72,0.56,0.38,0.2,0.27,2.57,3.96,3.1,1.97,1.57,1.75,0.06,0.15,0.08,0.01,0.0,0.0,0.06,0.15,0.08,0.01,0.0,0.0,0.02,0.1,0.04,0.0,0.0,0.0,0.26,0.44,0.29,0.14,0.11,0.14,0.25,0.43,0.28,0.13,0.1,0.12,0.023346303501945526,0.03787878787878788,0.025806451612903226,0.005076142131979696,0.0,0.0,0.12,0.09,0.11,0.09,0.07,0.1,0.07,0.14,0.08,0.06,0.03,0.03,,,,,,3.6711265401955124,Necrotic,Necrotic,Necrotic,Necrotic,Necrotic,Necrotic,Necrotic,Necrotic,Necrotic,Necrotic,Necrotic,Necrotic,true,true,true,true,true,true,Lesion 38z40z42z43 Day 034 AA,Lesion 38z40z42z43 Day 047 AA,Lesion 38z40z42z43 Day 060 AA,Lesion 38z40z42z43 Day 074 AA,Lesion 38z40z42z43 Day 088 AA,Lesion 38z40z42z43 Day 101 AA,1.653166,9.452907,4,hot
LIN+PRE,BP14,41,-256.38,-194.29,-236.2,-225.59,-249.46,-256.28,-273.0,-147.0,-234.0,-212.0,-226.0,-273.0,159.78,182.51,174.11,173.18,176.03,161.49,1.02,1.41,1.05,0.62,0.93,0.77,0.91,1.29,0.99,0.54,0.92,0.72,0.28,0.63,0.33,0.25,0.14,0.24,1.81,2.88,1.77,1.32,1.28,1.3,0.01,0.05,0.01,0.0,0.0,0.0,0.01,0.05,0.01,0.0,0.0,0.0,0.0,0.03,0.0,0.0,0.0,0.0,0.08,0.15,0.09,0.04,0.05,0.04,0.08,0.15,0.09,0.04,0.04,0.04,0.0055248618784530384,0.017361111111111112,0.005649717514124294,0.0,0.0,0.0,0.06,0.06,0.06,0.04,0.03,0.04,0.02,0.05,0.03,0.02,0.01,0.01,,,,,,3.5800121125294244,Necrotic,Necrotic,Necrotic,Necrotic,Necrotic,Necrotic,Necrotic,Necrotic,Necrotic,Necrotic,Necrotic,Necrotic,false,false,false,false,false,false,Lesion 41 Day 034 AA,Lesion 41 Day 047 AA,Lesion 41 Day 060 AA,Lesion 41 Day 074 AA,Lesion 41 Day 088 AA,Lesion 41 Day 101 AA,5.542298,6.558433,9,cool
LIN+PRE,BP14,45,-217.17,-133.69,-183.06,-167.57,-212.5,-247.94,-209.0,-71.0,-158.0,-130.0,-178.0,-272.0,180.06,165.44,173.64,187.58,189.19,186.5,1.1,1.94,1.28,0.89,1.02,0.91,0.92,1.79,1.13,0.75,1.01,0.74,0.48,1.02,0.62,0.51,0.26,0.44,2.62,4.29,3.0,2.5,1.67,2.19,0.04,0.13,0.06,0.03,0.01,0.02,0.04,0.13,0.06,0.03,0.01,0.02,0.02,0.1,0.03,0.01,0.0,0.0,0.22,0.45,0.25,0.16,0.12,0.13,0.21,0.44,0.24,0.16,0.11,0.12,0.015267175572519083,0.030303030303030304,0.02,0.011904761904761904,0.005988023952095809,0.009132420091324202,0.12,0.09,0.11,0.09,0.07,0.09,0.07,0.13,0.08,0.08,0.04,0.04,,,,,,3.5800121125294244,Necrotic,Necrotic,Necrotic,Necrotic,Necrotic,Necrotic,Necrotic,Necrotic,Necrotic,Necrotic,Necrotic,Necrotic,true,true,true,true,true,true,Lesion 45z46z48 Day 034 AA,Lesion 45z46z48 Day 047 AA,Lesion 45z46z48 Day 060 AA,Lesion 45z46z48 Day 074 AA,Lesion 45z46z48 Day 088 AA,Lesion 45z46z48 Day 101 AA,1.4031686,9.571069,4,hot
LIN+PRE,BP14,49,-249.6,-153.42,-189.74,-215.58,-218.72,-309.99,-255.0,-87.0,-171.0,-197.0,-205.0,-324.0,168.88,168.69,177.53,177.46,183.22,165.41,1.04,2.12,1.31,0.8,0.81,0.67,0.99,1.96,1.22,0.72,0.74,0.62,0.29,1.07,0.47,0.34,0.28,0.18,1.96,5.12,2.49,1.71,1.59,1.24,0.01,0.09,0.03,0.0,0.0,0.0,0.01,0.09,0.03,0.0,0.0,0.0,0.0,0.07,0.01,0.0,0.0,0.0,0.08,0.31,0.14,0.07,0.04,0.04,0.07,0.3,0.14,0.07,0.04,0.04,0.005076142131979696,0.017578125,0.012048192771084336,0.0,0.0,0.0,0.05,0.06,0.06,0.06,0.03,0.05,0.02,0.08,0.04,0.03,0.02,0.01,,,,,,3.2420442393695508,Necrotic,Necrotic,Necrotic,Necrotic,Necrotic,Necrotic,Necrotic,Necrotic,Necrotic,Necrotic,Necrotic,Necrotic,false,false,false,false,false,false,Lesion 49 Day 034 AA,Lesion 49 Day 047 AA,Lesion 49 Day 060 AA,Lesion 49 Day 074 AA,Lesion 49 Day 088 AA,Lesion 49 Day 101 AA,2.2572844,8.081924,10,cool
LIN+PRE,BP14,52,-197.69,-160.66,-209.46,-102.32,-176.99,-213.27,-214.0,-102.0,-194.0,-53.0,-124.0,-218.0,174.06,172.76,162.25,166.72,179.03,160.63,0.82,1.25,0.98,0.64,1.04,0.79,0.8,1.03,0.88,0.56,1.08,0.79,0.23,0.65,0.41,0.27,0.15,0.2,1.56,2.97,1.92,1.46,1.24,1.18,0.0,0.02,0.01,0.0,0.0,0.0,0.0,0.02,0.01,0.0,0.0,0.0,0.0,0.01,0.0,0.0,0.0,0.0,0.03,0.06,0.04,0.03,0.02,0.02,0.03,0.06,0.04,0.03,0.02,0.02,0.0,0.006711409395973154,0.005208333333333334,0.0,0.0,0.0,0.02,0.02,0.03,0.02,0.01,0.01,0.01,0.02,0.01,0.02,0.01,0.01,,,,,,2.1089031276673134,Fibrotic,Fibrotic,Fibrotic,Fibrotic,Fibrotic,Fibrotic,Fibrotic,Fibrotic,Fibrotic,Fibrotic,Fibrotic,Fibrotic,false,false,false,false,false,false,Lesion 52 Day 034 AA,Lesion 52 Day 047 AA,Lesion 52 Day 060 AA,Lesion 52 Day 074 AA,Lesion 52 Day 088 AA,Lesion 52 Day 101 AA,3.9449167,7.74057,6,cool
LIN+PRE,BP17,1,-230.68,-168.33,-176.42,-198.5,-275.2,-375.52,-209.0,-134.0,-151.0,-176.0,-287.0,-394.0,161.24,163.26,170.51,184.93,163.69,173.98,1.81,2.42,1.82,0.89,0.78,0.79,1.76,2.25,1.74,0.83,0.73,0.75,0.7,1.31,0.68,0.24,0.19,0.17,3.58,5.49,3.44,1.53,1.39,1.55,0.06,0.09,0.07,0.0,0.0,0.0,0.06,0.09,0.07,0.0,0.0,0.0,0.04,0.07,0.05,0.0,0.0,0.0,0.18,0.31,0.22,0.05,0.04,0.03,0.17,0.3,0.22,0.05,0.04,0.02,0.01675977653631285,0.016393442622950817,0.020348837209302327,0.0,0.0,0.0,0.05,0.06,0.06,0.03,0.03,0.02,0.04,0.07,0.06,0.02,0.01,0.0,,,,,,2.2695129442179165,Fibrotic,Fibrotic,Fibrotic,Fibrotic,Fibrotic,Fibrotic,Fibrotic,Fibrotic,Fibrotic,Fibrotic,Fibrotic,Fibrotic,false,false,false,false,false,false,Lesion 01 Day 034 AA,Lesion 01 Day 047 AA,Lesion 01 Day 060 AA,Lesion 01 Day 074 AA,Lesion 01 Day 088 AA,Lesion 01 Day 102 AA,1.5549622,7.102168,10,cool
LIN+PRE,BP17,2,-407.6,-365.03,-392.62,-523.02,-566.85,-626.53,-422.0,-385.0,-412.0,-521.0,-576.0,-629.0,113.43,133.66,143.62,79.87,82.69,48.71,0.63,0.64,0.69,0.68,0.57,0.61,0.6,0.62,0.68,0.65,0.54,0.59,0.05,0.08,0.08,0.12,0.07,0.06,0.82,0.88,0.93,0.97,0.79,0.81,0.0,0.0,0.0,0.0,0.0,0.0,0.0,0.0,0.0,0.0,0.0,0.0,0.0,0.0,0.0,0.0,0.0,0.0,0.0,0.0,0.0,0.0,0.0,0.0,0.0,0.0,0.0,0.0,0.0,0.0,0.0,0.0,0.0,0.0,0.0,0.0,0.01,0.0,0.0,0.0,0.0,0.0,0.0,0.0,0.0,0.0,0.0,0.0,,,,,,0.47712125471966244,Fibrotic,Fibrotic,Fibrotic,Fibrotic,Fibrotic,Fibrotic,Fibrotic,Fibrotic,Fibrotic,Fibrotic,Fibrotic,Fibrotic,false,false,false,false,false,false,Lesion 02 Day 034 AA,Lesion 02 Day 047 AA,Lesion 02 Day 060 AA,Lesion 02 Day 074 AA,Lesion 02 Day 088 AA,Lesion 02 Day 102 AA,10.3914,6.653047,7,cool
LIN+PRE,BP17,3,-161.3,-147.01,-192.13,-390.62,-467.96,-586.23,-124.0,-79.0,-173.0,-391.0,-474.0,-601.0,137.81,163.42,153.95,155.83,100.96,102.51,2.55,2.33,1.6,0.83,0.77,0.65,2.55,2.22,1.64,0.82,0.76,0.62,0.39,0.95,0.33,0.18,0.1,0.1,3.32,4.52,2.23,1.49,1.01,0.98,0.01,0.05,0.01,0.0,0.0,0.0,0.01,0.05,0.01,0.0,0.0,0.0,0.01,0.04,0.0,0.0,0.0,0.0,0.04,0.14,0.04,0.01,0.01,0.01,0.03,0.14,0.03,0.01,0.01,0.0,0.0031249999999999997,0.011061946902654869,0.004484304932735426,0.0,0.0,0.0,0.01,0.02,0.01,0.01,0.01,0.0,0.01,0.04,0.01,0.0,0.0,0.0,,,,,,1.2041199826559248,Fibrotic,Fibrotic,Fibrotic,Fibrotic,Fibrotic,Fibrotic,Fibrotic,Fibrotic,Fibrotic,Fibrotic,Fibrotic,Fibrotic,false,false,false,false,false,false,Lesion 03 Day 034 AA,Lesion 03 Day 047 AA,Lesion 03 Day 060 AA,Lesion 03 Day 074 AA,Lesion 03 Day 088 AA,Lesion 03 Day 102 AA,2.1950288,7.303223,10,cool
LIN+PRE,BP17,5,-300.97,-205.25,-240.58,-214.64,-304.32,-367.11,-297.0,-180.0,-240.0,-173.0,-304.0,-386.0,127.78,179.7,160.41,173.28,168.13,186.48,1.36,2.42,1.14,0.56,0.55,0.49,1.28,2.47,1.13,0.53,0.52,0.43,0.29,0.56,0.24,0.08,0.1,0.16,2.7,4.5,1.98,0.9,0.91,1.05,0.02,0.08,0.0,0.0,0.0,0.0,0.02,0.08,0.0,0.0,0.0,0.0,0.0,0.06,0.0,0.0,0.0,0.0,0.1,0.2,0.09,0.02,0.02,0.02,0.09,0.19,0.08,0.02,0.02,0.02,0.006369426751592356,0.017777777777777778,0.0,0.0,0.0,0.0,0.06,0.04,0.05,0.02,0.03,0.02,0.01,0.04,0.03,0.02,0.01,0.01,,,,,,1.6127838567197355,Fibrotic,Fibrotic,Fibrotic,Fibrotic,Fibrotic,Fibrotic,Fibrotic,Fibrotic,Fibrotic,Fibrotic,Fibrotic,Fibrotic,false,false,false,false,false,false,Lesion 05 Day 034 AA,Lesion 05 Day 047 AA,Lesion 05 Day 060 AA,Lesion 05 Day 074 AA,Lesion 05 Day 088 AA,Lesion 05 Day 102 AA,2.484966,5.7227464,10,cool
LIN+PRE,BP17,6,-324.93,-93.12,-202.8,-250.06,-307.22,-254.47,-329.0,-47.0,-169.0,-225.0,-317.0,-249.0,168.93,137.17,183.42,195.18,167.23,163.84,1.56,3.32,1.94,0.84,0.7,0.51,1.44,3.24,1.88,0.77,0.65,0.48,0.54,1.4,0.82,0.32,0.23,0.15,3.33,6.43,4.22,2.37,1.79,1.24,0.52,1.25,0.82,0.03,0.01,0.0,0.52,1.25,0.82,0.03,0.01,0.0,0.24,1.1,0.54,0.0,0.0,0.0,1.79,4.64,2.4,0.59,0.47,0.24,1.54,4.62,2.25,0.52,0.39,0.23,0.15615615615615616,0.19440124416796267,0.1943127962085308,0.012658227848101266,0.00558659217877095,0.0,0.74,0.37,0.56,0.34,0.42,0.3,0.21,1.04,0.58,0.27,0.13,0.14,,,,,,3.0969100130080562,Fibrotic,Fibrotic,Fibrotic,Fibrotic,Fibrotic,Fibrotic,Fibrotic,Fibrotic,Fibrotic,Fibrotic,Fibrotic,Fibrotic,true,true,true,true,true,true,Lesion 06z08z09z10 Day 034 AA,Lesion 06z08z09z10 Day 047 AA,Lesion 06z08z09z10 Day 060 AA,Lesion 06z08z09z10 Day 074 AA,Lesion 06z08z09z10 Day 088 AA,Lesion 06z08z09z10 Day 102 AA,-4.8890076,7.0819726,0,hot
LIN+PRE,BP17,7,-407.67,-360.9,-370.01,-429.07,-507.42,-569.16,-424.0,-358.0,-377.0,-438.0,-511.0,-570.0,97.13,107.56,102.95,122.65,69.87,81.4,1.85,1.02,1.28,0.89,0.85,0.86,1.72,0.98,1.2,0.85,0.81,0.86,0.4,0.17,0.31,0.23,0.16,0.19,2.94,1.58,2.4,1.64,1.38,1.3,0.01,0.0,0.0,0.0,0.0,0.0,0.01,0.0,0.0,0.0,0.0,0.0,0.0,0.0,0.0,0.0,0.0,0.0,0.03,0.02,0.02,0.01,0.0,0.0,0.02,0.02,0.02,0.0,0.0,0.0,0.0034013605442176874,0.0,0.0,0.0,0.0,0.0,0.01,0.02,0.02,0.0,0.0,0.0,0.0,0.0,0.0,0.0,0.0,0.0,,,,,,3.0008677215312267,Fibrotic,Fibrotic,Fibrotic,Fibrotic,Fibrotic,Fibrotic,Fibrotic,Fibrotic,Fibrotic,Fibrotic,Fibrotic,Fibrotic,false,false,false,false,false,false,Lesion 07 Day 034 AA,Lesion 07 Day 047 AA,Lesion 07 Day 060 AA,Lesion 07 Day 074 AA,Lesion 07 Day 088 AA,Lesion 07 Day 102 AA,12.167529,7.9360695,7,cool
LIN+PRE,BP17,11,-309.55,-137.48,-138.74,-223.49,-249.21,-300.56,-313.0,-78.0,-82.0,-199.0,-255.0,-305.0,175.01,165.8,168.06,186.07,167.65,182.51,1.22,1.98,1.95,0.89,0.88,0.73,1.0,1.77,1.81,0.85,0.87,0.71,0.52,0.88,0.6,0.19,0.18,0.13,3.22,4.39,3.68,1.54,1.43,1.2,0.02,0.06,0.06,0.0,0.0,0.0,0.02,0.06,0.06,0.0,0.0,0.0,0.01,0.04,0.04,0.0,0.0,0.0,0.09,0.2,0.17,0.06,0.04,0.03,0.07,0.2,0.17,0.05,0.04,0.02,0.006211180124223602,0.01366742596810934,0.016304347826086956,0.0,0.0,0.0,0.04,0.04,0.03,0.03,0.03,0.02,0.02,0.07,0.06,0.03,0.01,0.01,,,,,,1.6720978579357175,Fibrotic,Fibrotic,Fibrotic,Fibrotic,Fibrotic,Fibrotic,Fibrotic,Fibrotic,Fibrotic,Fibrotic,Fibrotic,Fibrotic,false,false,false,false,false,false,Lesion 11 Day 034 AA,Lesion 11 Day 047 AA,Lesion 11 Day 060 AA,Lesion 11 Day 074 AA,Lesion 11 Day 088 AA,Lesion 11 Day 102 AA,2.6518912,8.5593605,6,cool
LIN+PRE,BP17,13,-290.81,-217.62,-204.83,-238.87,-327.91,-369.57,-313.0,-199.0,-193.0,-228.0,-347.0,-384.0,153.79,169.51,173.73,183.76,146.71,120.92,1.44,1.69,1.52,0.69,0.65,0.61,1.22,1.38,1.4,0.66,0.63,0.58,0.71,0.93,0.62,0.18,0.12,0.12,3.35,3.75,3.01,1.27,0.93,1.08,0.03,0.04,0.03,0.0,0.0,0.0,0.03,0.04,0.03,0.0,0.0,0.0,0.02,0.03,0.01,0.0,0.0,0.0,0.1,0.14,0.09,0.02,0.02,0.01,0.09,0.13,0.09,0.02,0.01,0.01,0.008955223880597014,0.010666666666666666,0.009966777408637875,0.0,0.0,0.0,0.05,0.04,0.03,0.02,0.02,0.01,0.02,0.03,0.02,0.01,0.0,0.0,,,,,,1.0413926851582251,Fibrotic,Fibrotic,Fibrotic,Fibrotic,Fibrotic,Fibrotic,Fibrotic,Fibrotic,Fibrotic,Fibrotic,Fibrotic,Fibrotic,false,false,false,false,false,false,Lesion 13 Day 034 AA,Lesion 13 Day 047 AA,Lesion 13 Day 060 AA,Lesion 13 Day 074 AA,Lesion 13 Day 088 AA,Lesion 13 Day 102 AA,5.3856263,5.9843664,9,cool
LIN+PRE,BP17,14,-290.19,-177.81,-216.33,-218.41,-316.25,-298.82,-320.0,-142.0,-205.0,-193.0,-342.0,-317.0,172.44,168.24,182.0,200.21,186.53,151.78,1.61,2.46,1.54,0.86,0.74,0.53,1.31,2.23,1.35,0.72,0.62,0.49,0.75,1.13,0.75,0.4,0.29,0.11,4.8,6.0,4.09,2.24,1.82,1.1,0.14,0.32,0.14,0.03,0.01,0.0,0.14,0.32,0.14,0.03,0.01,0.0,0.08,0.25,0.08,0.0,0.0,0.0,0.55,1.03,0.55,0.21,0.12,0.05,0.51,0.99,0.53,0.2,0.1,0.04,0.02916666666666667,0.05342237061769616,0.03422982885085575,0.01339285714285714,0.005102040816326531,0.0,0.23,0.19,0.19,0.1,0.1,0.06,0.09,0.22,0.15,0.11,0.04,0.02,,,,,,2.409087369447835,Fibrotic,Fibrotic,Fibrotic,Fibrotic,Fibrotic,Fibrotic,Fibrotic,Fibrotic,Fibrotic,Fibrotic,Fibrotic,Fibrotic,true,true,true,true,true,true,Lesion 14z15z16z21 Day 034 AA,Lesion 14z15z16z21 Day 047 AA,Lesion 14z15z16z21 Day 060 AA,Lesion 14z15z16z21 Day 074 AA,Lesion 14z15z16z21 Day 088 AA,Lesion 14z15z16z21 Day 102 AA,-4.4329424,8.255864,5,hot
LIN+PRE,BP17,17,-450.4,-302.64,-396.31,-369.58,-540.1,-587.47,-460.0,-301.0,-403.0,-381.0,-550.0,-599.0,95.42,132.9,115.24,174.2,97.65,100.96,0.89,1.11,0.77,0.52,0.49,0.42,0.85,0.99,0.72,0.5,0.48,0.41,0.23,0.44,0.2,0.11,0.08,0.05,1.56,2.84,1.38,0.82,0.77,0.57,0.0,0.01,0.0,0.0,0.0,0.0,0.0,0.01,0.0,0.0,0.0,0.0,0.0,0.0,0.0,0.0,0.0,0.0,0.04,0.06,0.03,0.01,0.01,0.01,0.03,0.06,0.03,0.01,0.0,0.0,0.0,0.0035211267605633804,0.0,0.0,0.0,0.0,0.03,0.04,0.03,0.01,0.0,0.0,0.0,0.01,0.0,0.0,0.0,0.0,,,,,,0.7781512503836436,Fibrotic,Fibrotic,Fibrotic,Fibrotic,Fibrotic,Fibrotic,Fibrotic,Fibrotic,Fibrotic,Fibrotic,Fibrotic,Fibrotic,true,true,true,true,true,true,Lesion 17z19z22 Day 034 AA,Lesion 17z19z22 Day 047 AA,Lesion 17z19z22 Day 060 AA,Lesion 17z19z22 Day 074 AA,Lesion 17z19z22 Day 088 AA,Lesion 17z19z22 Day 102 AA,10.576234,8.209791,7,cool
LIN+PRE,BP17,20,-356.01,-218.16,-309.38,-255.81,-355.88,-389.71,-378.0,-213.0,-322.0,-253.0,-371.0,-399.0,129.04,155.72,160.37,165.9,115.69,104.27,1.19,1.52,1.11,0.51,0.58,0.39,1.11,1.4,1.07,0.5,0.56,0.38,0.34,0.63,0.41,0.12,0.13,0.06,2.18,3.33,2.1,0.86,0.94,0.58,0.01,0.03,0.01,0.0,0.0,0.0,0.01,0.03,0.01,0.0,0.0,0.0,0.0,0.02,0.0,0.0,0.0,0.0,0.1,0.12,0.07,0.01,0.01,0.01,0.09,0.12,0.06,0.01,0.01,0.0,0.004587155963302752,0.009009009009009009,0.0047619047619047615,0.0,0.0,0.0,0.07,0.05,0.04,0.02,0.02,0.01,0.01,0.03,0.01,0.01,0.0,0.0,,,,,,1.7075701760979363,Fibrotic,Fibrotic,Fibrotic,Fibrotic,Fibrotic,Fibrotic,Fibrotic,Fibrotic,Fibrotic,Fibrotic,Fibrotic,Fibrotic,false,false,false,false,false,false,Lesion 20 Day 034 AA,Lesion 20 Day 047 AA,Lesion 20 Day 060 AA,Lesion 20 Day 074 AA,Lesion 20 Day 088 AA,Lesion 20 Day 102 AA,7.7550983,9.104355,3,cool
LIN+PRE,BP17,23,-298.35,-169.24,-210.09,-265.04,-358.55,-386.76,-309.0,-133.0,-197.0,-261.0,-363.0,-376.0,145.62,164.75,151.67,153.53,137.91,124.7,1.41,1.56,1.29,0.87,0.65,0.69,1.38,1.34,1.29,0.83,0.63,0.66,0.29,0.64,0.24,0.16,0.11,0.17,2.11,3.48,2.15,1.6,1.05,1.29,0.02,0.04,0.01,0.0,0.0,0.0,0.02,0.04,0.01,0.0,0.0,0.0,0.0,0.02,0.0,0.0,0.0,0.0,0.1,0.16,0.08,0.03,0.03,0.02,0.1,0.15,0.08,0.02,0.03,0.02,0.009478672985781991,0.011494252873563218,0.004651162790697674,0.0,0.0,0.0,0.06,0.05,0.04,0.02,0.04,0.02,0.01,0.05,0.02,0.01,0.0,0.0,,,,,,0.9294189257142927,Fibrotic,Fibrotic,Fibrotic,Fibrotic,Fibrotic,Fibrotic,Fibrotic,Fibrotic,Fibrotic,Fibrotic,Fibrotic,Fibrotic,false,false,false,false,false,false,Lesion 23 Day 034 AA,Lesion 23 Day 047 AA,Lesion 23 Day 060 AA,Lesion 23 Day 074 AA,Lesion 23 Day 088 AA,Lesion 23 Day 102 AA,4.5261197,9.066883,6,cool
LIN+PRE,BP17,24,-317.66,-188.9,-225.27,-208.16,-250.15,-240.58,-332.0,-166.0,-225.0,-187.0,-244.0,-263.0,141.46,158.02,166.31,172.56,183.18,161.35,0.89,1.7,0.97,0.46,0.5,0.37,0.83,1.53,0.81,0.44,0.49,0.36,0.21,0.69,0.48,0.11,0.1,0.07,1.86,3.43,2.42,0.78,0.76,0.56,0.0,0.07,0.01,0.0,0.0,0.0,0.0,0.07,0.01,0.0,0.0,0.0,0.0,0.04,0.0,0.0,0.0,0.0,0.06,0.22,0.09,0.01,0.02,0.01,0.06,0.21,0.08,0.01,0.02,0.01,0.0,0.020408163265306124,0.004132231404958678,0.0,0.0,0.0,0.06,0.07,0.05,0.02,0.02,0.02,0.01,0.06,0.03,0.01,0.01,0.01,,,,,,1.3222192947339193,Fibrotic,Fibrotic,Fibrotic,Fibrotic,Fibrotic,Fibrotic,Fibrotic,Fibrotic,Fibrotic,Fibrotic,Fibrotic,Fibrotic,false,false,false,false,false,false,Lesion 24 Day 034 AA,Lesion 24 Day 047 AA,Lesion 24 Day 060 AA,Lesion 24 Day 074 AA,Lesion 24 Day 088 AA,Lesion 24 Day 102 AA,6.0154185,9.696263,3,cool
LIN+PRE,BP17,25,-376.67,-137.79,-256.81,-317.39,-351.24,-356.85,-387.0,-91.0,-258.0,-328.0,-364.0,-371.0,131.88,165.72,167.63,183.72,134.76,141.67,1.19,2.83,1.48,0.56,0.55,0.43,1.13,2.53,1.4,0.53,0.54,0.43,0.36,1.24,0.65,0.15,0.11,0.1,2.63,6.21,3.28,1.04,0.91,0.84,0.04,0.38,0.1,0.0,0.0,0.0,0.04,0.38,0.1,0.0,0.0,0.0,0.01,0.3,0.06,0.0,0.0,0.0,0.28,1.22,0.35,0.07,0.05,0.03,0.22,1.19,0.32,0.05,0.04,0.03,0.015209125475285173,0.061191626409017714,0.030487804878048783,0.0,0.0,0.0,0.17,0.16,0.14,0.07,0.06,0.06,0.01,0.27,0.07,0.03,0.01,0.01,,,,,,2.7730546933642626,Fibrotic,Fibrotic,Fibrotic,Fibrotic,Fibrotic,Fibrotic,Fibrotic,Fibrotic,Fibrotic,Fibrotic,Fibrotic,Fibrotic,true,true,true,true,true,true,Lesion 25z27 Day 034 AA,Lesion 25z27 Day 047 AA,Lesion 25z27 Day 060 AA,Lesion 25z27 Day 074 AA,Lesion 25z27 Day 088 AA,Lesion 25z27 Day 102 AA,-3.0253592,6.9352465,0,hot
LIN+PRE,BP17,28,-353.12,-209.34,-295.81,-301.43,-357.49,-373.29,-351.0,-193.0,-305.0,-298.0,-376.0,-392.0,129.99,155.76,140.17,186.98,124.01,127.31,1.46,2.23,1.46,0.68,0.59,0.38,1.26,2.09,1.31,0.64,0.59,0.35,0.71,1.02,0.73,0.25,0.15,0.09,3.48,4.56,3.38,1.29,0.94,0.72,0.08,0.16,0.07,0.0,0.0,0.0,0.08,0.16,0.07,0.0,0.0,0.0,0.05,0.12,0.04,0.0,0.0,0.0,0.31,0.52,0.25,0.07,0.04,0.03,0.26,0.51,0.24,0.06,0.04,0.02,0.022988505747126436,0.03508771929824562,0.020710059171597635,0.0,0.0,0.0,0.17,0.13,0.13,0.06,0.06,0.06,0.01,0.1,0.03,0.03,0.01,0.01,,,,,,1.9822712330395684,Fibrotic,Fibrotic,Fibrotic,Fibrotic,Fibrotic,Fibrotic,Fibrotic,Fibrotic,Fibrotic,Fibrotic,Fibrotic,Fibrotic,false,false,false,false,false,false,Lesion 28 Day 034 AA,Lesion 28 Day 047 AA,Lesion 28 Day 060 AA,Lesion 28 Day 074 AA,Lesion 28 Day 088 AA,Lesion 28 Day 102 AA,-3.5772736,8.412252,5,hot
BDQ+LIN+PRE,BP18,1,-266.19,-162.31,-149.71,-190.06,-264.46,-371.25,-276.0,-113.0,-81.0,-154.0,-271.0,-378.0,179.1,189.75,176.28,187.27,180.24,120.32,1.12,0.92,3.42,1.86,0.89,0.58,1.01,0.88,2.49,1.48,0.81,0.58,0.37,0.25,2.68,1.08,0.29,0.08,1.89,1.47,10.52,4.9,1.71,0.76,0.01,0.0,0.04,0.02,0.0,0.0,0.01,0.0,0.04,0.02,0.0,0.0,0.0,0.0,0.04,0.02,0.0,0.0,0.04,0.06,0.22,0.09,0.02,0.01,0.04,0.05,0.21,0.08,0.02,0.01,0.005291005291005292,0.0,0.003802281368821293,0.004081632653061224,0.0,0.0,0.02,0.02,0.02,0.02,0.02,0.01,0.01,0.03,0.04,0.02,0.01,0.0,,,,,,0.9542425094393249,Fibrotic,Fibrotic,Fibrotic,Fibrotic,Fibrotic,Fibrotic,Fibrotic,Fibrotic,Fibrotic,Fibrotic,Fibrotic,Fibrotic,false,false,false,false,false,false,Lesion 01 Day 034 AA,Lesion 01 Day 046 AA,Lesion 01 Day 060 AA,Lesion 01 Day 074 AA,Lesion 01 Day 088 AA,Lesion 01 Day 102 AA,4.46157,7.109532,6,cool
BDQ+LIN+PRE,BP18,2,-314.13,-217.12,-221.33,-281.35,-315.6,-441.25,-334.0,-205.0,-201.0,-287.0,-323.0,-448.0,156.4,181.79,176.21,161.54,150.88,165.65,0.97,0.95,2.42,1.04,0.63,0.38,0.89,0.91,1.98,0.95,0.61,0.37,0.33,0.31,1.58,0.36,0.11,0.05,2.32,1.72,9.11,2.93,1.04,0.55,0.0,0.01,0.05,0.0,0.0,0.0,0.0,0.01,0.05,0.0,0.0,0.0,0.0,0.0,0.04,0.0,0.0,0.0,0.04,0.1,0.17,0.04,0.01,0.01,0.03,0.09,0.16,0.04,0.01,0.0,0.0,0.005813953488372093,0.005488474204171241,0.0,0.0,0.0,0.03,0.05,0.04,0.03,0.02,0.01,0.01,0.04,0.03,0.01,0.0,0.0,,,,,,0.6020599913279624,Fibrotic,Fibrotic,Fibrotic,Fibrotic,Fibrotic,Fibrotic,Fibrotic,Fibrotic,Fibrotic,Fibrotic,Fibrotic,Fibrotic,false,false,false,false,false,false,Lesion 02 Day 034 AA,Lesion 02 Day 046 AA,Lesion 02 Day 060 AA,Lesion 02 Day 074 AA,Lesion 02 Day 088 AA,Lesion 02 Day 102 AA,6.4389353,6.35408,9,cool
BDQ+LIN+PRE,BP18,3,-250.68,-253.66,-218.72,-288.49,-330.86,-424.66,-253.0,-264.0,-202.0,-308.0,-339.0,-432.0,167.22,172.79,169.38,160.08,141.4,124.15,1.09,0.71,2.09,1.0,0.7,0.46,1.01,0.65,1.34,0.86,0.68,0.45,0.3,0.2,1.77,0.4,0.13,0.04,1.77,1.25,8.46,2.11,1.01,0.56,0.0,0.0,0.02,0.0,0.0,0.0,0.0,0.0,0.02,0.0,0.0,0.0,0.0,0.0,0.01,0.0,0.0,0.0,0.02,0.03,0.08,0.02,0.01,0.0,0.02,0.02,0.07,0.02,0.01,0.0,0.0,0.0,0.002298850574712644,0.0,0.0,0.0,0.01,0.02,0.02,0.01,0.01,0.01,0.01,0.01,0.01,0.01,0.0,0.0,,,,,,0.47712125471966244,Necrotic,Necrotic,Necrotic,Necrotic,Necrotic,Necrotic,Necrotic,Necrotic,Necrotic,Necrotic,Necrotic,Necrotic,false,false,false,false,false,false,Lesion 03 Day 034 AA,Lesion 03 Day 046 AA,Lesion 03 Day 060 AA,Lesion 03 Day 074 AA,Lesion 03 Day 088 AA,Lesion 03 Day 102 AA,7.0727906,6.012854,9,cool
BDQ+LIN+PRE,BP18,4,-342.55,-298.58,-266.76,-333.48,-387.63,-457.36,-364.0,-326.0,-280.0,-351.0,-406.0,-473.0,128.46,154.11,162.19,124.32,115.88,104.57,1.23,1.05,1.51,2.05,1.87,1.82,1.19,1.05,1.33,1.99,1.85,1.69,0.3,0.3,0.71,0.77,0.5,0.69,2.12,1.68,3.81,3.67,2.82,3.59,0.0,0.0,0.01,0.01,0.0,0.0,0.0,0.0,0.01,0.01,0.0,0.0,0.0,0.0,0.01,0.01,0.0,0.0,0.02,0.04,0.04,0.03,0.01,0.01,0.02,0.04,0.04,0.02,0.01,0.01,0.0,0.0,0.0026246719160104987,0.0027247956403269754,0.0,0.0,0.02,0.03,0.02,0.01,0.01,0.0,0.0,0.01,0.01,0.0,0.0,0.0,,,,,,0.47712125471966244,Fibrotic,Fibrotic,Fibrotic,Fibrotic,Fibrotic,Fibrotic,Fibrotic,Fibrotic,Fibrotic,Fibrotic,Fibrotic,Fibrotic,false,false,false,false,false,false,Lesion 04 Day 034 AA,Lesion 04 Day 046 AA,Lesion 04 Day 060 AA,Lesion 04 Day 074 AA,Lesion 04 Day 088 AA,Lesion 04 Day 102 AA,9.450452,6.2348747,8,cool
BDQ+LIN+PRE,BP18,5,-235.59,-206.53,-181.39,-285.74,-302.89,-325.78,-229.0,-188.0,-157.0,-307.0,-311.0,-336.0,165.53,178.7,151.86,152.43,153.71,139.08,1.78,1.05,2.34,1.25,0.86,0.54,1.63,1.06,1.87,1.11,0.78,0.43,0.82,0.37,1.53,0.57,0.31,0.32,4.65,1.91,7.19,2.94,1.95,2.98,0.13,0.08,0.26,0.09,0.01,0.0,0.13,0.08,0.26,0.09,0.01,0.0,0.08,0.0,0.19,0.04,0.0,0.0,0.43,0.76,0.97,0.37,0.12,0.06,0.41,0.72,0.96,0.35,0.11,0.05,0.027956989247311825,0.041884816753926704,0.036161335187760775,0.030612244897959183,0.005128205128205128,0.0,0.14,0.36,0.21,0.21,0.1,0.08,0.09,0.32,0.2,0.07,0.03,0.02,,,,,,0.7781512503836436,Cavity,Cavity,Cavity,Cavity,Cavity,Cavity,Cavity,Cavity,Cavity,Cavity,Cavity,Cavity,false,false,false,false,false,false,Lesion 05 Day 034 AA,Lesion 05 Day 046 AA,Lesion 05 Day 060 AA,Lesion 05 Day 074 AA,Lesion 05 Day 088 AA,Lesion 05 Day 102 AA,-4.385598,10.487866,5,hot
BDQ+LIN+PRE,BP18,6,-259.89,-197.65,-198.39,-301.82,-282.53,-322.16,-259.0,-189.0,-183.0,-310.0,-295.0,-351.0,168.04,172.57,173.45,184.53,159.93,173.48,1.54,0.93,2.04,0.97,0.63,0.41,1.33,0.85,1.69,0.86,0.62,0.4,0.76,0.31,1.19,0.35,0.11,0.07,3.69,1.88,6.01,2.31,0.94,0.68,0.04,0.02,0.09,0.01,0.0,0.0,0.04,0.02,0.09,0.01,0.0,0.0,0.03,0.0,0.06,0.0,0.0,0.0,0.15,0.23,0.31,0.11,0.03,0.02,0.14,0.22,0.3,0.1,0.03,0.02,0.01084010840108401,0.010638297872340427,0.014975041597337771,0.004329004329004329,0.0,0.0,0.06,0.13,0.07,0.08,0.03,0.03,0.03,0.11,0.06,0.03,0.01,0.01,,,,,,0.47712125471966244,Fibrotic,Fibrotic,Fibrotic,Fibrotic,Fibrotic,Fibrotic,Fibrotic,Fibrotic,Fibrotic,Fibrotic,Fibrotic,Fibrotic,false,false,false,false,false,false,Lesion 06 Day 034 AA,Lesion 06 Day 046 AA,Lesion 06 Day 060 AA,Lesion 06 Day 074 AA,Lesion 06 Day 088 AA,Lesion 06 Day 102 AA,5.3096943,8.445897,5,hot
BDQ+LIN+PRE,BP18,7,-74.36,-15.95,-59.96,-6.86,-133.72,-129.99,-7.0,24.0,9.0,17.0,-66.0,-62.0,161.77,120.92,151.96,102.57,192.86,178.24,2.59,1.83,4.35,3.47,2.26,3.35,2.6,1.88,3.79,3.53,2.16,3.46,0.96,0.44,2.58,0.68,0.62,1.37,5.02,2.63,10.34,4.67,3.65,5.82,0.09,0.07,0.12,0.12,0.08,0.08,0.09,0.07,0.12,0.12,0.08,0.08,0.08,0.04,0.1,0.12,0.05,0.07,0.29,0.18,0.57,0.42,0.19,0.32,0.28,0.18,0.56,0.41,0.18,0.32,0.017928286852589643,0.02661596958174905,0.01160541586073501,0.02569593147751606,0.021917808219178082,0.013793103448275864,0.03,0.01,0.03,0.01,0.03,0.03,0.09,0.08,0.1,0.11,0.05,0.06,,,,,,0.7781512503836436,Fibrotic,Fibrotic,Fibrotic,Fibrotic,Fibrotic,Fibrotic,Fibrotic,Fibrotic,Fibrotic,Fibrotic,Fibrotic,Fibrotic,false,false,false,false,false,false,Lesion 07 Day 034 AA,Lesion 07 Day 046 AA,Lesion 07 Day 060 AA,Lesion 07 Day 074 AA,Lesion 07 Day 088 AA,Lesion 07 Day 102 AA,1.9048662,10.527322,4,hot
BDQ+LIN+PRE,BP18,8,-348.33,-273.72,-221.4,-297.25,-313.43,-354.24,-360.0,-286.0,-205.0,-315.0,-312.0,-352.0,128.14,154.56,162.77,151.8,152.31,133.58,1.11,0.71,2.99,1.12,0.77,0.36,1.04,0.65,2.33,0.9,0.72,0.32,0.39,0.18,2.09,0.6,0.27,0.1,2.07,1.18,8.66,3.03,1.43,0.76,0.0,0.0,0.05,0.01,0.0,0.0,0.0,0.0,0.05,0.01,0.0,0.0,0.0,0.0,0.05,0.01,0.0,0.0,0.03,0.07,0.24,0.06,0.02,0.01,0.02,0.07,0.23,0.06,0.02,0.01,0.0,0.0,0.005773672055427252,0.003300330033003301,0.0,0.0,0.02,0.07,0.04,0.04,0.02,0.02,0.0,0.03,0.03,0.01,0.01,0.0,,,,,,0.47712125471966244,Fibrotic,Fibrotic,Fibrotic,Fibrotic,Fibrotic,Fibrotic,Fibrotic,Fibrotic,Fibrotic,Fibrotic,Fibrotic,Fibrotic,false,false,false,false,false,false,Lesion 08 Day 034 AA,Lesion 08 Day 046 AA,Lesion 08 Day 060 AA,Lesion 08 Day 074 AA,Lesion 08 Day 088 AA,Lesion 08 Day 102 AA,7.6932445,7.8771544,3,cool
BDQ+LIN+PRE,BP18,9,-223.16,-162.93,-152.14,-210.08,-306.67,-349.76,-216.0,-97.0,-78.0,-183.0,-310.0,-361.0,177.11,197.57,200.82,186.15,185.06,188.32,1.36,1.05,3.58,1.32,0.74,0.67,1.32,1.02,2.69,1.14,0.73,0.61,0.3,0.16,2.3,0.52,0.14,0.17,2.03,1.55,9.62,3.05,1.24,1.15,0.02,0.0,0.08,0.02,0.0,0.0,0.02,0.0,0.08,0.02,0.0,0.0,0.0,0.0,0.06,0.01,0.0,0.0,0.09,0.09,0.33,0.08,0.02,0.02,0.08,0.08,0.31,0.07,0.02,0.01,0.009852216748768475,0.0,0.008316008316008316,0.006557377049180329,0.0,0.0,0.03,0.03,0.03,0.03,0.02,0.01,0.03,0.05,0.06,0.03,0.01,0.0,,,,,,0.47712125471966244,Necrotic,Necrotic,Necrotic,Necrotic,Necrotic,Necrotic,Necrotic,Necrotic,Necrotic,Necrotic,Necrotic,Necrotic,false,false,false,false,false,false,Lesion 09 Day 034 AA,Lesion 09 Day 046 AA,Lesion 09 Day 060 AA,Lesion 09 Day 074 AA,Lesion 09 Day 088 AA,Lesion 09 Day 102 AA,4.3726444,6.81919,6,cool
BDQ+LIN+PRE,BP18,10,-244.34,-249.4,-189.84,-229.7,-309.99,-327.85,-275.0,-236.0,-129.0,-201.0,-305.0,-323.0,192.38,182.5,167.63,148.54,144.72,142.71,1.12,0.63,2.38,1.12,0.67,0.45,1.11,0.57,1.33,0.86,0.62,0.44,0.26,0.16,2.2,0.6,0.14,0.04,1.69,1.02,9.76,3.26,1.2,0.53,0.0,0.0,0.01,0.0,0.0,0.0,0.0,0.0,0.01,0.0,0.0,0.0,0.0,0.0,0.01,0.0,0.0,0.0,0.04,0.02,0.07,0.02,0.01,0.0,0.03,0.02,0.07,0.02,0.01,0.0,0.0,0.0,0.0010245901639344263,0.0,0.0,0.0,0.02,0.02,0.01,0.01,0.01,0.01,0.01,0.01,0.02,0.01,0.0,0.0,,,,,,0.9542425094393249,Cavity,Cavity,Cavity,Cavity,Cavity,Cavity,Cavity,Cavity,Cavity,Cavity,Cavity,Cavity,false,false,false,false,false,false,Lesion 10 Day 034 AA,Lesion 10 Day 046 AA,Lesion 10 Day 060 AA,Lesion 10 Day 074 AA,Lesion 10 Day 088 AA,Lesion 10 Day 102 AA,6.6877785,5.635372,9,cool
BDQ+LIN+PRE,BP18,11,-195.55,-132.61,-125.19,-159.92,-210.85,-247.85,-189.0,-56.0,-41.0,-74.0,-187.0,-226.0,166.94,176.43,194.86,207.1,199.44,205.81,1.74,1.3,4.67,2.25,1.02,0.63,1.47,1.31,3.75,1.81,0.87,0.63,0.85,0.5,3.28,1.53,0.48,0.17,4.77,2.49,14.32,8.02,2.78,1.0,0.16,0.18,0.31,0.15,0.02,0.0,0.16,0.18,0.31,0.15,0.02,0.0,0.1,0.05,0.28,0.11,0.01,0.0,0.59,0.63,1.75,0.56,0.12,0.05,0.57,0.61,1.67,0.53,0.11,0.05,0.033542976939203356,0.07228915662650602,0.021648044692737428,0.018703241895261846,0.007194244604316547,0.0,0.18,0.15,0.09,0.08,0.05,0.04,0.14,0.31,0.26,0.15,0.05,0.03,,,,,,0.7781512503836436,Fibrotic,Fibrotic,Fibrotic,Fibrotic,Fibrotic,Fibrotic,Fibrotic,Fibrotic,Fibrotic,Fibrotic,Fibrotic,Fibrotic,false,false,false,false,false,false,Lesion 11 Day 034 AA,Lesion 11 Day 046 AA,Lesion 11 Day 060 AA,Lesion 11 Day 074 AA,Lesion 11 Day 088 AA,Lesion 11 Day 102 AA,-3.526402,9.833127,5,hot
BDQ+LIN+PRE,BP18,12,-251.4,-133.44,-117.54,-207.86,-248.91,-323.68,-254.0,-71.0,-58.0,-197.0,-252.0,-331.0,156.91,179.24,168.25,175.28,162.14,168.5,1.8,1.31,4.79,1.91,1.21,0.75,1.59,1.27,4.45,1.58,1.13,0.64,0.78,0.51,2.57,1.15,0.43,0.39,5.09,2.67,12.15,7.39,2.53,2.99,0.33,0.56,1.08,0.47,0.11,0.02,0.33,0.56,1.08,0.47,0.11,0.02,0.18,0.17,1.0,0.31,0.03,0.01,1.05,2.0,5.65,1.68,0.56,0.3,1.02,1.93,5.58,1.61,0.53,0.26,0.06483300589390963,0.20973782771535582,0.08888888888888889,0.06359945872801083,0.04347826086956522,0.006688963210702341,0.39,0.5,0.35,0.5,0.31,0.26,0.18,0.96,0.8,0.38,0.13,0.08,,,,,,1.1760912590556813,Cavity,Cavity,Cavity,Cavity,Cavity,Cavity,Cavity,Cavity,Cavity,Cavity,Cavity,Cavity,true,true,true,true,true,true,Lesion 12z13 Day 034 AA,Lesion 12z13 Day 046 AA,Lesion 12z13 Day 060 AA,Lesion 12z13 Day 074 AA,Lesion 12z13 Day 088 AA,Lesion 12z13 Day 102 AA,-5.681035,9.131507,5,hot
BDQ+LIN+PRE,BP18,14,-365.98,-288.52,-250.6,-287.3,-325.08,-354.89,-389.0,-302.0,-246.0,-308.0,-335.0,-368.0,118.25,144.19,166.03,145.07,135.68,119.51,0.9,0.52,1.79,1.02,0.85,0.53,0.87,0.5,1.3,0.87,0.84,0.51,0.2,0.14,1.35,0.5,0.21,0.15,1.36,0.87,5.82,2.16,1.27,1.06,0.0,0.0,0.02,0.01,0.0,0.0,0.0,0.0,0.02,0.01,0.0,0.0,0.0,0.0,0.01,0.0,0.0,0.0,0.03,0.02,0.07,0.03,0.01,0.01,0.02,0.02,0.07,0.03,0.01,0.01,0.0,0.0,0.003436426116838488,0.004629629629629629,0.0,0.0,0.02,0.03,0.02,0.02,0.01,0.01,0.0,0.01,0.01,0.01,0.0,0.0,,,,,,0.7781512503836436,Necrotic,Necrotic,Necrotic,Necrotic,Necrotic,Necrotic,Necrotic,Necrotic,Necrotic,Necrotic,Necrotic,Necrotic,false,false,false,false,false,false,Lesion 14 Day 034 AA,Lesion 14 Day 046 AA,Lesion 14 Day 060 AA,Lesion 14 Day 074 AA,Lesion 14 Day 088 AA,Lesion 14 Day 102 AA,8.475437,7.4361353,8,cool
BDQ+OPC,BP19,1,-110.11,-103.51,-119.29,-181.83,-193.67,-192.19,-34.0,-39.0,-61.0,-147.0,-142.0,-159.0,160.91,166.8,170.54,196.42,199.47,190.55,2.31,2.86,2.63,1.2,1.56,0.91,1.9,2.62,2.47,1.01,1.58,0.89,1.4,1.32,1.2,0.62,0.57,0.31,6.56,7.67,6.09,3.14,3.17,1.72,,,,,,,0.3,0.7,0.52,0.11,0.15,0.01,0.23,0.56,0.42,0.05,0.06,0.0,1.13,2.38,1.75,0.49,0.46,0.24,1.12,2.35,1.69,0.46,0.42,0.22,4.0,11.190476190476192,5.121212121212121,1.9166666666666667,1.2727272727272727,1.3125,0.16,0.26,0.21,0.17,0.11,0.11,0.36,0.56,0.43,0.21,0.15,0.12,2.53,2.53,2.53,2.53,2.53,2.53,Cavity,Cavity,Cavity,Cavity,Cavity,Cavity,Cavity,Cavity,Cavity,Cavity,Cavity,Cavity,false,false,false,false,false,false,Lesion 01 Day 034 AA,Lesion 01 Day 047 AA,Lesion 01 Day 062 AA,Lesion 01 Day 075 AA,Lesion 01 Day 091 AA,Lesion 01 Day 103 AA,-4.2254524,7.3198466,0,hot
BDQ+OPC,BP19,2,-459.34,-446.83,-584.29,-398.0,-621.72,-597.96,-473.0,-463.0,-586.0,-399.0,-622.0,-592.0,106.21,127.77,76.58,93.19,88.96,92.23,0.63,0.68,0.56,0.37,0.57,0.4,0.64,0.67,0.55,0.36,0.56,0.39,0.05,0.05,0.04,0.04,0.07,0.03,0.73,0.82,0.7,0.55,0.81,0.5,,,,,,,0.0,0.0,0.0,0.0,0.0,0.0,0.0,0.0,0.0,0.0,0.0,0.0,0.01,0.02,0.01,0.03,0.03,0.02,0.01,0.02,0.0,0.03,0.0,0.0,0.03571428571428571,0.09523809523809525,0.0,0.125,0.0,0.0,0.01,0.02,0.0,0.07,0.01,0.01,0.0,0.0,0.0,0.0,0.0,0.0,0.78,0.78,0.78,0.78,0.78,0.78,Fibrotic,Fibrotic,Fibrotic,Fibrotic,Fibrotic,Fibrotic,Fibrotic,Fibrotic,Fibrotic,Fibrotic,Fibrotic,Fibrotic,false,false,false,false,false,false,Lesion 02 Day 034 AA,Lesion 02 Day 047 AA,Lesion 02 Day 062 AA,Lesion 02 Day 075 AA,Lesion 02 Day 091 AA,Lesion 02 Day 103 AA,11.401051,5.7273955,7,cool
BDQ+OPC,BP19,3,-284.32,-324.25,-367.77,-435.98,-345.19,-571.13,-301.0,-349.0,-402.0,-461.0,-357.0,-608.0,120.53,134.43,158.39,170.51,156.13,158.93,1.08,0.96,0.97,0.52,1.56,1.02,0.99,0.97,0.94,0.52,1.51,0.99,0.32,0.11,0.24,0.11,0.27,0.3,2.0,1.2,1.67,0.8,2.13,1.7,,,,,,,0.0,0.0,0.0,0.0,0.0,0.0,0.0,0.0,0.0,0.0,0.0,0.0,0.02,0.01,0.01,0.0,0.01,0.01,0.02,0.01,0.01,0.0,0.01,0.0,0.07142857142857142,0.04761904761904762,0.030303030303030304,0.0,0.030303030303030304,0.0,0.02,0.01,0.0,0.0,0.0,0.0,0.0,0.0,0.0,0.0,0.0,0.0,1.82,1.82,1.82,1.82,1.82,1.82,Cavity,Cavity,Cavity,Cavity,Cavity,Cavity,Cavity,Cavity,Cavity,Cavity,Cavity,Cavity,false,false,false,false,false,false,Lesion 03 Day 034 AA,Lesion 03 Day 047 AA,Lesion 03 Day 062 AA,Lesion 03 Day 075 AA,Lesion 03 Day 091 AA,Lesion 03 Day 103 AA,10.3351345,7.3670955,7,cool
BDQ+OPC,BP19,4,-283.76,-238.4,-242.45,-266.87,-339.22,-340.75,-287.0,-236.0,-227.0,-280.0,-335.0,-349.0,162.35,178.79,164.26,153.55,187.88,177.62,1.41,1.61,1.22,0.59,0.58,0.4,1.23,1.41,1.06,0.49,0.54,0.37,0.66,0.94,0.68,0.26,0.16,0.1,3.27,4.44,3.81,1.65,1.61,1.04,,,,,,,0.1,0.17,0.1,0.0,0.0,0.0,0.05,0.12,0.04,0.0,0.0,0.0,0.39,0.6,0.41,0.14,0.07,0.05,0.37,0.58,0.38,0.13,0.05,0.04,1.3214285714285714,2.761904761904762,1.1515151515151514,0.5416666666666667,0.15151515151515152,0.25,0.19,0.21,0.22,0.17,0.07,0.08,0.08,0.14,0.11,0.06,0.02,0.02,1.59,1.59,1.59,1.59,1.59,1.59,Fibrotic,Fibrotic,Fibrotic,Fibrotic,Fibrotic,Fibrotic,Fibrotic,Fibrotic,Fibrotic,Fibrotic,Fibrotic,Fibrotic,true,true,true,true,true,true,Lesion 04z05 Day 034 AA,Lesion 04z05 Day 047 AA,Lesion 04z05 Day 062 AA,Lesion 04z05 Day 075 AA,Lesion 04z05 Day 091 AA,Lesion 04z05 Day 103 AA,-3.9919481,10.880433,5,hot
BDQ+OPC,BP19,6,-53.92,-87.64,-69.79,-131.74,-183.15,-196.46,-41.0,-57.0,-22.0,-79.0,-167.0,-193.0,108.38,115.8,134.98,167.16,167.09,164.87,2.11,1.95,1.97,0.96,1.9,1.7,2.11,1.8,2.02,0.96,1.97,1.78,0.43,0.76,0.46,0.14,0.34,0.27,3.16,3.79,3.03,1.39,2.65,2.08,,,,,,,0.04,0.05,0.06,0.0,0.04,0.05,0.03,0.03,0.04,0.0,0.02,0.0,0.1,0.16,0.15,0.05,0.09,0.12,0.1,0.16,0.15,0.05,0.09,0.11,0.35714285714285715,0.761904761904762,0.45454545454545453,0.20833333333333334,0.2727272727272727,0.6875,0.01,0.02,0.02,0.02,0.02,0.03,0.04,0.06,0.06,0.03,0.03,0.03,0.8,0.8,0.8,0.8,0.8,0.8,Cavity,Cavity,Cavity,Cavity,Cavity,Cavity,Cavity,Cavity,Cavity,Cavity,Cavity,Cavity,false,false,false,false,false,false,Lesion 06 Day 034 AA,Lesion 06 Day 047 AA,Lesion 06 Day 062 AA,Lesion 06 Day 075 AA,Lesion 06 Day 091 AA,Lesion 06 Day 103 AA,1.9969741,11.100932,4,hot
BDQ+OPC,BP19,7,-300.42,-262.7,-236.95,-315.96,-304.37,-349.98,-308.0,-269.0,-236.0,-339.0,-324.0,-374.0,128.5,147.97,157.61,149.81,154.02,148.88,0.91,1.29,1.17,0.37,0.58,0.44,0.85,1.17,1.18,0.36,0.52,0.42,0.25,0.6,0.39,0.1,0.16,0.07,1.56,2.67,2.14,0.78,1.17,0.67,,,,,,,0.0,0.07,0.05,0.0,0.0,0.0,0.0,0.03,0.0,0.0,0.0,0.0,0.1,0.24,0.29,0.03,0.03,0.03,0.09,0.23,0.28,0.03,0.03,0.02,0.3214285714285714,1.0952380952380953,0.8484848484848485,0.125,0.0909090909090909,0.125,0.09,0.13,0.15,0.06,0.04,0.04,0.02,0.05,0.08,0.01,0.01,0.01,0.78,0.78,0.78,0.78,0.78,0.78,Necrotic,Necrotic,Necrotic,Necrotic,Necrotic,Necrotic,Necrotic,Necrotic,Necrotic,Necrotic,Necrotic,Necrotic,false,false,false,false,false,false,Lesion 07 Day 034 AA,Lesion 07 Day 047 AA,Lesion 07 Day 062 AA,Lesion 07 Day 075 AA,Lesion 07 Day 091 AA,Lesion 07 Day 103 AA,6.9850965,8.837503,3,cool
BDQ+OPC,BP19,8,-255.41,-208.87,-281.97,-315.12,-300.48,-299.54,-273.0,-189.0,-283.0,-330.0,-312.0,-306.0,169.4,166.67,156.39,147.56,146.81,156.04,0.95,1.56,1.01,0.51,0.74,0.55,0.9,1.28,0.79,0.4,0.66,0.5,0.27,0.85,0.58,0.27,0.3,0.22,2.07,4.73,3.61,1.49,2.13,1.37,,,,,,,0.01,0.15,0.04,0.0,0.01,0.0,0.0,0.09,0.02,0.0,0.0,0.0,0.31,0.62,0.3,0.08,0.11,0.09,0.29,0.6,0.28,0.07,0.11,0.08,1.0357142857142856,2.857142857142857,0.8484848484848485,0.2916666666666667,0.3333333333333333,0.5,0.21,0.21,0.2,0.12,0.11,0.12,0.1,0.17,0.07,0.03,0.03,0.03,0.78,0.78,0.78,0.78,0.78,0.78,Cavity,Cavity,Cavity,Cavity,Cavity,Cavity,Cavity,Cavity,Cavity,Cavity,Cavity,Cavity,false,false,false,false,false,false,Lesion 08 Day 034 AA,Lesion 08 Day 047 AA,Lesion 08 Day 062 AA,Lesion 08 Day 075 AA,Lesion 08 Day 091 AA,Lesion 08 Day 103 AA,-4.2205505,10.742318,5,hot
BDQ+OPC,BP19,9,-77.16,-120.66,-167.94,-433.22,-312.84,-380.44,-55.0,-96.0,-142.0,-440.0,-327.0,-371.0,105.39,119.6,153.49,134.2,144.63,107.35,1.07,1.06,0.81,0.28,0.63,0.36,1.05,1.03,0.8,0.27,0.64,0.34,0.15,0.22,0.13,0.04,0.08,0.05,1.65,1.55,1.2,0.44,0.8,0.52,,,,,,,0.0,0.0,0.0,0.0,0.0,0.0,0.0,0.0,0.0,0.0,0.0,0.0,0.06,0.03,0.02,0.0,0.01,0.0,0.06,0.03,0.02,0.0,0.0,0.0,0.21428571428571425,0.14285714285714285,0.06060606060606061,0.0,0.0,0.0,0.01,0.01,0.01,0.01,0.01,0.01,0.04,0.02,0.01,0.0,0.0,0.0,2.82,2.82,2.82,2.82,2.82,2.82,Necrotic,Necrotic,Necrotic,Necrotic,Necrotic,Necrotic,Necrotic,Necrotic,Necrotic,Necrotic,Necrotic,Necrotic,false,false,false,false,false,false,Lesion 09 Day 034 AA,Lesion 09 Day 047 AA,Lesion 09 Day 062 AA,Lesion 09 Day 075 AA,Lesion 09 Day 091 AA,Lesion 09 Day 103 AA,4.183993,10.947182,4,hot
BDQ+OPC,BP19,10,-255.7,-188.27,-186.84,-196.68,-156.96,-217.05,-281.0,-172.0,-152.0,-157.0,-116.0,-192.0,168.07,169.65,156.34,174.99,174.07,195.36,1.38,1.48,1.67,0.99,1.21,0.85,1.42,1.12,1.4,0.8,1.04,0.77,0.37,0.99,1.17,0.65,0.64,0.41,2.66,4.62,4.74,2.87,3.33,2.23,,,,,,,0.05,0.08,0.08,0.03,0.04,0.01,0.01,0.05,0.06,0.01,0.02,0.0,0.17,0.31,0.28,0.13,0.17,0.1,0.16,0.3,0.28,0.12,0.16,0.1,0.5714285714285714,1.4285714285714286,0.8484848484848485,0.5,0.48484848484848486,0.625,0.07,0.11,0.09,0.06,0.06,0.06,0.04,0.09,0.08,0.06,0.08,0.05,1.36,1.36,1.36,1.36,1.36,1.36,Cavity,Cavity,Cavity,Cavity,Cavity,Cavity,Cavity,Cavity,Cavity,Cavity,Cavity,Cavity,false,false,false,false,false,false,Lesion 10 Day 034 AA,Lesion 10 Day 047 AA,Lesion 10 Day 062 AA,Lesion 10 Day 075 AA,Lesion 10 Day 091 AA,Lesion 10 Day 103 AA,5.2519383,8.728706,5,hot
BDQ+OPC,BP19,11,-456.9,-213.84,-432.17,-665.4,-715.0,-710.95,-487.0,-191.0,-468.0,-668.0,-720.0,-712.0,99.5,163.12,139.63,78.13,57.09,46.65,0.83,1.16,1.05,0.5,1.15,0.62,0.83,1.11,1.08,0.5,1.15,0.61,0.12,0.33,0.09,0.02,0.08,0.1,1.1,2.19,1.17,0.55,1.32,0.84,,,,,,,0.0,0.02,0.0,0.0,0.0,0.0,0.0,0.0,0.0,0.0,0.0,0.0,0.01,0.16,0.01,0.0,0.01,0.01,0.0,0.15,0.0,0.0,0.0,0.0,0.0,0.7142857142857143,0.0,0.0,0.0,0.0,0.0,0.08,0.0,0.0,0.0,0.0,0.0,0.06,0.0,0.0,0.0,0.0,0.78,0.78,0.78,0.78,0.78,0.78,Necrotic,Necrotic,Necrotic,Necrotic,Necrotic,Necrotic,Necrotic,Necrotic,Necrotic,Necrotic,Necrotic,Necrotic,false,false,false,false,false,false,Lesion 11 Day 034 AA,Lesion 11 Day 047 AA,Lesion 11 Day 062 AA,Lesion 11 Day 075 AA,Lesion 11 Day 091 AA,Lesion 11 Day 103 AA,6.625137,8.200508,3,cool
BDQ+OPC,BP19,12,-234.24,-143.01,-140.93,-206.92,-225.82,-245.79,-232.0,-99.0,-96.0,-187.0,-217.0,-257.0,171.09,179.17,174.05,186.98,170.94,168.35,1.75,2.32,1.86,0.81,1.09,0.69,1.31,1.94,1.26,0.55,0.84,0.56,1.2,1.5,1.39,0.64,0.66,0.35,6.26,6.49,5.71,3.15,3.71,2.18,,,,,,,0.21,0.47,0.33,0.08,0.09,0.02,0.15,0.38,0.26,0.04,0.05,0.0,0.85,1.8,1.44,0.43,0.45,0.21,0.82,1.75,1.39,0.41,0.42,0.2,2.928571428571428,8.333333333333334,4.212121212121212,1.7083333333333333,1.2727272727272727,1.25,0.28,0.29,0.3,0.27,0.23,0.19,0.18,0.46,0.45,0.23,0.16,0.1,1.64,1.64,1.64,1.64,1.64,1.64,Cavity,Cavity,Cavity,Cavity,Cavity,Cavity,Cavity,Cavity,Cavity,Cavity,Cavity,Cavity,false,false,false,false,false,false,Lesion 12 Day 034 AA,Lesion 12 Day 047 AA,Lesion 12 Day 062 AA,Lesion 12 Day 075 AA,Lesion 12 Day 091 AA,Lesion 12 Day 103 AA,-5.19499,8.712771,5,hot
BDQ+OPC,BP19,13,-138.27,-63.9,-66.03,-175.3,-241.95,-290.99,-94.0,-30.0,-22.0,-151.0,-237.0,-286.0,144.69,116.21,140.74,150.78,174.62,166.96,2.12,2.04,2.19,1.01,1.03,0.64,1.9,1.83,2.21,0.94,1.02,0.62,0.97,0.8,0.7,0.27,0.25,0.17,5.26,4.11,3.79,1.95,1.95,1.48,,,,,,,0.12,0.35,0.26,0.01,0.01,0.0,0.08,0.23,0.2,0.0,0.0,0.0,0.39,1.02,0.72,0.16,0.15,0.08,0.39,1.02,0.72,0.15,0.14,0.07,1.3928571428571428,4.857142857142858,2.1818181818181817,0.625,0.42424242424242425,0.375,0.08,0.08,0.06,0.07,0.09,0.08,0.1,0.42,0.27,0.07,0.05,0.03,0.78,0.78,0.78,0.78,0.78,0.78,Fibrotic,Fibrotic,Fibrotic,Fibrotic,Fibrotic,Fibrotic,Fibrotic,Fibrotic,Fibrotic,Fibrotic,Fibrotic,Fibrotic,false,false,false,false,false,false,Lesion 13 Day 034 AA,Lesion 13 Day 047 AA,Lesion 13 Day 062 AA,Lesion 13 Day 075 AA,Lesion 13 Day 091 AA,Lesion 13 Day 103 AA,-1.4752673,9.550957,14,hot
BDQ+OPC,BP19,14,-260.56,-171.45,-202.36,-221.43,-216.42,-273.86,-295.0,-133.0,-173.0,-223.0,-221.0,-278.0,174.93,189.55,192.78,193.98,181.44,195.15,0.74,0.94,0.78,0.37,0.67,0.4,0.55,0.74,0.63,0.3,0.54,0.33,0.37,0.56,0.44,0.21,0.35,0.18,1.74,3.29,2.33,1.22,1.93,1.22,,,,,,,0.01,0.04,0.02,0.0,0.0,0.0,0.0,0.02,0.01,0.0,0.0,0.0,0.12,0.25,0.19,0.04,0.06,0.03,0.12,0.25,0.18,0.03,0.06,0.03,0.4285714285714285,1.1904761904761905,0.5454545454545454,0.125,0.12121212121212122,0.125,0.1,0.1,0.1,0.05,0.05,0.04,0.05,0.14,0.12,0.04,0.04,0.02,1.82,1.82,1.82,1.82,1.82,1.82,Cavity,Cavity,Cavity,Cavity,Cavity,Cavity,Cavity,Cavity,Cavity,Cavity,Cavity,Cavity,false,false,false,false,false,false,Lesion 14 Day 034 AA,Lesion 14 Day 047 AA,Lesion 14 Day 062 AA,Lesion 14 Day 075 AA,Lesion 14 Day 091 AA,Lesion 14 Day 103 AA,4.6081634,8.310092,6,cool
BDQ+OPC,BP19,15,-153.18,-137.0,-144.25,-468.67,-466.41,-330.53,-122.0,-83.0,-109.0,-479.0,-482.0,-341.0,154.87,164.15,183.1,124.73,96.77,122.01,1.06,1.19,0.99,0.31,0.68,0.72,1.02,0.96,0.92,0.29,0.64,0.68,0.31,0.73,0.4,0.07,0.19,0.2,1.97,3.73,2.56,0.56,1.36,1.27,,,,,,,0.01,0.05,0.01,0.0,0.0,0.0,0.0,0.02,0.0,0.0,0.0,0.0,0.08,0.21,0.12,0.02,0.03,0.02,0.08,0.21,0.12,0.01,0.02,0.02,0.2857142857142857,1.0,0.3636363636363636,0.04166666666666667,0.06060606060606061,0.125,0.04,0.06,0.05,0.03,0.02,0.02,0.04,0.11,0.07,0.0,0.0,0.0,1.28,1.28,1.28,1.28,1.28,1.28,Cavity,Cavity,Cavity,Cavity,Cavity,Cavity,Cavity,Cavity,Cavity,Cavity,Cavity,Cavity,false,false,false,false,false,false,Lesion 15 Day 034 AA,Lesion 15 Day 047 AA,Lesion 15 Day 062 AA,Lesion 15 Day 075 AA,Lesion 15 Day 091 AA,Lesion 15 Day 103 AA,4.3163466,9.19457,6,cool
PZA+RIF,BP20,1,-250.12,-159.6,-192.77,-205.89,-197.07,-212.75,-269.0,-129.0,-168.0,-177.0,-206.0,-196.0,149.33,167.17,172.34,183.88,184.54,183.32,1.39,3.24,1.42,1.01,0.74,0.71,1.02,2.91,1.13,0.87,0.66,0.67,0.92,1.93,0.83,0.5,0.27,0.18,4.29,8.64,3.73,2.51,1.76,1.19,0.03,0.13,0.05,0.02,0.0,0.0,0.03,0.13,0.05,0.02,0.0,0.0,0.02,0.11,0.03,0.01,0.0,0.0,0.13,0.53,0.19,0.1,0.05,0.04,0.13,0.53,0.19,0.1,0.05,0.04,0.006993006993006993,0.015046296296296295,0.013404825737265416,0.007968127490039842,0.0,0.0,0.06,0.08,0.07,0.05,0.04,0.03,0.03,0.09,0.07,0.04,0.03,0.02,,,,,,0.78,Cavity,Cavity,Cavity,Cavity,Cavity,Cavity,Cavity,Cavity,Cavity,Cavity,Cavity,Cavity,false,false,false,false,false,false,Lesion 01 Day 034 AA,Lesion 01 Day 045 AA,Lesion 01 Day 061 AA,Lesion 01 Day 073 AA,Lesion 01 Day 087 AA,Lesion 01 Day 101 AA,0.0684283,6.202109,2,hot
PZA+RIF,BP20,2,-310.84,-259.83,-287.46,-216.12,-253.23,-375.42,-323.0,-255.0,-294.0,-191.0,-261.0,-381.0,130.91,144.01,144.32,179.82,148.85,93.46,0.69,1.04,0.57,0.4,0.41,0.38,0.68,0.95,0.54,0.4,0.41,0.38,0.08,0.32,0.08,0.02,0.02,0.02,0.95,1.75,0.78,0.46,0.45,0.4,0.0,0.0,0.0,0.0,0.0,0.0,0.0,0.0,0.0,0.0,0.0,0.0,0.0,0.0,0.0,0.0,0.0,0.0,0.01,0.02,0.0,0.0,0.0,0.0,0.01,0.02,0.0,0.0,0.0,0.0,0.0,0.0,0.0,0.0,0.0,0.0,0.01,0.01,0.01,0.0,0.0,0.0,0.0,0.0,0.0,0.0,0.0,0.0,,,,,,0.48,Scar,Scar,Scar,Scar,Scar,Scar,Scar,Scar,Scar,Scar,Scar,Scar,false,false,false,false,false,false,Lesion 02 Day 034 AA,Lesion 02 Day 045 AA,Lesion 02 Day 061 AA,Lesion 02 Day 073 AA,Lesion 02 Day 087 AA,Lesion 02 Day 101 AA,8.6165495,8.623082,3,cool
PZA+RIF,BP20,3,-336.05,-315.88,-322.34,-266.63,-352.05,-357.9,-350.0,-325.0,-335.0,-276.0,-371.0,-371.0,103.84,133.65,129.53,169.91,126.216064,117.73,0.66,1.61,0.7,0.59,0.42,0.42,0.63,1.42,0.61,0.58,0.42,0.42,0.11,0.87,0.26,0.14,0.06,0.05,1.19,3.78,1.44,0.86,0.61,0.52,0.0,0.02,0.0,0.0,0.0,0.0,0.0,0.02,0.0,0.0,0.0,0.0,0.0,0.02,0.0,0.0,0.0,0.0,0.03,0.09,0.03,0.01,0.01,0.0,0.03,0.09,0.03,0.01,0.01,0.0,0.0,0.005291005291005292,0.0,0.0,0.0,0.0,0.04,0.05,0.03,0.02,0.02,0.01,0.0,0.01,0.0,0.01,0.0,0.0,,,,,,0.78,Fibrotic,Fibrotic,Fibrotic,Fibrotic,Fibrotic,Fibrotic,Fibrotic,Fibrotic,Fibrotic,Fibrotic,Fibrotic,Fibrotic,false,false,false,false,false,false,Lesion 03 Day 034 AA,Lesion 03 Day 045 AA,Lesion 03 Day 061 AA,Lesion 03 Day 073 AA,Lesion 03 Day 087 AA,Lesion 03 Day 101 AA,12.173975,7.206555,7,cool
PZA+RIF,BP20,4,-240.69,-183.76,-242.16,-239.42,-258.92,-267.31,-222.0,-162.0,-244.0,-248.0,-276.0,-270.0,156.85,158.94,153.93,177.6,168.57,189.67,0.64,1.79,0.9,0.72,0.47,0.55,0.62,1.32,0.72,0.63,0.42,0.55,0.18,1.15,0.51,0.36,0.17,0.13,1.93,5.78,2.63,1.89,1.16,0.87,0.0,0.16,0.02,0.0,0.0,0.0,0.0,0.16,0.02,0.0,0.0,0.0,0.0,0.11,0.01,0.0,0.0,0.0,0.19,0.65,0.16,0.09,0.06,0.04,0.19,0.65,0.16,0.09,0.06,0.04,0.0,0.02768166089965398,0.007604562737642586,0.0,0.0,0.0,0.19,0.2,0.12,0.08,0.09,0.05,0.1,0.17,0.06,0.04,0.03,0.02,,,,,,1.02,Cavity,Cavity,Cavity,Cavity,Cavity,Cavity,Cavity,Cavity,Cavity,Cavity,Cavity,Cavity,true,true,true,true,true,true,Lesion 04z05 Day 034 AA,Lesion 04z05 Day 045 AA,Lesion 04z05 Day 061 AA,Lesion 04z05 Day 073 AA,Lesion 04z05 Day 087 AA,Lesion 04z05 Day 101 AA,-4.4775825,10.574544,5,hot
PZA+RIF,BP20,6,-165.86,-75.58,-138.07,-116.35,-130.59,-158.95,-117.0,-30.0,-67.0,-50.0,-48.0,-115.0,167.55,147.22,162.53,164.68,211.28,184.44,2.42,3.04,1.84,1.2,1.45,1.04,2.25,2.9,1.82,1.13,1.47,1.0,0.85,1.44,0.27,0.33,0.15,0.14,4.86,6.42,2.53,2.02,1.71,1.49,0.05,0.06,0.05,0.01,0.02,0.0,0.05,0.06,0.05,0.01,0.02,0.0,0.03,0.05,0.01,0.0,0.0,0.0,0.13,0.24,0.1,0.07,0.07,0.04,0.13,0.24,0.1,0.07,0.07,0.04,0.0102880658436214,0.009345794392523364,0.019762845849802375,0.0049504950495049506,0.011695906432748539,0.0,0.02,0.02,0.02,0.02,0.02,0.02,0.03,0.06,0.04,0.04,0.03,0.02,,,,,,0.78,Cavity,Cavity,Cavity,Cavity,Cavity,Cavity,Cavity,Cavity,Cavity,Cavity,Cavity,Cavity,false,false,false,false,false,false,Lesion 06 Day 034 AA,Lesion 06 Day 045 AA,Lesion 06 Day 061 AA,Lesion 06 Day 073 AA,Lesion 06 Day 087 AA,Lesion 06 Day 101 AA,1.1174061,7.8683505,2,hot
PZA+RIF,BP20,9,-334.19,-172.46198,-215.42328,-219.7,-271.08,-246.28,-341.0,-146.0,-207.0,-210.0,-284.0,-250.0,107.31,159.88855,157.37,174.17,168.8,184.61,1.18,3.8,1.37,1.09,0.83,0.77,1.04,3.4,1.06,1.0,0.73,0.74,0.63,1.92,0.89,0.43,0.34,0.26,3.27,8.84,4.17,2.4,1.76,1.6,0.04,0.26,0.07,0.03,0.01,0.0,0.04,0.26,0.07,0.03,0.01,0.0,0.02,0.24,0.05,0.0,0.0,0.0,0.18,1.08,0.28,0.17,0.12,0.05,0.18,1.08,0.28,0.17,0.12,0.05,0.012232415902140673,0.029411764705882356,0.01678657074340528,0.0125,0.005681818181818182,0.0,0.14,0.14,0.13,0.09,0.11,0.05,0.01,0.14,0.07,0.06,0.04,0.03,,,,,,0.72,Cavity,Cavity,Cavity,Cavity,Cavity,Cavity,Cavity,Cavity,Cavity,Cavity,Cavity,Cavity,false,false,false,false,false,false,Lesion 09 Day 034 AA,Lesion 09 Day 045 AA,Lesion 09 Day 061 AA,Lesion 09 Day 073 AA,Lesion 09 Day 087 AA,Lesion 09 Day 101 AA,-0.8555476,6.08713,2,hot
PZA+RIF,BP20,10,-256.64,-68.56,-77.29,-64.47,-41.05,-67.85,-279.0,-15.0,-11.0,-3.0,27.0,21.0,158.26,135.29,158.48,150.57,163.92,193.55,1.86,3.42,2.55,1.58,1.1,0.98,0.89,3.1,2.26,1.55,1.09,0.98,1.92,1.98,1.44,0.81,0.52,0.28,8.79,8.51,6.54,3.84,2.39,1.8,0.08,0.54,0.37,0.23,0.08,0.01,0.08,0.54,0.37,0.23,0.08,0.01,0.07,0.47,0.3,0.12,0.02,0.0,0.46,2.32,1.37,0.72,0.38,0.34,0.46,2.32,1.37,0.72,0.38,0.34,0.009101251422070536,0.06334841628959277,0.05657492354740061,0.059895833333333336,0.03347280334728033,0.005555555555555556,0.18,0.15,0.13,0.1,0.08,0.08,0.07,0.52,0.41,0.34,0.26,0.26,,,,,,0.96,Cavity,Cavity,Cavity,Cavity,Cavity,Cavity,Cavity,Cavity,Cavity,Cavity,Cavity,Cavity,false,false,false,false,false,false,Lesion 10 Day 034 AA,Lesion 10 Day 045 AA,Lesion 10 Day 061 AA,Lesion 10 Day 073 AA,Lesion 10 Day 087 AA,Lesion 10 Day 101 AA,-2.444016,6.984145,0,hot
PZA+RIF,BP20,11,-230.71,-138.54,-167.86,-167.36,-122.39,-96.35,-230.0,-116.0,-160.0,-116.0,-82.0,-20.0,103.78,134.45,154.83,169.9,170.82,203.29,1.79,2.48,1.95,1.22,1.44,1.05,1.6,1.99,1.96,1.18,1.42,1.04,0.74,1.16,0.5,0.37,0.44,0.24,3.84,5.62,3.21,2.2,2.55,1.77,0.03,0.06,0.05,0.01,0.01,0.0,0.03,0.06,0.05,0.01,0.01,0.0,0.02,0.04,0.03,0.0,0.0,0.0,0.1,0.2,0.11,0.03,0.06,0.03,0.1,0.2,0.11,0.03,0.06,0.03,0.008152173913043478,0.010657193605683837,0.014326647564469913,0.003831417624521073,0.004,0.0,0.05,0.04,0.03,0.01,0.01,0.01,0.01,0.05,0.02,0.02,0.02,0.02,,,,,,0.96,Cavity,Cavity,Cavity,Cavity,Cavity,Cavity,Cavity,Cavity,Cavity,Cavity,Cavity,Cavity,false,false,false,false,false,false,Lesion 11 Day 034 AA,Lesion 11 Day 045 AA,Lesion 11 Day 061 AA,Lesion 11 Day 073 AA,Lesion 11 Day 087 AA,Lesion 11 Day 101 AA,0.80383855,10.893072,4,hot
PZA+RIF,BP20,13,-421.27,-364.86,-388.88,-369.33,-349.49,-605.25,-440.0,-372.0,-397.0,-377.0,-354.0,-608.0,102.87,115.53,102.79,128.61,91.23,92.84,0.43,1.18,0.49,0.23,0.26,0.2,0.43,1.21,0.49,0.23,0.26,0.2,0.03,0.27,0.04,0.01,0.02,0.01,0.51,1.67,0.63,0.27,0.29,0.23,0.0,0.0,0.0,0.0,0.0,0.0,0.0,0.0,0.0,0.0,0.0,0.0,0.0,0.0,0.0,0.0,0.0,0.0,0.01,0.03,0.01,0.0,0.0,0.0,0.01,0.03,0.01,0.0,0.0,0.0,0.0,0.0,0.0,0.0,0.0,0.0,0.02,0.03,0.01,0.01,0.01,0.0,0.0,0.0,0.0,0.0,0.0,0.0,,,,,,0.48,Scar,Scar,Scar,Scar,Scar,Scar,Scar,Scar,Scar,Scar,Scar,Scar,false,false,false,false,false,false,Lesion 13 Day 034 AA,Lesion 13 Day 045 AA,Lesion 13 Day 061 AA,Lesion 13 Day 073 AA,Lesion 13 Day 087 AA,Lesion 13 Day 101 AA,12.19512,7.624757,7,cool
PZA+RIF,BP20,14,-341.06,-164.44,-217.97,-199.58,-240.38,-156.18,-335.0,-118.0,-206.0,-163.0,-241.0,-105.0,110.89,157.15,159.69,173.49,163.92,194.16,0.8,3.1,1.01,1.11,0.56,0.87,0.66,2.63,0.69,0.97,0.47,0.83,0.42,1.82,0.72,0.57,0.27,0.3,2.4,7.59,3.59,2.51,1.6,1.75,0.01,0.21,0.04,0.04,0.0,0.01,0.01,0.21,0.04,0.04,0.0,0.01,0.0,0.17,0.02,0.01,0.0,0.0,0.06,0.86,0.19,0.14,0.08,0.11,0.06,0.86,0.19,0.14,0.08,0.11,0.004166666666666667,0.02766798418972332,0.011142061281337047,0.015936254980079684,0.0,0.005494505494505494,0.08,0.11,0.11,0.06,0.09,0.05,0.0,0.16,0.07,0.06,0.05,0.07,,,,,,0.85,Cavity,Cavity,Cavity,Cavity,Cavity,Cavity,Cavity,Cavity,Cavity,Cavity,Cavity,Cavity,false,false,false,false,false,false,Lesion 14 Day 034 AA,Lesion 14 Day 045 AA,Lesion 14 Day 061 AA,Lesion 14 Day 073 AA,Lesion 14 Day 087 AA,Lesion 14 Day 101 AA,-0.8936296,6.4172683,2,hot
MOX+RIF,BP23,1,-257.61,-11.26,-14.72,-57.4,-61.4,-42.34,-266.0,15.0,17.0,-7.0,-15.0,-6.0,154.07,99.15,109.77,141.29,130.01,125.7,1.67,1.67,3.36,2.18,2.06,1.91,1.6,1.6,3.33,2.13,1.98,1.89,0.53,0.53,1.01,0.72,0.83,0.57,3.26,3.26,6.18,3.78,5.92,3.6,0.11,0.11,0.64,0.51,0.48,0.39,0.11,0.11,0.64,0.51,0.48,0.39,0.04,0.04,0.59,0.37,0.31,0.22,0.32,0.32,2.19,1.41,1.3,1.0,0.31,2.38,2.18,1.4,1.3,0.99,,,,,,,0.13,0.05,0.06,0.12,0.12,0.08,0.05,0.61,0.58,0.52,0.5,0.44,,,,,,0.78,Fibrotic,Fibrotic,Fibrotic,Fibrotic,Fibrotic,Fibrotic,Fibrotic,Fibrotic,Fibrotic,Fibrotic,Fibrotic,Fibrotic,false,false,false,false,false,false,Lesion 01 Day 033 FG,Lesion 01 Day 045 FG,Lesion 01 Day 059 FG,Lesion 01 Day 073 FG,Lesion 01 Day 087 FG,Lesion 01 Day 101 FG,-1.6873744,9.687426,14,hot
MOX+RIF,BP23,2,-318.09,-232.38,-218.46,-267.06,-347.06,-289.34,-339.0,-232.0,-211.0,-288.0,-368.0,-298.0,145.84,164.37,163.39,171.73,142.24,144.02,0.7,0.7,1.1,0.77,0.72,0.6,0.7,0.7,1.08,0.76,0.72,0.61,0.05,0.05,0.17,0.09,0.08,0.05,0.79,0.79,1.45,1.02,0.97,0.72,0.0,0.0,0.0,0.0,0.0,0.0,0.0,0.0,0.0,0.0,0.0,0.0,0.0,0.0,0.0,0.0,0.0,0.0,0.0,0.0,0.01,0.01,0.0,0.0,0.0,0.02,0.01,0.01,0.0,0.0,,,,,,,0.01,0.01,0.01,0.01,0.01,0.01,0.0,0.01,0.01,0.0,0.0,0.0,,,,,,0.48,Fibrotic,Fibrotic,Fibrotic,Fibrotic,Fibrotic,Fibrotic,Fibrotic,Fibrotic,Fibrotic,Fibrotic,Fibrotic,Fibrotic,false,false,false,false,false,false,Lesion 02 Day 033 FG,Lesion 02 Day 045 FG,Lesion 02 Day 059 FG,Lesion 02 Day 073 FG,Lesion 02 Day 087 FG,Lesion 02 Day 101 FG,6.8477974,6.8828945,9,cool
MOX+RIF,BP23,3,-578.99,-312.43,-342.11,-255.97,-378.53,-292.26,-589.0,-332.0,-350.0,-263.0,-384.0,-293.0,61.74,119.01,133.51,120.53,100.93,122.75,0.55,0.55,0.7,0.69,0.5,0.49,0.54,0.54,0.68,0.71,0.5,0.49,0.04,0.04,0.05,0.04,0.04,0.03,0.69,0.69,0.84,0.78,0.62,0.59,0.0,0.0,0.0,0.0,0.0,0.0,0.0,0.0,0.0,0.0,0.0,0.0,0.0,0.0,0.0,0.0,0.0,0.0,0.0,0.0,0.0,0.01,0.0,0.01,0.0,0.01,0.0,0.01,0.0,0.0,,,,,,,0.0,0.01,0.01,0.01,0.01,0.01,0.0,0.0,0.0,0.0,0.0,0.0,,,,,,0.78,Fibrotic,Fibrotic,Fibrotic,Fibrotic,Fibrotic,Fibrotic,Fibrotic,Fibrotic,Fibrotic,Fibrotic,Fibrotic,Fibrotic,false,false,false,false,false,false,Lesion 03 Day 033 FG,Lesion 03 Day 045 FG,Lesion 03 Day 059 FG,Lesion 03 Day 073 FG,Lesion 03 Day 087 FG,Lesion 03 Day 101 FG,9.7652025,8.958094,3,cool
MOX+RIF,BP23,4,-337.32,-196.31,-174.05,-238.75,-192.84,-154.67,-360.0,-177.0,-133.0,-227.0,-143.0,-102.0,161.1,159.33,175.52,187.75,184.66,170.71,0.75,0.75,1.67,0.92,1.02,0.86,0.71,0.71,1.62,0.8,1.0,0.78,0.15,0.15,0.58,0.38,0.34,0.34,1.09,1.09,2.98,2.07,1.87,2.07,0.0,0.0,0.07,0.01,0.01,0.01,0.0,0.0,0.07,0.01,0.01,0.01,0.0,0.0,0.03,0.0,0.0,0.0,0.03,0.03,0.19,0.1,0.11,0.08,0.02,0.12,0.19,0.09,0.1,0.07,,,,,,,0.03,0.03,0.05,0.06,0.04,0.03,0.01,0.03,0.06,0.04,0.05,0.05,,,,,,2.31,Cavity,Cavity,Cavity,Cavity,Cavity,Cavity,Cavity,Cavity,Cavity,Cavity,Cavity,Cavity,true,true,true,true,true,true,Lesion 04az04bz05 Day 033 FG,Lesion 04az04bz05 Day 045 FG,Lesion 04az04bz05 Day 059 FG,Lesion 04az04bz05 Day 073 FG,Lesion 04az04bz05 Day 087 FG,Lesion 04az04bz05 Day 101 FG,6.148952,7.504641,9,cool
MOX+RIF,BP23,6,-247.21,-122.15,-114.48,-155.52,-147.25,-171.4,-251.0,-63.0,-49.0,-106.0,-94.0,-128.0,170.12,165.95,156.1,169.98,171.32,174.23,1.54,1.54,2.27,1.37,1.32,1.17,1.44,1.44,2.24,1.2,1.22,1.02,0.55,0.55,0.87,0.67,0.62,0.58,3.16,3.16,4.59,3.54,3.08,3.08,0.29,0.29,0.99,0.43,0.42,0.27,0.29,0.29,0.99,0.43,0.42,0.27,0.14,0.14,0.76,0.22,0.19,0.11,0.97,0.97,2.93,1.59,1.51,1.13,0.94,3.77,2.9,1.56,1.48,1.09,,,,,,,0.39,0.5,0.39,0.46,0.45,0.41,0.22,0.89,0.88,0.67,0.68,0.52,,,,,,3.1,Necrotic,Necrotic,Necrotic,Necrotic,Necrotic,Necrotic,Necrotic,Necrotic,Necrotic,Necrotic,Necrotic,Necrotic,true,true,true,true,true,true,Lesion 06az06bz07z08z09 Day 033 FG,Lesion 06az06bz07z08z09 Day 045 FG,Lesion 06az06bz07z08z09 Day 059 FG,Lesion 06az06bz07z08z09 Day 073 FG,Lesion 06az06bz07z08z09 Day 087 FG,Lesion 06az06bz07z08z09 Day 101 FG,-5.4117084,9.309194,5,hot
MOX+RIF,BP23,10,-457.03,-277.81,-230.5,-309.88,-312.27,-382.7,-473.0,-287.0,-217.0,-332.0,-333.0,-406.0,124.66,182.26,176.81,159.59,150.35,168.4,0.72,0.72,0.86,0.47,0.43,0.34,0.69,0.69,0.79,0.45,0.4,0.33,0.18,0.18,0.25,0.08,0.08,0.05,1.24,1.24,1.48,0.71,0.64,0.48,0.0,0.0,0.0,0.0,0.0,0.0,0.0,0.0,0.0,0.0,0.0,0.0,0.0,0.0,0.0,0.0,0.0,0.0,0.01,0.01,0.01,0.0,0.0,0.0,0.0,0.03,0.01,0.0,0.0,0.0,,,,,,,0.01,0.02,0.01,0.01,0.01,0.01,0.0,0.01,0.01,0.0,0.0,0.0,,,,,,1.54,Necrotic,Necrotic,Necrotic,Necrotic,Necrotic,Necrotic,Necrotic,Necrotic,Necrotic,Necrotic,Necrotic,Necrotic,false,false,false,false,false,false,Lesion 10 Day 033 FG,Lesion 10 Day 045 FG,Lesion 10 Day 059 FG,Lesion 10 Day 073 FG,Lesion 10 Day 087 FG,Lesion 10 Day 101 FG,7.1395335,5.333908,9,cool
MOX+RIF,BP23,11,-317.25,-236.08,-297.64,-376.94,-310.36,-363.93,-349.0,-218.0,-312.0,-385.0,-303.0,-384.0,171.34,147.49,125.63,114.22,155.39,166.96,0.75,0.75,0.98,0.72,0.57,0.64,0.74,0.74,1.01,0.71,0.58,0.62,0.08,0.08,0.16,0.17,0.06,0.09,0.96,0.96,1.26,1.37,0.75,0.88,0.0,0.0,0.0,0.0,0.0,0.0,0.0,0.0,0.0,0.0,0.0,0.0,0.0,0.0,0.0,0.0,0.0,0.0,0.01,0.01,0.02,0.01,0.0,0.0,0.01,0.07,0.02,0.01,0.0,0.0,,,,,,,0.0,0.03,0.01,0.01,0.01,0.0,0.0,0.01,0.0,0.0,0.0,0.0,,,,,,0.48,Fibrotic,Fibrotic,Fibrotic,Fibrotic,Fibrotic,Fibrotic,Fibrotic,Fibrotic,Fibrotic,Fibrotic,Fibrotic,Fibrotic,false,false,false,false,false,false,Lesion 11 Day 033 FG,Lesion 11 Day 045 FG,Lesion 11 Day 059 FG,Lesion 11 Day 073 FG,Lesion 11 Day 087 FG,Lesion 11 Day 101 FG,7.4931145,8.679935,3,cool
MOX+RIF,BP23,12,-346.49,-213.7,-162.59,-256.97,-375.32,-365.62,-349.0,-228.0,-126.0,-238.0,-383.0,-356.0,165.15,168.23,165.68,147.57,122.32,138.4,0.99,0.99,1.2,0.56,0.69,0.5,0.97,0.97,1.18,0.56,0.68,0.49,0.17,0.17,0.32,0.1,0.14,0.05,1.37,1.37,1.83,0.87,1.06,0.66,0.0,0.0,0.0,0.0,0.0,0.0,0.0,0.0,0.0,0.0,0.0,0.0,0.0,0.0,0.0,0.0,0.0,0.0,0.01,0.01,0.02,0.0,0.0,0.0,0.0,0.02,0.01,0.0,0.0,0.0,,,,,,,0.0,0.01,0.01,0.0,0.0,0.0,0.0,0.01,0.01,0.0,0.0,0.0,,,,,,0.48,Fibrotic,Fibrotic,Fibrotic,Fibrotic,Fibrotic,Fibrotic,Fibrotic,Fibrotic,Fibrotic,Fibrotic,Fibrotic,Fibrotic,false,false,false,false,false,false,Lesion 12 Day 033 FG,Lesion 12 Day 045 FG,Lesion 12 Day 059 FG,Lesion 12 Day 073 FG,Lesion 12 Day 087 FG,Lesion 12 Day 101 FG,5.8308873,6.55559,9,cool
MOX+RIF,BP23,13,-159.32,-113.04,-76.25,-60.3,1.53,-25.91,-110.0,-63.0,-18.0,-15.0,19.0,9.0,171.72,156.04,142.37,130.58,86.34,116.01,1.87,1.87,2.67,1.88,2.01,1.73,1.66,1.66,2.56,1.87,2.0,1.75,0.74,0.74,0.89,0.44,0.45,0.38,4.48,4.48,5.0,3.22,4.1,2.97,0.2,0.2,0.73,0.47,0.51,0.5,0.2,0.2,0.73,0.47,0.51,0.5,0.12,0.12,0.59,0.23,0.29,0.15,0.63,0.63,2.12,1.13,1.18,1.16,0.61,2.17,2.11,1.12,1.17,1.15,,,,,,,0.13,0.23,0.19,0.11,0.03,0.08,0.19,0.43,0.59,0.48,0.55,0.59,,,,,,1.19,Fibrotic,Fibrotic,Fibrotic,Fibrotic,Fibrotic,Fibrotic,Fibrotic,Fibrotic,Fibrotic,Fibrotic,Fibrotic,Fibrotic,true,true,true,true,true,true,Lesion 13z14z15 Day 033 FG,Lesion 13z14z15 Day 045 FG,Lesion 13z14z15 Day 059 FG,Lesion 13z14z15 Day 073 FG,Lesion 13z14z15 Day 087 FG,Lesion 13z14z15 Day 101 FG,-4.5951777,9.294201,5,hot
MOX+RIF,BP23,16,-133.45,-44.86,-57.34,-93.7,-79.02,-80.39,-81.0,2.0,-2.0,-26.0,-19.0,-23.0,170.89,137.59,148.05,171.56,157.03,153.76,2.11,2.11,2.58,1.67,1.48,1.45,1.91,1.91,2.5,1.51,1.35,1.29,1.0,1.0,0.99,0.77,0.65,0.71,5.29,5.29,5.79,4.39,4.33,4.49,1.3,1.3,3.71,2.01,1.86,1.48,1.3,1.3,3.71,2.01,1.86,1.48,0.91,0.91,2.92,1.22,0.9,0.79,4.15,4.15,11.29,6.67,6.73,5.48,4.07,12.31,11.14,6.5,6.61,5.41,,,,,,,0.68,0.61,0.7,0.92,0.94,0.83,1.19,3.03,3.59,2.91,3.48,2.89,,,,,,3.55,Cavity,Cavity,Cavity,Cavity,Cavity,Cavity,Cavity,Cavity,Cavity,Cavity,Cavity,Cavity,true,true,true,true,true,true,Lesion 16z17az17bz18z19az19bz19cz21az21b Day 033 FG,Lesion 16z17az17bz18z19az19bz19cz21az21b Day 045 FG,Lesion 16z17az17bz18z19az19bz19cz21az21b Day 059 FG,Lesion 16z17az17bz18z19az19bz19cz21az21b Day 073 FG,Lesion 16z17az17bz18z19az19bz19cz21az21b Day 087 FG,Lesion 16z17az17bz18z19az19bz19cz21az21b Day 101 FG,-5.7382274,6.76372,0,hot
MOX+RIF,BP23,20,-178.69,-35.24,-22.34,-17.52,5.53,-14.79,-125.0,-1.0,3.0,4.0,16.0,5.0,173.94,117.58,97.47,90.6,78.87,93.66,2.05,2.05,2.82,1.9,1.88,1.81,1.84,1.84,2.81,1.87,1.92,1.75,0.94,0.94,0.71,0.62,0.6,0.61,5.61,5.61,4.75,3.77,3.74,3.83,0.25,0.25,0.43,0.45,0.38,0.23,0.25,0.25,0.43,0.45,0.38,0.23,0.16,0.16,0.38,0.29,0.25,0.13,0.77,0.77,1.24,1.23,1.03,0.65,0.74,2.06,1.23,1.23,1.02,0.65,,,,,,,0.15,0.07,0.03,0.04,0.01,0.02,0.2,0.62,0.4,0.6,0.53,0.34,,,,,,0.96,Fibrotic,Fibrotic,Fibrotic,Fibrotic,Fibrotic,Fibrotic,Fibrotic,Fibrotic,Fibrotic,Fibrotic,Fibrotic,Fibrotic,true,true,true,true,true,true,Lesion 20az20b Day 033 FG,Lesion 20az20b Day 045 FG,Lesion 20az20b Day 059 FG,Lesion 20az20b Day 073 FG,Lesion 20az20b Day 087 FG,Lesion 20az20b Day 101 FG,-1.7603394,9.302874,14,hot
BDQ+LIN,BP26,1,-411.18,-353.94,-328.32,-413.94,-434.28,-442.26,-436.0,-359.0,-353.0,-435.0,-457.0,-449.0,105.17,165.4,164.16,139.17,90.21,119.61,0.55,0.6,0.68,0.36,0.13,0.32,0.55,0.59,0.64,0.35,0.13,0.32,0.08,0.09,0.17,0.03,0.01,0.01,0.8,0.91,1.2,0.44,0.14,0.35,0.0,0.0,0.0,0.0,0.0,0.0,0.0,0.0,0.0,0.0,0.0,0.0,0.0,0.0,0.0,0.0,0.0,0.0,0.0,0.01,0.01,0.0,0.0,0.0,0.0,0.01,0.01,0.0,0.0,0.0,0.0,0.0,0.0,0.0,0.0,0.0,0.0,0.01,0.01,0.0,0.0,0.0,0.0,0.0,0.0,0.0,0.0,0.0,,,,,,0.47712125471966244,Necrotic,Necrotic,Necrotic,Necrotic,Necrotic,Necrotic,Necrotic,Necrotic,Necrotic,Necrotic,Necrotic,Necrotic,false,false,false,false,false,false,Lesion 01 Day 032 AA,Lesion 01 Day 045 AA,Lesion 01 Day 059 AA,Lesion 01 Day 073 AA,Lesion 01 Day 087 AA,Lesion 01 Day 101 AA,9.091347,4.682861,8,cool
BDQ+LIN,BP26,2,-310.03,-115.79,-77.57,-168.59,-390.89,-500.46,-319.0,-44.0,-18.0,-131.0,-411.0,-527.0,160.82,174.36,145.68,171.5,141.04,132.12,0.93,1.67,2.01,0.91,0.31,0.65,0.92,1.61,1.86,0.85,0.3,0.61,0.24,0.67,1.08,0.32,0.09,0.17,1.73,2.95,4.89,2.05,0.65,1.47,0.0,0.03,0.06,0.0,0.0,0.0,0.0,0.03,0.06,0.0,0.0,0.0,0.0,0.02,0.05,0.0,0.0,0.0,0.03,0.11,0.2,0.07,0.01,0.02,0.02,0.11,0.2,0.07,0.01,0.01,0.0,0.010169491525423728,0.012269938650306749,0.0,0.0,0.0,0.02,0.03,0.02,0.03,0.02,0.01,0.01,0.04,0.07,0.04,0.0,0.0,,,,,,0.9542425094393249,Fibrotic,Fibrotic,Fibrotic,Fibrotic,Fibrotic,Fibrotic,Fibrotic,Fibrotic,Fibrotic,Fibrotic,Fibrotic,Fibrotic,false,false,false,false,false,false,Lesion 02 Day 032 AA,Lesion 02 Day 045 AA,Lesion 02 Day 059 AA,Lesion 02 Day 073 AA,Lesion 02 Day 087 AA,Lesion 02 Day 101 AA,3.0204492,8.559951,6,cool
BDQ+LIN,BP26,3,-201.7,-166.68,-128.78,-189.49,-280.87,-356.35,-162.0,-86.0,-46.0,-156.0,-278.0,-342.0,201.73,202.02,192.85,189.78,181.74,182.1,2.04,2.05,2.31,1.26,0.42,0.84,1.55,1.73,2.0,0.95,0.33,0.68,1.36,1.24,1.43,0.87,0.27,0.43,5.79,4.72,5.35,3.7,1.4,2.02,0.03,0.06,0.07,0.03,0.0,0.01,0.03,0.06,0.07,0.03,0.0,0.01,0.02,0.05,0.06,0.02,0.0,0.0,0.1,0.23,0.27,0.11,0.02,0.05,0.1,0.21,0.26,0.1,0.02,0.04,0.0051813471502590676,0.012711864406779662,0.013084112149532713,0.008108108108108107,0.0,0.0049504950495049506,0.02,0.04,0.04,0.04,0.03,0.04,0.03,0.06,0.07,0.04,0.02,0.01,,,,,,2.294466226161593,Cavity,Cavity,Cavity,Cavity,Cavity,Cavity,Cavity,Cavity,Cavity,Cavity,Cavity,Cavity,false,false,false,false,false,false,Lesion 03 Day 032 AA,Lesion 03 Day 045 AA,Lesion 03 Day 059 AA,Lesion 03 Day 073 AA,Lesion 03 Day 087 AA,Lesion 03 Day 101 AA,2.4862602,4.065177,1,cool
BDQ+LIN,BP26,4,-249.64,-159.47,-141.43,-216.49,-199.8,-203.56,-228.0,-74.0,-71.0,-177.0,-144.0,-165.0,198.7,188.31,186.43,171.47,185.72,170.18,1.84,1.89,2.32,1.47,0.52,1.22,1.51,1.9,2.31,1.27,0.43,1.14,1.08,0.67,0.93,0.78,0.3,0.54,5.04,3.13,4.09,3.2,1.35,2.35,0.03,0.08,0.09,0.04,0.0,0.03,0.03,0.08,0.09,0.04,0.0,0.03,0.02,0.05,0.07,0.03,0.0,0.01,0.12,0.21,0.28,0.14,0.05,0.12,0.1,0.21,0.27,0.13,0.04,0.12,0.005952380952380952,0.025559105431309907,0.022004889975550123,0.012499999999999999,0.0,0.01276595744680851,0.03,0.04,0.04,0.04,0.04,0.05,0.03,0.07,0.08,0.04,0.04,0.05,,,,,,2.1958996524092336,Cavity,Cavity,Cavity,Cavity,Cavity,Cavity,Cavity,Cavity,Cavity,Cavity,Cavity,Cavity,false,false,false,false,false,false,Lesion 04 Day 032 AA,Lesion 04 Day 045 AA,Lesion 04 Day 059 AA,Lesion 04 Day 073 AA,Lesion 04 Day 087 AA,Lesion 04 Day 101 AA,2.9485235,6.276977,6,cool
BDQ+LIN,BP26,5,-291.09,-236.62,-246.88,-331.58,-305.32,-320.29,-302.0,-213.0,-249.0,-359.0,-309.0,-328.0,162.73,165.96,174.79,166.86,163.63,152.29,1.31,1.5,1.62,1.06,0.51,1.35,1.21,1.35,1.52,0.89,0.45,1.24,0.42,0.58,0.62,0.49,0.21,0.52,2.69,3.05,3.3,2.91,1.4,3.11,0.0,0.01,0.02,0.01,0.0,0.01,0.0,0.01,0.02,0.01,0.0,0.01,0.0,0.01,0.01,0.0,0.0,0.0,0.02,0.05,0.06,0.03,0.01,0.03,0.02,0.04,0.05,0.03,0.01,0.03,0.0,0.0032786885245901644,0.0060606060606060615,0.003436426116838488,0.0,0.0032154340836012866,0.01,0.02,0.02,0.02,0.01,0.02,0.0,0.01,0.01,0.01,0.01,0.0,,,,,,0.47712125471966244,Necrotic,Necrotic,Necrotic,Necrotic,Necrotic,Necrotic,Necrotic,Necrotic,Necrotic,Necrotic,Necrotic,Necrotic,false,false,false,false,false,false,Lesion 05 Day 032 AA,Lesion 05 Day 045 AA,Lesion 05 Day 059 AA,Lesion 05 Day 073 AA,Lesion 05 Day 087 AA,Lesion 05 Day 101 AA,5.859902,5.8764243,9,cool
BDQ+LIN,BP26,6,-365.59,-270.46,-237.46,-376.74,-535.56,-385.15,-376.0,-268.0,-231.0,-385.0,-544.0,-386.0,150.59,170.56,179.33,146.6,145.32,129.34,0.8,1.22,1.64,0.77,0.23,0.53,0.75,1.14,1.47,0.67,0.22,0.51,0.21,0.47,0.74,0.33,0.05,0.09,1.72,2.2,3.53,1.71,0.32,0.75,0.0,0.02,0.03,0.0,0.0,0.0,0.0,0.02,0.03,0.0,0.0,0.0,0.0,0.0,0.02,0.0,0.0,0.0,0.01,0.06,0.11,0.03,0.01,0.01,0.01,0.05,0.11,0.03,0.0,0.01,0.0,0.00909090909090909,0.0084985835694051,0.0,0.0,0.0,0.01,0.03,0.04,0.03,0.02,0.01,0.0,0.01,0.03,0.0,0.0,0.0,,,,,,2.4653828514484184,Cavity,Cavity,Cavity,Cavity,Cavity,Cavity,Cavity,Cavity,Cavity,Cavity,Cavity,Cavity,false,false,false,false,false,false,Lesion 06 Day 032 AA,Lesion 06 Day 045 AA,Lesion 06 Day 059 AA,Lesion 06 Day 073 AA,Lesion 06 Day 087 AA,Lesion 06 Day 101 AA,7.9535866,5.300333,8,cool
BDQ+LIN,BP26,7,-305.94,-178.31,-94.41,-161.82,-177.69,-198.44,-321.0,-131.0,-23.0,-88.0,-103.0,-157.0,169.93,187.01,179.7,193.78,185.75,192.63,2.13,2.86,3.98,2.68,1.08,2.49,2.15,2.93,4.1,2.8,1.16,2.52,0.64,0.99,1.45,1.07,0.38,0.96,3.97,4.8,6.84,4.6,1.73,4.44,0.12,0.27,0.3,0.21,0.02,0.15,0.12,0.27,0.3,0.21,0.02,0.15,0.09,0.24,0.28,0.18,0.0,0.13,0.32,0.86,1.29,0.71,0.2,0.47,0.26,0.83,1.29,0.66,0.19,0.44,0.030226700251889164,0.05625000000000001,0.043859649122807015,0.04565217391304348,0.011560693641618498,0.03378378378378378,0.08,0.12,0.09,0.1,0.07,0.08,0.03,0.16,0.24,0.15,0.11,0.09,,,,,,1.3424226808222062,Fibrotic,Fibrotic,Fibrotic,Fibrotic,Fibrotic,Fibrotic,Fibrotic,Fibrotic,Fibrotic,Fibrotic,Fibrotic,Fibrotic,false,false,false,false,false,false,Lesion 07 Day 032 AA,Lesion 07 Day 045 AA,Lesion 07 Day 059 AA,Lesion 07 Day 073 AA,Lesion 07 Day 087 AA,Lesion 07 Day 101 AA,-1.0817143,4.856068,11,hot
BDQ+LIN,BP26,8,-186.69,-92.49,-73.41,-128.76,-185.38,-208.67,-136.0,-24.0,-17.0,-74.0,-126.0,-171.0,207.35,164.9,154.36,164.5,207.65,214.14,2.04,2.58,3.06,2.26,0.78,1.94,1.69,2.55,3.15,2.2,0.75,2.0,1.14,0.83,1.06,0.91,0.36,0.89,5.81,5.24,5.51,5.04,1.7,4.17,0.27,0.82,0.8,0.53,0.02,0.35,0.27,0.82,0.8,0.53,0.02,0.35,0.19,0.65,0.71,0.39,0.0,0.26,0.96,2.33,2.7,1.55,0.48,1.05,0.87,2.3,2.68,1.51,0.44,0.95,0.046471600688468166,0.1564885496183206,0.14519056261343014,0.10515873015873016,0.011764705882352941,0.08393285371702637,0.2,0.17,0.18,0.22,0.22,0.23,0.22,0.74,0.7,0.44,0.34,0.26,,,,,,2.6414741105040997,Cavity,Cavity,Cavity,Cavity,Cavity,Cavity,Cavity,Cavity,Cavity,Cavity,Cavity,Cavity,true,true,true,true,true,true,Lesion 08z22 Day 032 AA,Lesion 08z22 Day 045 AA,Lesion 08z22 Day 059 AA,Lesion 08z22 Day 073 AA,Lesion 08z22 Day 087 AA,Lesion 08z22 Day 101 AA,-4.4862976,6.2130404,0,hot
BDQ+LIN,BP26,9,-325.05,-213.76,-228.24,-318.63,-350.47,-329.37,-347.0,-188.0,-216.0,-334.0,-360.0,-318.0,157.95,177.15,183.85,149.98,150.75,153.64,1.12,1.78,2.03,1.13,0.34,1.05,0.88,1.66,1.77,0.9,0.28,0.88,0.64,0.75,1.01,0.61,0.16,0.54,3.99,3.97,5.13,2.92,0.89,2.8,0.02,0.19,0.21,0.06,0.0,0.02,0.02,0.19,0.21,0.06,0.0,0.02,0.01,0.12,0.14,0.03,0.0,0.01,0.12,0.58,0.68,0.28,0.06,0.14,0.11,0.55,0.65,0.25,0.05,0.12,0.005012531328320802,0.04785894206549118,0.04093567251461988,0.02054794520547945,0.0,0.0071428571428571435,0.07,0.16,0.18,0.18,0.13,0.1,0.02,0.14,0.14,0.04,0.02,0.02,,,,,,1.9928345756123256,Cavity,Cavity,Cavity,Cavity,Cavity,Cavity,Cavity,Cavity,Cavity,Cavity,Cavity,Cavity,true,true,true,true,true,true,Lesion 09z12 Day 032 AA,Lesion 09z12 Day 045 AA,Lesion 09z12 Day 059 AA,Lesion 09z12 Day 073 AA,Lesion 09z12 Day 087 AA,Lesion 09z12 Day 101 AA,-4.0855913,10.91418,5,hot
BDQ+LIN,BP26,10,-580.65,-391.34,-379.96,-565.13,-671.71,-739.7,-592.0,-418.0,-393.0,-565.0,-684.0,-746.0,92.15,115.27,102.85,64.17,76.46,43.72,0.5,0.68,0.71,0.42,0.15,0.31,0.49,0.67,0.7,0.42,0.15,0.31,0.03,0.05,0.07,0.02,0.01,0.02,0.61,0.84,0.91,0.46,0.19,0.37,0.0,0.0,0.0,0.0,0.0,0.0,0.0,0.0,0.0,0.0,0.0,0.0,0.0,0.0,0.0,0.0,0.0,0.0,0.0,0.01,0.01,0.0,0.0,0.0,0.0,0.01,0.01,0.0,0.0,0.0,0.0,0.0,0.0,0.0,0.0,0.0,0.0,0.01,0.01,0.0,0.0,0.0,0.0,0.0,0.0,0.0,0.0,0.0,,,,,,0.47712125471966244,Necrotic,Necrotic,Necrotic,Necrotic,Necrotic,Necrotic,Necrotic,Necrotic,Necrotic,Necrotic,Necrotic,Necrotic,false,false,false,false,false,false,Lesion 10 Day 032 AA,Lesion 10 Day 045 AA,Lesion 10 Day 059 AA,Lesion 10 Day 073 AA,Lesion 10 Day 087 AA,Lesion 10 Day 101 AA,11.293962,7.52691,7,cool
BDQ+LIN,BP26,11,-415.92,-342.5,-303.88,-427.59,-491.55,-588.38,-418.0,-343.0,-319.0,-439.0,-497.0,-609.0,126.33,151.17,148.21,79.47,143.5,114.11,0.57,0.83,0.91,0.49,0.16,0.32,0.53,0.78,0.87,0.48,0.15,0.31,0.13,0.18,0.2,0.09,0.02,0.03,1.04,1.37,1.34,0.7,0.21,0.4,0.0,0.0,0.0,0.0,0.0,0.0,0.0,0.0,0.0,0.0,0.0,0.0,0.0,0.0,0.0,0.0,0.0,0.0,0.01,0.02,0.03,0.01,0.0,0.0,0.01,0.02,0.03,0.01,0.0,0.0,0.0,0.0,0.0,0.0,0.0,0.0,0.01,0.02,0.03,0.02,0.01,0.0,0.0,0.0,0.01,0.0,0.0,0.0,,,,,,0.47712125471966244,Necrotic,Necrotic,Necrotic,Necrotic,Necrotic,Necrotic,Necrotic,Necrotic,Necrotic,Necrotic,Necrotic,Necrotic,false,false,false,false,false,false,Lesion 11 Day 032 AA,Lesion 11 Day 045 AA,Lesion 11 Day 059 AA,Lesion 11 Day 073 AA,Lesion 11 Day 087 AA,Lesion 11 Day 101 AA,9.7214155,5.730115,8,cool
BDQ+LIN,BP26,13,-338.48,-178.26,-207.01,-194.74,-262.64,-290.06,-361.0,-148.0,-190.0,-176.0,-260.0,-314.0,193.75,182.05,196.6,181.5,184.58,197.78,1.2,1.72,1.81,1.24,0.41,0.89,0.98,1.61,1.72,1.06,0.4,0.8,0.72,0.78,0.84,0.69,0.17,0.38,3.56,3.63,4.16,3.59,0.93,1.9,0.03,0.13,0.11,0.05,0.0,0.01,0.03,0.13,0.11,0.05,0.0,0.01,0.02,0.08,0.08,0.03,0.0,0.0,0.15,0.41,0.35,0.23,0.04,0.08,0.12,0.39,0.34,0.21,0.04,0.06,0.008426966292134831,0.03581267217630854,0.026442307692307692,0.01392757660167131,0.0,0.005263157894736843,0.06,0.11,0.1,0.1,0.06,0.04,0.02,0.12,0.09,0.08,0.04,0.02,,,,,,0.7781512503836436,Necrotic,Necrotic,Necrotic,Necrotic,Necrotic,Necrotic,Necrotic,Necrotic,Necrotic,Necrotic,Necrotic,Necrotic,false,false,false,false,false,false,Lesion 13 Day 032 AA,Lesion 13 Day 045 AA,Lesion 13 Day 059 AA,Lesion 13 Day 073 AA,Lesion 13 Day 087 AA,Lesion 13 Day 101 AA,-2.829533,10.356349,5,hot
BDQ+LIN,BP26,14,-222.22,-15.64,-63.22,-117.42,-144.22,-145.51,-182.0,11.0,-13.0,-45.0,-76.0,-80.0,206.4,118.11,157.85,189.13,188.73,179.85,2.43,2.83,3.51,2.27,0.79,1.98,1.91,2.86,3.67,2.19,0.69,1.92,1.61,1.04,1.44,1.09,0.43,0.85,7.98,5.32,6.87,5.35,2.24,4.92,0.34,0.99,0.9,0.56,0.06,0.47,0.34,0.99,0.9,0.56,0.06,0.47,0.27,0.83,0.83,0.44,0.01,0.31,1.34,3.1,3.57,1.79,0.54,1.35,1.2,3.05,3.54,1.7,0.52,1.28,0.042606516290726815,0.18609022556390975,0.13100436681222707,0.1046728971962617,0.02678571428571428,0.09552845528455284,0.21,0.09,0.17,0.19,0.2,0.21,0.26,0.97,0.85,0.55,0.45,0.43,,,,,,3.5669086552268032,Cavity,Cavity,Cavity,Cavity,Cavity,Cavity,Cavity,Cavity,Cavity,Cavity,Cavity,Cavity,true,true,true,true,true,true,Lesion 14z15z16z17z18 Day 032 AA,Lesion 14z15z16z17z18 Day 045 AA,Lesion 14z15z16z17z18 Day 059 AA,Lesion 14z15z16z17z18 Day 073 AA,Lesion 14z15z16z17z18 Day 087 AA,Lesion 14z15z16z17z18 Day 101 AA,-2.4898274,8.050486,0,hot
BDQ+LIN,BP26,19,-247.88,-121.94,-79.84,-103.9,-148.44,-219.0,-258.0,-44.0,-3.0,-19.0,-69.0,-180.0,195.88,187.91,173.24,182.65,194.38,207.95,1.64,2.43,3.08,2.32,0.76,1.69,1.29,2.34,2.92,2.13,0.64,1.39,1.14,0.98,1.39,1.25,0.44,1.09,8.32,5.53,7.47,5.84,2.36,5.56,0.25,1.14,1.44,1.1,0.1,0.52,0.25,1.14,1.44,1.1,0.1,0.52,0.15,0.82,1.26,0.85,0.01,0.37,1.02,3.42,5.29,3.65,0.97,1.83,0.93,3.16,5.25,3.57,0.92,1.75,0.032552083333333336,0.20614828209764915,0.1927710843373494,0.18835616438356168,0.04237288135593221,0.09352517985611512,0.34,0.38,0.36,0.47,0.39,0.41,0.23,0.92,1.37,1.04,0.79,0.54,,,,,,2.739401110142996,Cavity,Cavity,Cavity,Cavity,Cavity,Cavity,Cavity,Cavity,Cavity,Cavity,Cavity,Cavity,true,true,true,true,true,true,Lesion 19z20z21z23 Day 032 AA,Lesion 19z20z21z23 Day 045 AA,Lesion 19z20z21z23 Day 059 AA,Lesion 19z20z21z23 Day 073 AA,Lesion 19z20z21z23 Day 087 AA,Lesion 19z20z21z23 Day 101 AA,-5.8033257,8.009031,0,hot
BDQ+LIN,BP26,24,-341.06,-238.99,-241.24,-370.52,-342.17,-315.44,-353.0,-221.0,-226.0,-376.0,-345.0,-313.0,155.54,178.38,185.96,166.41,148.03,146.16,0.88,1.42,1.31,0.8,0.29,0.73,0.72,1.32,1.04,0.66,0.25,0.7,0.4,0.59,0.62,0.34,0.12,0.19,2.2,2.67,3.11,2.24,0.64,1.21,0.0,0.03,0.03,0.01,0.0,0.0,0.0,0.03,0.03,0.01,0.0,0.0,0.0,0.02,0.02,0.0,0.0,0.0,0.03,0.1,0.13,0.07,0.01,0.03,0.03,0.1,0.12,0.05,0.01,0.03,0.0,0.011235955056179775,0.00964630225080386,0.004464285714285714,0.0,0.0,0.02,0.04,0.05,0.06,0.03,0.03,0.0,0.03,0.03,0.01,0.01,0.01,,,,,,2.4785664955938436,Necrotic,Necrotic,Necrotic,Necrotic,Necrotic,Necrotic,Necrotic,Necrotic,Necrotic,Necrotic,Necrotic,Necrotic,false,false,false,false,false,false,Lesion 24 Day 032 AA,Lesion 24 Day 045 AA,Lesion 24 Day 059 AA,Lesion 24 Day 073 AA,Lesion 24 Day 087 AA,Lesion 24 Day 101 AA,6.754165,5.328461,9,cool
PZA+RIF,BP29,1,-428.0,-355.27,-341.88,-472.8,-493.61,-421.86,-437.0,-377.0,-363.0,-487.0,-496.0,-429.0,80.84,115.74,119.64,99.8,67.87,56.95,0.5,0.75,0.86,0.65,0.57,0.57,0.48,0.75,0.83,0.63,0.56,0.57,0.05,0.06,0.12,0.08,0.02,0.03,0.74,0.93,1.26,0.91,0.6,0.62,0.0,0.0,0.0,0.0,0.0,0.0,0.0,0.0,0.0,0.0,0.0,0.0,0.0,0.0,0.0,0.0,0.0,0.0,0.0,0.01,0.01,0.01,0.0,0.0,0.0,0.01,0.01,0.01,0.0,0.0,0.0,0.0,0.0,0.0,0.0,0.0,0.01,0.01,0.01,0.01,0.0,0.0,0.0,0.0,0.0,0.0,0.0,0.0,,,,,,0.48,Scar,Scar,Scar,Scar,Scar,Scar,Scar,Scar,Scar,Scar,Scar,Scar,false,false,false,false,false,false,Lesion 01 Day 034 AA,Lesion 01 Day 045 AA,Lesion 01 Day 061 AA,Lesion 01 Day 073 AA,Lesion 01 Day 087 AA,Lesion 01 Day 101 AA,10.941316,8.205117,7,cool
PZA+RIF,BP29,2,-324.0,-98.91,-80.1,-103.71,-101.14,-143.97,-335.0,-55.0,-23.0,-46.0,-39.0,-107.0,139.89,151.15,152.84,158.84,193.58,192.76,0.69,2.08,1.79,2.33,1.46,1.27,0.65,2.03,1.79,2.31,1.41,1.26,0.21,0.81,0.59,0.85,0.51,0.32,1.35,4.5,3.22,4.5,3.02,2.19,0.0,0.27,0.27,0.31,0.13,0.06,0.0,0.27,0.27,0.31,0.13,0.06,0.0,0.18,0.16,0.25,0.05,0.01,0.13,0.73,0.74,0.9,0.43,0.31,0.13,0.73,0.74,0.9,0.43,0.31,0.0,0.060000000000000005,0.08385093167701864,0.06888888888888889,0.04304635761589404,0.0273972602739726,0.17,0.09,0.09,0.1,0.11,0.11,0.02,0.27,0.35,0.31,0.2,0.14,,,,,,1.46,Cavity,Cavity,Cavity,Cavity,Cavity,Cavity,Cavity,Cavity,Cavity,Cavity,Cavity,Cavity,true,true,true,true,true,true,Lesion 02z03 Day 034 AA,Lesion 02z03 Day 045 AA,Lesion 02z03 Day 061 AA,Lesion 02z03 Day 073 AA,Lesion 02z03 Day 087 AA,Lesion 02z03 Day 101 AA,-0.40622997,9.55243,4,hot
PZA+RIF,BP29,4,-390.37,-103.03,-121.27,-109.64,-146.25,-81.06,-409.0,-55.0,-54.0,-51.0,-101.0,-7.0,129.91,150.55,168.12,159.16,191.19,192.37,0.36,1.57,1.18,1.91,1.6,1.71,0.27,1.25,1.05,1.69,1.39,1.45,0.22,0.96,0.68,1.01,0.86,1.0,1.46,5.13,3.48,5.08,3.96,4.42,0.0,0.2,0.15,0.35,0.26,0.26,0.0,0.2,0.15,0.35,0.26,0.26,0.0,0.13,0.07,0.25,0.18,0.18,0.06,0.78,0.57,1.19,0.89,0.92,0.06,0.78,0.57,1.19,0.88,0.91,0.0,0.038986354775828465,0.043103448275862065,0.06889763779527558,0.06565656565656566,0.05882352941176471,0.18,0.15,0.19,0.17,0.24,0.16,0.02,0.34,0.32,0.43,0.33,0.38,,,,,,1.18,Necrotic,Necrotic,Necrotic,Necrotic,Necrotic,Necrotic,Necrotic,Necrotic,Necrotic,Necrotic,Necrotic,Necrotic,true,true,true,true,true,true,Lesion 04z06 Day 034 AA,Lesion 04z06 Day 045 AA,Lesion 04z06 Day 061 AA,Lesion 04z06 Day 073 AA,Lesion 04z06 Day 087 AA,Lesion 04z06 Day 101 AA,-2.8572562,9.257785,14,hot
PZA+RIF,BP29,5,-345.18,-316.46,-285.89,-330.17,-337.64,-343.06,-361.0,-325.0,-293.0,-347.0,-348.0,-350.0,111.43,121.44,142.2,126.56,108.54,134.57,0.28,0.56,0.4,0.6,0.54,0.65,0.28,0.53,0.38,0.58,0.53,0.64,0.07,0.13,0.1,0.09,0.06,0.08,0.44,1.0,0.66,0.77,0.66,0.85,0.0,0.0,0.0,0.0,0.0,0.0,0.0,0.0,0.0,0.0,0.0,0.0,0.0,0.0,0.0,0.0,0.0,0.0,0.01,0.01,0.01,0.01,0.01,0.01,0.01,0.01,0.01,0.01,0.01,0.01,0.0,0.0,0.0,0.0,0.0,0.0,0.02,0.02,0.02,0.02,0.02,0.02,0.0,0.0,0.01,0.0,0.0,0.0,,,,,,0.48,Necrotic,Necrotic,Necrotic,Necrotic,Necrotic,Necrotic,Necrotic,Necrotic,Necrotic,Necrotic,Necrotic,Necrotic,false,false,false,false,false,false,Lesion 05 Day 034 AA,Lesion 05 Day 045 AA,Lesion 05 Day 061 AA,Lesion 05 Day 073 AA,Lesion 05 Day 087 AA,Lesion 05 Day 101 AA,9.75256,8.8055525,3,cool
PZA+RIF,BP29,7,-238.91,-1.83,3.53,-15.51,40.61,31.7,-246.0,13.0,23.0,10.0,69.0,71.0,168.44,85.01,98.13,114.36,118.83,139.26,0.86,2.35,2.19,2.87,2.37,2.34,0.79,2.09,2.15,2.92,2.31,2.25,0.32,1.05,0.47,1.0,0.81,0.78,2.18,5.43,3.49,4.94,4.53,4.54,0.02,0.63,0.69,0.71,0.59,0.51,0.02,0.63,0.69,0.71,0.59,0.51,0.0,0.46,0.44,0.62,0.47,0.38,0.35,2.04,1.59,2.35,1.73,1.42,0.35,2.04,1.58,2.35,1.72,1.42,0.009174311926605503,0.11602209944751382,0.19770773638968478,0.14372469635627527,0.13024282560706402,0.11233480176211454,0.26,0.04,0.05,0.06,0.05,0.05,0.14,0.78,0.66,0.75,0.69,0.55,,,,,,0.96,Necrotic,Necrotic,Necrotic,Necrotic,Necrotic,Necrotic,Necrotic,Necrotic,Necrotic,Necrotic,Necrotic,Necrotic,false,false,false,false,false,false,Lesion 07 Day 034 AA,Lesion 07 Day 045 AA,Lesion 07 Day 061 AA,Lesion 07 Day 073 AA,Lesion 07 Day 087 AA,Lesion 07 Day 101 AA,-1.7692541,9.17931,14,hot
PZA+RIF,BP29,8,-319.38,-174.71,-171.77,-186.41,-196.26,-169.72,-327.0,-127.0,-123.0,-133.0,-157.0,-111.0,118.6,164.89,172.4,168.25,173.01,180.84,0.41,1.3,0.71,1.13,0.65,0.87,0.35,1.23,0.6,1.01,0.59,0.84,0.17,0.52,0.36,0.52,0.21,0.28,0.83,2.74,1.83,2.27,1.34,1.49,0.0,0.03,0.0,0.02,0.0,0.0,0.0,0.03,0.0,0.02,0.0,0.0,0.0,0.01,0.0,0.01,0.0,0.0,0.01,0.12,0.07,0.08,0.04,0.04,0.01,0.12,0.07,0.08,0.04,0.04,0.0,0.01094890510948905,0.0,0.00881057268722467,0.0,0.0,0.03,0.04,0.05,0.03,0.03,0.02,0.0,0.04,0.05,0.04,0.03,0.03,,,,,,0.78,Necrotic,Necrotic,Necrotic,Necrotic,Necrotic,Necrotic,Necrotic,Necrotic,Necrotic,Necrotic,Necrotic,Necrotic,false,false,false,false,false,false,Lesion 08 Day 034 AA,Lesion 08 Day 045 AA,Lesion 08 Day 061 AA,Lesion 08 Day 073 AA,Lesion 08 Day 087 AA,Lesion 08 Day 101 AA,4.9967327,8.410087,6,cool
PZA+RIF,BP29,9,-352.06,-179.79,-138.69,-192.85,-160.88,-155.22,-368.0,-145.0,-86.0,-156.0,-133.0,-131.0,128.54,162.27,161.24,175.41,165.61,199.35,0.52,1.65,1.03,1.57,1.13,1.48,0.45,1.48,0.88,1.45,1.08,1.41,0.23,0.62,0.57,0.73,0.44,0.64,1.21,3.49,2.57,3.42,2.2,3.13,0.0,0.09,0.05,0.09,0.04,0.08,0.0,0.09,0.05,0.09,0.04,0.08,0.0,0.05,0.02,0.05,0.01,0.04,0.06,0.31,0.23,0.28,0.19,0.27,0.06,0.31,0.23,0.28,0.19,0.27,0.0,0.025787965616045842,0.01945525291828794,0.02631578947368421,0.01818181818181818,0.025559105431309907,0.1,0.1,0.08,0.09,0.08,0.08,0.01,0.09,0.13,0.09,0.09,0.09,,,,,,0.78,Fibrotic,Fibrotic,Fibrotic,Fibrotic,Fibrotic,Fibrotic,Fibrotic,Fibrotic,Fibrotic,Fibrotic,Fibrotic,Fibrotic,false,false,false,false,false,false,Lesion 09 Day 034 AA,Lesion 09 Day 045 AA,Lesion 09 Day 061 AA,Lesion 09 Day 073 AA,Lesion 09 Day 087 AA,Lesion 09 Day 101 AA,5.3502755,8.987225,3,cool
PZA+RIF,BP29,11,-158.34,-154.9,-127.04,-199.67,-188.58,-220.38,-149.0,-117.0,-79.0,-175.0,-184.0,-216.0,130.63,160.79,163.39,183.59,184.44,200.37,1.52,2.76,1.21,2.2,1.78,1.84,1.51,2.77,1.1,2.08,1.82,1.75,0.51,0.79,0.49,0.78,0.52,0.57,2.5,4.2,2.61,3.95,2.76,3.05,0.03,0.08,0.03,0.07,0.06,0.05,0.03,0.08,0.03,0.07,0.06,0.05,0.01,0.07,0.01,0.05,0.03,0.03,0.09,0.25,0.14,0.19,0.16,0.14,0.09,0.25,0.14,0.19,0.16,0.14,0.012,0.019047619047619046,0.011494252873563218,0.017721518987341773,0.021739130434782608,0.01639344262295082,0.03,0.04,0.05,0.05,0.04,0.04,0.03,0.05,0.07,0.04,0.04,0.04,,,,,,0.85,Necrotic,Necrotic,Necrotic,Necrotic,Necrotic,Necrotic,Necrotic,Necrotic,Necrotic,Necrotic,Necrotic,Necrotic,true,true,true,true,true,true,Lesion 11z12 Day 034 AA,Lesion 11z12 Day 045 AA,Lesion 11z12 Day 061 AA,Lesion 11z12 Day 073 AA,Lesion 11z12 Day 087 AA,Lesion 11z12 Day 101 AA,1.3454537,6.906733,10,cool
PZA+RIF,BP29,13,-332.8,-107.63,-106.13,-158.2,-175.35,-131.88,-331.0,-78.0,-34.0,-96.0,-155.0,-78.0,101.34,119.9,163.57,167.83,188.43,207.95,0.65,1.31,0.83,1.28,1.46,1.37,0.61,1.28,0.8,1.24,1.47,1.38,0.17,0.19,0.18,0.3,0.3,0.25,1.25,1.87,1.57,1.97,2.1,2.18,0.0,0.01,0.0,0.01,0.02,0.01,0.0,0.01,0.0,0.01,0.02,0.01,0.0,0.0,0.0,0.0,0.0,0.0,0.01,0.05,0.03,0.05,0.05,0.03,0.01,0.05,0.03,0.05,0.05,0.03,0.0,0.0053475935828877,0.0,0.005076142131979696,0.008771929824561405,0.004587155963302752,0.02,0.01,0.01,0.02,0.02,0.01,0.0,0.03,0.03,0.02,0.02,0.01,,,,,,0.96,Necrotic,Necrotic,Necrotic,Necrotic,Necrotic,Necrotic,Necrotic,Necrotic,Necrotic,Necrotic,Necrotic,Necrotic,false,false,false,false,false,false,Lesion 13 Day 034 AA,Lesion 13 Day 045 AA,Lesion 13 Day 061 AA,Lesion 13 Day 073 AA,Lesion 13 Day 087 AA,Lesion 13 Day 101 AA,3.668664,11.031021,4,hot
PZA+RIF,BP29,14,-438.61,-206.46,-213.96,-186.5,-238.01,-172.34,-454.0,-194.0,-199.0,-149.0,-227.0,-151.0,137.99,169.15,181.18,166.77,162.31,189.95,0.31,1.16,0.57,1.04,0.65,0.88,0.31,1.13,0.48,0.96,0.6,0.87,0.05,0.41,0.26,0.45,0.2,0.27,0.46,2.11,1.46,1.91,1.22,1.35,0.0,0.01,0.0,0.01,0.0,0.0,0.0,0.01,0.0,0.01,0.0,0.0,0.0,0.0,0.0,0.0,0.0,0.0,0.01,0.07,0.04,0.06,0.03,0.03,0.01,0.07,0.04,0.06,0.03,0.03,0.0,0.004739336492890996,0.0,0.005235602094240838,0.0,0.0,0.02,0.04,0.05,0.03,0.03,0.02,0.0,0.03,0.03,0.03,0.02,0.02,,,,,,0.96,Necrotic,Necrotic,Necrotic,Necrotic,Necrotic,Necrotic,Necrotic,Necrotic,Necrotic,Necrotic,Necrotic,Necrotic,false,false,false,false,false,false,Lesion 14 Day 034 AA,Lesion 14 Day 045 AA,Lesion 14 Day 061 AA,Lesion 14 Day 073 AA,Lesion 14 Day 087 AA,Lesion 14 Day 101 AA,5.7477536,7.1013765,9,cool
PZA+RIF,BP29,16,-385.94,-178.34,-131.47,-103.53,-150.63,-121.73,-397.0,-147.0,-77.0,-54.0,-95.0,-55.0,119.22,137.06,147.29,146.79,186.33,187.25,0.28,1.16,0.84,1.68,1.2,1.47,0.25,0.93,0.62,1.54,1.03,1.33,0.08,0.65,0.55,0.86,0.65,0.72,0.66,3.26,2.39,3.75,3.2,3.33,0.0,0.04,0.03,0.12,0.06,0.07,0.0,0.04,0.03,0.12,0.06,0.07,0.0,0.02,0.01,0.08,0.03,0.04,0.02,0.19,0.18,0.39,0.25,0.24,0.02,0.19,0.18,0.39,0.24,0.24,0.0,0.012269938650306749,0.012552301255230124,0.032,0.01875,0.021021021021021023,0.07,0.09,0.07,0.06,0.08,0.06,0.0,0.09,0.14,0.17,0.12,0.1,,,,,,0.96,Necrotic,Necrotic,Necrotic,Necrotic,Necrotic,Necrotic,Necrotic,Necrotic,Necrotic,Necrotic,Necrotic,Necrotic,false,false,false,false,false,false,Lesion 16 Day 034 AA,Lesion 16 Day 045 AA,Lesion 16 Day 061 AA,Lesion 16 Day 073 AA,Lesion 16 Day 087 AA,Lesion 16 Day 101 AA,5.635071,9.511307,3,cool
PZA+RIF,BP29,17,-433.74,-249.14,-212.28,-231.92,-303.18,-227.83,-437.0,-248.0,-203.0,-215.0,-307.0,-213.0,95.45,151.4,156.83,171.84,140.01,165.94,0.32,1.35,0.63,1.17,0.56,0.75,0.31,1.26,0.55,1.02,0.53,0.72,0.07,0.52,0.3,0.47,0.14,0.19,0.52,2.83,2.03,2.39,0.98,1.26,0.0,0.04,0.0,0.02,0.0,0.0,0.0,0.04,0.0,0.02,0.0,0.0,0.0,0.01,0.0,0.01,0.0,0.0,0.03,0.14,0.06,0.08,0.03,0.03,0.03,0.14,0.06,0.08,0.03,0.03,0.0,0.014134275618374558,0.0,0.008368200836820083,0.0,0.0,0.07,0.07,0.06,0.04,0.04,0.02,0.0,0.03,0.04,0.03,0.01,0.01,,,,,,1.04,Necrotic,Necrotic,Necrotic,Necrotic,Necrotic,Necrotic,Necrotic,Necrotic,Necrotic,Necrotic,Necrotic,Necrotic,false,false,false,false,false,false,Lesion 17 Day 034 AA,Lesion 17 Day 045 AA,Lesion 17 Day 061 AA,Lesion 17 Day 073 AA,Lesion 17 Day 087 AA,Lesion 17 Day 101 AA,8.636518,8.016737,3,cool
PZA+RIF,BP29,18,-365.92,-195.63,-144.76,-170.69,-180.67,-167.27,-374.0,-165.0,-105.0,-125.0,-159.0,-128.0,110.28,150.66,163.25,182.23,158.45,186.26,0.29,1.22,0.59,1.26,0.74,0.92,0.29,1.05,0.54,1.02,0.68,0.85,0.05,0.65,0.2,0.74,0.28,0.34,0.45,3.08,1.63,2.89,1.66,1.77,0.0,0.02,0.0,0.02,0.0,0.0,0.0,0.02,0.0,0.02,0.0,0.0,0.0,0.01,0.0,0.01,0.0,0.0,0.01,0.07,0.04,0.07,0.04,0.03,0.01,0.07,0.04,0.07,0.04,0.03,0.0,0.006493506493506493,0.0,0.006920415224913495,0.0,0.0,0.02,0.03,0.03,0.03,0.03,0.02,0.0,0.03,0.04,0.03,0.02,0.02,,,,,,1.5,Necrotic,Necrotic,Necrotic,Necrotic,Necrotic,Necrotic,Necrotic,Necrotic,Necrotic,Necrotic,Necrotic,Necrotic,false,false,false,false,false,false,Lesion 18 Day 034 AA,Lesion 18 Day 045 AA,Lesion 18 Day 061 AA,Lesion 18 Day 073 AA,Lesion 18 Day 087 AA,Lesion 18 Day 101 AA,6.4264703,9.442305,3,cool
BDQ+PRE,BP34,1,-116.7,-78.0,-86.69,-68.95,-118.53,-157.75,-43.0,-7.0,-9.0,-7.0,-42.0,-105.0,157.37,156.08,171.17,149.99,185.85,176.7,1.3,2.02,2.82,1.73,0.93,0.76,1.04,2.08,2.66,1.51,0.83,0.56,0.73,0.86,1.43,0.75,0.38,0.48,2.99,4.61,6.99,3.55,2.34,2.41,0.06,0.13,0.24,0.1,0.01,0.01,0.06,0.13,0.24,0.1,0.01,0.01,0.03,0.1,0.19,0.07,0.0,0.0,0.19,0.42,0.86,0.35,0.12,0.07,0.18,0.41,0.83,0.34,0.11,0.06,0.02006688963210702,0.028199566160520606,0.034334763948497854,0.028169014084507046,0.004273504273504274,0.004149377593360996,0.04,0.05,0.06,0.04,0.04,0.04,0.1,0.16,0.23,0.16,0.07,0.05,,,,,,0.7781512503836436,Fibrotic,Fibrotic,Fibrotic,Fibrotic,Fibrotic,Fibrotic,Fibrotic,Fibrotic,Fibrotic,Fibrotic,Fibrotic,Fibrotic,false,false,false,false,false,false,Lesion 01 Day 032 AA,Lesion 01 Day 045 AA,Lesion 01 Day 059 AA,Lesion 01 Day 073 AA,Lesion 01 Day 087 AA,Lesion 01 Day 101 AA,1.358819,9.628384,4,hot
BDQ+PRE,BP34,2,-302.1,-182.39,-183.94,-193.29,-215.45,-241.93,-323.0,-130.0,-148.0,-158.0,-195.0,-238.0,156.82,177.76,168.83,163.24,167.67,157.29,0.54,1.52,1.7,1.08,0.55,0.47,0.4,1.32,1.54,1.03,0.48,0.4,0.38,0.77,0.94,0.49,0.24,0.23,1.78,3.58,3.89,2.15,1.19,1.01,0.0,0.09,0.1,0.04,0.0,0.0,0.0,0.09,0.1,0.04,0.0,0.0,0.0,0.06,0.08,0.0,0.0,0.0,0.05,0.33,0.32,0.17,0.06,0.04,0.05,0.31,0.31,0.16,0.06,0.04,0.0,0.02513966480446927,0.02570694087403599,0.018604651162790697,0.0,0.0,0.06,0.09,0.09,0.08,0.06,0.06,0.02,0.11,0.1,0.08,0.05,0.03,,,,,,0.7781512503836436,Cavity,Cavity,Cavity,Cavity,Cavity,Cavity,Cavity,Cavity,Cavity,Cavity,Cavity,Cavity,false,false,false,false,false,false,Lesion 02 Day 032 AA,Lesion 02 Day 045 AA,Lesion 02 Day 059 AA,Lesion 02 Day 073 AA,Lesion 02 Day 087 AA,Lesion 02 Day 101 AA,4.7667027,8.307295,6,cool
BDQ+PRE,BP34,3,-252.72,-118.33,-134.42,-142.32,-184.45,-208.67,-256.0,-48.0,-66.0,-88.0,-170.0,-190.0,165.15,165.4,170.47,191.29,170.6,183.46,0.67,1.88,2.1,1.28,0.73,0.57,0.5,1.78,1.96,1.17,0.67,0.5,0.44,0.7,0.93,0.51,0.29,0.27,2.39,3.7,4.44,2.64,1.62,1.37,0.02,0.31,0.26,0.12,0.0,0.0,0.02,0.31,0.26,0.12,0.0,0.0,0.0,0.2,0.19,0.04,0.0,0.0,0.15,0.91,0.84,0.47,0.18,0.17,0.14,0.87,0.81,0.47,0.18,0.17,0.008368200836820083,0.08378378378378377,0.05855855855855856,0.04545454545454545,0.0,0.0,0.14,0.13,0.13,0.14,0.13,0.15,0.07,0.34,0.26,0.23,0.12,0.14,,,,,,0.9542425094393249,Cavity,Cavity,Cavity,Cavity,Cavity,Cavity,Cavity,Cavity,Cavity,Cavity,Cavity,Cavity,true,true,true,true,true,true,Lesion 03z04z05 Day 032 AA,Lesion 03z04z05 Day 045 AA,Lesion 03z04z05 Day 059 AA,Lesion 03z04z05 Day 073 AA,Lesion 03z04z05 Day 087 AA,Lesion 03z04z05 Day 101 AA,-3.2530255,8.868317,14,hot
BDQ+PRE,BP34,6,-197.45,-131.48,-161.52,-155.84,-199.91,-193.05,-168.0,-71.0,-88.0,-75.0,-219.0,-167.0,165.08,168.96,189.9,190.9,204.02,206.49,0.48,1.47,1.94,1.42,0.64,0.38,0.39,1.21,1.13,1.13,0.46,0.33,0.27,0.84,1.7,0.87,0.39,0.16,1.87,4.78,7.19,3.69,2.05,0.92,0.0,0.16,0.13,0.1,0.01,0.0,0.0,0.16,0.13,0.1,0.01,0.0,0.0,0.09,0.1,0.07,0.0,0.0,0.06,0.7,0.61,0.38,0.17,0.04,0.06,0.69,0.61,0.37,0.17,0.04,0.0,0.03347280334728033,0.018080667593880387,0.02710027100271003,0.004878048780487806,0.0,0.05,0.16,0.11,0.1,0.14,0.05,0.06,0.3,0.18,0.16,0.12,0.06,,,,,,0.9542425094393249,Cavity,Cavity,Cavity,Cavity,Cavity,Cavity,Cavity,Cavity,Cavity,Cavity,Cavity,Cavity,true,true,true,true,true,true,Lesion 06z07 Day 032 AA,Lesion 06z07 Day 045 AA,Lesion 06z07 Day 059 AA,Lesion 06z07 Day 073 AA,Lesion 06z07 Day 087 AA,Lesion 06z07 Day 101 AA,-3.670248,9.702644,5,hot
BDQ+PRE,BP34,8,-598.9,-378.86,-321.76,-436.02,-553.97,-515.67,-596.0,-403.0,-339.0,-445.0,-557.0,-517.0,53.25,138.77,122.91,132.43,86.9,68.61,0.25,0.68,0.66,0.63,0.34,0.27,0.24,0.68,0.66,0.62,0.34,0.27,0.03,0.05,0.06,0.06,0.02,0.02,0.34,0.82,0.83,0.76,0.38,0.31,0.0,0.0,0.0,0.0,0.0,0.0,0.0,0.0,0.0,0.0,0.0,0.0,0.0,0.0,0.0,0.0,0.0,0.0,0.0,0.01,0.0,0.01,0.0,0.0,0.0,0.0,0.0,0.0,0.0,0.0,0.0,0.0,0.0,0.0,0.0,0.0,0.0,0.01,0.01,0.01,0.0,0.0,0.0,0.0,0.0,0.0,0.0,0.0,,,,,,0.47712125471966244,Fibrotic,Fibrotic,Fibrotic,Fibrotic,Fibrotic,Fibrotic,Fibrotic,Fibrotic,Fibrotic,Fibrotic,Fibrotic,Fibrotic,false,false,false,false,false,false,Lesion 08 Day 032 AA,Lesion 08 Day 045 AA,Lesion 08 Day 059 AA,Lesion 08 Day 073 AA,Lesion 08 Day 087 AA,Lesion 08 Day 101 AA,10.51622,6.106746,7,cool
BDQ+PRE,BP34,9,-342.09,-255.59,-295.81,-450.04,-531.72,-532.0,-345.0,-262.0,-303.0,-456.0,-530.0,-528.0,80.53,166.13,120.35,88.0,79.76,96.99,0.31,0.86,0.76,0.64,0.43,0.27,0.3,0.85,0.75,0.62,0.42,0.26,0.05,0.12,0.1,0.04,0.04,0.02,0.48,1.2,1.12,0.82,0.56,0.33,0.0,0.0,0.0,0.0,0.0,0.0,0.0,0.0,0.0,0.0,0.0,0.0,0.0,0.0,0.0,0.0,0.0,0.0,0.01,0.02,0.01,0.01,0.0,0.0,0.01,0.02,0.01,0.0,0.0,0.0,0.0,0.0,0.0,0.0,0.0,0.0,0.04,0.01,0.02,0.01,0.0,0.0,0.0,0.01,0.0,0.0,0.0,0.0,,,,,,0.47712125471966244,Fibrotic,Fibrotic,Fibrotic,Fibrotic,Fibrotic,Fibrotic,Fibrotic,Fibrotic,Fibrotic,Fibrotic,Fibrotic,Fibrotic,false,false,false,false,false,false,Lesion 09 Day 032 AA,Lesion 09 Day 045 AA,Lesion 09 Day 059 AA,Lesion 09 Day 073 AA,Lesion 09 Day 087 AA,Lesion 09 Day 101 AA,7.27319,6.20034,9,cool
BDQ+PRE,BP34,10,-218.24,-80.64,-59.49,-44.97,-121.32,-193.01,-193.0,-29.0,-16.0,-12.0,-64.0,-144.0,174.98,142.87,138.96,121.07,175.99,190.6,0.78,2.3,2.76,1.67,0.97,0.62,0.55,2.29,2.61,1.35,0.82,0.52,0.58,0.91,1.6,0.84,0.51,0.37,3.3,5.06,7.06,4.7,2.85,2.48,0.06,0.77,0.78,0.41,0.09,0.02,0.06,0.77,0.78,0.41,0.09,0.02,0.03,0.59,0.68,0.26,0.03,0.01,0.39,2.21,3.08,1.7,0.59,0.29,0.37,2.16,3.05,1.67,0.56,0.28,0.01818181818181818,0.15217391304347827,0.1104815864022663,0.08723404255319148,0.031578947368421054,0.008064516129032258,0.25,0.21,0.17,0.14,0.18,0.19,0.21,0.71,0.94,0.85,0.39,0.24,,,,,,1.380211241711606,Necrotic,Necrotic,Necrotic,Necrotic,Necrotic,Necrotic,Necrotic,Necrotic,Necrotic,Necrotic,Necrotic,Necrotic,true,true,true,true,true,true,Lesion 10z11z12z13z14z15z16 Day 032 AA,Lesion 10z11z12z13z14z15z16 Day 045 AA,Lesion 10z11z12z13z14z15z16 Day 059 AA,Lesion 10z11z12z13z14z15z16 Day 073 AA,Lesion 10z11z12z13z14z15z16 Day 087 AA,Lesion 10z11z12z13z14z15z16 Day 101 AA,-4.596892,7.324061,0,hot
BDQ+PRE,BP34,17,-260.86,-102.1,-124.32,-122.09,-200.96,-235.78,-268.0,-41.0,-59.0,-69.0,-159.0,-223.0,162.82,152.92,170.35,172.28,200.97,188.01,0.57,2.15,2.35,1.53,0.71,0.5,0.43,2.1,2.0,1.39,0.62,0.43,0.39,0.78,1.29,0.72,0.36,0.27,2.85,4.43,6.64,4.04,2.05,1.53,0.03,1.11,0.99,0.53,0.04,0.0,0.03,1.11,0.99,0.53,0.04,0.0,0.01,0.79,0.76,0.3,0.0,0.0,0.37,3.08,3.55,1.84,0.66,0.38,0.34,3.05,3.44,1.79,0.6,0.35,0.010526315789473684,0.25056433408577883,0.14909638554216867,0.1311881188118812,0.019512195121951223,0.0,0.4,0.37,0.45,0.37,0.39,0.38,0.2,1.06,1.01,0.8,0.45,0.29,,,,,,1.255272505103306,Cavity,Cavity,Cavity,Cavity,Cavity,Cavity,Cavity,Cavity,Cavity,Cavity,Cavity,Cavity,true,true,true,true,true,true,Lesion 17z19z21z23 Day 032 AA,Lesion 17z19z21z23 Day 045 AA,Lesion 17z19z21z23 Day 059 AA,Lesion 17z19z21z23 Day 073 AA,Lesion 17z19z21z23 Day 087 AA,Lesion 17z19z21z23 Day 101 AA,-5.563825,7.639334,0,hot
BDQ+PRE,BP34,18,-395.21,-258.47,-221.01,-270.22,-309.83,-323.75,-410.0,-261.0,-227.0,-285.0,-334.0,-356.0,106.95,169.2,147.97,184.39,153.3,165.45,0.23,0.95,0.75,0.57,0.35,0.22,0.23,0.86,0.68,0.54,0.34,0.22,0.02,0.38,0.23,0.11,0.05,0.03,0.29,1.93,1.54,0.96,0.52,0.3,0.0,0.0,0.0,0.0,0.0,0.0,0.0,0.0,0.0,0.0,0.0,0.0,0.0,0.0,0.0,0.0,0.0,0.0,0.0,0.03,0.02,0.02,0.01,0.0,0.0,0.02,0.02,0.01,0.01,0.0,0.0,0.0,0.0,0.0,0.0,0.0,0.01,0.02,0.02,0.02,0.01,0.01,0.0,0.01,0.01,0.01,0.0,0.0,,,,,,0.47712125471966244,Fibrotic,Fibrotic,Fibrotic,Fibrotic,Fibrotic,Fibrotic,Fibrotic,Fibrotic,Fibrotic,Fibrotic,Fibrotic,Fibrotic,false,false,false,false,false,false,Lesion 18 Day 032 AA,Lesion 18 Day 045 AA,Lesion 18 Day 059 AA,Lesion 18 Day 073 AA,Lesion 18 Day 087 AA,Lesion 18 Day 101 AA,7.3461084,5.814072,9,cool
BDQ+PRE,BP34,20,-190.97,-136.83,-184.86,-140.66,-162.65,-205.83,-178.0,-81.0,-135.0,-68.0,-123.0,-168.0,178.57,176.78,200.57,179.27,197.78,194.81,0.41,1.74,1.64,1.15,0.69,0.49,0.36,1.57,1.12,0.98,0.58,0.44,0.2,0.76,1.16,0.58,0.34,0.24,1.29,3.67,5.23,3.0,1.85,1.17,0.0,0.08,0.07,0.04,0.0,0.0,0.0,0.08,0.07,0.04,0.0,0.0,0.0,0.05,0.05,0.02,0.0,0.0,0.02,0.27,0.31,0.19,0.07,0.03,0.02,0.26,0.3,0.18,0.07,0.03,0.0,0.021798365122615803,0.01338432122370937,0.013333333333333334,0.0,0.0,0.03,0.06,0.08,0.05,0.04,0.03,0.02,0.09,0.1,0.1,0.06,0.03,,,,,,1.1760912590556813,Necrotic,Necrotic,Necrotic,Necrotic,Necrotic,Necrotic,Necrotic,Necrotic,Necrotic,Necrotic,Necrotic,Necrotic,true,true,true,true,true,true,Lesion 20z22 Day 032 AA,Lesion 20z22 Day 045 AA,Lesion 20z22 Day 059 AA,Lesion 20z22 Day 073 AA,Lesion 20z22 Day 087 AA,Lesion 20z22 Day 101 AA,3.221162,8.476344,6,cool
PZA+RIF,BP35,1,-197.1,-58.83,-108.91,-103.75,-58.83,2.34,-189.0,-8.0,-42.0,-31.0,22.0,55.0,173.24,141.13,169.06,179.94,186.52,142.0,0.94,3.07,2.88,1.99,1.97,2.93,0.84,2.35,2.83,1.86,1.84,2.7,0.36,1.9,1.56,0.95,0.83,1.68,2.11,8.68,6.25,3.89,3.79,8.37,0.03,0.69,0.48,0.37,0.42,0.63,0.03,0.69,0.48,0.37,0.42,0.63,0.0,0.51,0.41,0.28,0.29,0.53,0.33,2.73,1.93,1.21,1.29,2.46,0.33,2.68,1.92,1.18,1.26,2.44,0.014218009478672987,0.07949308755760369,0.0768,0.09511568123393316,0.11081794195250659,0.07526881720430108,0.19,0.15,0.18,0.13,0.13,0.1,0.16,0.72,0.46,0.43,0.49,0.72,,,,,,1.66,Cavity,Cavity,Cavity,Cavity,Cavity,Cavity,Cavity,Cavity,Cavity,Cavity,Cavity,Cavity,true,true,true,true,true,true,Lesion 01z02z03z05z06 Day 033 AA,Lesion 01z02z03z05z06 Day 046 AA,Lesion 01z02z03z05z06 Day 060 AA,Lesion 01z02z03z05z06 Day 074 AA,Lesion 01z02z03z05z06 Day 088 AA,Lesion 01z02z03z05z06 Day 102 AA,-2.8615866,6.8466396,0,hot
PZA+RIF,BP35,7,-219.56,-96.57,-115.31,-83.25,-88.62,-87.94,-209.0,-42.0,-66.0,-38.0,-20.0,-21.0,164.91,148.15,153.15,140.31,186.38,184.68,0.82,3.42,2.81,2.07,1.96,1.92,0.75,2.94,2.48,1.98,1.97,1.72,0.26,2.03,1.53,0.83,0.79,0.97,1.75,10.03,7.0,4.66,4.51,5.4,0.01,1.23,1.09,0.77,0.62,0.61,0.01,1.23,1.09,0.77,0.62,0.61,0.0,1.04,0.89,0.53,0.44,0.42,0.69,5.17,4.15,2.26,1.76,2.02,0.67,5.12,4.11,2.23,1.71,1.96,0.005714285714285714,0.12263210368893321,0.15571428571428572,0.16523605150214593,0.1352549889135255,0.11296296296296296,0.46,0.36,0.45,0.2,0.25,0.27,0.32,1.13,1.0,0.88,0.64,0.74,,,,,,1.66,Cavity,Cavity,Cavity,Cavity,Cavity,Cavity,Cavity,Cavity,Cavity,Cavity,Cavity,Cavity,true,true,true,true,true,true,Lesion 07z08z09z10 Day 033 AA,Lesion 07z08z09z10 Day 046 AA,Lesion 07z08z09z10  Day 060 AA,Lesion 07z08z09z10 Day 074 AA,Lesion 07z08z09z10 Day 088 AA,Lesion 07z08z09z10 Day 102 AA,-5.111347,6.9083953,0,hot
PZA+RIF,BP35,11,-182.18,-18.21,-37.14,-70.08,-66.79,-19.77,-143.0,7.0,-2.0,-13.0,18.0,47.0,178.54,104.33,123.78,163.43,195.17,173.9,0.91,4.07,3.07,2.37,1.91,2.06,0.81,3.92,2.95,2.25,1.75,1.8,0.34,1.91,1.49,0.85,0.63,0.97,1.99,9.84,7.44,4.73,3.79,5.15,0.03,0.61,0.52,0.41,0.35,0.3,0.03,0.61,0.52,0.41,0.35,0.3,0.0,0.54,0.44,0.3,0.15,0.21,0.35,2.66,1.97,1.16,0.89,1.03,0.34,2.65,1.95,1.12,0.85,1.01,0.01507537688442211,0.061991869918699184,0.06989247311827956,0.08668076109936573,0.09234828496042216,0.058252427184466014,0.17,0.04,0.08,0.08,0.1,0.06,0.2,0.61,0.54,0.41,0.34,0.42,,,,,,0.85,Cavity,Cavity,Cavity,Cavity,Cavity,Cavity,Cavity,Cavity,Cavity,Cavity,Cavity,Cavity,false,false,false,false,false,false,Lesion 11 Day 033 AA,Lesion 11 Day 046 AA,Lesion 11 Day 060 AA,Lesion 11 Day 074 AA,Lesion 11 Day 088 AA,Lesion 11 Day 102 AA,-1.4049226,8.102075,0,hot
PZA+RIF,BP35,12,-278.16,-98.3,-112.16,-124.03,-88.03,-95.03,-297.0,-46.0,-58.0,-64.0,-15.0,-13.0,166.3,159.94,160.06,169.6,191.63,190.93,0.55,2.75,2.47,1.87,1.77,2.17,0.52,2.26,1.93,1.52,1.44,1.6,0.11,1.66,1.55,0.99,0.83,1.35,1.06,7.56,5.87,4.63,4.31,6.54,0.0,0.18,0.16,0.13,0.11,0.12,0.0,0.18,0.16,0.13,0.11,0.12,0.0,0.15,0.12,0.09,0.07,0.09,0.05,0.74,0.63,0.46,0.41,0.48,0.04,0.7,0.61,0.45,0.4,0.45,0.0,0.023809523809523808,0.027257240204429302,0.028077753779697626,0.02552204176334107,0.018348623853211007,0.05,0.06,0.07,0.07,0.06,0.05,0.02,0.2,0.18,0.17,0.17,0.15,,,,,,0.78,Cavity,Cavity,Cavity,Cavity,Cavity,Cavity,Cavity,Cavity,Cavity,Cavity,Cavity,Cavity,true,true,true,true,true,true,Lesion 12z13 Day 033 AA,Lesion 12z13 Day 046 AA,Lesion 12z13 Day 060 AA,Lesion 12z13 Day 074 AA,Lesion 12z13 Day 088 AA,Lesion 12z13 Day 102 AA,0.41038814,8.264469,2,hot
PZA+RIF,BP35,14,-349.56,-284.48,-275.53,-277.32,-310.94,-289.92,-364.0,-282.0,-283.0,-266.0,-310.0,-278.0,116.26,146.82,146.63,153.11,133.49,156.64,0.42,1.26,0.79,0.63,0.56,0.5,0.42,1.16,0.74,0.62,0.55,0.48,0.02,0.36,0.18,0.07,0.07,0.04,0.51,2.83,1.68,0.81,0.85,0.58,0.0,0.0,0.0,0.0,0.0,0.0,0.0,0.0,0.0,0.0,0.0,0.0,0.0,0.0,0.0,0.0,0.0,0.0,0.01,0.03,0.01,0.01,0.01,0.0,0.01,0.03,0.01,0.01,0.01,0.0,0.0,0.0,0.0,0.0,0.0,0.0,0.01,0.02,0.01,0.01,0.01,0.0,0.0,0.01,0.0,0.0,0.0,0.0,,,,,,0.48,Necrotic,Necrotic,Necrotic,Necrotic,Necrotic,Necrotic,Necrotic,Necrotic,Necrotic,Necrotic,Necrotic,Necrotic,false,false,false,false,false,false,Lesion 14 Day 033 AA,Lesion 14 Day 046 AA,Lesion 14 Day 060 AA,Lesion 14 Day 074 AA,Lesion 14 Day 088 AA,Lesion 14 Day 102 AA,9.675721,7.617914,8,cool
PZA+RIF,BP35,17,-320.44,-291.95,-405.3,-285.27,-409.65,-348.74,-331.0,-301.0,-404.0,-306.0,-407.0,-355.0,113.86,133.8,74.83,146.65,95.69,140.51,0.57,0.94,0.91,0.59,0.87,0.58,0.56,0.93,0.91,0.58,0.87,0.56,0.05,0.12,0.06,0.06,0.1,0.09,0.69,1.26,1.08,0.72,1.12,0.94,0.0,0.0,0.0,0.0,0.0,0.0,0.0,0.0,0.0,0.0,0.0,0.0,0.0,0.0,0.0,0.0,0.0,0.0,0.01,0.02,0.01,0.01,0.01,0.02,0.01,0.02,0.01,0.01,0.01,0.02,0.0,0.0,0.0,0.0,0.0,0.0,0.01,0.01,0.02,0.01,0.01,0.02,0.0,0.0,0.0,0.0,0.0,0.0,,,,,,0.48,Necrotic,Necrotic,Necrotic,Necrotic,Necrotic,Necrotic,Necrotic,Necrotic,Necrotic,Necrotic,Necrotic,Necrotic,false,false,false,false,false,false,Lesion 17 Day 033 AA,Lesion 17 Day 046 AA,Lesion 17 Day 060 AA,Lesion 17 Day 074 AA,Lesion 17 Day 088 AA,Lesion 17 Day 102 AA,9.375061,8.621346,3,cool
PZA+RIF,BP35,18,-337.16,-141.45,-160.09,-123.55,-147.01,-122.77,-350.0,-96.0,-118.0,-61.0,-105.0,-43.0,124.34,161.48,164.94,160.81,191.8,199.33,0.37,2.52,1.8,1.47,0.89,1.19,0.34,1.67,1.21,1.3,0.69,1.02,0.08,2.21,1.44,0.78,0.52,0.64,0.69,9.55,5.9,3.23,2.66,2.83,0.0,0.08,0.07,0.04,0.02,0.03,0.0,0.08,0.07,0.04,0.02,0.03,0.0,0.07,0.06,0.03,0.01,0.01,0.03,0.39,0.27,0.15,0.09,0.1,0.02,0.39,0.27,0.15,0.09,0.1,0.0,0.00837696335078534,0.011864406779661017,0.01238390092879257,0.007518796992481203,0.010600706713780918,0.05,0.07,0.07,0.03,0.04,0.03,0.01,0.09,0.08,0.07,0.06,0.05,,,,,,0.78,Cavity,Cavity,Cavity,Cavity,Cavity,Cavity,Cavity,Cavity,Cavity,Cavity,Cavity,Cavity,false,false,false,false,false,false,Lesion 18 Day 033 AA,Lesion 18 Day 046 AA,Lesion 18 Day 060 AA,Lesion 18 Day 074 AA,Lesion 18 Day 088 AA,Lesion 18 Day 102 AA,0.99430966,7.858381,2,hot
PZA+RIF,BP35,19,-199.44,-123.31,-137.48,-120.49,-115.29,-72.32764,-188.0,-57.0,-89.0,-55.0,-50.0,-7.0,152.92,162.09,175.18,164.75,187.16,162.6477,0.51,2.46,1.93,1.41,0.99,1.54,0.47,1.62,1.44,1.18,0.68,1.56,0.2,2.14,1.44,0.82,0.67,0.7,1.29,8.65,5.77,3.07,2.85,2.78,0.0,0.12,0.12,0.07,0.03,0.09,0.0,0.12,0.12,0.07,0.03,0.09,0.0,0.1,0.1,0.05,0.02,0.05,0.05,0.57,0.5,0.24,0.15,0.26,0.05,0.57,0.49,0.24,0.15,0.25,0.5384615384615384,0.013872832369942195,0.02079722703639515,0.022801302931596094,0.010526315789473684,0.03237410071942446,0.06,0.07,0.09,0.04,0.05,0.04,0.04,0.16,0.15,0.12,0.1,0.12,,,,,,1.03,Cavity,Cavity,Cavity,Cavity,Cavity,Cavity,Cavity,Cavity,Cavity,Cavity,Cavity,Cavity,false,false,false,false,false,false,Lesion 19 Day 033 AA,Lesion 19 Day 046 AA,Lesion 19 Day 060 AA,Lesion 19 Day 074 AA,Lesion 19 Day 088 AA,Lesion 19 Day 102 AA,0.6726286,8.57778,2,hot
BDQ+LIN+PRE,BP36,1,-286.04,-308.37,-286.66,-256.38,-486.13,-541.46,-297.0,-305.0,-293.0,-263.0,-498.0,-551.0,146.61,127.73,148.25,146.17,145.52,110.57,0.92,0.69,1.05,1.08,0.6,0.56,0.89,0.68,1.05,1.05,0.6,0.54,0.21,0.09,0.14,0.17,0.04,0.08,1.54,0.93,1.41,1.53,0.72,0.87,0.0,0.0,0.0,0.0,0.0,0.0,0.0,0.0,0.0,0.0,0.0,0.0,0.0,0.0,0.0,0.0,0.0,0.0,0.01,0.01,0.01,0.01,0.01,0.0,0.01,0.01,0.01,0.01,0.0,0.0,0.0,0.0,0.0,0.0,0.0,0.0,0.01,0.01,0.01,0.0,0.01,0.0,0.0,0.0,0.0,0.0,0.0,0.0,,,,,,0.47712125471966244,Necrotic,Necrotic,Necrotic,Necrotic,Necrotic,Necrotic,Necrotic,Necrotic,Necrotic,Necrotic,Necrotic,Necrotic,false,false,false,false,false,false,Lesion 01 Day 034 AA,Lesion 01 Day 046 AA,Lesion 01 Day 060 AA,Lesion 01 Day 074 AA,Lesion 01 Day 088 AA,Lesion 01 Day 102 AA,9.680125,8.820353,3,cool
BDQ+LIN+PRE,BP36,2,-115.15,-61.44,-73.19,-148.89,-107.73,-130.89,-58.0,-3.0,-7.0,-99.0,-45.0,-83.0,168.08,143.75,151.29,168.05,165.85,166.25,2.21,1.3,2.5,2.82,0.99,1.3,2.09,1.3,2.35,2.69,0.81,1.28,1.09,0.39,1.11,1.06,0.49,0.5,5.0,2.13,5.21,5.58,3.5,2.43,0.1,0.08,0.19,0.18,0.02,0.07,0.1,0.08,0.19,0.18,0.02,0.07,0.07,0.01,0.15,0.14,0.01,0.02,0.33,0.29,0.63,0.56,0.16,0.25,0.33,0.28,0.62,0.55,0.16,0.24,0.02066115702479339,0.03755868544600939,0.036468330134357005,0.03225806451612903,0.006622516556291391,0.02880658436213992,0.05,0.05,0.06,0.08,0.05,0.07,0.1,0.17,0.2,0.11,0.11,0.12,,,,,,1.0413926851582251,Cavity,Cavity,Cavity,Cavity,Cavity,Cavity,Cavity,Cavity,Cavity,Cavity,Cavity,Cavity,false,false,false,false,false,false,Lesion 02 Day 034 AA,Lesion 02 Day 046 AA,Lesion 02 Day 060 AA,Lesion 02 Day 074 AA,Lesion 02 Day 088 AA,Lesion 02 Day 102 AA,2.3911343,10.107729,4,hot
BDQ+LIN+PRE,BP36,3,-154.64,-91.82,-74.71,-101.45,-116.86,-137.47,-102.0,-24.0,-29.0,-45.0,-49.0,-70.0,165.12,168.06,141.7,158.42,180.57,181.58,1.89,1.29,3.0,3.45,2.54,1.54,1.66,1.37,3.02,3.27,2.24,1.45,0.83,0.34,1.2,1.49,1.51,0.67,4.49,1.96,5.93,6.69,6.15,3.09,0.2,0.12,0.32,0.31,0.23,0.18,0.2,0.12,0.32,0.31,0.23,0.18,0.11,0.0,0.27,0.27,0.18,0.11,0.61,0.51,1.1,1.17,0.84,0.59,0.6,0.49,1.08,1.13,0.81,0.56,0.044543429844097995,0.061224489795918366,0.053962900505902196,0.04633781763826607,0.03739837398373984,0.05825242718446602,0.13,0.09,0.06,0.08,0.07,0.12,0.18,0.29,0.29,0.25,0.23,0.25,,,,,,0.7781512503836436,Cavity,Cavity,Cavity,Cavity,Cavity,Cavity,Cavity,Cavity,Cavity,Cavity,Cavity,Cavity,false,false,false,false,false,false,Lesion 03 Day 034 AA,Lesion 03 Day 046 AA,Lesion 03 Day 060 AA,Lesion 03 Day 074 AA,Lesion 03 Day 088 AA,Lesion 03 Day 102 AA,2.4571323,9.484716,14,hot
BDQ+LIN+PRE,BP36,4,-193.3,-120.89,-111.54,-108.24,-121.22,-169.64,-203.0,-86.0,-29.0,-61.0,-65.0,-123.0,152.13,161.96,184.55,160.06,169.78,177.51,1.9,1.28,1.95,2.23,0.95,1.29,1.79,1.29,2.04,2.24,0.87,1.3,0.67,0.23,0.43,0.47,0.29,0.4,4.12,1.84,2.65,3.03,2.31,2.5,0.02,0.01,0.04,0.03,0.0,0.01,0.02,0.01,0.04,0.03,0.0,0.01,0.01,0.0,0.03,0.03,0.0,0.0,0.05,0.06,0.1,0.08,0.03,0.05,0.05,0.06,0.1,0.08,0.03,0.04,0.0048543689320388345,0.005434782608695652,0.01509433962264151,0.009900990099009901,0.0,0.004,0.02,0.02,0.02,0.01,0.01,0.01,0.01,0.03,0.03,0.02,0.02,0.02,,,,,,0.7781512503836436,Necrotic,Necrotic,Necrotic,Necrotic,Necrotic,Necrotic,Necrotic,Necrotic,Necrotic,Necrotic,Necrotic,Necrotic,true,true,true,true,true,true,Lesion 04z05 Day 034 AA,Lesion 04z05 Day 046 AA,Lesion 04z05 Day 060 AA,Lesion 04z05 Day 074 AA,Lesion 04z05 Day 088 AA,Lesion 04z05 Day 102 AA,3.780032,9.159158,6,cool
BDQ+LIN+PRE,BP36,6,-214.06,-220.79,-181.41,-215.28,-172.62,-171.91,-206.0,-203.0,-123.0,-175.0,-126.0,-124.0,159.06,172.55,181.52,167.38,176.32,155.02,1.96,1.18,1.8,2.23,1.2,1.35,1.78,1.15,1.72,2.07,1.08,1.21,0.88,0.27,0.57,0.82,0.57,0.55,5.1,2.01,3.16,4.1,3.3,2.88,0.04,0.02,0.09,0.1,0.03,0.04,0.04,0.02,0.09,0.1,0.03,0.04,0.03,0.0,0.05,0.07,0.01,0.02,0.14,0.21,0.25,0.28,0.14,0.16,0.14,0.2,0.24,0.27,0.14,0.15,0.00784313725490196,0.009950248756218907,0.028481012658227847,0.02439024390243903,0.009009009009009009,0.012861736334405146,0.04,0.1,0.06,0.06,0.05,0.05,0.02,0.07,0.08,0.06,0.06,0.06,,,,,,0.8450980400142568,Cavity,Cavity,Cavity,Cavity,Cavity,Cavity,Cavity,Cavity,Cavity,Cavity,Cavity,Cavity,false,false,false,false,false,false,Lesion 06 Day 034 AA,Lesion 06 Day 046 AA,Lesion 06 Day 060 AA,Lesion 06 Day 074 AA,Lesion 06 Day 088 AA,Lesion 06 Day 102 AA,6.337261,7.894147,3,cool
BDQ+LIN+PRE,BP36,7,-205.4,-117.27,-121.85,-158.56,-149.64,-208.76,-183.0,-44.0,-37.0,-99.0,-95.0,-179.0,177.01,173.88,186.81,163.91,175.86,174.66,2.33,1.33,2.74,3.02,1.72,1.2,2.1,1.34,2.49,2.84,1.45,1.1,1.13,0.35,1.31,1.14,1.02,0.56,6.8,2.34,6.39,6.66,5.49,3.16,0.28,0.21,0.53,0.41,0.17,0.09,0.28,0.21,0.53,0.41,0.17,0.09,0.2,0.01,0.42,0.35,0.11,0.04,0.85,0.77,1.79,1.32,0.6,0.4,0.84,0.76,1.74,1.3,0.59,0.39,0.0411764705882353,0.08974358974358974,0.08294209702660407,0.061561561561561555,0.030965391621129327,0.02735562310030395,0.19,0.19,0.18,0.18,0.14,0.17,0.18,0.38,0.45,0.25,0.22,0.15,,,,,,0.6989700043360189,Cavity,Cavity,Cavity,Cavity,Cavity,Cavity,Cavity,Cavity,Cavity,Cavity,Cavity,Cavity,false,false,false,false,false,false,Lesion 07 Day 034 AA,Lesion 07 Day 046 AA,Lesion 07 Day 060 AA,Lesion 07 Day 074 AA,Lesion 07 Day 088 AA,Lesion 07 Day 102 AA,-3.8529317,9.862495,5,hot
BDQ+LIN+PRE,BP36,8,-260.09,-196.02,-165.09,-187.53,-194.35,-238.7,-272.0,-157.0,-100.0,-137.0,-156.0,-235.0,178.86,181.09,188.37,175.97,185.27,167.46,1.13,1.02,1.99,2.8,1.75,0.85,0.92,1.0,1.78,2.63,1.26,0.76,0.59,0.26,1.02,1.22,1.22,0.38,3.42,1.78,4.9,6.12,5.29,1.84,0.04,0.01,0.15,0.14,0.07,0.01,0.04,0.01,0.15,0.14,0.07,0.01,0.02,0.0,0.11,0.12,0.06,0.0,0.21,0.24,0.5,0.48,0.31,0.11,0.2,0.23,0.47,0.47,0.29,0.11,0.011695906432748539,0.0056179775280898875,0.03061224489795918,0.022875816993464054,0.013232514177693763,0.005434782608695652,0.11,0.11,0.09,0.07,0.08,0.08,0.06,0.12,0.14,0.09,0.09,0.05,,,,,,0.7781512503836436,Cavity,Cavity,Cavity,Cavity,Cavity,Cavity,Cavity,Cavity,Cavity,Cavity,Cavity,Cavity,false,false,false,false,false,false,Lesion 08 Day 034 AA,Lesion 08 Day 046 AA,Lesion 08 Day 060 AA,Lesion 08 Day 074 AA,Lesion 08 Day 088 AA,Lesion 08 Day 102 AA,5.2103267,8.273745,6,cool
BDQ+LIN+PRE,BP36,9,-261.24,-151.99,-178.69,-227.53,-218.4,-241.16,-261.0,-105.0,-136.0,-223.0,-193.0,-229.0,130.62,152.64,157.82,162.85,159.88,141.64,1.24,1.11,1.83,1.76,1.39,0.76,1.27,1.11,1.87,1.72,1.29,0.73,0.22,0.16,0.4,0.42,0.44,0.21,2.1,1.7,3.01,2.79,2.58,1.32,0.01,0.0,0.09,0.06,0.03,0.0,0.01,0.0,0.09,0.06,0.03,0.0,0.0,0.0,0.04,0.03,0.01,0.0,0.06,0.11,0.22,0.17,0.12,0.06,0.06,0.11,0.22,0.16,0.11,0.06,0.004132231404958678,0.0,0.029605263157894735,0.02150537634408602,0.011627906976744186,0.0,0.04,0.04,0.05,0.06,0.05,0.05,0.01,0.05,0.06,0.04,0.04,0.03,,,,,,0.6020599913279624,Necrotic,Necrotic,Necrotic,Necrotic,Necrotic,Necrotic,Necrotic,Necrotic,Necrotic,Necrotic,Necrotic,Necrotic,false,false,false,false,false,false,Lesion 09 Day 034 AA,Lesion 09 Day 046 AA,Lesion 09 Day 060 AA,Lesion 09 Day 074 AA,Lesion 09 Day 088 AA,Lesion 09 Day 102 AA,4.979775,9.556176,6,cool
BDQ+LIN+PRE,BP36,10,-316.64,-263.97,-194.18,-292.03,-337.18,-384.28,-328.0,-272.0,-158.0,-300.0,-350.0,-396.0,138.1,174.84,168.39,150.74,140.93,108.91,0.91,0.96,1.42,1.46,0.77,0.46,0.77,0.95,1.24,1.34,0.73,0.44,0.34,0.2,0.57,0.52,0.13,0.08,2.29,1.46,3.28,2.96,1.15,0.71,0.01,0.0,0.05,0.03,0.0,0.0,0.01,0.0,0.05,0.03,0.0,0.0,0.0,0.0,0.02,0.01,0.0,0.0,0.08,0.16,0.2,0.12,0.05,0.03,0.07,0.14,0.19,0.11,0.04,0.03,0.004366812227074236,0.0,0.015243902439024392,0.010135135135135136,0.0,0.0,0.07,0.1,0.07,0.06,0.05,0.05,0.01,0.05,0.07,0.02,0.01,0.0,,,,,,0.6020599913279624,Necrotic,Necrotic,Necrotic,Necrotic,Necrotic,Necrotic,Necrotic,Necrotic,Necrotic,Necrotic,Necrotic,Necrotic,false,false,false,false,false,false,Lesion 10 Day 034 AA,Lesion 10 Day 046 AA,Lesion 10 Day 060 AA,Lesion 10 Day 074 AA,Lesion 10 Day 088 AA,Lesion 10 Day 102 AA,6.8360596,7.891696,3,cool
BDQ+LIN+PRE,BP36,11,-205.22,-92.19,-51.69,-108.35,-81.2,-122.53,-195.0,-35.0,-21.0,-51.0,-31.0,-69.0,163.43,159.98,126.67,164.52,163.81,178.72,1.77,1.23,2.87,3.4,2.64,1.53,1.66,1.25,2.81,3.27,2.37,1.56,0.69,0.34,1.06,1.29,1.31,0.53,4.07,1.99,5.6,7.1,6.07,2.94,0.31,0.2,0.66,0.53,0.39,0.26,0.31,0.2,0.66,0.53,0.39,0.26,0.19,0.0,0.54,0.47,0.29,0.11,0.96,0.96,2.13,1.88,1.32,0.77,0.94,0.94,2.1,1.83,1.28,0.73,0.07616707616707616,0.10050251256281408,0.11785714285714287,0.07464788732394367,0.0642504118616145,0.08843537414965986,0.29,0.17,0.11,0.13,0.1,0.13,0.24,0.58,0.6,0.41,0.38,0.37,,,,,,0.8450980400142568,Cavity,Cavity,Cavity,Cavity,Cavity,Cavity,Cavity,Cavity,Cavity,Cavity,Cavity,Cavity,true,true,true,true,true,true,Lesion 11z13 Day 034 AA,Lesion 11z13 Day 046 AA,Lesion 11z13 Day 060 AA,Lesion 11z13 Day 074 AA,Lesion 11z13 Day 088 AA,Lesion 11z13 Day 102 AA,-3.4356987,9.267047,14,hot
BDQ+LIN+PRE,BP36,12,-125.92,-81.75,-60.38,-102.07,-95.92,-123.56,-45.0,-11.0,4.0,-24.0,-23.0,-58.0,179.31,156.08,156.18,169.61,170.6,172.16,2.17,1.38,3.03,3.36,2.23,1.31,2.07,1.39,2.92,3.06,2.07,1.23,0.96,0.4,1.22,1.46,1.1,0.51,5.59,2.38,6.46,7.05,5.24,2.83,0.37,0.29,0.7,0.55,0.38,0.17,0.37,0.29,0.7,0.55,0.38,0.17,0.27,0.04,0.61,0.46,0.28,0.06,1.11,0.92,2.37,1.93,1.18,0.65,1.1,0.91,2.36,1.9,1.16,0.65,0.06618962432915922,0.12184873949579832,0.10835913312693497,0.07801418439716312,0.07251908396946564,0.060070671378091876,0.17,0.16,0.15,0.14,0.14,0.16,0.34,0.49,0.65,0.43,0.37,0.34,,,,,,1.1139433523068367,Necrotic,Necrotic,Necrotic,Necrotic,Necrotic,Necrotic,Necrotic,Necrotic,Necrotic,Necrotic,Necrotic,Necrotic,false,false,false,false,false,false,Lesion 12 Day 034 AA,Lesion 12 Day 046 AA,Lesion 12 Day 060 AA,Lesion 12 Day 074 AA,Lesion 12 Day 088 AA,Lesion 12 Day 102 AA,-3.2024598,9.31769,14,hot
BDQ+LIN+PRE,BP36,14,-423.04,-325.05,-311.83,-374.88,-441.61,-485.49,-441.0,-344.0,-331.0,-399.0,-451.0,-479.0,102.54,140.12,145.07,128.93,80.97,54.01,0.62,0.49,0.69,0.93,0.39,0.39,0.62,0.49,0.68,0.94,0.39,0.39,0.03,0.03,0.07,0.1,0.02,0.02,0.7,0.58,0.95,1.12,0.45,0.44,0.0,0.0,0.0,0.0,0.0,0.0,0.0,0.0,0.0,0.0,0.0,0.0,0.0,0.0,0.0,0.0,0.0,0.0,0.01,0.0,0.01,0.01,0.0,0.0,0.0,0.0,0.01,0.01,0.0,0.0,0.0,0.0,0.0,0.0,0.0,0.0,0.01,0.01,0.01,0.01,0.0,0.0,0.0,0.0,0.0,0.0,0.0,0.0,,,,,,0.47712125471966244,Necrotic,Necrotic,Necrotic,Necrotic,Necrotic,Necrotic,Necrotic,Necrotic,Necrotic,Necrotic,Necrotic,Necrotic,false,false,false,false,false,false,Lesion 14 Day 034 AA,Lesion 14 Day 046 AA,Lesion 14 Day 060 AA,Lesion 14 Day 074 AA,Lesion 14 Day 088 AA,Lesion 14 Day 102 AA,9.263753,6.9871693,8,cool
BDQ+LIN+PRE,BP36,15,-274.81,-203.85,-175.74,-244.28,-235.0,-250.96,-281.0,-192.0,-160.0,-256.0,-240.0,-272.0,119.77,162.45,164.52,176.69,146.9,165.26,1.8,1.17,1.64,1.69,1.97,0.97,1.69,1.15,1.55,1.66,1.99,0.93,0.51,0.21,0.26,0.22,0.2,0.2,3.76,1.65,2.93,2.49,2.56,1.56,0.02,0.0,0.02,0.03,0.04,0.0,0.02,0.0,0.02,0.03,0.04,0.0,0.01,0.0,0.0,0.0,0.02,0.0,0.05,0.05,0.06,0.07,0.07,0.02,0.05,0.05,0.06,0.06,0.07,0.02,0.0053191489361702135,0.0,0.006825938566552901,0.012048192771084336,0.015625,0.0,0.03,0.03,0.02,0.03,0.02,0.01,0.01,0.02,0.02,0.01,0.01,0.01,,,,,,0.47712125471966244,Necrotic,Necrotic,Necrotic,Necrotic,Necrotic,Necrotic,Necrotic,Necrotic,Necrotic,Necrotic,Necrotic,Necrotic,false,false,false,false,false,false,Lesion 15 Day 034 AA,Lesion 15 Day 046 AA,Lesion 15 Day 060 AA,Lesion 15 Day 074 AA,Lesion 15 Day 088 AA,Lesion 15 Day 102 AA,6.0674806,7.3526397,9,cool
BDQ+LIN+PRE,BP36,16,-138.35,-51.01,-46.96,-105.52,-94.47,-64.35,-96.0,-15.0,-13.0,-47.0,-43.0,-27.0,159.07,132.07,127.98,159.86,156.97,142.17,1.95,1.49,3.11,3.56,2.8,1.56,1.64,1.52,3.06,3.38,2.64,1.52,1.04,0.35,1.22,1.28,1.12,0.55,6.03,2.37,7.0,7.27,6.43,3.77,0.9,0.98,1.84,2.03,1.53,0.91,0.9,0.98,1.84,2.03,1.53,0.91,0.55,0.11,1.64,1.84,1.27,0.39,3.04,2.81,6.4,7.35,4.82,2.74,3.0,2.78,6.36,7.22,4.75,2.72,0.14925373134328357,0.41350210970464135,0.26285714285714284,0.2792297111416781,0.23794712286158634,0.2413793103448276,0.56,0.23,0.26,0.46,0.38,0.32,0.93,1.63,1.77,1.54,1.28,1.42,,,,,,1.1760912590556813,Cavity,Cavity,Cavity,Cavity,Cavity,Cavity,Cavity,Cavity,Cavity,Cavity,Cavity,Cavity,true,true,true,true,true,true,Lesion 16z17 Day 034 AA,Lesion 16z17 Day 046 AA,Lesion 16z17 Day 060 AA,Lesion 16z17 Day 074 AA,Lesion 16z17 Day 088 AA,Lesion 16z17 Day 102 AA,-5.1939573,6.1917706,0,hot
BDQ+LIN+PRE,BP36,18,-367.2,-241.98,-272.82,-283.18,-299.21,-353.41,-415.0,-262.0,-271.0,-317.0,-304.0,-377.0,159.25,195.06,158.89,178.68,146.16,116.26,0.69,0.49,0.69,1.08,0.36,0.45,0.69,0.48,0.68,1.09,0.36,0.45,0.09,0.05,0.11,0.1,0.02,0.04,0.93,0.65,0.99,1.42,0.46,0.54,0.0,0.0,0.0,0.0,0.0,0.0,0.0,0.0,0.0,0.0,0.0,0.0,0.0,0.0,0.0,0.0,0.0,0.0,0.01,0.01,0.01,0.01,0.0,0.0,0.0,0.0,0.01,0.01,0.0,0.0,0.0,0.0,0.0,0.0,0.0,0.0,0.0,0.01,0.01,0.01,0.0,0.0,0.0,0.0,0.0,0.0,0.0,0.0,,,,,,0.47712125471966244,Necrotic,Necrotic,Necrotic,Necrotic,Necrotic,Necrotic,Necrotic,Necrotic,Necrotic,Necrotic,Necrotic,Necrotic,false,false,false,false,false,false,Lesion 18 Day 034 AA,Lesion 18 Day 046 AA,Lesion 18 Day 060 AA,Lesion 18 Day 074 AA,Lesion 18 Day 088 AA,Lesion 18 Day 102 AA,6.5006113,5.495557,9,cool
BDQ+LIN+PRE,BP36,19,-255.08,-150.6,-126.49,-178.93,-160.33,-144.4,-268.0,-88.0,-59.0,-129.0,-95.0,-108.0,164.85,167.78,165.36,168.69,186.67,164.4,1.17,0.92,1.64,2.56,1.21,1.02,0.98,0.87,1.46,2.46,0.98,1.01,0.49,0.28,0.8,0.92,0.71,0.42,2.82,1.64,4.16,5.06,4.09,2.23,0.06,0.0,0.17,0.19,0.06,0.03,0.06,0.0,0.17,0.19,0.06,0.03,0.02,0.0,0.11,0.15,0.04,0.0,0.29,0.23,0.56,0.57,0.33,0.24,0.28,0.23,0.55,0.55,0.32,0.24,0.019867549668874173,0.0,0.040865384615384616,0.03754940711462451,0.014669926650366748,0.013452914798206277,0.16,0.09,0.12,0.1,0.1,0.09,0.08,0.15,0.21,0.12,0.16,0.14,,,,,,0.3010299956639812,Cavity,Cavity,Cavity,Cavity,Cavity,Cavity,Cavity,Cavity,Cavity,Cavity,Cavity,Cavity,true,true,true,true,true,true,Lesion 19z21 Day 034 AA,Lesion 19z21 Day 046 AA,Lesion 19z21 Day 060 AA,Lesion 19z21 Day 074 AA,Lesion 19z21 Day 088 AA,Lesion 19z21 Day 102 AA,4.393191,8.912357,6,cool
BDQ+LIN+PRE,BP36,20,-290.94,-240.84,-233.94,-271.37,-254.47,-269.47,-305.0,-241.0,-230.0,-290.0,-262.0,-281.0,126.5,186.38,172.0,166.42,172.41,154.12,0.75,0.6,1.05,1.43,0.58,0.6,0.74,0.6,1.0,1.41,0.55,0.61,0.11,0.09,0.28,0.26,0.11,0.11,1.03,0.88,1.83,1.95,0.98,0.81,0.0,0.0,0.0,0.01,0.0,0.0,0.0,0.0,0.0,0.01,0.0,0.0,0.0,0.0,0.0,0.0,0.0,0.0,0.01,0.02,0.04,0.03,0.01,0.01,0.01,0.02,0.04,0.03,0.01,0.01,0.0,0.0,0.0,0.005128205128205128,0.0,0.0,0.01,0.02,0.02,0.02,0.01,0.01,0.0,0.01,0.01,0.01,0.01,0.0,,,,,,0.47712125471966244,Necrotic,Necrotic,Necrotic,Necrotic,Necrotic,Necrotic,Necrotic,Necrotic,Necrotic,Necrotic,Necrotic,Necrotic,false,false,false,false,false,false,Lesion 20 Day 034 AA,Lesion 20 Day 046 AA,Lesion 20 Day 060 AA,Lesion 20 Day 074 AA,Lesion 20 Day 088 AA,Lesion 20 Day 102 AA,6.532481,5.7731347,9,cool
BDQ+OPC,BQ01,1,-296.61,-229.74,-237.72,-290.64,-299.87,-339.91,-302.0,-209.0,-213.0,-290.0,-318.0,-362.0,164.57,195.8,182.18,167.13,157.77,146.71,0.85,1.89,0.75,0.73,0.68,0.34,0.83,1.75,0.77,0.73,0.63,0.32,0.22,0.94,0.17,0.18,0.12,0.08,1.69,4.88,1.15,1.25,1.28,0.53,,,,,,,0.0,0.11,0.0,0.0,0.0,0.0,0.0,0.09,0.0,0.0,0.0,0.0,0.08,0.37,0.13,0.08,0.03,0.01,0.07,0.37,0.12,0.08,0.03,0.01,0.7000000000000001,7.3999999999999995,2.0,0.6666666666666667,0.21428571428571425,0.125,0.06,0.11,0.09,0.08,0.03,0.03,0.02,0.08,0.07,0.03,0.01,0.01,1.08,1.08,1.08,1.08,1.08,1.08,Fibrotic,Fibrotic,Fibrotic,Fibrotic,Fibrotic,Fibrotic,Fibrotic,Fibrotic,Fibrotic,Fibrotic,Fibrotic,Fibrotic,true,true,true,true,true,true,Lesion 01z02 Day 033 AA,Lesion 01z02 Day 046 AA,Lesion 01z02 Day 061 AA,Lesion 01z02 Day 074 AA,Lesion 01z02 Day 092 AA,Lesion 01z02 Day 101 AA,1.8656054,2.2566073,1,cool
BDQ+OPC,BQ01,3,-312.51,-135.5,-184.5,-303.89,-344.53,-344.76,-340.0,-76.0,-146.0,-318.0,-376.0,-378.0,153.04,171.78,176.47,159.21,153.07,148.29,0.98,2.76,1.08,0.77,0.89,0.78,0.88,2.81,1.07,0.73,0.8,0.42,0.42,1.24,0.45,0.24,0.3,0.74,2.67,5.41,2.47,2.1,2.42,4.07,,,,,,,0.04,0.39,0.09,0.0,0.01,0.01,0.01,0.33,0.01,0.0,0.0,0.01,0.32,1.36,0.44,0.21,0.12,0.07,0.3,1.3,0.43,0.19,0.1,0.06,2.9999999999999996,26.0,7.166666666666667,1.5833333333333335,0.7142857142857143,0.75,0.24,0.18,0.19,0.19,0.08,0.06,0.06,0.28,0.21,0.05,0.02,0.01,0.78,0.78,0.78,0.78,0.78,0.78,Fibrotic Consol,Fibrotic Consol,Fibrotic Consol,Fibrotic Consol,Fibrotic Consol,Fibrotic Consol,Fibrotic,Fibrotic,Fibrotic,Fibrotic,Fibrotic,Fibrotic,true,true,true,true,true,true,Lesion 03 Day 033 AA,Lesion 03 Day 046 AA,Lesion 03 Day 061 AA,Lesion 03 Day 074 AA,Lesion 03 Day 092 AA,Lesion 03 Day 101 AA,-3.4288156,7.1024933,0,hot
BDQ+OPC,BQ01,4,-248.94,-107.02,-161.63,-225.22,-321.54,-314.89,-259.0,-47.0,-124.0,-223.0,-337.0,-332.0,167.18,159.71,170.78,166.56,174.39,153.36,1.2,3.09,1.03,0.91,0.6,0.31,1.06,3.01,0.95,0.91,0.58,0.31,0.57,1.46,0.44,0.24,0.17,0.08,3.39,7.91,2.2,1.74,1.23,0.59,,,,,,,0.16,0.98,0.21,0.01,0.0,0.0,0.07,0.85,0.01,0.0,0.0,0.0,0.84,3.68,1.1,0.41,0.2,0.06,0.79,3.61,1.08,0.39,0.17,0.06,7.9,72.19999999999999,18.000000000000004,3.2500000000000004,1.2142857142857142,0.75,0.48,0.32,0.45,0.27,0.21,0.14,0.2,0.8,0.59,0.16,0.06,0.03,1.38,1.38,1.38,1.38,1.38,1.38,Necrotic,Necrotic,Necrotic,Necrotic,Necrotic,Necrotic,Necrotic,Necrotic,Necrotic,Necrotic,Necrotic,Necrotic,true,true,true,true,true,true,Lesion 04z06z07z08 Day 033 AA,Lesion 04z06z07z08 Day 046 AA,Lesion 04z06z07z08 Day 061 AA,Lesion 04z06z07z08 Day 074 AA,Lesion 04z06z07z08 Day 092 AA,Lesion 04z06z07z08 Day 101 AA,-4.705711,7.285267,0,hot
BDQ+OPC,BQ01,5,-153.52,-66.58,-109.38,-235.2,-261.6,-245.05,-115.0,-28.0,-68.0,-230.0,-260.0,-259.0,138.65,117.86,147.27,160.08,178.48,174.54,1.83,2.86,1.33,1.11,1.57,0.84,1.86,2.75,1.24,1.04,1.29,0.63,0.49,1.02,0.36,0.38,0.85,0.55,3.27,5.51,2.57,2.15,5.04,3.22,,,,,,,0.12,0.2,0.06,0.02,0.03,0.01,0.06,0.16,0.01,0.0,0.02,0.0,0.3,0.61,0.27,0.14,0.1,0.07,0.29,0.61,0.26,0.12,0.09,0.07,2.8999999999999995,12.2,4.333333333333334,1.0,0.6428571428571428,0.8750000000000001,0.06,0.04,0.06,0.06,0.04,0.06,0.09,0.17,0.14,0.04,0.02,0.03,0.78,0.78,0.78,0.78,0.78,0.78,Fibrotic,Fibrotic,Fibrotic,Fibrotic,Fibrotic,Fibrotic,Fibrotic,Fibrotic,Fibrotic,Fibrotic,Fibrotic,Fibrotic,false,false,false,false,false,false,Lesion 05 Day 033 AA,Lesion 05 Day 046 AA,Lesion 05 Day 061 AA,Lesion 05 Day 074 AA,Lesion 05 Day 092 AA,Lesion 05 Day 101 AA,-0.13139296,10.569015,4,hot
BDQ+OPC,BQ01,9,-166.62,-68.46,-75.63,-221.15,-212.43,-277.3,-128.0,-17.0,-15.0,-235.0,-168.0,-256.0,173.95,135.79,151.9,171.87,171.6,194.08,1.4,2.24,1.13,1.27,0.78,0.52,1.25,1.88,1.13,1.27,0.79,0.49,0.5,1.16,0.21,0.13,0.07,0.1,3.04,5.27,1.64,1.67,0.92,0.87,,,,,,,0.03,0.14,0.01,0.0,0.0,0.0,0.01,0.09,0.0,0.0,0.0,0.0,0.12,0.49,0.19,0.08,0.02,0.01,0.12,0.49,0.19,0.08,0.02,0.01,1.2,9.799999999999999,3.166666666666667,0.6666666666666667,0.14285714285714285,0.125,0.04,0.04,0.03,0.04,0.01,0.01,0.04,0.19,0.13,0.03,0.01,0.01,0.78,0.78,0.78,0.78,0.78,0.78,Fibrotic Consol,Fibrotic Consol,Fibrotic Consol,Fibrotic Consol,Fibrotic Consol,Fibrotic Consol,Fibrotic,Fibrotic,Fibrotic,Fibrotic,Fibrotic,Fibrotic,true,true,true,true,true,true,Lesion 09 Day 033 AA,Lesion 09 Day 046 AA,Lesion 09 Day 061 AA,Lesion 09 Day 074 AA,Lesion 09 Day 092 AA,Lesion 09 Day 101 AA,0.6523994,10.2309065,4,hot
BDQ+OPC,BQ01,10,-290.8,-210.77,-239.33,-338.02,-366.29,-360.67,-309.0,-185.0,-220.0,-355.0,-391.0,-372.0,166.48,183.57,179.48,135.49,151.75,144.23,0.91,2.31,0.8,0.9,0.52,0.28,0.87,2.12,0.76,0.89,0.5,0.26,0.27,1.11,0.24,0.22,0.09,0.05,2.25,5.58,1.57,1.53,0.84,0.45,,,,,,,0.0,0.19,0.0,0.0,0.0,0.0,0.0,0.14,0.0,0.0,0.0,0.0,0.11,0.61,0.15,0.17,0.06,0.02,0.1,0.57,0.14,0.16,0.05,0.01,1.0,11.399999999999999,2.3333333333333335,1.3333333333333335,0.35714285714285715,0.125,0.08,0.13,0.1,0.16,0.08,0.04,0.03,0.12,0.07,0.02,0.01,0.01,1.45,1.45,1.45,1.45,1.45,1.45,Necrotic,Necrotic,Necrotic,Necrotic,Necrotic,Necrotic,Necrotic,Necrotic,Necrotic,Necrotic,Necrotic,Necrotic,true,true,true,true,true,true,Lesion 10z11 Day 033 AA,Lesion 10z11 Day 046 AA,Lesion 10z11 Day 061 AA,Lesion 10z11 Day 074 AA,Lesion 10z11 Day 092 AA,Lesion 10z11 Day 101 AA,-1.058466,4.9121923,5,hot
BDQ+OPC,BQ01,12,-363.65,-246.38,-283.8,-429.94,-366.46,-366.57,-384.0,-258.0,-281.0,-434.0,-384.0,-381.0,140.24,175.55,154.11,117.44,137.24,130.21,0.64,1.74,0.65,0.61,0.54,0.31,0.59,1.63,0.64,0.62,0.52,0.3,0.16,0.92,0.2,0.13,0.1,0.05,1.27,4.08,1.2,0.88,0.79,0.43,,,,,,,0.0,0.09,0.0,0.0,0.0,0.0,0.0,0.06,0.0,0.0,0.0,0.0,0.04,0.31,0.06,0.02,0.02,0.01,0.04,0.27,0.06,0.02,0.01,0.0,0.39999999999999997,5.4,1.0,0.16666666666666669,0.07142857142857142,0.0,0.06,0.11,0.06,0.02,0.02,0.01,0.01,0.05,0.02,0.0,0.0,0.0,0.78,0.78,0.78,0.78,0.78,0.78,Fibrotic,Fibrotic,Fibrotic,Fibrotic,Fibrotic,Fibrotic,Fibrotic,Fibrotic,Fibrotic,Fibrotic,Fibrotic,Fibrotic,true,true,true,true,true,true,Lesion 12z13 Day 033 AA,Lesion 12z13 Day 046 AA,Lesion 12z13 Day 061 AA,Lesion 12z13 Day 074 AA,Lesion 12z13 Day 092 AA,Lesion 12z13 Day 101 AA,6.579147,8.5880375,3,cool
BDQ+OPC,BQ01,14,-232.49,-114.54,-200.09,-248.74,-298.72,-276.71,-256.0,-65.0,-188.0,-253.0,-317.0,-277.0,165.06,160.52,184.18,166.16,169.69,153.81,0.92,2.58,0.92,0.96,1.65,0.33,0.93,2.21,0.86,0.97,1.77,0.3,0.22,1.4,0.36,0.21,0.55,0.11,1.48,6.74,2.0,1.43,2.68,1.05,,,,,,,0.0,0.27,0.02,0.0,0.09,0.0,0.0,0.2,0.0,0.0,0.04,0.0,0.19,0.91,0.24,0.15,0.22,0.04,0.19,0.91,0.24,0.14,0.2,0.04,1.9,18.2,4.0,1.1666666666666667,1.4285714285714286,0.5,0.14,0.12,0.12,0.1,0.09,0.1,0.07,0.24,0.12,0.05,0.03,0.03,0.95,0.95,0.95,0.95,0.95,0.95,Necrotic,Necrotic,Necrotic,Necrotic,Necrotic,Necrotic,Necrotic,Necrotic,Necrotic,Necrotic,Necrotic,Necrotic,false,false,false,false,false,false,Lesion 14 Day 033 AA,Lesion 14 Day 046 AA,Lesion 14 Day 061 AA,Lesion 14 Day 074 AA,Lesion 14 Day 092 AA,Lesion 14 Day 101 AA,-1.977668,7.290614,0,hot
BDQ+OPC,BQ01,15,-351.81,-280.79,-320.02,-433.5,-372.92,-441.99,-379.0,-308.0,-341.0,-443.0,-381.0,-453.0,122.74,154.02,146.85,120.39,151.76,108.48,0.49,1.39,0.45,0.35,0.32,0.18,0.45,1.31,0.44,0.34,0.32,0.19,0.14,0.64,0.09,0.05,0.02,0.02,1.22,2.94,0.69,0.51,0.39,0.22,,,,,,,0.0,0.04,0.0,0.0,0.0,0.0,0.0,0.02,0.0,0.0,0.0,0.0,0.03,0.13,0.03,0.01,0.01,0.0,0.03,0.12,0.03,0.01,0.01,0.0,0.3,2.4,0.5,0.08333333333333334,0.07142857142857142,0.0,0.06,0.07,0.06,0.02,0.02,0.01,0.0,0.02,0.01,0.0,0.0,0.0,1.78,1.78,1.78,1.78,1.78,1.78,Fibrotic,Fibrotic,Fibrotic,Fibrotic,Fibrotic,Fibrotic,Fibrotic,Fibrotic,Fibrotic,Fibrotic,Fibrotic,Fibrotic,false,false,false,false,false,false,Lesion 15 Day 033 AA,Lesion 15 Day 046 AA,Lesion 15 Day 061 AA,Lesion 15 Day 074 AA,Lesion 15 Day 092 AA,Lesion 15 Day 101 AA,9.236582,7.568963,3,cool
BDQ+OPC,BQ01,16,-257.66,-117.61,-165.63,-216.79,-248.39,-228.14,-260.0,-56.0,-134.0,-206.0,-264.0,-245.0,178.67,166.82,163.2,193.38,198.39,184.46,1.37,2.85,1.12,1.01,0.82,0.42,1.09,2.61,1.04,0.89,0.73,0.4,1.38,1.43,0.52,0.44,0.36,0.14,24.14,7.05,2.91,2.45,1.76,0.8,,,,,,,0.24,0.95,0.19,0.08,0.02,0.0,0.12,0.76,0.07,0.02,0.0,0.0,1.21,3.42,1.01,0.52,0.31,0.11,1.04,3.37,0.99,0.48,0.3,0.1,10.4,67.39999999999999,16.5,4.0,2.142857142857143,1.25,0.5,0.35,0.37,0.25,0.21,0.15,0.27,0.8,0.49,0.21,0.13,0.09,3.05,3.05,3.05,3.05,3.05,3.05,Cavity,Cavity,Cavity,Cavity,Cavity,Cavity,Cavity,Cavity,Cavity,Cavity,Cavity,Cavity,true,true,true,true,true,true,Lesion 16z17z18 Day 033 AA,Lesion 16z17z18 Day 046 AA,Lesion 16z17z18 Day 061 AA,Lesion 16z17z18 Day 074 AA,Lesion 16z17z18 Day 092 AA,Lesion 16z17z18 Day 101 AA,-5.157328,7.769874,0,hot
OPC,BQ02,1,-236.71,-167.75,-124.83,-171.84,-214.64,-239.74,-215.0,-122.0,-63.0,-118.0,-180.0,-206.0,167.54,170.78,159.19,168.06,163.3,171.19,1.42,2.57,2.44,1.23,0.92,0.57,1.36,2.67,2.14,1.15,0.88,0.56,0.29,0.69,1.1,0.39,0.2,0.08,2.3,4.52,5.73,2.51,1.61,0.9,0.02,0.1,0.11,0.02,0.0,0.0,0.02,0.1,0.11,0.02,0.0,0.0,0.0,0.09,0.07,0.01,0.0,0.0,0.11,0.3,0.33,0.13,0.07,0.04,0.1,0.3,0.32,0.12,0.07,0.03,0.008928571428571428,0.022123893805309738,0.01919720767888307,0.007968127490039842,0.0,0.0,0.04,0.05,0.04,0.04,0.04,0.03,0.03,0.06,0.09,0.06,0.03,0.03,,,,,,1.52,Cavity,Cavity,Cavity,Cavity,Cavity,Cavity,Cavity,Cavity,Cavity,Cavity,Cavity,Cavity,false,false,false,false,false,false,Lesion 01 Day 033 AA,Lesion 01 Day 054 AA,Lesion 01 Day 066 AA,Lesion 01 Day 080 AA,Lesion 01 Day 096 AA,Lesion 01 Day 108 AA,1.3622657,6.582808,10,cool
OPC,BQ02,2,-253.78,-235.64,-225.58,-219.96,-234.51,-272.99,-260.0,-230.0,-208.0,-209.0,-227.0,-268.0,164.51,166.91,163.74,173.8,179.01,179.27,0.65,0.8,1.23,0.84,0.69,0.43,0.56,0.71,1.03,0.77,0.63,0.38,0.26,0.36,0.62,0.36,0.23,0.17,1.58,1.71,2.88,1.67,1.36,0.94,0.0,0.0,0.02,0.0,0.0,0.0,0.0,0.0,0.02,0.0,0.0,0.0,0.0,0.0,0.01,0.0,0.0,0.0,0.03,0.04,0.07,0.04,0.03,0.02,0.02,0.04,0.07,0.04,0.03,0.02,0.0,0.0,0.006944444444444445,0.0,0.0,0.0,0.02,0.03,0.03,0.03,0.02,0.03,0.01,0.02,0.02,0.02,0.02,0.01,,,,,,2.03,Necrotic,Necrotic,Necrotic,Necrotic,Necrotic,Necrotic,Necrotic,Necrotic,Necrotic,Necrotic,Necrotic,Necrotic,false,false,false,false,false,false,Lesion 02 Day 033 AA,Lesion 02 Day 054 AA,Lesion 02 Day 066 AA,Lesion 02 Day 080 AA,Lesion 02 Day 096 AA,Lesion 02 Day 108 AA,6.97113,6.8327904,9,cool
OPC,BQ02,3,-279.88,-168.54,-191.58,-197.01,-235.2,-240.75,-285.0,-134.0,-166.0,-176.0,-208.0,-249.0,140.59,160.89,169.52,174.0,181.55,160.52,0.76,1.56,2.4,1.39,1.04,0.65,0.59,1.41,2.26,1.28,0.93,0.5,0.46,0.84,1.14,0.66,0.45,0.4,3.29,4.06,6.09,3.83,2.18,2.0,0.02,0.36,0.61,0.24,0.1,0.03,0.02,0.36,0.61,0.24,0.1,0.03,0.01,0.22,0.48,0.11,0.01,0.0,0.2,1.22,1.97,0.91,0.54,0.32,0.19,1.16,1.89,0.88,0.49,0.31,0.0060790273556231,0.08866995073891626,0.10016420361247948,0.06266318537859007,0.045871559633027525,0.015,0.2,0.34,0.4,0.32,0.27,0.31,0.05,0.41,0.39,0.3,0.2,0.16,,,,,,4.28,Necrotic,Necrotic,Necrotic,Necrotic,Necrotic,Necrotic,Necrotic,Necrotic,Necrotic,Necrotic,Necrotic,Necrotic,true,true,true,true,true,true,Lesion 03z04 Day 033 AA,Lesion 03z04 Day 054 AA,Lesion 03z04 Day 066 AA,Lesion 03z04 Day 080 AA,Lesion 03z04 Day 096 AA,Lesion 03z04 Day 108 AA,-5.1069455,10.133195,5,hot
OPC,BQ02,5,-643.98,-273.3,-189.19,-326.97,-613.55,-360.09,-651.0,-282.0,-166.0,-335.0,-615.0,-375.0,54.29,151.7,165.46,120.78,90.72,161.71,0.4,0.73,1.21,0.47,0.48,0.34,0.4,0.71,1.19,0.47,0.48,0.33,0.04,0.14,0.16,0.08,0.05,0.05,0.5,1.19,1.64,0.71,0.64,0.52,0.0,0.0,0.0,0.0,0.0,0.0,0.0,0.0,0.0,0.0,0.0,0.0,0.0,0.0,0.0,0.0,0.0,0.0,0.01,0.06,0.15,0.07,0.02,0.02,0.0,0.06,0.14,0.06,0.0,0.02,0.0,0.0,0.0,0.0,0.0,0.0,0.0,0.06,0.06,0.12,0.01,0.04,0.0,0.02,0.06,0.01,0.0,0.01,,,,,,1.13,Fibrotic,Fibrotic,Fibrotic,Fibrotic,Fibrotic,Fibrotic,Fibrotic,Fibrotic,Fibrotic,Fibrotic,Fibrotic,Fibrotic,true,true,true,true,true,true,Lesion 05z08 Day 033 AA,Lesion 05z08 Day 054 AA,Lesion 05z08 Day 066 AA,Lesion 05z08 Day 080 AA,Lesion 05z08 Day 096 AA,Lesion 05z08 Day 108 AA,7.9283085,7.824084,3,cool
OPC,BQ02,6,-649.11,-359.19,-368.65,-432.14,-618.62,-602.93,-649.0,-369.0,-375.0,-424.0,-627.0,-610.0,52.4,128.13,109.93,116.27,91.93,82.15,0.6,1.33,1.28,0.6,0.7,0.82,0.58,1.22,1.22,0.6,0.66,0.75,0.14,0.44,0.28,0.06,0.17,0.31,1.02,2.29,2.25,0.79,1.17,1.76,0.0,0.0,0.0,0.0,0.0,0.0,0.0,0.0,0.0,0.0,0.0,0.0,0.0,0.0,0.0,0.0,0.0,0.0,0.0,0.01,0.02,0.01,0.01,0.01,0.01,0.01,0.01,0.0,0.0,0.0,0.0,0.0,0.0,0.0,0.0,0.0,0.0,0.01,0.01,0.01,0.0,0.0,0.0,0.0,0.0,0.0,0.0,0.0,,,,,,2.12,Fibrotic,Fibrotic,Fibrotic,Fibrotic,Fibrotic,Fibrotic,Fibrotic,Fibrotic,Fibrotic,Fibrotic,Fibrotic,Fibrotic,false,false,false,false,false,false,Lesion 06 Day 033 AA,Lesion 06 Day 054 AA,Lesion 06 Day 066 AA,Lesion 06 Day 080 AA,Lesion 06 Day 096 AA,Lesion 06 Day 108 AA,11.822135,6.798445,7,cool
OPC,BQ02,7,-357.68,-219.97,-175.47,-207.18,-256.45,-246.14,-372.0,-208.0,-143.0,-190.0,-260.0,-243.0,129.34,149.21,170.3,169.09,172.22,152.3,0.44,0.99,1.81,0.91,0.76,0.46,0.4,0.76,1.57,0.81,0.71,0.42,0.12,0.53,0.79,0.36,0.24,0.13,0.85,2.78,3.9,1.7,1.56,0.97,0.0,0.01,0.04,0.01,0.0,0.0,0.0,0.01,0.04,0.01,0.0,0.0,0.0,0.0,0.03,0.0,0.0,0.0,0.01,0.06,0.14,0.05,0.04,0.03,0.03,0.05,0.14,0.05,0.03,0.03,0.0,0.0035971223021582736,0.010256410256410256,0.0058823529411764705,0.0,0.0,0.01,0.03,0.04,0.03,0.03,0.04,0.0,0.02,0.04,0.02,0.01,0.02,,,,,,2.12,Fibrotic,Fibrotic,Fibrotic,Fibrotic,Fibrotic,Fibrotic,Fibrotic,Fibrotic,Fibrotic,Fibrotic,Fibrotic,Fibrotic,false,false,false,false,false,false,Lesion 07 Day 033 AA,Lesion 07 Day 054 AA,Lesion 07 Day 066 AA,Lesion 07 Day 080 AA,Lesion 07 Day 096 AA,Lesion 07 Day 108 AA,7.149949,9.063875,3,cool
OPC,BQ02,9,-291.64,-190.69,-178.2,-178.97,-227.08,-234.99,-291.0,-155.0,-123.0,-135.0,-213.0,-229.0,168.37,170.72,185.72,166.25,176.47,173.13,1.0,1.14,1.7,0.74,0.88,0.43,0.94,1.1,1.67,0.64,0.86,0.38,0.32,0.38,0.64,0.33,0.2,0.15,1.76,1.95,2.87,1.62,1.36,0.94,0.0,0.01,0.04,0.0,0.0,0.0,0.0,0.01,0.04,0.0,0.0,0.0,0.0,0.0,0.02,0.0,0.0,0.0,0.03,0.06,0.12,0.04,0.04,0.01,0.01,0.06,0.12,0.03,0.04,0.01,0.0,0.005128205128205128,0.013937282229965157,0.0,0.0,0.0,0.02,0.03,0.03,0.02,0.02,0.02,0.01,0.03,0.04,0.03,0.02,0.01,,,,,,0.78,Necrotic,Necrotic,Necrotic,Necrotic,Necrotic,Necrotic,Necrotic,Necrotic,Necrotic,Necrotic,Necrotic,Necrotic,false,false,false,false,false,false,Lesion 09 Day 033 AA,Lesion 09 Day 054 AA,Lesion 09 Day 066 AA,Lesion 09 Day 080 AA,Lesion 09 Day 096 AA,Lesion 09 Day 108 AA,5.239382,7.286032,9,cool
OPC,BQ02,10,-336.36,-287.04,-265.8,-359.56,-366.12,-485.53,-361.0,-284.0,-277.0,-372.0,-371.0,-498.0,148.55,145.51,157.28,120.12,103.67,116.96,0.59,0.64,0.88,0.38,0.65,0.31,0.57,0.63,0.8,0.38,0.63,0.31,0.13,0.12,0.26,0.04,0.12,0.04,1.13,1.04,1.69,0.52,1.06,0.42,0.0,0.0,0.0,0.0,0.0,0.0,0.0,0.0,0.0,0.0,0.0,0.0,0.0,0.0,0.0,0.0,0.0,0.0,0.01,0.01,0.02,0.0,0.01,0.0,0.01,0.01,0.01,0.0,0.0,0.0,0.0,0.0,0.0,0.0,0.0,0.0,0.02,0.01,0.01,0.01,0.01,0.0,0.0,0.0,0.01,0.0,0.0,0.0,,,,,,0.48,Fibrotic,Fibrotic,Fibrotic,Fibrotic,Fibrotic,Fibrotic,Fibrotic,Fibrotic,Fibrotic,Fibrotic,Fibrotic,Fibrotic,false,false,false,false,false,false,Lesion 10 Day 033 AA,Lesion 10 Day 054 AA,Lesion 10 Day 066 AA,Lesion 10 Day 080 AA,Lesion 10 Day 096 AA,Lesion 10 Day 108 AA,8.530162,7.446657,8,cool
OPC,BQ02,11,-349.9,-271.57,-120.53,-225.69,-200.3,-262.25,-365.0,-274.0,-62.0,-224.0,-179.0,-257.0,157.31,165.6,153.7,163.69,166.62,157.84,0.54,1.03,1.58,1.0,0.91,0.57,0.53,0.99,1.45,0.95,0.91,0.55,0.12,0.35,0.7,0.36,0.26,0.17,0.94,1.74,3.4,1.95,1.42,1.0,0.0,0.01,0.04,0.01,0.0,0.0,0.0,0.01,0.04,0.01,0.0,0.0,0.0,0.0,0.02,0.0,0.0,0.0,0.01,0.05,0.15,0.07,0.05,0.02,0.05,0.05,0.15,0.07,0.04,0.02,0.0,0.005747126436781609,0.011764705882352941,0.005128205128205128,0.0,0.0,0.01,0.03,0.03,0.04,0.02,0.03,0.0,0.01,0.06,0.03,0.02,0.01,,,,,,0.95,Cavity,Cavity,Cavity,Cavity,Cavity,Cavity,Cavity,Cavity,Cavity,Cavity,Cavity,Cavity,false,false,false,false,false,false,Lesion 11 Day 033 AA,Lesion 11 Day 054 AA,Lesion 11 Day 066 AA,Lesion 11 Day 080 AA,Lesion 11 Day 096 AA,Lesion 11 Day 108 AA,8.021857,5.8044705,8,cool
OPC,BQ02,12,-298.02,-165.34,-176.49,-176.48,-247.76,-214.33,-316.0,-113.0,-143.0,-132.0,-224.0,-200.0,166.7,174.75,175.13,179.04,189.53,177.06,0.8,1.39,1.94,0.92,0.95,0.61,0.67,1.23,1.82,0.84,0.91,0.52,0.37,0.57,0.76,0.37,0.28,0.31,1.8,2.97,3.87,1.8,1.68,1.61,0.01,0.05,0.1,0.01,0.0,0.0,0.01,0.05,0.1,0.01,0.0,0.0,0.0,0.02,0.07,0.0,0.0,0.0,0.05,0.17,0.3,0.11,0.1,0.05,0.48,0.17,0.29,0.11,0.09,0.05,0.005555555555555556,0.016835016835016835,0.02583979328165375,0.005555555555555556,0.0,0.0,0.04,0.05,0.07,0.05,0.05,0.04,0.01,0.07,0.08,0.06,0.04,0.04,,,,,,3.85,Cavity,Cavity,Cavity,Cavity,Cavity,Cavity,Cavity,Cavity,Cavity,Cavity,Cavity,Cavity,true,true,true,true,true,true,Lesion 12z13z15 Day 033 AA,Lesion 12z13z15 Day 054 AA,Lesion 12z13z15 Day 066 AA,Lesion 12z13z15 Day 080 AA,Lesion 12z13z15 Day 096 AA,Lesion 12z13z15 Day 108 AA,4.365741,7.776671,6,cool
OPC,BQ02,14,-241.8,-159.26,-144.78,-148.07,-166.83,-190.11,-225.0,-103.0,-74.0,-79.0,-123.0,-169.0,171.23,172.3,182.35,191.22,173.6,175.97,0.86,1.31,2.17,1.28,1.37,0.66,0.68,1.17,2.03,1.12,1.22,0.53,0.53,0.63,0.92,0.7,0.6,0.37,3.34,3.6,5.51,3.74,3.93,2.25,0.07,0.32,0.84,0.29,0.33,0.02,0.07,0.32,0.84,0.29,0.33,0.02,0.04,0.14,0.6,0.15,0.15,0.0,0.53,1.18,2.55,1.1,1.38,0.44,0.5,1.14,2.44,1.06,1.33,0.43,0.02095808383233533,0.08888888888888889,0.15245009074410162,0.07754010695187165,0.08396946564885496,0.008888888888888889,0.32,0.35,0.4,0.28,0.42,0.33,0.22,0.52,0.73,0.54,0.55,0.32,,,,,,3.65,Cavity,Cavity,Cavity,Cavity,Cavity,Cavity,Cavity,Cavity,Cavity,Cavity,Cavity,Cavity,true,true,true,true,true,true,Lesion 14z16z17z18z22 Day 033 AA,Lesion 14z16z17z18z22 Day 054 AA,Lesion 14z16z17z18z22 Day 066 AA,Lesion 14z16z17z18z22 Day 080 AA,Lesion 14z16z17z18z22 Day 096 AA,Lesion 14z16z17z18z22 Day 108 AA,-5.140867,9.843066,5,hot
OPC,BQ02,19,-178.57,-126.33,-105.49,-118.71,-155.41,-124.9,-128.0,-63.0,-40.0,-71.0,-109.0,-80.0,168.24,158.86,165.66,151.42,161.84,151.11,1.32,1.64,3.12,1.48,1.82,1.09,0.88,1.4,2.81,1.35,1.54,0.86,0.87,0.8,1.16,0.57,0.91,0.56,4.53,4.26,6.18,3.17,5.91,2.71,0.11,0.27,0.61,0.15,0.17,0.08,0.11,0.27,0.61,0.15,0.17,0.08,0.08,0.17,0.53,0.07,0.09,0.04,0.51,0.99,1.93,0.57,0.59,0.4,0.0,0.96,1.86,0.56,0.58,0.39,0.024282560706401765,0.06338028169014086,0.09870550161812298,0.0473186119873817,0.03045685279187817,0.029520295202952032,0.17,0.18,0.14,0.11,0.12,0.12,0.21,0.41,0.46,0.26,0.18,0.23,,,,,,1.63,Necrotic,Necrotic,Necrotic,Necrotic,Necrotic,Necrotic,Necrotic,Necrotic,Necrotic,Necrotic,Necrotic,Necrotic,true,true,true,true,true,true,Lesion 19z21 Day 033 AA,Lesion 19z21 Day 054 AA,Lesion 19z21 Day 066 AA,Lesion 19z21 Day 080 AA,Lesion 19z21 Day 096 AA,Lesion 19z21 Day 108 AA,-4.1371975,9.329929,5,hot
OPC,BQ02,20,-694.21,-701.93,-574.47,-557.86,-260.65,-645.11,-704.0,-709.0,-581.0,-571.0,-259.0,-663.0,65.77,61.26,55.74,106.01,134.57,95.07,0.43,0.55,0.9,0.44,0.87,0.25,0.43,0.53,0.86,0.42,0.84,0.24,0.03,0.08,0.14,0.08,0.2,0.03,0.54,0.83,1.37,0.72,1.81,0.37,0.0,0.0,0.0,0.0,0.0,0.0,0.0,0.0,0.0,0.0,0.0,0.0,0.0,0.0,0.0,0.0,0.0,0.0,0.02,0.03,0.02,0.01,0.09,0.01,0.0,0.0,0.0,0.0,0.09,0.0,0.0,0.0,0.0,0.0,0.0,0.0,0.0,0.0,0.0,0.01,0.08,0.0,0.0,0.0,0.0,0.0,0.02,0.0,,,,,,0.48,Scar,Scar,Scar,Scar,Scar,Scar,Scar,Scar,Scar,Scar,Scar,Scar,false,false,false,false,false,false,Lesion 20 Day 033 AA,Lesion 20 Day 054 AA,Lesion 20 Day 066 AA,Lesion 20 Day 080 AA,Lesion 20 Day 096 AA,Lesion 20 Day 108 AA,12.826361,5.8507204,7,cool
BDQ+DEL+OPC,BQ05,1,-388.04,-393.46,-460.53,-650.26,-664.83,-654.2,-399.0,-408.0,-465.0,-645.0,-663.0,-657.0,101.27,77.93,54.84,50.04,54.54,52.71,0.53,0.66,0.54,0.78,0.54,0.59,0.52,0.62,0.53,0.79,0.52,0.57,0.05,0.09,0.04,0.12,0.06,0.07,0.69,0.97,0.76,1.08,0.67,0.88,,,,,,,0.0,0.0,0.0,0.0,0.0,0.0,0.0,0.0,0.0,0.0,0.0,0.0,0.0,0.01,0.0,0.0,0.0,0.0,0.0,0.01,0.0,0.0,0.0,0.0,0.0,0.11111111111111112,0.0,0.0,0.0,0.0,0.01,0.01,0.0,0.0,0.0,0.0,0.0,0.0,0.0,0.0,0.0,0.0,0.48,0.48,0.48,0.48,0.48,0.48,Fibrotic,Fibrotic,Fibrotic,Fibrotic,Fibrotic,Fibrotic,Fibrotic,Fibrotic,Fibrotic,Fibrotic,Fibrotic,Fibrotic,false,false,false,false,false,false,Lesion 01 Day 033 FG,Lesion 01 Day 046 FG,Lesion 01 Day 060 FG,Lesion 01 Day 074 FG,Lesion 01 Day 088 FG,Lesion 01 Day 102 FG,12.013948,8.077014,7,cool
BDQ+DEL+OPC,BQ05,2,-228.73,-140.42,-135.93,-256.88,-286.08,-285.02,-226.0,-70.0,-107.0,-261.0,-293.0,-293.0,167.46,174.38,145.55,170.16,174.16,160.71,1.16,1.62,2.02,1.33,0.98,0.69,0.93,1.42,1.85,0.93,0.75,0.64,0.65,0.76,0.92,0.98,0.64,0.19,4.8,3.9,5.55,5.79,4.68,1.68,,,,,,,0.26,0.95,1.8,0.5,0.18,0.01,0.11,0.6,1.1,0.33,0.12,0.0,1.27,3.28,5.16,2.46,1.35,0.89,1.21,3.18,5.13,2.35,1.23,0.82,10.083333333333334,35.333333333333336,42.75,29.375,6.833333333333334,5.857142857142856,0.58,0.71,1.03,1.11,0.85,0.92,0.4,1.25,1.53,0.56,0.36,0.3,1.38,1.38,1.38,1.38,1.38,1.38,Cavity,Cavity,Cavity,Cavity,Cavity,Cavity,Cavity,Cavity,Cavity,Cavity,Cavity,Cavity,true,true,true,true,true,true,Lesion 02z03 Day 033 FG,Lesion 02z03 Day 046 FG,Lesion 02z03 Day 060 FG,Lesion 02z03 Day 074 FG,Lesion 02z03 Day 088 FG,Lesion 02z03 Day 102 FG,-5.6071944,8.982037,5,hot
BDQ+DEL+OPC,BQ05,4,-219.08,-133.62,-207.32,-135.61,-143.08,-139.91,-207.0,-84.0,-194.0,-81.0,-80.0,-63.0,174.75,153.21,183.22,144.99,166.15,165.53,1.26,1.88,1.42,3.5,1.25,1.36,1.11,1.85,1.06,3.24,1.25,1.28,0.48,0.49,0.92,1.45,0.23,0.39,2.81,3.11,4.37,7.72,2.29,2.32,,,,,,,0.02,0.13,0.03,0.09,0.01,0.03,0.01,0.07,0.02,0.09,0.0,0.01,0.12,0.32,0.17,0.35,0.09,0.11,0.11,0.31,0.16,0.34,0.09,0.11,0.9166666666666667,3.4444444444444446,1.3333333333333335,4.25,0.5,0.7857142857142857,0.05,0.06,0.06,0.03,0.03,0.02,0.04,0.11,0.05,0.06,0.05,0.05,0.78,0.78,0.78,0.78,0.78,0.78,Cavity,Cavity,Cavity,Cavity,Cavity,Cavity,Cavity,Cavity,Cavity,Cavity,Cavity,Cavity,false,false,false,false,false,false,Lesion 04 Day 033 FG,Lesion 04 Day 046 FG,Lesion 04 Day 060 FG,Lesion 04 Day 074 FG,Lesion 04 Day 088 FG,Lesion 04 Day 102 FG,2.4307044,10.659363,4,hot
BDQ+DEL+OPC,BQ05,5,-230.28,-176.14,-176.7,-207.71,-226.75,-268.24,-229.0,-125.0,-145.0,-210.0,-244.0,-300.0,169.65,175.13,173.93,174.72,178.13,181.1,1.16,1.39,1.7,1.25,1.14,1.01,1.05,1.33,1.32,1.09,1.14,0.99,0.36,0.4,1.01,0.52,0.43,0.17,2.13,2.48,5.08,3.51,2.24,1.52,,,,,,,0.02,0.07,0.06,0.02,0.02,0.0,0.0,0.02,0.04,0.01,0.0,0.0,0.1,0.26,0.23,0.11,0.08,0.04,0.1,0.25,0.23,0.11,0.08,0.04,0.8333333333333334,2.7777777777777777,1.9166666666666667,1.375,0.4444444444444445,0.2857142857142857,0.05,0.08,0.06,0.05,0.04,0.02,0.03,0.1,0.07,0.04,0.03,0.01,0.78,0.78,0.78,0.78,0.78,0.78,Necrotic,Necrotic,Necrotic,Necrotic,Necrotic,Necrotic,Necrotic,Necrotic,Necrotic,Necrotic,Necrotic,Necrotic,false,false,false,false,false,false,Lesion 05 Day 033 FG,Lesion 05 Day 046 FG,Lesion 05 Day 060 FG,Lesion 05 Day 074 FG,Lesion 05 Day 088 FG,Lesion 05 Day 102 FG,4.608636,8.49424,6,cool
BDQ+DEL+OPC,BQ05,6,-370.04,-349.43,-388.5,-558.73,-601.67,-444.48,-380.0,-363.0,-396.0,-561.0,-613.0,-448.0,113.01,131.53,89.32,96.42,92.65,63.4,0.57,0.71,0.54,0.59,0.7,0.77,0.57,0.69,0.54,0.58,0.69,0.76,0.04,0.09,0.05,0.05,0.05,0.09,0.66,0.96,0.69,0.76,0.99,1.06,,,,,,,0.0,0.0,0.0,0.0,0.0,0.0,0.0,0.0,0.0,0.0,0.0,0.0,0.0,0.01,0.0,0.0,0.0,0.0,0.0,0.01,0.0,0.0,0.0,0.0,0.0,0.11111111111111112,0.0,0.0,0.0,0.0,0.01,0.01,0.01,0.0,0.0,0.0,0.0,0.0,0.0,0.0,0.0,0.0,0.48,0.48,0.48,0.48,0.48,0.48,Scar,Scar,Scar,Scar,Scar,Scar,Scar,Scar,Scar,Scar,Scar,Scar,false,false,false,false,false,false,Lesion 06 Day 033 FG,Lesion 06 Day 046 FG,Lesion 06 Day 060 FG,Lesion 06 Day 074 FG,Lesion 06 Day 088 FG,Lesion 06 Day 102 FG,10.393209,7.081934,7,cool
BDQ+DEL+OPC,BQ05,7,-269.54,-239.13,-235.34,-309.28,-309.57,-329.36,-275.0,-235.0,-226.0,-324.0,-322.0,-350.0,156.99,158.18,155.78,149.95,145.08,139.68,0.63,0.75,0.71,0.44,0.54,0.73,0.58,0.68,0.6,0.42,0.51,0.72,0.16,0.26,0.33,0.11,0.12,0.12,1.31,1.55,2.31,0.98,1.08,1.32,,,,,,,0.0,0.0,0.0,0.0,0.0,0.0,0.0,0.0,0.0,0.0,0.0,0.0,0.03,0.08,0.04,0.02,0.03,0.05,0.03,0.07,0.04,0.02,0.03,0.05,0.25,0.7777777777777779,0.33333333333333337,0.25,0.16666666666666666,0.35714285714285715,0.03,0.06,0.04,0.03,0.04,0.05,0.01,0.03,0.02,0.01,0.01,0.01,0.78,0.78,0.78,0.78,0.78,0.78,Fibrotic,Fibrotic,Fibrotic,Fibrotic,Fibrotic,Fibrotic,Fibrotic,Fibrotic,Fibrotic,Fibrotic,Fibrotic,Fibrotic,false,false,false,false,false,false,Lesion 07 Day 033 FG,Lesion 07 Day 046 FG,Lesion 07 Day 060 FG,Lesion 07 Day 074 FG,Lesion 07 Day 088 FG,Lesion 07 Day 102 FG,7.2532578,7.980353,3,cool
BDQ+DEL+OPC,BQ05,8,-214.86,-64.09,-205.56,-216.6,-219.53,-213.97,-184.0,-14.0,-183.0,-187.0,-190.0,-186.0,169.29,131.31,172.23,176.8,183.15,164.49,1.01,1.64,1.54,1.28,1.11,0.83,0.82,1.57,1.08,0.89,0.92,0.79,0.52,0.76,1.14,0.94,0.58,0.21,2.69,3.86,5.52,4.96,3.69,1.57,,,,,,,0.07,0.46,0.26,0.13,0.06,0.0,0.02,0.22,0.19,0.08,0.03,0.0,0.36,1.38,1.09,0.53,0.36,0.17,0.33,1.37,1.06,0.51,0.33,0.17,2.7500000000000004,15.222222222222223,8.833333333333334,6.375,1.8333333333333335,1.2142857142857142,0.18,0.15,0.34,0.2,0.16,0.13,0.15,0.69,0.33,0.19,0.14,0.09,0.78,0.78,0.78,0.78,0.78,0.78,Cavity,Cavity,Cavity,Cavity,Cavity,Cavity,Cavity,Cavity,Cavity,Cavity,Cavity,Cavity,true,true,true,true,true,true,Lesion 08z09 Day 033 FG,Lesion 08z09 Day 046 FG,Lesion 08z09 Day 060 FG,Lesion 08z09 Day 074 FG,Lesion 08z09 Day 088 FG,Lesion 08z09 Day 102 FG,-2.8700652,8.790588,14,hot
BDQ+DEL+OPC,BQ05,10,-289.9,-273.51,-224.42,-277.56,-295.15,-299.78,-319.0,-282.0,-229.0,-274.0,-297.0,-321.0,166.0,153.81,168.7,134.23,152.52,140.62,0.6,0.61,0.57,0.49,0.59,0.58,0.54,0.54,0.55,0.47,0.57,0.57,0.15,0.18,0.12,0.07,0.1,0.05,1.26,1.36,1.01,0.85,0.91,0.74,,,,,,,0.0,0.0,0.0,0.0,0.0,0.0,0.0,0.0,0.0,0.0,0.0,0.0,0.02,0.07,0.03,0.01,0.01,0.01,0.02,0.06,0.03,0.01,0.01,0.01,0.16666666666666669,0.6666666666666666,0.25,0.125,0.05555555555555556,0.07142857142857142,0.03,0.08,0.03,0.02,0.01,0.01,0.01,0.03,0.02,0.0,0.0,0.0,0.48,0.48,0.48,0.48,0.48,0.48,Fibrotic,Fibrotic,Fibrotic,Fibrotic,Fibrotic,Fibrotic,Fibrotic,Fibrotic,Fibrotic,Fibrotic,Fibrotic,Fibrotic,false,false,false,false,false,false,Lesion 10 Day 033 FG,Lesion 10 Day 046 FG,Lesion 10 Day 060 FG,Lesion 10 Day 074 FG,Lesion 10 Day 088 FG,Lesion 10 Day 102 FG,7.5271506,7.984097,3,cool
BDQ+DEL+OPC,BQ05,11,-278.47,-252.41,-310.3,-429.94,-325.02,-251.71,-286.0,-255.0,-313.0,-440.0,-359.0,-249.0,145.07,158.57,127.67,112.17,143.77,142.2,1.01,1.02,1.02,0.67,0.72,0.71,1.0,1.03,1.02,0.65,0.7,0.71,0.18,0.15,0.12,0.13,0.15,0.13,1.59,1.46,1.31,1.08,1.09,0.95,,,,,,,0.0,0.0,0.0,0.0,0.0,0.0,0.0,0.0,0.0,0.0,0.0,0.0,0.11,0.11,0.08,0.06,0.04,0.07,0.1,0.1,0.08,0.05,0.03,0.07,0.8333333333333334,1.1111111111111112,0.6666666666666667,0.625,0.16666666666666666,0.5,0.07,0.07,0.06,0.07,0.04,0.07,0.02,0.03,0.01,0.0,0.01,0.03,0.95,0.95,0.95,0.95,0.95,0.95,Cavity,Cavity,Cavity,Cavity,Cavity,Cavity,Cavity,Cavity,Cavity,Cavity,Cavity,Cavity,true,true,true,true,true,true,Lesion 11z12 Day 033 FG,Lesion 11z12 Day 046 FG,Lesion 11z12 Day 060 FG,Lesion 11z12 Day 074 FG,Lesion 11z12 Day 088 FG,Lesion 11z12 Day 102 FG,7.6165185,7.8512955,3,cool
BDQ+DEL+OPC,BQ05,13,-239.49,-137.34,-160.92,-219.93,-199.52,-154.07,-239.0,-107.0,-141.0,-213.0,-191.0,-110.0,156.53,159.8,165.96,172.58,179.95,159.45,0.82,0.78,0.92,0.71,0.86,0.81,0.74,0.71,0.76,0.53,0.65,0.76,0.35,0.26,0.44,0.46,0.51,0.24,2.17,1.91,2.84,2.75,2.38,1.57,,,,,,,0.0,0.0,0.01,0.0,0.01,0.0,0.0,0.0,0.0,0.0,0.0,0.0,0.05,0.08,0.09,0.04,0.04,0.06,0.05,0.08,0.09,0.04,0.04,0.06,0.4166666666666667,0.888888888888889,0.75,0.5,0.22222222222222224,0.4285714285714285,0.04,0.04,0.04,0.03,0.02,0.03,0.02,0.06,0.05,0.02,0.02,0.04,0.78,0.78,0.78,0.78,0.78,0.78,Fibrotic,Fibrotic,Fibrotic,Fibrotic,Fibrotic,Fibrotic,Fibrotic,Fibrotic,Fibrotic,Fibrotic,Fibrotic,Fibrotic,false,false,false,false,false,false,Lesion 13 Day 033 FG,Lesion 13 Day 046 FG,Lesion 13 Day 060 FG,Lesion 13 Day 074 FG,Lesion 13 Day 088 FG,Lesion 13 Day 102 FG,4.4677386,9.307908,6,cool
BDQ+DEL+OPC,BQ05,14,-307.91,-147.23,-280.48,-324.47,-302.25,-337.95,-333.0,-100.0,-291.0,-335.0,-317.0,-348.0,149.17,166.67,162.66,134.95,163.57,131.92,0.73,0.82,0.85,0.55,0.65,0.53,0.63,0.69,0.67,0.48,0.56,0.5,0.32,0.42,0.52,0.25,0.3,0.14,2.12,3.09,3.36,1.71,1.63,0.88,,,,,,,0.0,0.03,0.02,0.0,0.0,0.0,0.0,0.01,0.01,0.0,0.0,0.0,0.09,0.34,0.17,0.05,0.05,0.03,0.08,0.34,0.15,0.05,0.04,0.03,0.6666666666666667,3.777777777777778,1.25,0.625,0.22222222222222224,0.21428571428571425,0.08,0.16,0.13,0.08,0.05,0.05,0.02,0.24,0.05,0.01,0.01,0.01,0.78,0.78,0.78,0.78,0.78,0.78,Fibrotic,Fibrotic,Fibrotic,Fibrotic,Fibrotic,Fibrotic,Fibrotic,Fibrotic,Fibrotic,Fibrotic,Fibrotic,Fibrotic,false,false,false,false,false,false,Lesion 14 Day 033 FG,Lesion 14 Day 046 FG,Lesion 14 Day 060 FG,Lesion 14 Day 074 FG,Lesion 14 Day 088 FG,Lesion 14 Day 102 FG,-3.385911,10.352862,5,hot
BDQ+PRE,BQ06,1,-214.82,-69.38,-75.04,-107.15,-148.19,-185.23,-187.0,-18.0,-20.0,-38.0,-63.0,-129.0,185.09,142.44,146.42,168.89,198.82,202.58,1.03,2.28,2.89,1.09,1.24,0.99,0.93,2.13,2.84,1.0,1.09,0.97,0.39,1.07,1.31,0.45,0.63,0.33,2.86,5.01,6.52,2.17,3.76,2.01,0.1,0.9,1.13,0.28,0.22,0.04,0.1,0.9,1.13,0.28,0.22,0.04,0.02,0.69,0.96,0.02,0.1,0.0,0.76,2.91,3.96,1.31,1.0,0.5,0.73,2.86,3.92,1.26,0.92,0.46,0.03496503496503497,0.17964071856287425,0.17331288343558282,0.12903225806451615,0.05851063829787234,0.019900497512437814,0.36,0.23,0.25,0.28,0.22,0.19,0.34,1.03,1.12,0.87,0.49,0.27,,,,,,1.4471580313422192,Cavity,Cavity,Cavity,Cavity,Cavity,Cavity,Cavity,Cavity,Cavity,Cavity,Cavity,Cavity,true,true,true,true,true,true,Lesion 01z02z03z04z05z06 Day 032 AA,Lesion 01z02z03z04z05z06 Day 045 AA,Lesion 01z02z03z04z05z06 Day 059 AA,Lesion 01z02z03z04z05z06 Day 073 AA,Lesion 01z02z03z04z05z06 Day 087 AA,Lesion 01z02z03z04z05z06 Day 101 AA,-4.9915204,6.569576,0,hot
BDQ+PRE,BQ06,7,-329.04,-315.95,-332.7,-392.98,-394.3,-540.58,-350.0,-331.0,-351.0,-411.0,-410.0,-533.0,105.5,141.55,148.2,108.2,101.79,71.91,0.42,0.53,0.53,0.23,0.35,0.38,0.41,0.51,0.49,0.23,0.34,0.38,0.05,0.07,0.14,0.01,0.02,0.02,0.6,0.89,1.07,0.28,0.39,0.44,0.0,0.0,0.0,0.0,0.0,0.0,0.0,0.0,0.0,0.0,0.0,0.0,0.0,0.0,0.0,0.0,0.0,0.0,0.01,0.01,0.01,0.0,0.0,0.0,0.01,0.01,0.01,0.0,0.0,0.0,0.0,0.0,0.0,0.0,0.0,0.0,0.03,0.02,0.02,0.01,0.01,0.0,0.0,0.0,0.0,0.0,0.0,0.0,,,,,,0.47712125471966244,Fibrotic,Fibrotic,Fibrotic,Fibrotic,Fibrotic,Fibrotic,Fibrotic,Fibrotic,Fibrotic,Fibrotic,Fibrotic,Fibrotic,false,false,false,false,false,false,Lesion 07 Day 032 AA,Lesion 07 Day 045 AA,Lesion 07 Day 059 AA,Lesion 07 Day 073 AA,Lesion 07 Day 087 AA,Lesion 07 Day 101 AA,9.253822,7.092715,8,cool
BDQ+PRE,BQ06,8,-376.48,-261.98,-385.15,-395.05,-440.16,-508.21,-392.0,-264.0,-388.0,-400.0,-461.0,-508.0,124.17,169.97,142.43,123.4,105.18,78.19,0.55,0.89,0.55,0.32,0.43,0.74,0.54,0.78,0.51,0.3,0.36,0.63,0.08,0.29,0.13,0.06,0.18,0.26,0.89,1.9,1.05,0.55,1.0,1.56,0.0,0.01,0.0,0.0,0.0,0.0,0.0,0.01,0.0,0.0,0.0,0.0,0.0,0.0,0.0,0.0,0.0,0.0,0.04,0.1,0.03,0.01,0.01,0.02,0.03,0.1,0.02,0.01,0.01,0.01,0.0,0.005263157894736843,0.0,0.0,0.0,0.0,0.06,0.07,0.04,0.03,0.02,0.01,0.0,0.04,0.01,0.0,0.0,0.0,,,,,,0.47712125471966244,Scar,Scar,Scar,Scar,Scar,Scar,Scar,Scar,Scar,Scar,Scar,Scar,true,true,true,true,true,true,Lesion 08z18z20 Day 032 AA,Lesion 08z18z20 Day 045 AA,Lesion 08z18z20 Day 059 AA,Lesion 08z18z20 Day 073 AA,Lesion 08z18z20 Day 087 AA,Lesion 08z18z20 Day 101 AA,7.2141705,7.5569906,3,cool
BDQ+PRE,BQ06,9,-364.64,-312.64,-336.93,-366.24,-488.97,-573.52,-381.0,-342.0,-363.0,-383.0,-500.0,-590.0,121.8,156.32,162.28,141.5,141.23,115.16,0.4,0.45,0.6,0.23,0.36,0.41,0.39,0.44,0.56,0.23,0.35,0.41,0.04,0.07,0.15,0.02,0.04,0.03,0.54,0.71,1.16,0.31,0.45,0.5,0.0,0.0,0.0,0.0,0.0,0.0,0.0,0.0,0.0,0.0,0.0,0.0,0.0,0.0,0.0,0.0,0.0,0.0,0.01,0.01,0.01,0.0,0.0,0.0,0.0,0.01,0.01,0.0,0.0,0.0,0.0,0.0,0.0,0.0,0.0,0.0,0.01,0.01,0.01,0.01,0.0,0.0,0.0,0.0,0.0,0.0,0.0,0.0,,,,,,0.47712125471966244,Fibrotic,Fibrotic,Fibrotic,Fibrotic,Fibrotic,Fibrotic,Fibrotic,Fibrotic,Fibrotic,Fibrotic,Fibrotic,Fibrotic,false,false,false,false,false,false,Lesion 09 Day 032 AA,Lesion 09 Day 045 AA,Lesion 09 Day 059 AA,Lesion 09 Day 073 AA,Lesion 09 Day 087 AA,Lesion 09 Day 101 AA,8.509362,6.4456973,8,cool
BDQ+PRE,BQ06,10,-212.22,-154.01,-152.38,-180.82,-234.88,-315.67,-210.0,-116.0,-99.0,-148.0,-238.0,-322.0,166.75,170.71,176.62,182.71,176.02,129.11,0.84,1.55,1.79,0.62,0.66,0.59,0.68,1.12,1.32,0.56,0.62,0.56,0.4,0.94,1.19,0.32,0.28,0.19,1.94,4.11,5.19,1.42,1.35,1.0,0.01,0.05,0.07,0.0,0.0,0.0,0.01,0.05,0.07,0.0,0.0,0.0,0.0,0.04,0.05,0.0,0.0,0.0,0.09,0.2,0.26,0.07,0.05,0.03,0.08,0.2,0.25,0.06,0.05,0.03,0.005154639175257732,0.0121654501216545,0.01348747591522158,0.0,0.0,0.0,0.07,0.06,0.06,0.05,0.05,0.05,0.04,0.07,0.08,0.05,0.03,0.01,,,,,,0.7781512503836436,Cavity,Cavity,Cavity,Cavity,Cavity,Cavity,Cavity,Cavity,Cavity,Cavity,Cavity,Cavity,false,false,false,false,false,false,Lesion 10 Day 032 AA,Lesion 10 Day 045 AA,Lesion 10 Day 059 AA,Lesion 10 Day 073 AA,Lesion 10 Day 087 AA,Lesion 10 Day 101 AA,3.8533938,8.596624,6,cool
BDQ+PRE,BQ06,11,-286.87,-251.89,-171.1,-225.57,-237.34,-321.28,-291.0,-257.0,-122.0,-221.0,-225.0,-339.0,155.44,166.57,182.37,175.77,174.12,155.65,0.91,1.46,1.8,0.69,0.73,0.58,0.9,1.37,1.56,0.65,0.73,0.57,0.2,0.71,0.97,0.24,0.23,0.09,1.34,3.03,4.43,1.36,1.33,0.85,0.0,0.05,0.07,0.0,0.0,0.0,0.0,0.05,0.07,0.0,0.0,0.0,0.0,0.03,0.05,0.0,0.0,0.0,0.07,0.15,0.25,0.07,0.04,0.02,0.07,0.14,0.23,0.07,0.04,0.02,0.0,0.016501650165016504,0.01580135440180587,0.0,0.0,0.0,0.06,0.06,0.06,0.06,0.03,0.02,0.02,0.03,0.07,0.04,0.02,0.01,,,,,,0.9542425094393249,Necrotic,Necrotic,Necrotic,Necrotic,Necrotic,Necrotic,Necrotic,Necrotic,Necrotic,Necrotic,Necrotic,Necrotic,false,false,false,false,false,false,Lesion 11 Day 032 AA,Lesion 11 Day 045 AA,Lesion 11 Day 059 AA,Lesion 11 Day 073 AA,Lesion 11 Day 087 AA,Lesion 11 Day 101 AA,8.367765,5.9360228,8,cool
BDQ+PRE,BQ06,12,-414.24,-390.45,-469.32,-465.12,-604.52,-698.86,-425.0,-406.0,-455.0,-474.0,-615.0,-700.0,127.96,130.64,144.97,102.44,67.62,35.16,0.75,0.67,0.73,0.41,0.44,0.41,0.73,0.67,0.73,0.4,0.44,0.41,0.11,0.07,0.05,0.05,0.02,0.03,1.05,0.81,0.83,0.52,0.49,0.5,0.0,0.0,0.0,0.0,0.0,0.0,0.0,0.0,0.0,0.0,0.0,0.0,0.0,0.0,0.0,0.0,0.0,0.0,0.0,0.0,0.0,0.0,0.0,0.0,0.0,0.0,0.0,0.0,0.0,0.0,0.0,0.0,0.0,0.0,0.0,0.0,0.0,0.0,0.0,0.0,0.0,0.0,0.0,0.0,0.0,0.0,0.0,0.0,,,,,,0.47712125471966244,Scar,Scar,Scar,Scar,Scar,Scar,Scar,Scar,Scar,Scar,Scar,Scar,false,false,false,false,false,false,Lesion 12 Day 032 AA,Lesion 12 Day 045 AA,Lesion 12 Day 059 AA,Lesion 12 Day 073 AA,Lesion 12 Day 087 AA,Lesion 12 Day 101 AA,10.727234,6.2835608,7,cool
BDQ+PRE,BQ06,13,-212.68,-75.3,-128.33,-107.01,-152.57,-218.94,-179.0,-25.0,-44.0,-34.0,-74.0,-205.0,172.87,135.99,179.02,167.95,179.12,181.72,1.08,1.94,2.81,1.03,1.1,0.92,1.03,1.5,2.35,0.9,0.95,0.84,0.4,1.15,1.77,0.55,0.59,0.37,2.45,5.49,8.34,2.81,2.84,1.72,0.04,0.3,0.35,0.1,0.06,0.01,0.04,0.3,0.35,0.1,0.06,0.01,0.01,0.22,0.29,0.03,0.02,0.0,0.31,1.18,1.36,0.48,0.26,0.14,0.29,1.16,1.32,0.47,0.25,0.14,0.016326530612244896,0.0546448087431694,0.041966426858513185,0.03558718861209965,0.02112676056338028,0.005813953488372093,0.13,0.12,0.14,0.11,0.08,0.08,0.14,0.48,0.32,0.35,0.14,0.07,,,,,,0.7781512503836436,Necrotic,Necrotic,Necrotic,Necrotic,Necrotic,Necrotic,Necrotic,Necrotic,Necrotic,Necrotic,Necrotic,Necrotic,false,false,false,false,false,false,Lesion 13 Day 032 AA,Lesion 13 Day 045 AA,Lesion 13 Day 059 AA,Lesion 13 Day 073 AA,Lesion 13 Day 087 AA,Lesion 13 Day 101 AA,-2.1373775,9.134182,14,hot
BDQ+PRE,BQ06,14,-340.7,-292.81,-273.47,-302.27,-326.9,-378.6,-376.0,-306.0,-264.0,-315.0,-343.0,-391.0,137.7,167.46,162.3,158.0,145.9,120.08,0.57,0.84,0.75,0.37,0.36,0.4,0.56,0.72,0.63,0.35,0.35,0.38,0.08,0.35,0.33,0.08,0.06,0.05,0.79,2.11,1.93,0.57,0.55,0.61,0.0,0.0,0.0,0.0,0.0,0.0,0.0,0.0,0.0,0.0,0.0,0.0,0.0,0.0,0.0,0.0,0.0,0.0,0.02,0.04,0.03,0.01,0.01,0.01,0.01,0.04,0.03,0.01,0.01,0.01,0.0,0.0,0.0,0.0,0.0,0.0,0.02,0.03,0.02,0.02,0.01,0.01,0.0,0.01,0.01,0.01,0.0,0.0,,,,,,0.47712125471966244,Necrotic,Necrotic,Necrotic,Necrotic,Necrotic,Necrotic,Necrotic,Necrotic,Necrotic,Necrotic,Necrotic,Necrotic,false,false,false,false,false,false,Lesion 14 Day 032 AA,Lesion 14 Day 045 AA,Lesion 14 Day 059 AA,Lesion 14 Day 073 AA,Lesion 14 Day 087 AA,Lesion 14 Day 101 AA,8.303976,5.5729465,8,cool
BDQ+PRE,BQ06,15,-291.4,-173.46,-197.23,-214.13,-271.12,-416.88,-300.0,-118.0,-150.0,-179.0,-262.0,-420.0,130.98,178.02,176.6,174.86,168.46,134.12,0.72,1.57,1.73,0.75,0.69,0.62,0.62,1.14,1.26,0.61,0.57,0.53,0.3,1.09,1.28,0.44,0.37,0.27,1.73,4.24,5.07,2.0,2.21,1.53,0.0,0.09,0.11,0.02,0.01,0.0,0.0,0.09,0.11,0.02,0.01,0.0,0.0,0.07,0.08,0.0,0.0,0.0,0.11,0.35,0.42,0.17,0.09,0.1,0.11,0.34,0.41,0.16,0.08,0.07,0.0,0.02122641509433962,0.021696252465483234,0.01,0.004524886877828055,0.0,0.12,0.08,0.1,0.1,0.08,0.1,0.03,0.12,0.13,0.1,0.04,0.01,,,,,,0.7781512503836436,Necrotic,Necrotic,Necrotic,Necrotic,Necrotic,Necrotic,Necrotic,Necrotic,Necrotic,Necrotic,Necrotic,Necrotic,true,true,true,true,true,true,Lesion 15z16 Day 032 AA,Lesion 15z16 Day 045 AA,Lesion 15z16 Day 059 AA,Lesion 15z16 Day 073 AA,Lesion 15z16 Day 087 AA,Lesion 15z16 Day 101 AA,4.333899,8.266014,6,cool
BDQ+PRE,BQ06,17,-212.78,-130.07,-193.58,-172.98,-281.08,-263.9,-200.0,-48.0,-152.0,-134.0,-294.0,-281.0,167.96,199.52,195.08,187.52,192.68,174.09,0.61,1.16,1.44,0.51,0.56,0.55,0.5,1.02,1.2,0.46,0.49,0.49,0.27,0.58,0.73,0.22,0.24,0.2,1.6,3.49,3.42,1.21,1.4,1.25,0.0,0.07,0.07,0.0,0.0,0.0,0.0,0.07,0.07,0.0,0.0,0.0,0.0,0.03,0.04,0.0,0.0,0.0,0.08,0.37,0.26,0.1,0.06,0.07,0.08,0.36,0.24,0.1,0.06,0.07,0.0,0.0198300283286119,0.020467836257309944,0.0,0.0,0.0,0.07,0.09,0.08,0.08,0.07,0.08,0.06,0.2,0.08,0.1,0.04,0.04,,,,,,0.7781512503836436,Necrotic,Necrotic,Necrotic,Necrotic,Necrotic,Necrotic,Necrotic,Necrotic,Necrotic,Necrotic,Necrotic,Necrotic,true,true,true,true,true,true,Lesion 17z19 Day 032 AA,Lesion 17z19 Day 045 AA,Lesion 17z19 Day 059 AA,Lesion 17z19 Day 073 AA,Lesion 17z19 Day 087 AA,Lesion 17z19 Day 101 AA,4.297842,7.9531617,6,cool
BDQ+PRE,BQ06,21,-247.02,-63.38,-185.6,-218.88,-296.25,-361.81,-266.0,-10.0,-145.0,-205.0,-312.0,-375.0,144.34,147.61,170.59,175.35,157.7,122.72,0.88,1.9,1.91,0.71,0.68,0.57,0.79,1.6,1.67,0.69,0.71,0.54,0.3,0.98,1.12,0.27,0.23,0.14,2.01,4.79,5.22,1.36,1.15,0.93,0.0,0.15,0.1,0.0,0.0,0.0,0.0,0.15,0.1,0.0,0.0,0.0,0.0,0.1,0.07,0.0,0.0,0.0,0.06,0.51,0.32,0.11,0.06,0.03,0.05,0.51,0.32,0.1,0.05,0.02,0.0,0.031315240083507306,0.019157088122605366,0.0,0.0,0.0,0.05,0.06,0.07,0.08,0.06,0.04,0.02,0.21,0.09,0.06,0.02,0.0,,,,,,0.7781512503836436,Necrotic,Necrotic,Necrotic,Necrotic,Necrotic,Necrotic,Necrotic,Necrotic,Necrotic,Necrotic,Necrotic,Necrotic,false,false,false,false,false,false,Lesion 21 Day 032 AA,Lesion 21 Day 045 AA,Lesion 21 Day 059 AA,Lesion 21 Day 073 AA,Lesion 21 Day 087 AA,Lesion 21 Day 101 AA,1.1235555,9.887467,4,hot
BDQ+PRE,BQ06,22,-357.81,-343.8,-354.28,-441.49,-532.91,-584.15,-355.0,-350.0,-367.0,-449.0,-525.0,-582.0,101.81,116.64,123.52,115.86,95.01,78.7,0.89,1.63,0.71,0.37,0.44,0.45,0.84,1.47,0.67,0.36,0.42,0.45,0.24,0.58,0.16,0.07,0.07,0.04,1.65,3.22,1.25,0.67,0.64,0.56,0.0,0.01,0.0,0.0,0.0,0.0,0.0,0.01,0.0,0.0,0.0,0.0,0.0,0.01,0.0,0.0,0.0,0.0,0.06,0.04,0.01,0.0,0.0,0.0,0.05,0.04,0.01,0.0,0.0,0.0,0.0,0.003105590062111801,0.0,0.0,0.0,0.0,0.06,0.02,0.01,0.01,0.0,0.0,0.0,0.0,0.0,0.0,0.0,0.0,,,,,,0.47712125471966244,Scar,Scar,Scar,Scar,Scar,Scar,Scar,Scar,Scar,Scar,Scar,Scar,false,false,false,false,false,false,Lesion 22 Day 032 AA,Lesion 22 Day 045 AA,Lesion 22 Day 059 AA,Lesion 22 Day 073 AA,Lesion 22 Day 087 AA,Lesion 22 Day 101 AA,12.305367,7.2081127,7,cool
BDQ+PRE,BQ06,23,-161.71,-145.3,-178.71,-174.85,-227.69,-295.8,-133.0,-87.0,-133.0,-125.0,-209.0,-299.0,149.93,170.7,173.83,178.77,188.57,161.59,0.93,1.42,1.63,0.6,0.69,0.62,0.86,1.21,1.18,0.48,0.62,0.6,0.29,0.73,1.08,0.32,0.32,0.15,2.18,4.29,4.8,1.72,1.64,1.11,0.02,0.17,0.07,0.0,0.0,0.0,0.02,0.17,0.07,0.0,0.0,0.0,0.0,0.08,0.05,0.0,0.0,0.0,0.41,0.75,0.28,0.1,0.09,0.04,0.4,0.74,0.27,0.09,0.08,0.03,0.008849557522123895,0.03962703962703963,0.014583333333333335,0.0,0.0,0.0,0.19,0.2,0.08,0.07,0.06,0.04,0.23,0.31,0.08,0.09,0.06,0.01,,,,,,0.7781512503836436,Fibrotic,Fibrotic,Fibrotic,Fibrotic,Fibrotic,Fibrotic,Fibrotic,Fibrotic,Fibrotic,Fibrotic,Fibrotic,Fibrotic,false,false,false,false,false,false,Lesion 23 Day 032 AA,Lesion 23 Day 045 AA,Lesion 23 Day 059 AA,Lesion 23 Day 073 AA,Lesion 23 Day 087 AA,Lesion 23 Day 101 AA,-4.16988,10.030079,5,hot
BDQ+PRE,BQ11,1,-179.87,-126.7,-72.01,-100.03,-115.25,-180.86,-145.0,-48.0,-22.0,-33.0,-62.0,-148.0,158.5,173.4,140.52,162.66,164.82,163.57,1.41,2.1,3.6,2.54,0.86,0.59,1.2,2.06,3.57,2.36,0.71,0.5,0.8,0.84,1.78,1.31,0.47,0.31,3.63,4.24,8.37,5.9,2.77,1.7,0.07,0.32,0.4,0.3,0.03,0.0,0.07,0.32,0.4,0.3,0.03,0.0,0.04,0.23,0.35,0.24,0.01,0.0,0.26,0.92,1.7,1.04,0.23,0.1,0.25,0.89,1.67,1.03,0.22,0.1,0.019283746556473833,0.07547169811320754,0.04778972520908006,0.05084745762711864,0.010830324909747292,0.0,0.08,0.13,0.09,0.11,0.08,0.08,0.09,0.29,0.37,0.3,0.18,0.09,,,,,,0.7781512503836436,Necrotic,Necrotic,Necrotic,Necrotic,Necrotic,Necrotic,Necrotic,Necrotic,Necrotic,Necrotic,Necrotic,Necrotic,true,true,true,true,true,true,Lesion 01z03 Day 032 AA,Lesion 01z03 Day 045 AA,Lesion 01z03 Day 059 AA,Lesion 01z03 Day 073 AA,Lesion 01z03 Day 087 AA,Lesion 01z03 Day 101 AA,-3.515958,8.017521,0,hot
BDQ+PRE,BQ11,2,-259.79,-182.98,-212.73,-196.5,-223.37,-268.96,-263.0,-171.0,-183.0,-156.0,-203.0,-283.0,171.44,148.47,183.22,181.65,189.71,172.65,0.9,1.36,1.8,1.82,0.43,0.33,0.79,1.14,1.33,1.39,0.37,0.31,0.42,0.7,1.28,1.29,0.17,0.08,2.59,3.02,4.75,5.77,1.2,0.55,0.0,0.05,0.05,0.04,0.0,0.0,0.0,0.05,0.05,0.04,0.0,0.0,0.0,0.03,0.04,0.03,0.0,0.0,0.04,0.19,0.18,0.15,0.02,0.01,0.04,0.19,0.18,0.14,0.02,0.01,0.0,0.016556291390728478,0.010526315789473684,0.006932409012131716,0.0,0.0,0.03,0.08,0.05,0.04,0.03,0.02,0.02,0.07,0.05,0.04,0.02,0.01,,,,,,0.9542425094393249,Fibrotic,Fibrotic,Fibrotic,Fibrotic,Fibrotic,Fibrotic,Fibrotic,Fibrotic,Fibrotic,Fibrotic,Fibrotic,Fibrotic,false,false,false,false,false,false,Lesion 02 Day 032 AA,Lesion 02 Day 045 AA,Lesion 02 Day 059 AA,Lesion 02 Day 073 AA,Lesion 02 Day 087 AA,Lesion 02 Day 101 AA,5.6894403,9.402287,3,cool
BDQ+PRE,BQ11,4,-240.96,-206.34,-158.01,-165.78,-175.26,-209.82,-246.0,-173.0,-108.0,-113.0,-132.0,-196.0,167.8,168.3,166.35,162.68,170.4,161.17,1.64,1.54,2.66,3.06,1.27,1.0,1.34,1.41,2.42,2.59,0.97,0.89,0.94,0.61,1.42,1.87,0.82,0.46,4.7,3.23,7.12,8.34,3.93,2.34,0.02,0.04,0.08,0.05,0.02,0.01,0.02,0.04,0.08,0.05,0.02,0.01,0.01,0.02,0.06,0.04,0.01,0.0,0.07,0.14,0.28,0.22,0.07,0.05,0.07,0.13,0.27,0.21,0.07,0.05,0.003883495145631068,0.012944983818770227,0.011235955056179775,0.0063532401524777635,0.0050890585241730275,0.004273504273504274,0.02,0.04,0.05,0.03,0.03,0.03,0.01,0.04,0.05,0.04,0.03,0.02,,,,,,0.7781512503836436,Cavity,Cavity,Cavity,Cavity,Cavity,Cavity,Cavity,Cavity,Cavity,Cavity,Cavity,Cavity,false,false,false,false,false,false,Lesion 04 Day 032 AA,Lesion 04 Day 045 AA,Lesion 04 Day 059 AA,Lesion 04 Day 073 AA,Lesion 04 Day 087 AA,Lesion 04 Day 101 AA,5.549618,6.514076,9,cool
BDQ+PRE,BQ11,5,-325.44,-163.94,-163.35,-184.29,-242.08,-308.86,-345.0,-118.0,-105.0,-141.0,-243.0,-338.0,175.38,177.58,180.59,186.46,180.98,168.17,0.76,1.6,1.86,1.47,0.39,0.3,0.75,1.62,1.73,1.39,0.38,0.28,0.12,0.46,0.81,0.59,0.06,0.07,1.18,2.52,4.12,3.48,0.68,0.5,0.0,0.08,0.09,0.05,0.0,0.0,0.0,0.08,0.09,0.05,0.0,0.0,0.0,0.03,0.05,0.02,0.0,0.0,0.04,0.23,0.26,0.16,0.02,0.01,0.03,0.22,0.25,0.15,0.02,0.01,0.0,0.031746031746031744,0.021844660194174755,0.014367816091954025,0.0,0.0,0.03,0.06,0.06,0.05,0.03,0.03,0.01,0.07,0.08,0.05,0.02,0.01,,,,,,0.7781512503836436,Necrotic,Necrotic,Necrotic,Necrotic,Necrotic,Necrotic,Necrotic,Necrotic,Necrotic,Necrotic,Necrotic,Necrotic,true,true,true,true,true,true,Lesion 05z06 Day 032 AA,Lesion 05z06 Day 045 AA,Lesion 05z06 Day 059 AA,Lesion 05z06 Day 073 AA,Lesion 05z06 Day 087 AA,Lesion 05z06 Day 101 AA,3.9310303,7.987834,6,cool
BDQ+PRE,BQ11,7,-284.04,-182.55,-178.98,-187.7,-190.8,-226.06,-289.0,-158.0,-129.0,-148.0,-175.0,-206.0,163.86,165.97,169.41,166.89,165.51,158.37,0.91,1.93,3.26,1.84,0.45,0.43,0.81,1.84,2.88,1.53,0.39,0.43,0.39,0.79,1.81,0.92,0.17,0.14,2.57,4.17,8.06,3.91,0.94,0.78,0.01,0.18,0.18,0.08,0.0,0.0,0.01,0.18,0.18,0.08,0.0,0.0,0.0,0.11,0.14,0.06,0.0,0.0,0.11,0.5,0.7,0.3,0.05,0.05,0.1,0.49,0.68,0.29,0.05,0.05,0.003891050583657588,0.04316546762589928,0.022332506203473945,0.020460358056265983,0.0,0.0,0.08,0.13,0.09,0.08,0.06,0.07,0.03,0.13,0.11,0.08,0.06,0.05,,,,,,1.0791812460476249,Cavity,Cavity,Cavity,Cavity,Cavity,Cavity,Cavity,Cavity,Cavity,Cavity,Cavity,Cavity,false,false,false,false,false,false,Lesion 07 Day 032 AA,Lesion 07 Day 045 AA,Lesion 07 Day 059 AA,Lesion 07 Day 073 AA,Lesion 07 Day 087 AA,Lesion 07 Day 101 AA,-4.198937,10.642479,5,hot
BDQ+PRE,BQ11,8,-320.51,-197.7,-183.36,-221.05,-281.74,-349.17,-327.0,-195.0,-145.0,-215.0,-308.0,-386.0,134.64,147.32,177.2,175.78,175.31,143.54,2.6,1.91,3.43,4.07,2.5,1.61,2.36,1.86,3.19,3.8,2.85,1.68,1.27,0.46,1.48,1.91,1.03,0.67,5.26,3.25,6.83,7.68,4.06,2.87,0.04,0.1,0.17,0.14,0.07,0.04,0.04,0.1,0.17,0.14,0.07,0.04,0.03,0.05,0.14,0.12,0.06,0.02,0.15,0.23,0.61,0.6,0.22,0.1,0.14,0.23,0.59,0.57,0.2,0.09,0.007604562737642586,0.030303030303030307,0.024673439767779394,0.01785714285714286,0.01682692307692308,0.013745704467353952,0.04,0.07,0.08,0.08,0.06,0.04,0.01,0.05,0.09,0.06,0.02,0.01,,,,,,0.47712125471966244,Fibrotic,Fibrotic,Fibrotic,Fibrotic,Fibrotic,Fibrotic,Fibrotic,Fibrotic,Fibrotic,Fibrotic,Fibrotic,Fibrotic,false,false,false,false,false,false,Lesion 08 Day 032 AA,Lesion 08 Day 045 AA,Lesion 08 Day 059 AA,Lesion 08 Day 073 AA,Lesion 08 Day 087 AA,Lesion 08 Day 101 AA,6.3143477,10.23113,3,cool
BDQ+PRE,BQ11,9,-317.1,-88.55,-138.5,-146.0,-149.75,-121.85,-342.0,-43.0,-79.0,-78.0,-93.0,-76.0,189.34,137.45,171.3,170.48,176.98,166.73,0.68,1.86,2.17,1.58,0.61,0.75,0.54,1.76,1.57,1.2,0.38,0.65,0.4,0.82,1.62,1.05,0.5,0.46,3.08,3.53,6.49,4.63,2.39,2.1,0.01,0.13,0.14,0.08,0.02,0.03,0.01,0.13,0.14,0.08,0.02,0.03,0.0,0.1,0.11,0.06,0.0,0.0,0.12,0.41,0.57,0.32,0.12,0.23,0.1,0.41,0.57,0.31,0.12,0.23,0.0032467532467532465,0.0368271954674221,0.02157164869029276,0.017316017316017316,0.008368200836820083,0.014285714285714285,0.1,0.06,0.09,0.07,0.07,0.1,0.04,0.16,0.16,0.12,0.12,0.2,,,,,,0.7781512503836436,Fibrotic,Fibrotic,Fibrotic,Fibrotic,Fibrotic,Fibrotic,Fibrotic,Fibrotic,Fibrotic,Fibrotic,Fibrotic,Fibrotic,false,false,false,false,false,false,Lesion 09 Day 032 AA,Lesion 09 Day 045 AA,Lesion 09 Day 059 AA,Lesion 09 Day 073 AA,Lesion 09 Day 087 AA,Lesion 09 Day 101 AA,1.721733,10.618049,4,hot
BDQ+PRE,BQ11,10,-280.13,-149.16,-144.59,-141.92,-145.91,-121.32,-274.0,-99.0,-82.0,-80.0,-106.0,-82.0,187.25,155.09,165.77,166.02,174.37,141.43,0.95,1.72,2.47,2.03,0.73,0.57,0.75,1.64,1.86,1.54,0.61,0.46,0.57,0.69,1.72,1.32,0.42,0.31,3.64,3.54,9.91,6.12,2.36,2.02,0.06,0.54,0.5,0.32,0.07,0.0,0.06,0.54,0.5,0.32,0.07,0.0,0.03,0.33,0.39,0.24,0.01,0.0,0.38,1.65,2.06,1.28,0.59,0.23,0.34,1.64,2.0,1.28,0.57,0.23,0.016483516483516484,0.15254237288135594,0.050454086781029264,0.05228758169934641,0.029661016949152547,0.0,0.21,0.37,0.32,0.24,0.32,0.13,0.13,0.56,0.49,0.39,0.46,0.26,,,,,,1.5081778396334045,Cavity,Cavity,Cavity,Cavity,Cavity,Cavity,Cavity,Cavity,Cavity,Cavity,Cavity,Cavity,true,true,true,true,true,true,Lesion 10z11z12z13z15z17 Day 032 AA,Lesion 10z11z12z13z15z17 Day 045 AA,Lesion 10z11z12z13z15z17 Day 059 AA,Lesion 10z11z12z13z15z17 Day 073 AA,Lesion 10z11z12z13z15z17 Day 087 AA,Lesion 10z11z12z13z15z17 Day 101 AA,-5.2280655,9.687646,5,hot
BDQ+PRE,BQ11,14,-254.98,-135.14,-112.59,-181.35,-104.46,-191.71,-252.0,-88.0,-44.0,-140.0,-45.0,-176.0,190.38,156.84,161.61,184.56,165.33,190.46,1.01,1.72,2.57,1.72,0.61,0.55,0.94,1.62,2.12,1.55,0.54,0.49,0.41,0.72,1.64,0.86,0.31,0.27,2.76,3.62,7.28,4.68,2.07,1.64,0.05,0.36,0.49,0.3,0.01,0.0,0.05,0.36,0.49,0.3,0.01,0.0,0.01,0.22,0.4,0.2,0.0,0.0,0.39,1.13,1.93,0.94,0.22,0.26,0.35,1.12,1.92,0.93,0.22,0.25,0.01811594202898551,0.09944751381215469,0.0673076923076923,0.0635593220338983,0.004694835680751174,0.0,0.2,0.26,0.2,0.23,0.12,0.22,0.14,0.39,0.5,0.3,0.24,0.21,,,,,,1.434762396789417,Cavity,Cavity,Cavity,Cavity,Cavity,Cavity,Cavity,Cavity,Cavity,Cavity,Cavity,Cavity,true,true,true,true,true,true,Lesion 14z16z18z20 Day 032 AA,Lesion 14z16z18z20 Day 045 AA,Lesion 14z16z18z20 Day 059 AA,Lesion 14z16z18z20 Day 073 AA,Lesion 14z16z18z20 Day 087 AA,Lesion 14z16z18z20 Day 101 AA,-4.945439,9.851686,5,hot
BDQ+PRE,BQ11,19,-368.09,20.48,17.52,-11.18,-21.32,24.96,-402.0,22.0,18.0,6.0,4.0,29.0,167.29,48.93,40.72,75.14,108.08,58.73,2.15,3.25,6.45,3.97,1.46,0.95,2.18,3.2,6.47,3.81,1.23,0.84,0.77,0.49,1.41,1.02,0.67,0.41,3.97,4.45,9.79,6.36,3.63,2.4,0.04,0.18,0.2,0.13,0.05,0.01,0.04,0.18,0.2,0.13,0.05,0.01,0.03,0.18,0.2,0.13,0.02,0.0,0.11,0.57,1.23,0.51,0.18,0.11,0.08,0.57,1.23,0.51,0.17,0.11,0.01081081081081081,0.04044943820224719,0.02042900919305414,0.020186335403726708,0.013192612137203167,0.004166666666666667,0.03,0.0,0.0,0.01,0.01,0.0,0.01,0.17,0.2,0.13,0.11,0.11,,,,,,0.9542425094393249,Necrotic,Necrotic,Necrotic,Necrotic,Necrotic,Necrotic,Necrotic,Necrotic,Necrotic,Necrotic,Necrotic,Necrotic,false,false,false,false,false,false,Lesion 19 Day 032 AA,Lesion 19 Day 045 AA,Lesion 19 Day 059 AA,Lesion 19 Day 073 AA,Lesion 19 Day 087 AA,Lesion 19 Day 101 AA,0.009659483,11.001372,4,hot
BDQ,BQ19,1,-221.1,-210.56,-36.02,-64.95,-38.95,-55.39,-205.0,-196.0,11.0,-6.0,3.0,-13.0,174.53,182.26,140.08,151.71,127.6,135.14,1.32,2.41,3.2,3.52,3.02,2.06,1.26,2.12,3.16,3.19,2.45,1.75,0.45,1.0,1.19,2.03,1.69,1.02,2.64,5.41,5.83,9.65,8.12,5.5,0.03,0.14,0.23,0.15,0.15,0.13,0.03,0.14,0.23,0.15,0.15,0.13,0.01,0.1,0.2,0.13,0.11,0.09,0.14,0.43,0.79,0.66,0.58,0.46,0.14,0.43,0.79,0.66,0.58,0.46,0.011363636363636362,0.025878003696857672,0.03945111492281304,0.015544041450777202,0.01847290640394089,0.023636363636363636,0.06,0.1,0.04,0.04,0.03,0.04,0.04,0.08,0.21,0.15,0.17,0.19,,,,,,2.9229612441339685,Cavity,Cavity,Cavity,Cavity,Cavity,Cavity,Cavity,Cavity,Cavity,Cavity,Cavity,Cavity,true,true,true,true,true,true,Lesion 01z02 Day 032 AA,Lesion 01z02 Day 045 AA,Lesion 01z02 Day 059 AA,Lesion 01z02 Day 073 AA,Lesion 01z02 Day 087 AA,Lesion 01z02 Day 101 AA,-0.6767902,4.55726,5,hot
BDQ,BQ19,3,-254.35,-128.4,-114.94,-170.67,-129.32,-92.76,-259.0,-56.0,-55.0,-118.0,-72.0,-38.0,164.77,169.98,154.81,167.74,155.63,153.04,1.2,2.65,2.98,3.47,2.96,3.24,1.08,2.49,3.02,2.92,2.73,3.31,0.49,1.24,1.14,2.17,1.55,1.4,2.97,6.64,5.66,11.58,7.12,8.07,0.07,0.5,0.66,0.51,0.56,0.72,0.07,0.5,0.66,0.51,0.56,0.72,0.03,0.42,0.57,0.44,0.48,0.66,0.37,1.68,2.2,2.12,2.06,2.74,0.37,1.68,2.2,2.11,2.06,2.73,0.02356902356902357,0.07530120481927711,0.1166077738515901,0.044041450777202076,0.07865168539325844,0.08921933085501858,0.21,0.21,0.24,0.26,0.24,0.22,0.11,0.44,0.51,0.34,0.46,0.63,,,,,,3.3293670575674876,Cavity,Cavity,Cavity,Cavity,Cavity,Cavity,Cavity,Cavity,Cavity,Cavity,Cavity,Cavity,true,true,true,true,true,true,Lesion 03z04 Day 032 AA,Lesion 03z04 Day 045 AA,Lesion 03z04 Day 059 AA,Lesion 03z04 Day 073 AA,Lesion 03z04 Day 087 AA,Lesion 03z04 Day 101 AA,-4.1431627,7.283006,0,hot
BDQ,BQ19,5,-266.36,-161.44,-66.3,-126.01,-60.17,-33.55,-288.0,-119.0,-10.0,-54.0,-3.0,14.0,179.42,186.67,145.52,179.5,149.09,149.17,1.8,3.19,3.68,2.48,4.35,4.41,1.51,3.04,3.82,1.56,4.54,4.33,0.89,1.14,1.04,2.19,1.66,1.04,6.31,5.85,6.13,11.13,7.65,8.07,0.04,0.2,0.3,0.13,0.25,0.34,0.04,0.2,0.3,0.13,0.25,0.34,0.02,0.17,0.28,0.11,0.23,0.34,0.14,0.65,1.08,0.62,1.12,1.5,0.14,0.65,1.08,0.62,1.12,1.49,0.006339144215530904,0.03418803418803419,0.04893964110929853,0.011680143755615453,0.032679738562091505,0.042131350681536554,0.06,0.09,0.07,0.08,0.06,0.06,0.02,0.11,0.23,0.16,0.2,0.28,,,,,,1.0791812460476249,Cavity,Cavity,Cavity,Cavity,Cavity,Cavity,Cavity,Cavity,Cavity,Cavity,Cavity,Cavity,false,false,false,false,false,false,Lesion 05 Day 032 AA,Lesion 05 Day 045 AA,Lesion 05 Day 059 AA,Lesion 05 Day 073 AA,Lesion 05 Day 087 AA,Lesion 05 Day 101 AA,-0.2809938,5.2701573,2,hot
BDQ,BQ19,6,-363.95,-224.65,-218.94,-260.93,-215.15,-184.77,-375.0,-221.0,-206.0,-260.0,-208.0,-162.0,115.24,170.08,156.13,165.66,165.69,169.03,0.73,1.8,2.28,2.47,2.03,2.21,0.68,1.76,2.21,2.07,1.84,2.28,0.26,0.66,0.82,1.42,1.08,0.69,1.69,3.76,4.54,6.84,5.2,4.58,0.0,0.14,0.32,0.2,0.19,0.29,0.0,0.14,0.32,0.2,0.19,0.29,0.0,0.09,0.24,0.15,0.14,0.22,0.11,0.41,0.92,0.71,0.62,0.76,0.11,0.41,0.92,0.71,0.62,0.76,0.0,0.037234042553191495,0.07048458149779736,0.029239766081871347,0.036885245901639344,0.06550218340611354,0.13,0.14,0.25,0.19,0.19,0.17,0.0,0.08,0.15,0.09,0.12,0.17,,,,,,4.1598152476898855,Cavity,Cavity,Cavity,Cavity,Cavity,Cavity,Cavity,Cavity,Cavity,Cavity,Cavity,Cavity,true,true,true,true,true,true,Lesion 06z07z10z11 Day 032 AA,Lesion 06z07z10z11 Day 045 AA,Lesion 06z07z10z11 Day 059 AA,Lesion 06z07z10z11 Day 073 AA,Lesion 06z07z10z11 Day 087 AA,Lesion 06z07z10z11 Day 101 AA,-3.7306871,11.148012,5,hot
BDQ,BQ19,8,-330.39,-228.36,-251.21,-257.71,-249.47,-230.69,-353.0,-216.0,-268.0,-244.0,-254.0,-228.0,142.37,172.06,158.71,159.75,163.45,161.97,0.57,1.05,1.32,1.44,1.05,1.22,0.55,0.94,1.25,1.19,0.84,1.13,0.15,0.42,0.55,0.86,0.63,0.59,1.01,2.34,2.64,3.96,3.32,2.56,0.0,0.01,0.03,0.02,0.01,0.02,0.0,0.01,0.03,0.02,0.01,0.02,0.0,0.0,0.01,0.01,0.0,0.01,0.01,0.04,0.09,0.06,0.06,0.07,0.01,0.04,0.09,0.06,0.06,0.07,0.0,0.004273504273504274,0.011363636363636362,0.005050505050505051,0.0030120481927710845,0.0078125,0.02,0.02,0.05,0.03,0.04,0.03,0.0,0.02,0.02,0.01,0.02,0.02,,,,,,0.7781512503836436,Necrotic,Necrotic,Necrotic,Necrotic,Necrotic,Necrotic,Necrotic,Necrotic,Necrotic,Necrotic,Necrotic,Necrotic,false,false,false,false,false,false,Lesion 08 Day 032 AA,Lesion 08 Day 045 AA,Lesion 08 Day 059 AA,Lesion 08 Day 073 AA,Lesion 08 Day 087 AA,Lesion 08 Day 101 AA,6.28912,6.251369,9,cool
BDQ,BQ19,9,-248.68,-149.64,-163.48,-160.46,-172.45,-136.2,-283.0,-90.0,-138.0,-131.0,-123.0,-92.0,183.99,164.96,161.09,142.71,164.36,158.83,0.93,2.21,2.2,2.73,2.04,1.95,0.81,2.1,2.18,1.99,1.46,1.74,0.46,0.94,0.85,2.03,1.48,0.93,2.18,4.27,4.26,9.04,6.5,4.18,0.01,0.1,0.13,0.06,0.06,0.09,0.01,0.1,0.13,0.06,0.06,0.09,0.0,0.08,0.1,0.05,0.05,0.06,0.05,0.31,0.37,0.27,0.25,0.28,0.05,0.31,0.37,0.27,0.25,0.28,0.004587155963302752,0.023419203747072605,0.030516431924882632,0.006637168141592921,0.00923076923076923,0.0215311004784689,0.04,0.06,0.08,0.05,0.06,0.06,0.02,0.09,0.09,0.06,0.07,0.08,,,,,,0.9294189257142927,Cavity,Cavity,Cavity,Cavity,Cavity,Cavity,Cavity,Cavity,Cavity,Cavity,Cavity,Cavity,false,false,false,false,false,false,Lesion 09 Day 032 AA,Lesion 09 Day 045 AA,Lesion 09 Day 059 AA,Lesion 09 Day 073 AA,Lesion 09 Day 087 AA,Lesion 09 Day 101 AA,1.7663623,7.9953876,10,cool
BDQ,BQ19,12,-292.25,-229.81,-252.7,-280.74,-278.15,-229.08,-325.0,-217.0,-253.0,-266.0,-285.0,-224.0,171.93,161.55,139.25,147.58,170.23,160.68,0.84,1.62,1.95,1.88,1.31,1.58,0.75,1.48,1.85,1.51,1.18,1.43,0.34,0.66,0.55,1.17,0.55,0.72,2.38,3.77,3.56,8.92,4.09,3.35,0.01,0.09,0.26,0.12,0.08,0.11,0.01,0.09,0.26,0.12,0.08,0.11,0.0,0.05,0.13,0.07,0.03,0.07,0.08,0.3,0.63,0.42,0.39,0.37,0.08,0.3,0.63,0.42,0.38,0.37,0.004201680672268908,0.023872679045092837,0.07303370786516854,0.013452914798206277,0.019559902200488997,0.03283582089552239,0.07,0.11,0.25,0.19,0.21,0.15,0.02,0.08,0.08,0.07,0.08,0.09,,,,,,2.4898342929929194,Cavity,Cavity,Cavity,Cavity,Cavity,Cavity,Cavity,Cavity,Cavity,Cavity,Cavity,Cavity,true,true,true,true,true,true,Lesion 12z13z14z15 Day 032 AA,Lesion 12z13z14z15 Day 045 AA,Lesion 12z13z14z15 Day 059 AA,Lesion 12z13z14z15 Day 073 AA,Lesion 12z13z14z15 Day 087 AA,Lesion 12z13z14z15 Day 101 AA,6.881102,8.713364,3,cool
BDQ,BQ19,16,-208.07,-232.41,-330.69,-314.24,-217.03,-254.32,-184.0,-241.0,-335.0,-296.0,-180.0,-240.0,168.71,211.16,193.06,208.88,158.61,158.32,1.02,1.27,1.3,1.27,1.15,1.33,1.0,1.27,1.29,1.21,1.14,1.26,0.05,0.05,0.1,0.24,0.14,0.24,1.18,1.43,1.54,2.03,1.49,1.85,0.0,0.0,0.0,0.0,0.0,0.0,0.0,0.0,0.0,0.0,0.0,0.0,0.0,0.0,0.0,0.0,0.0,0.0,0.0,0.01,0.01,0.0,0.0,0.0,0.0,0.01,0.01,0.0,0.0,0.0,0.0,0.0,0.0,0.0,0.0,0.0,0.0,0.0,0.0,0.0,0.0,0.0,0.0,0.0,0.0,0.0,0.0,0.0,,,,,,2.1085650237328344,Cavity,Cavity,Cavity,Cavity,Cavity,Cavity,Cavity,Cavity,Cavity,Cavity,Cavity,Cavity,false,false,false,false,false,false,Lesion 16 Day 032 AA,Lesion 16 Day 045 AA,Lesion 16 Day 059 AA,Lesion 16 Day 073 AA,Lesion 16 Day 087 AA,Lesion 16 Day 101 AA,4.3376856,3.3152943,1,cool
BDQ,BQ19,17,-219.3,-173.66,-151.42,-171.89,-121.22,-131.82,-198.0,-117.0,-92.0,-105.0,-56.0,-69.0,183.83,186.76,176.85,189.49,161.14,165.73,1.16,2.63,2.45,3.09,2.53,2.15,1.12,2.35,2.18,2.12,2.09,1.92,0.38,1.33,1.17,2.59,1.53,1.11,2.53,6.43,5.73,12.83,6.96,5.61,0.02,0.18,0.2,0.11,0.14,0.12,0.02,0.18,0.2,0.11,0.14,0.12,0.0,0.14,0.15,0.09,0.11,0.09,0.14,0.62,0.67,0.56,0.53,0.41,0.14,0.62,0.67,0.56,0.53,0.41,0.00790513833992095,0.027993779160186624,0.034904013961605584,0.00857365549493375,0.020114942528735635,0.0213903743315508,0.07,0.11,0.11,0.08,0.07,0.06,0.05,0.13,0.16,0.1,0.14,0.12,,,,,,2.211945077815982,Cavity,Cavity,Cavity,Cavity,Cavity,Cavity,Cavity,Cavity,Cavity,Cavity,Cavity,Cavity,true,true,true,true,true,true,Lesion 17z18 Day 032 AA,Lesion 17z18 Day 045 AA,Lesion 17z18 Day 059 AA,Lesion 17z18 Day 073 AA,Lesion 17z18 Day 087 AA,Lesion 17z18 Day 101 AA,-1.1098797,4.4606247,11,hot
BDQ,BQ19,19,-236.89,-176.25,-173.31,-208.37,-181.99,-192.06,-233.0,-108.0,-126.0,-168.0,-131.0,-158.0,178.98,179.19,169.07,174.77,172.97,168.79,1.03,2.19,2.18,3.14,1.99,1.83,0.91,1.92,2.09,2.51,1.62,1.29,0.4,1.01,0.82,2.14,1.17,1.35,2.42,5.43,4.44,10.61,7.58,6.51,0.02,0.18,0.29,0.2,0.18,0.11,0.02,0.18,0.29,0.2,0.18,0.11,0.0,0.12,0.2,0.17,0.11,0.08,0.14,0.58,0.83,0.86,0.63,0.47,0.14,0.58,0.82,0.86,0.63,0.47,0.008264462809917356,0.03314917127071823,0.0653153153153153,0.018850141376060323,0.023746701846965697,0.016897081413210446,0.08,0.11,0.18,0.14,0.15,0.13,0.05,0.15,0.2,0.13,0.17,0.12,,,,,,3.032014034159506,Cavity,Cavity,Cavity,Cavity,Cavity,Cavity,Cavity,Cavity,Cavity,Cavity,Cavity,Cavity,true,true,true,true,true,true,Lesion 19z20z22 Day 032 AA,Lesion 19z20z22 Day 045 AA,Lesion 19z20z22 Day 059 AA,Lesion 19z20z22 Day 073 AA,Lesion 19z20z22 Day 087 AA,Lesion 19z20z22 Day 101 AA,-1.9195468,4.3138194,11,hot
BDQ,BQ19,21,-248.23,-121.35,-72.78,-137.26,-127.98,-109.79,-252.0,-55.0,-6.0,-77.0,-60.0,-43.0,173.98,170.62,158.59,172.63,170.93,168.91,1.19,2.74,2.87,3.47,2.86,2.64,1.18,2.67,2.83,2.95,2.73,2.54,0.31,0.94,0.97,2.12,1.28,1.04,2.18,5.68,5.71,12.46,6.7,5.65,0.05,0.57,0.73,0.45,0.51,0.46,0.05,0.57,0.73,0.45,0.51,0.46,0.0,0.47,0.62,0.38,0.43,0.38,0.31,1.7,2.25,1.91,1.78,1.43,0.31,1.7,2.25,1.91,1.78,1.43,0.022935779816513763,0.10035211267605633,0.12784588441331,0.03611556982343499,0.07611940298507462,0.08141592920353982,0.18,0.22,0.19,0.21,0.22,0.17,0.09,0.39,0.59,0.32,0.4,0.37,,,,,,1.8195439355418688,Necrotic,Necrotic,Necrotic,Necrotic,Necrotic,Necrotic,Necrotic,Necrotic,Necrotic,Necrotic,Necrotic,Necrotic,false,false,false,false,false,false,Lesion 21 Day 032 AA,Lesion 21 Day 045 AA,Lesion 21 Day 059 AA,Lesion 21 Day 073 AA,Lesion 21 Day 087 AA,Lesion 21 Day 101 AA,-3.9131048,7.444294,0,hot
BDQ,BQ19,23,-236.18,-125.91,-127.53,-151.94,-140.65,-115.88,-225.0,-65.0,-80.0,-89.0,-83.0,-67.0,175.38,166.32,159.37,173.04,164.94,164.26,1.34,3.01,3.13,4.4,3.15,3.49,1.1,2.55,2.88,3.45,2.47,3.44,0.63,1.57,1.41,2.9,2.06,1.77,3.43,6.83,6.65,11.78,8.6,10.59,0.04,0.2,0.3,0.22,0.26,0.36,0.04,0.2,0.3,0.22,0.26,0.36,0.02,0.16,0.24,0.19,0.21,0.32,0.2,0.74,1.07,1.12,1.13,1.43,0.2,0.74,1.07,1.12,1.13,1.43,0.011661807580174927,0.029282576866764276,0.045112781954887216,0.018675721561969442,0.030232558139534887,0.03399433427762039,0.1,0.08,0.12,0.1,0.14,0.12,0.06,0.17,0.22,0.16,0.22,0.29,,,,,,3.82818096971368,Cavity,Cavity,Cavity,Cavity,Cavity,Cavity,Cavity,Cavity,Cavity,Cavity,Cavity,Cavity,true,true,true,true,true,true,Lesion 23z24 Day 032 AA,Lesion 23z24 Day 045 AA,Lesion 23z24 Day 059 AA,Lesion 23z24 Day 073 AA,Lesion 23z24 Day 087 AA,Lesion 23z24 Day 101 AA,-0.013567563,6.887993,2,hot
BDQ,BQ19,25,-317.39,-192.25,-182.73,-221.49,-184.56,-157.41,-327.0,-155.0,-156.0,-189.0,-156.0,-105.0,140.82,170.09,153.74,161.57,160.78,160.76,0.89,2.04,2.44,2.88,2.41,2.71,0.79,1.84,2.3,2.16,1.77,2.56,0.35,0.89,1.01,2.05,1.64,1.31,2.06,4.32,5.01,9.91,7.12,6.18,0.01,0.11,0.24,0.15,0.16,0.28,0.01,0.11,0.24,0.15,0.16,0.28,0.0,0.08,0.18,0.12,0.12,0.23,0.12,0.35,0.74,0.65,0.65,0.99,0.12,0.35,0.74,0.65,0.65,0.99,0.0048543689320388345,0.02546296296296296,0.04790419161676647,0.01515151515151515,0.02203856749311295,0.045307443365695796,0.12,0.09,0.15,0.13,0.13,0.16,0.02,0.08,0.15,0.1,0.14,0.21,,,,,,2.5877109650189114,Cavity,Cavity,Cavity,Cavity,Cavity,Cavity,Cavity,Cavity,Cavity,Cavity,Cavity,Cavity,false,false,false,false,false,false,Lesion 25 Day 032 AA,Lesion 25 Day 045 AA,Lesion 25 Day 059 AA,Lesion 25 Day 073 AA,Lesion 25 Day 087 AA,Lesion 25 Day 101 AA,4.8212867,8.059842,3,cool
BDQ,BQ19,26,-231.27,-99.99,-72.63,-155.46,-142.23,-185.88,-229.0,-43.0,-19.0,-100.0,-86.0,-145.0,153.77,151.65,134.35,158.59,156.13,156.63,1.09,2.38,2.45,2.7,1.95,1.56,1.05,2.23,2.32,2.55,1.71,1.4,0.21,0.63,0.68,1.1,0.72,0.48,2.12,4.46,4.7,6.27,4.53,2.95,0.01,0.29,0.36,0.16,0.13,0.07,0.01,0.29,0.36,0.16,0.13,0.07,0.0,0.2,0.26,0.12,0.07,0.03,0.13,0.72,0.91,0.49,0.37,0.25,0.13,0.72,0.91,0.49,0.37,0.25,0.0047169811320754715,0.06502242152466367,0.07659574468085106,0.025518341307814996,0.02869757174392936,0.023728813559322035,0.08,0.08,0.08,0.07,0.08,0.08,0.04,0.23,0.29,0.11,0.13,0.08,,,,,,1.0413926851582251,Necrotic,Necrotic,Necrotic,Necrotic,Necrotic,Necrotic,Necrotic,Necrotic,Necrotic,Necrotic,Necrotic,Necrotic,false,false,false,false,false,false,Lesion 26 Day 032 AA,Lesion 26 Day 045 AA,Lesion 26 Day 059 AA,Lesion 26 Day 073 AA,Lesion 26 Day 087 AA,Lesion 26 Day 101 AA,-0.20598806,9.370732,4,hot
BDQ,BQ19,27,-269.65,-143.84,-139.85,-155.43,-135.29,-140.52,-289.0,-83.0,-104.0,-102.0,-78.0,-90.0,180.6,171.24,169.67,179.53,178.39,162.96,0.99,2.44,2.73,3.22,2.52,2.62,0.86,2.01,2.39,2.42,1.88,2.34,0.44,1.36,1.34,2.24,1.79,1.45,2.77,6.16,5.95,9.58,8.76,7.94,0.03,0.23,0.39,0.27,0.34,0.37,0.03,0.23,0.39,0.27,0.34,0.37,0.01,0.17,0.3,0.23,0.27,0.29,0.25,0.84,1.39,1.29,1.44,1.29,0.25,0.84,1.39,1.29,1.44,1.29,0.010830324909747292,0.037337662337662336,0.06554621848739496,0.028183716075156576,0.03881278538812786,0.04659949622166246,0.2,0.13,0.21,0.18,0.21,0.18,0.07,0.22,0.29,0.24,0.35,0.31,,,,,,2.5017437296279943,Cavity,Cavity,Cavity,Cavity,Cavity,Cavity,Cavity,Cavity,Cavity,Cavity,Cavity,Cavity,true,true,true,true,true,true,Lesion 27z28z29 Day 032 AA,Lesion 27z28z29 Day 045 AA,Lesion 27z28z29 Day 059 AA,Lesion 27z28z29 Day 073 AA,Lesion 27z28z29 Day 087 AA,Lesion 27z28z29 Day 101 AA,-3.0917754,7.137187,0,hot
LIN+PRE,BQ20,1,-240.59,-159.81,-153.47,-147.61,-48.44,-29.07,-244.0,-105.0,-82.0,-71.0,5.0,14.0,197.7,194.39,202.53,191.0,154.92,138.61,1.64,2.05,2.04,2.94,2.69,3.69,1.39,1.9,1.85,2.62,2.51,3.6,0.83,0.96,0.9,1.57,1.13,1.84,4.96,5.26,5.5,8.07,6.62,9.72,0.13,0.34,0.4,0.51,0.6,0.65,0.13,0.34,0.4,0.51,0.6,0.65,0.08,0.25,0.27,0.43,0.48,0.58,0.51,1.07,1.22,1.9,1.9,2.79,0.46,1.01,1.16,1.83,1.85,2.77,0.02620967741935484,0.06463878326996199,0.07272727272727274,0.06319702602230483,0.09063444108761329,0.0668724279835391,0.17,0.2,0.21,0.21,0.1,0.1,0.11,0.29,0.35,0.4,0.58,0.65,,,,,,2.708420900134713,Necrotic,Necrotic,Necrotic,Necrotic,Necrotic,Necrotic,Necrotic,Necrotic,Necrotic,Necrotic,Necrotic,Necrotic,true,true,true,true,true,true,Lesion 01z02z03z04 Day 032 AA,Lesion 01z02z03z04 Day 045 AA,Lesion 01z02z03z04 Day 059 AA,Lesion 01z02z03z04 Day 073 AA,Lesion 01z02z03z04 Day 087 AA,Lesion 01z02z03z04 Day 101 AA,-4.8385587,8.674575,5,hot
LIN+PRE,BQ20,5,-522.01,-483.91,-392.18,-325.05,-391.29,-477.48,-549.0,-531.0,-427.0,-348.0,-434.0,-490.0,114.08,152.86,208.2,157.25,168.94,91.3,0.79,0.88,1.2,1.17,0.89,0.98,0.78,0.87,1.21,1.15,0.88,0.92,0.05,0.12,0.13,0.13,0.13,0.19,0.95,1.18,1.61,1.56,1.3,1.59,0.0,0.0,0.0,0.0,0.0,0.0,0.0,0.0,0.0,0.0,0.0,0.0,0.0,0.0,0.0,0.0,0.0,0.0,0.0,0.0,0.01,0.01,0.0,0.0,0.0,0.0,0.0,0.01,0.0,0.0,0.0,0.0,0.0,0.0,0.0,0.0,0.0,0.0,0.0,0.01,0.0,0.0,0.0,0.0,0.0,0.0,0.0,0.0,,,,,,2.220108088040055,Necrotic,Necrotic,Necrotic,Necrotic,Necrotic,Necrotic,Necrotic,Necrotic,Necrotic,Necrotic,Necrotic,Necrotic,false,false,false,false,false,false,Lesion 05 Day 032 AA,Lesion 05 Day 045 AA,Lesion 05 Day 059 AA,Lesion 05 Day 073 AA,Lesion 05 Day 087 AA,Lesion 05 Day 101 AA,10.816468,5.0816746,7,cool
LIN+PRE,BQ20,6,-557.52,-548.38,-400.86,-287.62,-320.27,-263.29,-561.0,-555.0,-413.0,-295.0,-336.0,-275.0,65.51,86.35,113.42,128.97,165.62,153.76,1.72,0.91,0.89,1.53,1.47,1.46,1.59,0.89,0.88,1.45,1.33,1.32,0.61,0.18,0.16,0.48,0.62,0.57,3.36,1.44,1.28,2.51,3.64,2.65,0.0,0.0,0.0,0.01,0.01,0.01,0.0,0.0,0.0,0.01,0.01,0.01,0.0,0.0,0.0,0.0,0.0,0.0,0.01,0.0,0.0,0.02,0.03,0.02,0.0,0.0,0.0,0.02,0.02,0.02,0.0,0.0,0.0,0.003984063745019921,0.002747252747252747,0.0037735849056603774,0.0,0.0,0.0,0.01,0.01,0.01,0.0,0.0,0.0,0.0,0.0,0.0,,,,,,0.47712125471966244,Necrotic,Necrotic,Necrotic,Necrotic,Necrotic,Necrotic,Necrotic,Necrotic,Necrotic,Necrotic,Necrotic,Necrotic,false,false,false,false,false,false,Lesion 06 Day 032 AA,Lesion 06 Day 045 AA,Lesion 06 Day 059 AA,Lesion 06 Day 073 AA,Lesion 06 Day 087 AA,Lesion 06 Day 101 AA,12.664448,5.84533,7,cool
LIN+PRE,BQ20,7,-313.73,-206.2,-179.44,-198.0,-235.46,-226.1,-349.0,-181.0,-136.0,-174.0,-222.0,-211.0,172.83,172.52,186.25,177.75,175.95,179.93,1.65,2.19,2.27,2.64,1.89,2.46,1.33,2.2,2.23,2.36,1.68,1.9,0.93,0.84,0.83,1.31,0.87,1.55,5.79,5.02,4.49,8.46,5.09,9.09,0.24,0.94,1.06,1.12,0.54,0.77,0.24,0.94,1.06,1.12,0.54,0.77,0.15,0.71,0.8,0.89,0.33,0.51,0.97,2.69,3.03,3.65,1.72,2.73,0.89,2.6,2.88,3.49,1.63,2.62,0.04145077720207254,0.18725099601593626,0.23608017817371937,0.13238770685579196,0.10609037328094303,0.08470847084708472,0.39,0.62,0.56,0.68,0.51,0.6,0.14,0.55,0.7,0.64,0.35,0.46,,,,,,3.159266331093494,Cavity,Cavity,Cavity,Cavity,Cavity,Cavity,Cavity,Cavity,Cavity,Cavity,Cavity,Cavity,true,true,true,true,true,true,Lesion 07z08z09 Day 032 AA,Lesion 07z08z09 Day 045 AA,Lesion 07z08z09 Day 059 AA,Lesion 07z08z09 Day 073 AA,Lesion 07z08z09 Day 087 AA,Lesion 07z08z09 Day 101 AA,-4.7922053,9.469835,5,hot
LIN+PRE,BQ20,10,-466.5,-316.34,-294.68,-308.55,-305.77,-311.2,-495.0,-331.0,-296.0,-310.0,-314.0,-305.0,111.36,136.05,151.9,126.09,146.73,139.89,0.94,0.95,1.19,1.06,1.13,1.78,0.95,0.89,1.12,0.96,0.98,1.48,0.16,0.26,0.37,0.31,0.53,1.07,1.31,1.7,2.23,2.45,2.76,4.84,0.0,0.0,0.01,0.0,0.01,0.02,0.0,0.0,0.01,0.0,0.01,0.02,0.0,0.0,0.0,0.0,0.0,0.01,0.01,0.03,0.05,0.04,0.05,0.07,0.01,0.02,0.04,0.04,0.05,0.07,0.0,0.0,0.004484304932735426,0.0,0.003623188405797102,0.004132231404958678,0.01,0.02,0.03,0.03,0.03,0.03,0.0,0.0,0.01,0.0,0.01,0.01,,,,,,2.4871383754771865,Necrotic,Necrotic,Necrotic,Necrotic,Necrotic,Necrotic,Necrotic,Necrotic,Necrotic,Necrotic,Necrotic,Necrotic,false,false,false,false,false,false,Lesion 10 Day 032 AA,Lesion 10 Day 045 AA,Lesion 10 Day 059 AA,Lesion 10 Day 073 AA,Lesion 10 Day 087 AA,Lesion 10 Day 101 AA,10.208207,7.511065,7,cool
LIN+PRE,BQ20,11,-302.86,-90.02,-82.57,-54.7,-49.48,-69.15,-329.0,-19.0,-3.0,5.0,5.0,-8.0,200.13,168.07,181.03,159.14,152.47,164.93,1.82,2.74,2.86,4.1,2.87,3.3,1.61,2.62,2.8,3.76,2.51,2.21,0.83,1.02,0.94,1.91,1.21,2.43,5.16,5.48,4.83,9.34,6.69,12.32,0.25,0.65,0.66,0.71,0.71,0.5,0.25,0.65,0.66,0.71,0.71,0.5,0.15,0.54,0.55,0.65,0.55,0.38,0.83,2.03,2.03,3.08,2.19,2.27,0.7,2.0,1.98,2.99,2.13,2.16,0.04844961240310077,0.11861313868613138,0.13664596273291926,0.076017130620985,0.1061285500747384,0.040584415584415584,0.23,0.2,0.15,0.11,0.11,0.13,0.14,0.52,0.56,0.62,0.64,0.54,,,,,,3.631190018213138,Necrotic,Necrotic,Necrotic,Necrotic,Necrotic,Necrotic,Necrotic,Necrotic,Necrotic,Necrotic,Necrotic,Necrotic,true,true,true,true,true,true,Lesion 11z12z13 Day 032 AA,Lesion 11z12z13 Day 045 AA,Lesion 11z12z13 Day 059 AA,Lesion 11z12z13 Day 073 AA,Lesion 11z12z13 Day 087 AA,Lesion 11z12z13 Day 101 AA,-3.8511975,7.0792108,0,hot
LIN+PRE,BQ20,14,-318.29,-127.58,-59.85,-143.8,-146.76,-130.22,-332.0,-60.0,8.0,-44.0,-66.0,-48.0,163.47,173.75,171.3,198.24,193.24,189.44,1.34,2.27,2.6,2.55,2.23,2.36,1.19,2.09,2.52,2.22,1.95,1.97,0.5,0.9,0.81,1.38,1.1,1.5,3.59,4.93,4.6,7.24,5.67,8.25,0.14,0.4,0.42,0.33,0.28,0.26,0.14,0.4,0.42,0.33,0.28,0.26,0.05,0.26,0.34,0.27,0.22,0.2,0.6,1.19,1.19,1.23,0.98,0.97,0.55,1.17,1.15,1.19,0.95,0.95,0.038997214484679674,0.08113590263691685,0.09130434782608696,0.04558011049723757,0.04938271604938272,0.03151515151515152,0.31,0.17,0.06,0.17,0.15,0.14,0.09,0.34,0.38,0.28,0.27,0.26,,,,,,2.8328281295393536,Necrotic,Necrotic,Necrotic,Necrotic,Necrotic,Necrotic,Necrotic,Necrotic,Necrotic,Necrotic,Necrotic,Necrotic,true,true,true,true,true,true,Lesion 14z16 Day 032 AA,Lesion 14z16 Day 045 AA,Lesion 14z16 Day 059 AA,Lesion 14z16 Day 073 AA,Lesion 14z16 Day 087 AA,Lesion 14z16 Day 101 AA,-3.8540063,7.5506353,0,hot
LIN+PRE,BQ20,15,-403.78,-237.92,-193.86,-170.51,-193.61,-219.62,-421.0,-226.0,-143.0,-129.0,-161.0,-199.0,144.48,173.74,189.54,169.52,174.68,179.1,0.92,1.64,2.07,2.72,1.79,2.79,0.86,1.54,1.99,2.32,1.6,2.23,0.26,0.53,0.69,1.48,0.82,1.68,2.07,3.17,3.88,7.87,4.45,8.69,0.01,0.16,0.27,0.41,0.25,0.38,0.01,0.16,0.27,0.41,0.25,0.38,0.0,0.08,0.17,0.31,0.14,0.29,0.16,0.48,0.71,1.39,0.8,1.45,0.11,0.44,0.67,1.33,0.77,1.38,0.004830917874396136,0.05047318611987382,0.06958762886597938,0.05209656925031766,0.056179775280898875,0.04372842347525892,0.11,0.16,0.14,0.22,0.21,0.27,0.01,0.11,0.18,0.27,0.22,0.22,,,,,,2.983175072037813,Necrotic,Necrotic,Necrotic,Necrotic,Necrotic,Necrotic,Necrotic,Necrotic,Necrotic,Necrotic,Necrotic,Necrotic,false,false,false,false,false,false,Lesion 15 Day 032 AA,Lesion 15 Day 045 AA,Lesion 15 Day 059 AA,Lesion 15 Day 073 AA,Lesion 15 Day 087 AA,Lesion 15 Day 101 AA,-3.934114,11.214043,5,hot
LIN+PRE,BQ20,17,-351.97,-30.45,-26.35,-44.42,-91.81,-69.49,-377.0,-11.0,4.0,-13.0,-41.0,-24.0,146.58,84.52,99.32,90.79,146.87,146.89,1.87,2.99,3.06,3.44,2.83,2.89,1.5,2.96,3.08,3.39,2.76,2.62,0.93,0.62,0.76,0.89,0.86,1.07,5.08,4.56,4.71,6.0,5.11,5.79,0.04,0.18,0.18,0.21,0.18,0.19,0.04,0.18,0.18,0.21,0.18,0.19,0.03,0.17,0.17,0.2,0.15,0.15,0.16,0.54,0.56,0.73,0.53,0.56,0.14,0.54,0.56,0.73,0.53,0.56,0.007874015748031496,0.03947368421052632,0.03821656050955414,0.034999999999999996,0.03522504892367906,0.03281519861830743,0.06,0.02,0.02,0.03,0.05,0.04,0.01,0.16,0.17,0.18,0.14,0.15,,,,,,2.5646660642520893,Necrotic,Necrotic,Necrotic,Necrotic,Necrotic,Necrotic,Necrotic,Necrotic,Necrotic,Necrotic,Necrotic,Necrotic,false,false,false,false,false,false,Lesion 17 Day 032 AA,Lesion 17 Day 045 AA,Lesion 17 Day 059 AA,Lesion 17 Day 073 AA,Lesion 17 Day 087 AA,Lesion 17 Day 101 AA,-0.010667034,10.995024,4,hot
LIN+PRE,BQ20,18,-303.4,-181.52,-111.69,-163.29,-187.39,-220.78,-330.0,-143.0,-38.0,-113.0,-154.0,-202.0,181.88,179.82,180.52,181.75,196.75,208.63,1.41,2.33,2.67,2.38,1.92,2.32,1.03,1.94,2.54,2.02,1.43,1.53,0.88,1.18,1.04,1.36,1.29,1.91,4.94,5.5,5.29,8.23,6.46,12.1,0.13,0.6,0.97,0.7,0.4,0.39,0.13,0.6,0.97,0.7,0.4,0.39,0.08,0.43,0.77,0.49,0.27,0.29,0.57,2.03,3.02,2.39,1.61,1.79,0.51,2.01,2.9,2.28,1.54,1.69,0.02631578947368421,0.10909090909090909,0.1833648393194707,0.08505467800729039,0.061919504643962855,0.03223140495867769,0.25,0.38,0.29,0.4,0.36,0.35,0.09,0.46,0.78,0.55,0.41,0.35,,,,,,3.385606273598312,Necrotic,Necrotic,Necrotic,Necrotic,Necrotic,Necrotic,Necrotic,Necrotic,Necrotic,Necrotic,Necrotic,Necrotic,true,true,true,true,true,true,Lesion 18z19z20 Day 032 AA,Lesion 18z19z20 Day 045 AA,Lesion 18z19z20 Day 059 AA,Lesion 18z19z20 Day 073 AA,Lesion 18z19z20 Day 087 AA,Lesion 18z19z20 Day 101 AA,-5.0356083,9.13983,5,hot
BDQ+OPC,BQ32,1,-240.71,-14.83,6.25,-1.05,-21.99,-27.89,-228.0,4.0,16.0,13.0,5.0,0.0,175.46,91.49,69.45,84.36,110.26,107.72,1.73,4.54,2.85,3.6,2.22,2.04,1.5,4.4,2.77,3.65,2.19,1.98,1.1,1.81,0.7,0.93,0.49,0.4,7.42,9.99,4.91,5.54,3.58,3.21,,,,,,,0.13,0.78,0.88,0.78,0.77,0.62,0.06,0.77,0.8,0.75,0.5,0.33,0.44,3.67,2.48,2.8,1.79,1.36,0.38,3.65,2.48,2.78,1.77,1.35,2.714285714285714,33.18181818181818,14.588235294117647,15.444444444444445,8.428571428571429,12.272727272727273,0.13,0.04,0.03,0.03,0.07,0.06,0.09,0.74,0.86,0.75,0.72,0.6,4.06,4.06,4.06,4.06,4.06,4.06,Cavity,Cavity,Cavity,Cavity,Cavity,Cavity,Cavity,Cavity,Cavity,Cavity,Cavity,Cavity,false,false,false,false,false,false,Lesion 01 Day 032 AA,Lesion 01 Day 045 AA,Lesion 01 Day 060 AA,Lesion 01 Day 073 AA,Lesion 01 Day 087 AA,Lesion 01 Day 101 AA,-1.5597357,7.863683,0,hot
BDQ+OPC,BQ32,2,-636.72,-366.03,-344.96,-607.32,-600.86,-684.79,-633.0,-370.0,-358.0,-633.0,-610.0,-676.0,86.95,138.19,109.96,147.57,107.77,87.41,0.44,0.64,0.4,0.41,0.39,0.37,0.44,0.63,0.4,0.41,0.38,0.37,0.03,0.07,0.02,0.01,0.02,0.01,0.5,0.77,0.45,0.43,0.43,0.4,,,,,,,0.0,0.0,0.0,0.0,0.0,0.0,0.0,0.0,0.0,0.0,0.0,0.0,0.0,0.0,0.0,0.0,0.0,0.0,0.0,0.0,0.0,0.0,0.0,0.0,0.0,0.0,0.0,0.0,0.0,0.0,0.0,0.0,0.0,0.0,0.0,0.0,0.0,0.0,0.0,0.0,0.0,0.0,0.48,0.48,0.48,0.48,0.48,0.48,Fibrotic,Fibrotic,Fibrotic,Fibrotic,Fibrotic,Fibrotic,Fibrotic,Fibrotic,Fibrotic,Fibrotic,Fibrotic,Fibrotic,false,false,false,false,false,false,Lesion 02 Day 032 AA,Lesion 02 Day 045 AA,Lesion 02 Day 060 AA,Lesion 02 Day 073 AA,Lesion 02 Day 087 AA,Lesion 02 Day 101 AA,10.19655,6.2977886,7,cool
BDQ+OPC,BQ32,3,-292.65,-76.93,-51.55,-103.52,-145.42,-189.79,-299.0,-45.0,-24.0,-62.0,-93.0,-149.0,172.15,124.58,117.9,148.02,172.24,182.77,2.1,3.4,2.15,2.63,1.31,0.9,1.28,3.34,2.19,2.57,1.11,0.78,1.8,1.48,0.8,1.36,0.77,0.47,8.58,7.39,3.93,6.06,3.73,2.43,,,,,,,0.16,0.83,0.79,0.67,0.3,0.07,0.13,0.74,0.6,0.57,0.17,0.01,0.76,3.18,2.23,2.43,1.1,0.54,0.7,3.15,2.2,2.38,1.05,0.5,4.999999999999999,28.636363636363637,12.941176470588236,13.222222222222221,5.0,4.545454545454546,0.23,0.14,0.1,0.2,0.27,0.26,0.08,0.78,0.88,0.71,0.54,0.31,0.78,0.78,0.78,0.78,0.78,0.78,Cavity,Cavity,Cavity,Cavity,Cavity,Cavity,Cavity,Cavity,Cavity,Cavity,Cavity,Cavity,false,false,false,false,false,false,Lesion 03 Day 032 AA,Lesion 03 Day 045 AA,Lesion 03 Day 060 AA,Lesion 03 Day 073 AA,Lesion 03 Day 087 AA,Lesion 03 Day 101 AA,-2.682079,7.219206,0,hot
BDQ+OPC,BQ32,4,-458.78,-447.04,-390.5,-574.57,-593.64,-592.73,-458.0,-470.0,-416.0,-590.0,-604.0,-587.0,70.04,115.1,114.65,99.19,69.84,81.99,0.8,0.81,0.82,0.67,0.77,0.65,0.78,0.81,0.79,0.66,0.72,0.63,0.12,0.1,0.13,0.08,0.16,0.1,1.07,0.99,1.18,0.96,1.15,0.91,,,,,,,0.0,0.0,0.0,0.0,0.0,0.0,0.0,0.0,0.0,0.0,0.0,0.0,0.01,0.01,0.01,0.0,0.01,0.0,0.01,0.01,0.01,0.0,0.0,0.0,0.07142857142857142,0.09090909090909091,0.058823529411764705,0.0,0.0,0.0,0.01,0.01,0.01,0.0,0.0,0.0,0.0,0.0,0.0,0.0,0.0,0.0,0.48,0.48,0.48,0.48,0.48,0.48,Scar,Scar,Scar,Scar,Scar,Scar,Scar,Scar,Scar,Scar,Scar,Scar,false,false,false,false,false,false,Lesion 04 Day 032 AA,Lesion 04 Day 045 AA,Lesion 04 Day 060 AA,Lesion 04 Day 073 AA,Lesion 04 Day 087 AA,Lesion 04 Day 101 AA,11.906138,6.300526,7,cool
BDQ+OPC,BQ32,5,-361.99,-109.69,-94.55,-145.87,-207.09,-212.93,-366.0,-51.0,-29.0,-83.0,-179.0,-203.0,151.26,173.43,161.95,177.88,162.48,173.73,0.74,2.53,1.55,1.54,0.78,0.9,0.6,2.18,1.45,1.36,0.68,0.87,0.36,1.34,0.67,0.87,0.36,0.34,2.52,6.25,3.17,3.46,1.61,1.67,,,,,,,0.0,0.18,0.1,0.07,0.0,0.0,0.0,0.14,0.06,0.05,0.0,0.0,0.05,0.67,0.31,0.25,0.1,0.1,0.05,0.66,0.31,0.24,0.1,0.1,0.35714285714285715,6.0,1.8235294117647058,1.3333333333333333,0.4761904761904762,0.9090909090909092,0.05,0.07,0.05,0.05,0.07,0.06,0.01,0.18,0.15,0.09,0.06,0.05,3.8,3.8,3.8,3.8,3.8,3.8,Cavity,Cavity,Cavity,Cavity,Cavity,Cavity,Cavity,Cavity,Cavity,Cavity,Cavity,Cavity,false,false,false,false,false,false,Lesion 05 Day 032 AA,Lesion 05 Day 045 AA,Lesion 05 Day 060 AA,Lesion 05 Day 073 AA,Lesion 05 Day 087 AA,Lesion 05 Day 101 AA,0.58592296,8.064128,2,hot
BDQ+OPC,BQ32,6,-616.29,-486.92,-518.21,-83.16,-606.21,-707.28,-632.0,-556.0,-561.0,-50.0,-630.0,-697.0,136.22,221.93,204.43,135.89,135.72,80.96,0.63,0.71,0.66,1.14,0.93,0.82,0.61,0.7,0.64,1.12,0.88,0.8,0.1,0.1,0.13,0.38,0.17,0.15,0.91,0.99,1.02,2.11,1.45,1.19,,,,,,,0.0,0.0,0.0,0.15,0.0,0.0,0.0,0.0,0.0,0.0,0.0,0.0,0.01,0.01,0.0,0.76,0.01,0.01,0.0,0.0,0.0,0.75,0.0,0.0,0.0,0.0,0.0,4.166666666666667,0.0,0.0,0.0,0.0,0.0,0.11,0.0,0.0,0.0,0.0,0.0,0.53,0.0,0.0,0.78,0.78,0.78,0.78,0.78,0.78,Scar,Scar,Scar,Scar,Scar,Scar,Scar,Scar,Scar,Scar,Scar,Scar,true,true,true,true,true,true,Lesion 06z07 Day 032 AA,Lesion 06z07 Day 045 AA,Lesion 06z07 Day 060 AA,Lesion 06z07 Day 073 AA,Lesion 06z07 Day 087 AA,Lesion 06z07 Day 101 AA,7.487671,2.671096,13,cool
BDQ+OPC,BQ32,8,-500.82,-272.18,-409.3,-415.23,-529.49,-714.0,-534.0,-287.0,-447.0,-422.0,-542.0,-727.0,125.61,156.85,210.77,72.88,145.55,64.39,0.67,0.61,0.57,0.56,0.67,0.75,0.66,0.62,0.55,0.55,0.67,0.71,0.08,0.1,0.12,0.03,0.1,0.1,0.85,0.89,0.92,0.61,0.89,0.96,,,,,,,0.0,0.0,0.0,0.0,0.0,0.0,0.0,0.0,0.0,0.0,0.0,0.0,0.0,0.0,0.0,0.0,0.0,0.0,0.0,0.0,0.0,0.0,0.0,0.0,0.0,0.0,0.0,0.0,0.0,0.0,0.0,0.0,0.0,0.0,0.0,0.0,0.0,0.0,0.0,0.0,0.0,0.0,0.48,0.48,0.48,0.48,0.48,0.48,Scar,Scar,Scar,Scar,Scar,Scar,Scar,Scar,Scar,Scar,Scar,Scar,false,false,false,false,false,false,Lesion 08 Day 032 AA,Lesion 08 Day 045 AA,Lesion 08 Day 060 AA,Lesion 08 Day 073 AA,Lesion 08 Day 087 AA,Lesion 08 Day 101 AA,7.6427317,6.651088,9,cool
BDQ+OPC,BQ32,9,-540.46,-349.97,-395.18,-746.6,-568.23,-693.1,-543.0,-358.0,-395.0,-755.0,-580.0,-703.0,86.77,136.09,156.99,64.56,97.66,79.3,0.35,0.38,0.28,0.46,0.28,0.27,0.35,0.36,0.28,0.44,0.28,0.27,0.03,0.06,0.02,0.06,0.03,0.03,0.43,0.51,0.34,0.63,0.34,0.36,,,,,,,0.0,0.0,0.0,0.0,0.0,0.0,0.0,0.0,0.0,0.0,0.0,0.0,0.0,0.0,0.0,0.0,0.0,0.0,0.0,0.0,0.0,0.0,0.0,0.0,0.0,0.0,0.0,0.0,0.0,0.0,0.0,0.01,0.01,0.0,0.0,0.0,0.0,0.0,0.0,0.0,0.0,0.0,0.48,0.48,0.48,0.48,0.48,0.48,Scar,Scar,Scar,Scar,Scar,Scar,Scar,Scar,Scar,Scar,Scar,Scar,false,false,false,false,false,false,Lesion 09 Day 032 AA,Lesion 09 Day 045 AA,Lesion 09 Day 060 AA,Lesion 09 Day 073 AA,Lesion 09 Day 087 AA,Lesion 09 Day 101 AA,9.582049,6.6721287,8,cool
BDQ+OPC,BQ32,10,-275.83,-153.69,-80.22,-76.53,-150.11,-128.19,-299.0,-78.0,-10.0,-18.0,-89.0,-44.0,164.19,185.08,168.64,154.98,187.57,190.64,1.12,3.13,1.99,2.22,1.17,1.3,0.89,2.6,1.76,2.06,0.94,1.32,0.66,2.01,1.22,1.27,0.66,0.5,4.96,8.22,4.85,5.75,2.8,2.43,,,,,,,0.02,0.18,0.17,0.2,0.07,0.09,0.01,0.15,0.13,0.16,0.04,0.03,0.1,0.78,0.6,0.7,0.26,0.27,0.1,0.76,0.6,0.69,0.26,0.26,0.7142857142857143,6.909090909090909,3.529411764705882,3.833333333333333,1.2380952380952381,2.3636363636363638,0.07,0.11,0.06,0.07,0.09,0.06,0.02,0.15,0.23,0.24,0.13,0.12,4.43,4.43,4.43,4.43,4.43,4.43,Cavity,Cavity,Cavity,Cavity,Cavity,Cavity,Cavity,Cavity,Cavity,Cavity,Cavity,Cavity,false,false,false,false,false,false,Lesion 10 Day 032 AA,Lesion 10 Day 045 AA,Lesion 10 Day 060 AA,Lesion 10 Day 073 AA,Lesion 10 Day 087 AA,Lesion 10 Day 101 AA,-0.8166994,5.2439446,2,hot
BDQ+OPC,BQ32,11,-581.29,-306.31,-233.27,-231.22,-387.01,-398.06,-581.0,-307.0,-226.0,-219.0,-396.0,-407.0,163.49,165.89,163.36,175.18,126.13,132.02,0.51,1.21,0.48,0.63,0.41,0.47,0.49,1.08,0.44,0.56,0.37,0.46,0.1,0.54,0.18,0.24,0.13,0.11,0.72,2.73,1.1,1.4,0.87,0.76,,,,,,,0.0,0.02,0.0,0.0,0.0,0.0,0.0,0.01,0.0,0.0,0.0,0.0,0.02,0.07,0.03,0.02,0.01,0.01,0.0,0.06,0.02,0.02,0.01,0.01,0.0,0.5454545454545454,0.11764705882352941,0.11111111111111112,0.04761904761904762,0.09090909090909091,0.01,0.04,0.03,0.02,0.02,0.02,0.0,0.01,0.02,0.01,0.0,0.0,2.48,2.48,2.48,2.48,2.48,2.48,Necrotic,Necrotic,Necrotic,Necrotic,Necrotic,Necrotic,Necrotic,Necrotic,Necrotic,Necrotic,Necrotic,Necrotic,false,false,false,false,false,false,Lesion 11 Day 032 AA,Lesion 11 Day 045 AA,Lesion 11 Day 060 AA,Lesion 11 Day 073 AA,Lesion 11 Day 087 AA,Lesion 11 Day 101 AA,9.18,5.058291,8,cool
BDQ+DEL,BQ33,1,-278.8,-19.58,-5.36,-47.47,-66.73,-147.61,-294.0,9.0,17.0,4.0,0.0,-27.0,193.23,113.7,96.72,154.46,180.74,264.62,1.19,5.02,4.24,3.26,3.24,2.07,0.94,4.45,4.14,3.18,2.98,1.81,0.71,2.95,1.77,1.57,1.7,1.05,4.01,12.06,8.3,7.43,8.01,6.12,,,,,,,0.03,0.84,0.98,0.67,0.57,0.37,0.02,0.73,0.9,0.59,0.5,0.24,0.15,4.63,4.3,2.64,2.28,1.18,0.12,4.59,4.3,2.57,2.19,1.04,0.923076923076923,57.375,35.833333333333336,21.416666666666668,21.9,9.454545454545455,0.06,0.06,0.05,0.07,0.09,0.11,0.03,0.83,0.96,0.75,0.58,0.39,1.79,1.79,1.79,1.79,1.79,1.79,Cavity,Cavity,Cavity,Cavity,Cavity,Cavity,Cavity,Cavity,Cavity,Cavity,Cavity,Cavity,false,false,false,false,false,false,Lesion 01 Day 032 AA,Lesion 01 Day 045 AA,Lesion 01 Day 060 AA,Lesion 01 Day 073 AA,Lesion 01 Day 087 AA,Lesion 01 Day 101 AA,-1.8086252,7.6893625,0,hot
BDQ+DEL,BQ33,2,-266.68,-102.94,-47.68,-79.89,-133.1,-167.97,-256.0,-35.0,-9.0,-19.0,-46.0,-69.0,185.25,158.03,126.54,171.53,216.86,232.13,0.61,4.19,3.91,3.24,2.63,1.69,0.49,3.74,4.12,3.16,2.49,1.58,0.36,2.82,2.03,1.69,1.5,0.74,2.87,10.84,8.86,7.69,7.6,3.77,,,,,,,0.01,1.03,1.39,1.52,1.11,0.79,0.0,0.91,1.28,1.36,0.93,0.48,0.11,5.73,6.73,6.29,4.17,2.44,0.09,5.63,6.72,6.11,3.94,2.21,0.6923076923076923,70.375,56.0,50.91666666666667,39.4,20.09090909090909,0.09,0.3,0.19,0.3,0.37,0.37,0.06,1.02,1.48,1.51,1.14,0.93,2.68,2.68,2.68,2.68,2.68,2.68,Cavity,Cavity,Cavity,Cavity,Cavity,Cavity,Cavity,Cavity,Cavity,Cavity,Cavity,Cavity,false,false,false,false,false,false,Lesion 02 Day 032 AA,Lesion 02 Day 045 AA,Lesion 02 Day 060 AA,Lesion 02 Day 073 AA,Lesion 02 Day 087 AA,Lesion 02 Day 101 AA,-4.136446,6.5885506,0,hot
BDQ+DEL,BQ33,3,-245.28,-138.08,-98.51,-154.46,-312.52,-353.77,-214.0,-75.0,-34.0,-78.0,-259.0,-274.0,196.54,168.09,160.35,183.29,270.52,292.88,0.98,3.5,3.17,2.18,1.21,0.94,0.79,2.82,2.91,1.93,1.22,0.93,0.55,2.45,1.73,1.21,0.44,0.22,2.6,10.97,7.45,4.88,2.23,1.65,,,,,,,0.02,0.33,0.44,0.26,0.12,0.0,0.01,0.29,0.38,0.22,0.01,0.0,0.11,1.6,1.82,0.93,0.47,0.35,0.09,1.54,1.79,0.88,0.34,0.24,0.6923076923076923,19.25,14.916666666666668,7.333333333333334,3.4,2.1818181818181817,0.05,0.14,0.12,0.14,0.15,0.13,0.04,0.31,0.44,0.28,0.14,0.13,2.78,2.78,2.78,2.78,2.78,2.78,Cavity,Cavity,Cavity,Cavity,Cavity,Cavity,Cavity,Cavity,Cavity,Cavity,Cavity,Cavity,false,false,false,false,false,false,Lesion 03 Day 032 AA,Lesion 03 Day 045 AA,Lesion 03 Day 060 AA,Lesion 03 Day 073 AA,Lesion 03 Day 087 AA,Lesion 03 Day 101 AA,-2.0335772,6.1043916,0,hot
BDQ+DEL,BQ33,4,-542.5,-365.9,-430.71,-536.85,-655.83,-699.12,-582.0,-386.0,-454.0,-549.0,-672.0,-704.0,115.0,156.29,163.89,100.27,61.83,60.08,0.5,0.69,0.67,0.56,0.51,0.66,0.49,0.68,0.66,0.56,0.49,0.62,0.06,0.06,0.07,0.06,0.09,0.11,0.63,0.94,0.89,0.68,0.77,0.99,,,,,,,0.0,0.0,0.0,0.0,0.0,0.0,0.0,0.0,0.0,0.0,0.0,0.0,0.0,0.01,0.01,0.0,0.0,0.0,0.0,0.0,0.0,0.0,0.0,0.0,0.0,0.0,0.0,0.0,0.0,0.0,0.0,0.01,0.0,0.0,0.0,0.0,0.0,0.0,0.0,0.0,0.0,0.0,0.48,0.48,0.48,0.48,0.48,0.48,Scar,Scar,Scar,Scar,Scar,Scar,Scar,Scar,Scar,Scar,Scar,Scar,false,false,false,false,false,false,Lesion 04 Day 032 AA,Lesion 04 Day 045 AA,Lesion 04 Day 060 AA,Lesion 04 Day 073 AA,Lesion 04 Day 087 AA,Lesion 04 Day 101 AA,9.5951395,5.2316813,8,cool
BDQ+DEL,BQ33,5,-410.25,-271.03,-310.22,-408.34,-592.47,-690.61,-449.0,-280.0,-338.0,-455.0,-633.0,-711.0,157.26,167.28,188.82,139.56,106.08,84.5,0.51,1.16,0.92,0.64,0.51,0.79,0.5,1.17,0.93,0.63,0.5,0.79,0.05,0.2,0.1,0.07,0.06,0.14,0.65,1.75,1.14,0.79,0.69,1.12,,,,,,,0.0,0.0,0.0,0.0,0.0,0.0,0.0,0.0,0.0,0.0,0.0,0.0,0.0,0.01,0.01,0.0,0.0,0.01,0.0,0.01,0.01,0.0,0.0,0.0,0.0,0.125,0.08333333333333334,0.0,0.0,0.0,0.0,0.0,0.0,0.0,0.0,0.0,0.0,0.0,0.0,0.0,0.0,0.0,0.48,0.48,0.48,0.48,0.48,0.48,Scar,Scar,Scar,Scar,Scar,Scar,Scar,Scar,Scar,Scar,Scar,Scar,false,false,false,false,false,false,Lesion 05 Day 032 AA,Lesion 05 Day 045 AA,Lesion 05 Day 060 AA,Lesion 05 Day 073 AA,Lesion 05 Day 087 AA,Lesion 05 Day 101 AA,7.505322,5.6086125,8,cool
BDQ+DEL,BQ33,6,-287.58,-211.32,-191.95,-245.76,-248.24,-229.36,-288.0,-167.0,-140.0,-210.0,-238.0,-201.0,146.08,178.04,178.52,171.18,171.33,166.54,0.39,2.28,1.57,1.01,0.79,0.67,0.38,1.45,1.12,0.83,0.66,0.59,0.03,1.88,1.07,0.51,0.36,0.24,0.48,7.56,4.84,2.63,1.78,1.3,,,,,,,0.0,0.06,0.07,0.02,0.01,0.0,0.0,0.05,0.05,0.01,0.0,0.0,0.0,0.28,0.29,0.14,0.08,0.07,0.0,0.27,0.28,0.13,0.07,0.06,0.0,3.375,2.3333333333333335,1.0833333333333335,0.7000000000000001,0.5454545454545454,0.01,0.06,0.07,0.06,0.05,0.05,0.0,0.06,0.1,0.06,0.04,0.04,2.54,2.54,2.54,2.54,2.54,2.54,Cavity,Cavity,Cavity,Cavity,Cavity,Cavity,Cavity,Cavity,Cavity,Cavity,Cavity,Cavity,false,false,false,false,false,false,Lesion 06 Day 032 AA,Lesion 06 Day 045 AA,Lesion 06 Day 060 AA,Lesion 06 Day 073 AA,Lesion 06 Day 087 AA,Lesion 06 Day 101 AA,2.7294042,5.5243464,10,cool
BDQ+DEL,BQ33,7,-480.09,-409.38,-395.94,-553.41,-630.76,-655.08,-490.0,-425.0,-410.0,-574.0,-649.0,-675.0,116.58,161.09,166.71,110.47,99.32,101.17,0.41,0.51,0.54,0.54,0.42,0.44,0.4,0.51,0.54,0.53,0.41,0.43,0.02,0.04,0.03,0.04,0.03,0.02,0.47,0.67,0.6,0.67,0.5,0.48,,,,,,,0.0,0.0,0.0,0.0,0.0,0.0,0.0,0.0,0.0,0.0,0.0,0.0,0.0,0.0,0.0,0.0,0.0,0.0,0.0,0.0,0.0,0.0,0.0,0.0,0.0,0.0,0.0,0.0,0.0,0.0,0.0,0.0,0.0,0.0,0.0,0.0,0.0,0.0,0.0,0.0,0.0,0.0,0.48,0.48,0.48,0.48,0.48,0.48,Scar,Scar,Scar,Scar,Scar,Scar,Scar,Scar,Scar,Scar,Scar,Scar,false,false,false,false,false,false,Lesion 07 Day 032 AA,Lesion 07 Day 045 AA,Lesion 07 Day 060 AA,Lesion 07 Day 073 AA,Lesion 07 Day 087 AA,Lesion 07 Day 101 AA,9.641754,4.8526306,8,cool
BDQ+DEL,BQ33,8,-373.93,-38.38,-41.31,-49.37,-95.5,-88.6,-407.0,10.0,9.0,1.0,-25.0,-19.0,200.68,136.33,139.45,141.8,172.44,161.67,0.66,3.95,2.65,2.68,3.43,2.3,0.49,3.1,2.05,2.6,3.25,2.37,0.49,2.76,1.85,1.36,1.99,0.86,2.84,11.33,7.47,6.36,8.79,4.77,,,,,,,0.01,0.47,0.4,0.46,0.45,0.48,0.01,0.41,0.35,0.38,0.4,0.4,0.09,2.46,1.79,1.65,1.88,1.4,0.06,2.44,1.77,1.63,1.84,1.33,0.4615384615384615,30.5,14.75,13.583333333333332,18.4,12.090909090909092,0.06,0.09,0.12,0.12,0.14,0.14,0.02,0.56,0.58,0.51,0.41,0.47,0.78,0.78,0.78,0.78,0.78,0.78,Cavity,Cavity,Cavity,Cavity,Cavity,Cavity,Cavity,Cavity,Cavity,Cavity,Cavity,Cavity,false,false,false,false,false,false,Lesion 08 Day 032 AA,Lesion 08 Day 045 AA,Lesion 08 Day 060 AA,Lesion 08 Day 073 AA,Lesion 08 Day 087 AA,Lesion 08 Day 101 AA,-1.7331221,7.6702037,0,hot
BDQ+DEL,BQ33,9,-602.44,-366.37,-359.48,-495.4,-580.85,-588.73,-633.0,-380.0,-382.0,-509.0,-599.0,-611.0,109.0,135.44,143.43,126.74,126.88,127.34,0.37,0.45,0.43,0.41,0.35,0.36,0.37,0.44,0.43,0.41,0.36,0.35,0.02,0.05,0.03,0.02,0.03,0.03,0.42,0.64,0.53,0.46,0.47,0.45,,,,,,,0.0,0.0,0.0,0.0,0.0,0.0,0.0,0.0,0.0,0.0,0.0,0.0,0.0,0.0,0.0,0.0,0.0,0.0,0.0,0.0,0.0,0.0,0.0,0.0,0.0,0.0,0.0,0.0,0.0,0.0,0.0,0.01,0.01,0.0,0.0,0.0,0.0,0.0,0.0,0.0,0.0,0.0,1.61,1.61,1.61,1.61,1.61,1.61,Fibrotic Consol,Fibrotic Consol,Fibrotic Consol,Fibrotic Consol,Fibrotic Consol,Fibrotic Consol,Fibrotic,Fibrotic,Fibrotic,Fibrotic,Fibrotic,Fibrotic,true,true,true,true,true,true,Lesion 09 Day 032 AA,Lesion 09 Day 045 AA,Lesion 09 Day 060 AA,Lesion 09 Day 073 AA,Lesion 09 Day 087 AA,Lesion 09 Day 101 AA,9.962157,6.607853,8,cool
BDQ+DEL,BQ33,10,-338.76,-243.1,-225.84,-255.19,-257.94,-240.17,-358.0,-238.0,-215.0,-259.0,-244.0,-220.0,139.97,175.5,176.38,167.31,171.61,167.32,0.34,1.99,1.41,0.92,0.74,0.85,0.33,1.38,0.97,0.74,0.62,0.84,0.04,1.6,1.08,0.55,0.4,0.26,0.47,7.37,4.55,2.84,2.35,1.4,,,,,,,0.0,0.07,0.07,0.03,0.01,0.0,0.0,0.05,0.06,0.02,0.0,0.0,0.01,0.29,0.31,0.18,0.11,0.11,0.01,0.27,0.29,0.16,0.1,0.1,0.07692307692307693,3.375,2.4166666666666665,1.3333333333333335,1.0,0.9090909090909092,0.01,0.08,0.12,0.11,0.08,0.07,0.0,0.05,0.09,0.06,0.05,0.05,2.68,2.68,2.68,2.68,2.68,2.68,Cavity,Cavity,Cavity,Cavity,Cavity,Cavity,Cavity,Cavity,Cavity,Cavity,Cavity,Cavity,false,false,false,false,false,false,Lesion 10 Day 032 AA,Lesion 10 Day 045 AA,Lesion 10 Day 060 AA,Lesion 10 Day 073 AA,Lesion 10 Day 087 AA,Lesion 10 Day 101 AA,7.0207095,3.407195,13,cool
BDQ+DEL,BQ33,11,-301.01,-129.52,-65.82,-176.37,-296.25,-396.86,-305.0,-52.0,-16.0,-99.0,-244.0,-347.0,174.01,175.01,147.2,211.36,269.74,304.58,0.52,4.48,3.32,2.51,1.52,0.98,0.43,3.99,3.14,2.26,1.38,0.92,0.27,2.75,1.95,1.48,0.88,0.34,3.08,11.44,9.15,7.41,5.52,2.87,,,,,,,0.01,0.97,1.31,1.05,0.58,0.11,0.0,0.87,1.16,0.87,0.36,0.01,0.24,5.06,5.59,3.8,2.02,1.33,0.21,4.83,5.51,3.5,1.66,0.89,1.6153846153846152,60.375,45.916666666666664,29.166666666666668,16.599999999999998,8.090909090909092,0.29,0.3,0.26,0.49,0.53,0.5,0.12,0.79,1.38,0.86,0.5,0.38,3.28,3.28,3.28,3.28,3.28,3.28,Cavity,Cavity,Cavity,Cavity,Cavity,Cavity,Cavity,Cavity,Cavity,Cavity,Cavity,Cavity,true,true,true,true,true,true,Lesion 11z12 Day 032 AA,Lesion 11z12 Day 045 AA,Lesion 11z12 Day 060 AA,Lesion 11z12 Day 073 AA,Lesion 11z12 Day 087 AA,Lesion 11z12 Day 101 AA,-3.888777,6.2989435,0,hot
BDQ+LIN+PRE,BQ35,1,-258.39,-146.08,-168.32,-15.7,-257.25,-283.62,-255.0,-73.0,-143.0,18.0,-284.0,-291.0,167.8,188.73,184.8,113.82,187.13,206.16,1.3,2.32,1.94,0.9,0.52,0.82,1.26,2.23,1.77,0.87,0.46,0.83,0.46,1.03,0.8,0.3,0.23,0.28,2.85,5.27,4.46,1.85,1.44,2.7,0.22,0.87,0.53,0.06,0.0,0.02,0.22,0.87,0.53,0.06,0.0,0.02,0.06,0.66,0.34,0.0,0.0,0.0,0.94,2.62,1.62,1.83,0.26,0.69,0.89,0.89,1.58,1.82,0.24,0.62,0.07719298245614035,0.1650853889943074,0.1188340807174888,0.03243243243243243,0.0,0.007407407407407407,0.43,0.4,0.38,0.16,0.31,0.38,0.24,0.71,0.43,1.85,0.14,0.26,,,,,,1.4313637641589874,Necrotic,Necrotic,Necrotic,Necrotic,Necrotic,Necrotic,Necrotic,Necrotic,Necrotic,Necrotic,Necrotic,Necrotic,true,true,true,true,true,true,Lesion 01z02z03z04z05z06z07z08 Day 035 AA,Lesion 01z02z03z04z05z06z07z08 Day 045 AA,Lesion 01z02z03z04z05z06z07z08 Day 059 AA,Lesion 01z02z03z04z05z06z07z08 Day 073 AA,Lesion 01z02z03z04z05z06z07z08 Day 087 AA,Lesion 01z02z03z04z05z06z07z08 Day 102 AA,-5.5591364,8.669808,5,hot
BDQ+LIN+PRE,BQ35,9,-284.81,-188.28,-291.41,-240.44,-327.2,-355.06,-284.0,-146.0,-300.0,-234.0,-334.0,-376.0,144.55,197.26,153.23,163.53,168.98,164.81,0.94,1.6,1.09,0.47,0.41,0.54,0.88,1.54,0.97,0.45,0.4,0.54,0.25,0.69,0.27,0.11,0.11,0.1,1.58,3.09,1.81,0.82,0.66,0.81,0.0,0.06,0.01,0.0,0.0,0.0,0.0,0.06,0.01,0.0,0.0,0.0,0.0,0.04,0.0,0.0,0.0,0.0,0.06,0.18,0.1,0.02,0.01,0.01,0.06,0.06,0.1,0.02,0.01,0.01,0.0,0.01941747572815534,0.0055248618784530384,0.0,0.0,0.0,0.05,0.05,0.07,0.02,0.02,0.02,0.01,0.06,0.02,0.02,0.01,0.0,,,,,,0.47712125471966244,Necrotic,Necrotic,Necrotic,Necrotic,Necrotic,Necrotic,Necrotic,Necrotic,Necrotic,Necrotic,Necrotic,Necrotic,false,false,false,false,false,false,Lesion 09 Day 035 AA,Lesion 09 Day 045 AA,Lesion 09 Day 059 AA,Lesion 09 Day 073 AA,Lesion 09 Day 087 AA,Lesion 09 Day 102 AA,3.8405151,4.0176506,1,cool
BDQ+LIN+PRE,BQ35,10,-409.94,-199.65,-404.79,-358.42,-428.76,-566.83,-417.0,-189.0,-400.0,-385.0,-438.0,-558.0,96.48,181.79,138.11,150.69,130.91,80.74,0.76,1.12,0.84,0.4,0.45,0.4,0.76,1.09,0.81,0.4,0.44,0.39,0.12,0.24,0.16,0.05,0.09,0.05,1.05,1.79,1.3,0.55,0.66,0.54,0.0,0.0,0.0,0.0,0.0,0.0,0.0,0.0,0.0,0.0,0.0,0.0,0.0,0.0,0.0,0.0,0.0,0.0,0.02,0.02,0.01,0.0,0.0,0.0,0.01,0.01,0.01,0.0,0.0,0.0,0.0,0.0,0.0,0.0,0.0,0.0,0.02,0.01,0.01,0.01,0.0,0.0,0.0,0.01,0.0,0.0,0.0,0.0,,,,,,0.47712125471966244,Necrotic,Necrotic,Necrotic,Necrotic,Necrotic,Necrotic,Necrotic,Necrotic,Necrotic,Necrotic,Necrotic,Necrotic,false,false,false,false,false,false,Lesion 10 Day 035 AA,Lesion 10 Day 045 AA,Lesion 10 Day 059 AA,Lesion 10 Day 073 AA,Lesion 10 Day 087 AA,Lesion 10 Day 102 AA,5.3611746,6.1748343,9,cool
BDQ+LIN+PRE,BQ35,11,-471.1,-285.27,-218.32,-390.75,-360.82,-685.47,-477.0,-278.0,-194.0,-407.0,-362.0,-690.0,90.17,165.66,135.62,120.7,145.38,100.15,0.5,0.95,1.11,0.3,0.24,0.35,0.5,0.94,1.12,0.28,0.24,0.35,0.05,0.16,0.23,0.04,0.03,0.06,0.64,1.43,1.69,0.43,0.37,0.57,0.0,0.0,0.01,0.0,0.0,0.0,0.0,0.0,0.01,0.0,0.0,0.0,0.0,0.0,0.0,0.0,0.0,0.0,0.01,0.07,0.14,0.01,0.02,0.03,0.01,0.01,0.14,0.01,0.02,0.0,0.0,0.0,0.005555555555555556,0.0,0.0,0.0,0.01,0.05,0.08,0.04,0.07,0.0,0.0,0.02,0.05,0.0,0.01,0.0,,,,,,0.47712125471966244,Fibrotic,Fibrotic,Fibrotic,Fibrotic,Fibrotic,Fibrotic,Fibrotic,Fibrotic,Fibrotic,Fibrotic,Fibrotic,Fibrotic,false,false,false,false,false,false,Lesion 11 Day 035 AA,Lesion 11 Day 045 AA,Lesion 11 Day 059 AA,Lesion 11 Day 073 AA,Lesion 11 Day 087 AA,Lesion 11 Day 102 AA,8.564201,5.6747184,8,cool
BDQ+LIN+PRE,BQ35,12,-232.62,-164.77,-270.31,-294.67,-377.0,-547.41,-227.0,-101.0,-271.0,-295.0,-375.0,-557.0,156.55,189.22,154.25,190.8,162.44,147.5,0.93,1.53,1.47,0.4,0.43,0.51,0.88,1.34,1.46,0.38,0.43,0.48,0.27,0.7,0.2,0.07,0.07,0.1,1.56,3.48,1.92,0.67,0.62,0.85,0.0,0.03,0.01,0.0,0.0,0.0,0.0,0.03,0.01,0.0,0.0,0.0,0.0,0.01,0.0,0.0,0.0,0.0,0.03,0.09,0.04,0.01,0.01,0.01,0.03,0.03,0.04,0.01,0.01,0.0,0.0,0.0084985835694051,0.005208333333333334,0.0,0.0,0.0,0.02,0.02,0.02,0.01,0.01,0.0,0.01,0.03,0.01,0.01,0.0,0.0,,,,,,0.47712125471966244,Necrotic,Necrotic,Necrotic,Necrotic,Necrotic,Necrotic,Necrotic,Necrotic,Necrotic,Necrotic,Necrotic,Necrotic,false,false,false,false,false,false,Lesion 12 Day 035 AA,Lesion 12 Day 045 AA,Lesion 12 Day 059 AA,Lesion 12 Day 073 AA,Lesion 12 Day 087 AA,Lesion 12 Day 102 AA,3.6297276,6.9945936,6,cool
BDQ+LIN+PRE,BQ35,13,-331.82,-179.72,-192.92,-252.42,-317.36,-351.26,-348.0,-123.0,-175.0,-242.0,-326.0,-363.0,147.7,190.5,153.44,197.13,157.24,158.78,0.96,2.0,1.98,0.49,0.59,0.72,0.8,1.71,1.94,0.41,0.53,0.7,0.42,0.86,0.51,0.23,0.27,0.2,2.0,3.95,3.09,1.34,1.27,1.27,0.02,0.12,0.1,0.0,0.0,0.0,0.02,0.12,0.1,0.0,0.0,0.0,0.0,0.08,0.06,0.0,0.0,0.0,0.13,0.39,0.26,0.05,0.05,0.06,0.12,0.12,0.26,0.05,0.05,0.05,0.01,0.030379746835443037,0.03236245954692557,0.0,0.0,0.0,0.1,0.08,0.07,0.05,0.06,0.05,0.02,0.11,0.06,0.04,0.02,0.01,,,,,,0.47712125471966244,Necrotic,Necrotic,Necrotic,Necrotic,Necrotic,Necrotic,Necrotic,Necrotic,Necrotic,Necrotic,Necrotic,Necrotic,false,false,false,false,false,false,Lesion 13 Day 035 AA,Lesion 13 Day 045 AA,Lesion 13 Day 059 AA,Lesion 13 Day 073 AA,Lesion 13 Day 087 AA,Lesion 13 Day 102 AA,2.1744988,3.3913264,1,cool
BDQ+LIN+PRE,BQ35,14,-176.93,-84.99,-164.23,-152.92,-296.16,-154.27,-132.0,-20.0,-113.0,-74.0,-307.0,-98.0,157.23,168.27,174.81,196.18,181.52,186.24,1.62,2.82,2.35,0.78,0.55,0.86,1.56,2.73,2.25,0.69,0.49,0.84,0.62,1.08,0.72,0.33,0.25,0.24,3.57,5.65,4.4,2.11,1.47,1.92,1.1,2.52,1.89,0.08,0.0,0.01,1.1,2.52,1.89,0.08,0.0,0.01,0.57,2.07,1.36,0.0,0.0,0.0,3.26,7.99,5.01,1.31,0.6,1.18,3.22,3.22,4.97,1.25,0.53,1.07,0.3081232492997199,0.44601769911504424,0.4295454545454545,0.037914691943127965,0.0,0.005208333333333334,0.86,0.55,0.86,0.53,0.65,0.43,1.12,2.19,1.29,1.06,0.31,0.82,,,,,,1.6812412373755872,Necrotic,Necrotic,Necrotic,Necrotic,Necrotic,Necrotic,Necrotic,Necrotic,Necrotic,Necrotic,Necrotic,Necrotic,true,true,true,true,true,true,Lesion 14z15z16z17 Day 035 AA,Lesion 14z15z16z17 Day 045 AA,Lesion 14z15z16z17 Day 059 AA,Lesion 14z15z16z17 Day 073 AA,Lesion 14z15z16z17 Day 087 AA,Lesion 14z15z16z17 Day 102 AA,-5.8398647,6.93087,0,hot
BDQ+LIN+PRE,BQ35,18,-397.2,-176.19,-320.66,17.07,-362.93,-79.35,-429.0,-109.0,-341.0,19.0,-389.0,-47.0,140.49,186.03,146.98,48.5,173.4,138.07,0.98,2.44,2.08,0.74,0.54,0.6,1.0,2.37,2.12,0.72,0.55,0.59,0.24,0.7,0.4,0.18,0.22,0.1,1.56,4.12,2.7,1.31,0.97,1.31,0.0,0.1,0.06,0.0,0.0,0.0,0.0,0.1,0.06,0.0,0.0,0.0,0.0,0.06,0.04,0.0,0.0,0.0,0.11,0.25,0.14,0.13,0.03,0.05,0.08,0.08,0.12,0.13,0.02,0.05,0.0,0.024330900243309,0.02222222222222222,0.0,0.0,0.0,0.07,0.04,0.05,0.0,0.03,0.01,0.01,0.06,0.01,0.17,0.01,0.07,,,,,,0.7781512503836436,Fibrotic,Fibrotic,Fibrotic,Fibrotic,Fibrotic,Fibrotic,Fibrotic,Fibrotic,Fibrotic,Fibrotic,Fibrotic,Fibrotic,true,true,true,true,true,true,Lesion 18z20 Day 035 AA,Lesion 18z20 Day 045 AA,Lesion 18z20 Day 059 AA,Lesion 18z20 Day 073 AA,Lesion 18z20 Day 087 AA,Lesion 18z20 Day 102 AA,1.9701557,5.5908318,10,cool
BDQ+LIN+PRE,BQ35,19,-343.88,-187.31,-332.1,-309.57,-350.72,-364.2,-358.0,-147.0,-338.0,-326.0,-372.0,-374.0,121.46,179.23,140.76,166.3,152.83,130.02,0.97,1.8,1.12,0.33,0.33,0.66,0.93,1.77,1.06,0.3,0.29,0.64,0.31,0.81,0.25,0.08,0.13,0.15,2.07,3.61,1.91,0.67,0.74,1.17,0.01,0.12,0.02,0.0,0.0,0.0,0.01,0.12,0.02,0.0,0.0,0.0,0.0,0.08,0.0,0.0,0.0,0.0,0.18,0.38,0.2,0.05,0.03,0.14,0.17,0.17,0.17,0.04,0.02,0.12,0.004830917874396136,0.0332409972299169,0.010471204188481676,0.0,0.0,0.0,0.15,0.09,0.14,0.09,0.06,0.17,0.02,0.11,0.02,0.03,0.01,0.01,,,,,,0.7781512503836436,Fibrotic,Fibrotic,Fibrotic,Fibrotic,Fibrotic,Fibrotic,Fibrotic,Fibrotic,Fibrotic,Fibrotic,Fibrotic,Fibrotic,false,false,false,false,false,false,Lesion 19 Day 035 AA,Lesion 19 Day 045 AA,Lesion 19 Day 059 AA,Lesion 19 Day 073 AA,Lesion 19 Day 087 AA,Lesion 19 Day 102 AA,4.7331815,8.156828,6,cool
BDQ+LIN+PRE,BQ35,21,-238.21,-136.64,-244.47,-231.85,-339.94,-726.02,-236.0,-68.0,-234.0,-196.0,-317.0,-733.0,157.55,174.91,150.35,180.28,197.3,72.26,1.02,1.5,0.94,0.42,0.6,0.47,0.97,1.34,0.92,0.39,0.57,0.46,0.35,0.72,0.15,0.11,0.21,0.09,1.89,3.47,1.51,0.72,1.2,0.73,0.01,0.04,0.0,0.0,0.0,0.0,0.01,0.04,0.0,0.0,0.0,0.0,0.0,0.02,0.0,0.0,0.0,0.0,0.07,0.14,0.06,0.02,0.03,0.02,0.07,0.07,0.06,0.01,0.02,0.0,0.005291005291005292,0.011527377521613832,0.0,0.0,0.0,0.0,0.04,0.03,0.04,0.02,0.02,0.0,0.02,0.06,0.02,0.02,0.01,0.0,,,,,,0.47712125471966244,Necrotic,Necrotic,Necrotic,Necrotic,Necrotic,Necrotic,Necrotic,Necrotic,Necrotic,Necrotic,Necrotic,Necrotic,false,false,false,false,false,false,Lesion 21 Day 035 AA,Lesion 21 Day 045 AA,Lesion 21 Day 059 AA,Lesion 21 Day 073 AA,Lesion 21 Day 087 AA,Lesion 21 Day 102 AA,3.4097118,8.179757,6,cool
BDQ+LIN+PRE,BQ42,1,-555.96,-295.54,-299.04,-374.64,-546.11,-619.8,-558.0,-311.0,-321.0,-391.0,-564.0,-643.0,73.04,141.35,142.63,111.84,107.3,81.55,0.5,0.82,0.68,0.56,0.51,0.61,0.5,0.77,0.57,0.54,0.49,0.61,0.05,0.18,0.33,0.07,0.07,0.08,0.66,1.43,2.07,0.72,0.77,0.87,0.0,0.0,0.0,0.0,0.0,0.0,0.0,0.0,0.0,0.0,0.0,0.0,0.0,0.0,0.0,0.0,0.0,0.0,0.0,0.01,0.01,0.0,0.0,0.01,0.0,0.01,0.01,0.0,0.0,0.0,0.0,0.0,0.0,0.0,0.0,0.0,0.0,0.01,0.01,0.01,0.0,0.0,0.0,0.0,0.0,0.0,0.0,0.0,,,,,,0.47712125471966244,Fibrotic,Fibrotic,Fibrotic,Fibrotic,Fibrotic,Fibrotic,Fibrotic,Fibrotic,Fibrotic,Fibrotic,Fibrotic,Fibrotic,false,false,false,false,false,false,Lesion 01 Day 032 AA,Lesion 01 Day 032 AA,Lesion 01 Day 032 AA,Lesion 01 Day 032 AA,Lesion 01 Day 032 AA,Lesion 01 Day 032 AA,9.467158,7.720227,8,cool
BDQ+LIN+PRE,BQ42,2,-657.94,-484.65,-535.3,-580.34,-653.32,-719.52,-663.0,-493.0,-539.0,-581.0,-655.0,-719.0,63.82,97.96,103.39,72.69,62.27,49.35,0.48,0.68,0.45,0.49,0.52,0.6,0.47,0.69,0.45,0.48,0.52,0.58,0.02,0.07,0.05,0.03,0.03,0.05,0.55,0.85,0.55,0.55,0.58,0.74,0.0,0.0,0.0,0.0,0.0,0.0,0.0,0.0,0.0,0.0,0.0,0.0,0.0,0.0,0.0,0.0,0.0,0.0,0.0,0.0,0.0,0.0,0.0,0.0,0.0,0.0,0.0,0.0,0.0,1.74,0.0,0.0,0.0,0.0,0.0,0.0,0.0,0.0,0.0,0.0,0.0,0.0,0.0,0.0,0.0,0.0,0.0,0.0,,,,,,0.47712125471966244,Fibrotic,Fibrotic,Fibrotic,Fibrotic,Fibrotic,Fibrotic,Fibrotic,Fibrotic,Fibrotic,Fibrotic,Fibrotic,Fibrotic,false,false,false,false,false,false,Lesion 02 Day 032 AA,Lesion 02 Day 032 AA,Lesion 02 Day 032 AA,Lesion 02 Day 032 AA,Lesion 02 Day 032 AA,Lesion 02 Day 032 AA,12.235737,6.512831,7,cool
BDQ+LIN+PRE,BQ42,3,-264.78,-156.74,-166.68,-185.85,-169.33,-209.21,-272.0,-111.0,-127.0,-143.0,-129.0,-201.0,179.73,155.77,173.26,181.1,169.24,171.64,1.34,3.39,3.38,1.72,2.36,2.14,1.15,3.12,3.03,1.56,1.87,1.98,0.69,1.67,2.03,0.75,1.58,0.91,4.51,7.81,8.24,4.22,8.32,5.17,0.21,0.81,0.75,0.53,0.64,0.59,0.21,0.81,0.75,0.53,0.64,0.59,0.11,0.7,0.64,0.33,0.48,0.41,0.89,3.19,3.28,1.71,2.44,1.81,0.82,3.17,3.19,1.61,2.4,0.05,0.04656319290465632,0.10371318822023048,0.09101941747572816,0.1255924170616114,0.07692307692307693,0.11411992263056092,0.39,0.39,0.42,0.44,0.45,0.45,0.22,0.53,0.52,0.52,0.56,0.37,,,,,,1.3424226808222062,Cavity,Cavity,Cavity,Cavity,Cavity,Cavity,Cavity,Cavity,Cavity,Cavity,Cavity,Cavity,true,true,true,true,true,true,Lesion 03z06z07 Day 032 AA,Lesion 03z06z07 Day 032 AA,Lesion 03z06z07 Day 032 AA,Lesion 03z06z07 Day 032 AA,Lesion 03z06z07 Day 032 AA,Lesion 03z06z07 Day 032 AA,-4.603682,7.995894,5,hot
BDQ+LIN+PRE,BQ42,4,-305.61,-86.07,-252.65,-237.26,-289.22,-371.65,-319.0,-35.0,-255.0,-232.0,-311.0,-388.0,135.58,135.76,159.35,157.47,153.62,119.65,1.37,2.37,1.21,2.05,1.65,1.38,1.32,2.19,1.03,1.81,1.54,1.37,0.32,0.73,0.57,0.9,0.62,0.3,2.52,4.33,3.36,4.21,3.95,2.38,0.01,0.07,0.01,0.04,0.03,0.01,0.01,0.07,0.01,0.04,0.03,0.01,0.0,0.04,0.01,0.03,0.01,0.0,0.06,0.18,0.07,0.13,0.08,0.05,0.06,0.17,0.07,0.12,0.07,0.0,0.003968253968253968,0.016166281755196306,0.0029761904761904765,0.009501187648456057,0.007594936708860759,0.004201680672268908,0.03,0.02,0.04,0.04,0.03,0.03,0.01,0.05,0.02,0.02,0.01,0.0,,,,,,0.47712125471966244,Fibrotic,Fibrotic,Fibrotic,Fibrotic,Fibrotic,Fibrotic,Fibrotic,Fibrotic,Fibrotic,Fibrotic,Fibrotic,Fibrotic,false,false,false,false,false,false,Lesion 04 Day 032 AA,Lesion 04 Day 032 AA,Lesion 04 Day 032 AA,Lesion 04 Day 032 AA,Lesion 04 Day 032 AA,Lesion 04 Day 032 AA,1.0305574,10.405551,4,hot
BDQ+LIN+PRE,BQ42,5,-701.51,-452.79,-406.92,-451.26,-517.55,-532.8,-706.0,-457.0,-413.0,-468.0,-525.0,-537.0,43.66,83.15,96.89,92.71,65.03,74.77,0.79,0.79,0.6,0.79,0.91,1.05,0.79,0.78,0.59,0.8,0.92,1.04,0.05,0.05,0.04,0.03,0.06,0.09,0.84,0.88,0.69,0.85,1.0,1.18,0.0,0.0,0.0,0.0,0.0,0.0,0.0,0.0,0.0,0.0,0.0,0.0,0.0,0.0,0.0,0.0,0.0,0.0,0.0,0.0,0.0,0.0,0.0,0.0,0.01,0.0,0.0,0.0,0.0,0.03,0.0,0.0,0.0,0.0,0.0,0.0,0.0,0.0,0.0,0.0,0.0,0.0,0.0,0.0,0.0,0.0,0.0,0.0,,,,,,0.47712125471966244,Fibrotic,Fibrotic,Fibrotic,Fibrotic,Fibrotic,Fibrotic,Fibrotic,Fibrotic,Fibrotic,Fibrotic,Fibrotic,Fibrotic,false,false,false,false,false,false,Lesion 05 Day 032 AA,Lesion 05 Day 032 AA,Lesion 05 Day 032 AA,Lesion 05 Day 032 AA,Lesion 05 Day 032 AA,Lesion 05 Day 032 AA,12.553012,7.515637,7,cool
BDQ+LIN+PRE,BQ42,8,-284.89,-246.85,-358.05,-349.75,-293.37,-344.81,-282.0,-246.0,-377.0,-357.0,-307.0,-358.0,141.39,132.97,142.04,138.21,165.89,139.8,0.5,1.37,0.81,1.06,1.38,1.25,0.5,1.34,0.77,0.98,1.11,1.13,0.05,0.35,0.24,0.31,0.68,0.43,0.62,2.26,1.59,2.06,4.35,2.81,0.0,0.01,0.0,0.0,0.01,0.01,0.0,0.01,0.0,0.0,0.01,0.01,0.0,0.0,0.0,0.0,0.0,0.0,0.01,0.04,0.03,0.04,0.05,0.03,0.01,0.04,0.02,0.04,0.04,0.0,0.0,0.004424778761061948,0.0,0.0,0.002403846153846154,0.0032679738562091504,0.01,0.02,0.02,0.03,0.02,0.02,0.0,0.01,0.0,0.0,0.01,0.0,,,,,,0.7781512503836436,Necrotic,Necrotic,Necrotic,Necrotic,Necrotic,Necrotic,Necrotic,Necrotic,Necrotic,Necrotic,Necrotic,Necrotic,false,false,false,false,false,false,Lesion 08 Day 032 AA,Lesion 08 Day 032 AA,Lesion 08 Day 032 AA,Lesion 08 Day 032 AA,Lesion 08 Day 032 AA,Lesion 08 Day 032 AA,8.3929205,9.470001,3,cool
BDQ+LIN+PRE,BQ42,10,-222.57,-204.26,-183.64,-179.47,-207.24,-255.09,-215.0,-184.0,-131.0,-139.0,-174.0,-209.0,185.94,187.83,177.49,176.97,199.92,219.8,1.46,2.15,1.84,0.95,1.06,1.17,1.28,1.67,1.27,0.82,0.9,1.14,0.67,1.28,1.43,0.4,0.49,0.3,3.07,5.41,6.55,2.39,2.64,1.83,0.01,0.04,0.02,0.01,0.01,0.01,0.01,0.04,0.02,0.01,0.01,0.01,0.01,0.03,0.01,0.0,0.0,0.0,0.04,0.16,0.09,0.04,0.04,0.04,0.03,0.15,0.08,0.04,0.04,0.03,0.003257328990228013,0.0073937153419593345,0.0030534351145038168,0.0041841004184100415,0.003787878787878788,0.00546448087431694,0.01,0.04,0.02,0.02,0.02,0.01,0.01,0.03,0.03,0.02,0.02,0.01,,,,,,0.47712125471966244,Necrotic,Necrotic,Necrotic,Necrotic,Necrotic,Necrotic,Necrotic,Necrotic,Necrotic,Necrotic,Necrotic,Necrotic,false,false,false,false,false,false,Lesion 10 Day 032 AA,Lesion 10 Day 032 AA,Lesion 10 Day 032 AA,Lesion 10 Day 032 AA,Lesion 10 Day 032 AA,Lesion 10 Day 032 AA,2.8707385,5.6141233,10,cool
BDQ+LIN+PRE,BQ42,11,-261.94,-177.66,-187.42,-197.99,-215.42,-275.37,-276.0,-140.0,-164.0,-176.0,-186.0,-284.0,174.67,164.83,171.2,160.8,164.4,193.18,1.27,2.23,1.47,0.96,1.05,1.28,1.16,2.01,1.1,0.89,0.97,1.22,0.43,0.92,0.89,0.23,0.34,0.35,2.37,4.39,4.28,1.67,2.23,2.1,0.01,0.03,0.01,0.0,0.0,0.01,0.01,0.03,0.01,0.0,0.0,0.01,0.0,0.02,0.01,0.0,0.0,0.0,0.03,0.1,0.05,0.03,0.03,0.04,0.01,0.1,0.05,0.03,0.03,0.01,0.004219409282700422,0.00683371298405467,0.002336448598130841,0.0,0.0,0.0047619047619047615,0.02,0.02,0.02,0.02,0.01,0.02,0.01,0.02,0.02,0.01,0.01,0.01,,,,,,0.7781512503836436,Necrotic,Necrotic,Necrotic,Necrotic,Necrotic,Necrotic,Necrotic,Necrotic,Necrotic,Necrotic,Necrotic,Necrotic,false,false,false,false,false,false,Lesion 11 Day 032 AA,Lesion 11 Day 032 AA,Lesion 11 Day 032 AA,Lesion 11 Day 032 AA,Lesion 11 Day 032 AA,Lesion 11 Day 032 AA,2.7173755,6.6690707,10,cool
BDQ+LIN+PRE,BQ42,12,-282.44,-177.01,-243.65,-278.05,-268.41,-322.04,-295.0,-150.0,-246.0,-282.0,-271.0,-340.0,181.94,150.98,163.99,171.23,148.1,163.01,0.98,1.68,1.06,0.81,0.76,0.91,0.88,1.45,0.79,0.74,0.7,0.89,0.32,0.74,0.69,0.17,0.22,0.17,1.89,3.69,3.43,1.49,1.37,1.29,0.0,0.01,0.0,0.0,0.0,0.0,0.0,0.01,0.0,0.0,0.0,0.0,0.0,0.01,0.0,0.0,0.0,0.0,0.01,0.03,0.02,0.02,0.01,0.01,0.0,0.03,0.02,0.02,0.01,0.0,0.0,0.0027100271002710027,0.0,0.0,0.0,0.0,0.01,0.01,0.01,0.01,0.01,0.01,0.0,0.01,0.01,0.01,0.0,0.0,,,,,,0.47712125471966244,Necrotic,Necrotic,Necrotic,Necrotic,Necrotic,Necrotic,Necrotic,Necrotic,Necrotic,Necrotic,Necrotic,Necrotic,false,false,false,false,false,false,Lesion 12 Day 032 AA,Lesion 12 Day 032 AA,Lesion 12 Day 032 AA,Lesion 12 Day 032 AA,Lesion 12 Day 032 AA,Lesion 12 Day 032 AA,4.319936,10.246788,4,hot
BDQ+LIN+PRE,BQ42,14,-451.28,-251.27,-318.81,-300.47,-435.31,-353.95,-491.0,-248.0,-335.0,-317.0,-466.0,-371.0,163.55,163.77,158.16,167.26,190.61,145.83,0.7,1.83,1.23,0.75,0.68,0.75,0.68,1.66,1.08,0.73,0.65,0.75,0.09,0.6,0.55,0.12,0.11,0.1,0.94,3.55,3.21,1.21,1.02,1.0,0.0,0.02,0.01,0.0,0.0,0.0,0.0,0.02,0.01,0.0,0.0,0.0,0.0,0.01,0.0,0.0,0.0,0.0,0.01,0.07,0.05,0.02,0.02,0.01,0.02,0.06,0.04,0.02,0.01,0.02,0.0,0.005633802816901409,0.003115264797507788,0.0,0.0,0.0,0.01,0.02,0.03,0.02,0.01,0.01,0.0,0.01,0.01,0.01,0.0,0.0,,,,,,0.9542425094393249,Cavity,Cavity,Cavity,Cavity,Cavity,Cavity,Cavity,Cavity,Cavity,Cavity,Cavity,Cavity,false,false,false,false,false,false,Lesion 14 Day 032 AA,Lesion 14 Day 032 AA,Lesion 14 Day 032 AA,Lesion 14 Day 032 AA,Lesion 14 Day 032 AA,Lesion 14 Day 032 AA,4.464911,5.282158,10,cool
BDQ+LIN+PRE,BQ42,15,-304.31,-226.61,-204.94,-206.49,-252.02,-285.99,-316.0,-212.0,-186.0,-177.0,-237.0,-287.0,177.29,168.48,172.41,165.88,175.26,167.75,0.92,2.12,2.05,1.04,1.12,0.95,0.83,1.89,1.69,1.0,1.02,0.94,0.37,0.98,1.3,0.34,0.47,0.2,1.84,4.75,5.41,1.87,2.08,1.38,0.0,0.03,0.02,0.0,0.01,0.0,0.0,0.03,0.02,0.0,0.01,0.0,0.0,0.02,0.02,0.0,0.0,0.0,0.02,0.09,0.07,0.04,0.03,0.02,0.0,0.09,0.07,0.04,0.03,0.0,0.0,0.00650759219088937,0.0036968576709796672,0.0,0.004807692307692308,0.0,0.01,0.03,0.02,0.02,0.02,0.01,0.01,0.02,0.02,0.02,0.01,0.01,,,,,,0.47712125471966244,Necrotic,Necrotic,Necrotic,Necrotic,Necrotic,Necrotic,Necrotic,Necrotic,Necrotic,Necrotic,Necrotic,Necrotic,false,false,false,false,false,false,Lesion 15 Day 032 AA,Lesion 15 Day 032 AA,Lesion 15 Day 032 AA,Lesion 15 Day 032 AA,Lesion 15 Day 032 AA,Lesion 15 Day 032 AA,3.7822433,5.632158,10,cool
BDQ+LIN+PRE,BQ42,16,-324.46,-281.49,-304.49,-286.36,-473.22,-357.46,-336.0,-296.0,-321.0,-298.0,-504.0,-376.0,146.55,147.19,152.4,160.71,169.2,128.18,0.6,2.27,1.42,0.87,0.65,0.67,0.61,2.23,1.33,0.87,0.65,0.67,0.06,0.61,0.48,0.13,0.1,0.05,0.75,3.68,2.83,1.25,0.96,0.76,0.0,0.02,0.01,0.0,0.0,0.0,0.0,0.02,0.01,0.0,0.0,0.0,0.0,0.01,0.0,0.0,0.0,0.0,0.0,0.05,0.03,0.01,0.02,0.01,0.02,0.05,0.02,0.01,0.01,0.03,0.0,0.005434782608695652,0.0035335689045936395,0.0,0.0,0.0,0.01,0.02,0.01,0.01,0.01,0.01,0.0,0.01,0.0,0.0,0.0,0.0,,,,,,0.47712125471966244,Necrotic,Necrotic,Necrotic,Necrotic,Necrotic,Necrotic,Necrotic,Necrotic,Necrotic,Necrotic,Necrotic,Necrotic,false,false,false,false,false,false,Lesion 16 Day 032 AA,Lesion 16 Day 032 AA,Lesion 16 Day 032 AA,Lesion 16 Day 032 AA,Lesion 16 Day 032 AA,Lesion 16 Day 032 AA,3.3700857,5.2206626,10,cool
BDQ+LIN+PRE,BQ42,17,-304.87,-184.83,-272.8,-264.17,-282.7,-289.6,-318.0,-151.0,-284.0,-266.0,-291.0,-314.0,151.17,155.32,161.11,153.29,159.11,151.01,1.01,2.54,1.55,0.79,0.83,0.9,0.97,2.31,1.15,0.74,0.7,0.85,0.27,1.02,1.06,0.19,0.39,0.29,1.65,4.77,4.74,1.43,1.89,1.55,0.0,0.04,0.02,0.0,0.0,0.0,0.0,0.04,0.02,0.0,0.0,0.0,0.0,0.03,0.01,0.0,0.0,0.0,0.02,0.14,0.08,0.03,0.03,0.03,0.0,0.14,0.08,0.03,0.03,0.86,0.0,0.008385744234800839,0.004219409282700422,0.0,0.0,0.0,0.02,0.03,0.03,0.03,0.03,0.02,0.0,0.03,0.01,0.01,0.01,0.01,,,,,,0.47712125471966244,Necrotic,Necrotic,Necrotic,Necrotic,Necrotic,Necrotic,Necrotic,Necrotic,Necrotic,Necrotic,Necrotic,Necrotic,false,false,false,false,false,false,Lesion 17 Day 032 AA,Lesion 17 Day 032 AA,Lesion 17 Day 032 AA,Lesion 17 Day 032 AA,Lesion 17 Day 032 AA,Lesion 17 Day 032 AA,1.859553,6.5465875,10,cool
BDQ+LIN+PRE,BQ42,18,-461.3,-414.1,-494.26,-582.45,-625.23,-728.67,-470.0,-435.0,-502.0,-591.0,-635.0,-738.0,81.12,120.13,84.81,77.95,85.04,57.73,0.51,1.17,0.61,0.54,0.51,0.6,0.51,1.11,0.61,0.53,0.5,0.59,0.02,0.2,0.05,0.05,0.03,0.04,0.55,1.74,0.83,0.75,0.61,0.72,0.0,0.0,0.0,0.0,0.0,0.0,0.0,0.0,0.0,0.0,0.0,0.0,0.0,0.0,0.0,0.0,0.0,0.0,0.0,0.01,0.0,0.0,0.0,0.0,0.53,0.01,0.0,0.0,0.0,0.01,0.0,0.0,0.0,0.0,0.0,0.0,0.0,0.01,0.0,0.0,0.0,0.0,0.0,0.0,0.0,0.0,0.0,0.0,,,,,,0.47712125471966244,Fibrotic,Fibrotic,Fibrotic,Fibrotic,Fibrotic,Fibrotic,Fibrotic,Fibrotic,Fibrotic,Fibrotic,Fibrotic,Fibrotic,false,false,false,false,false,false,Lesion 18 Day 032 AA,Lesion 18 Day 032 AA,Lesion 18 Day 032 AA,Lesion 18 Day 032 AA,Lesion 18 Day 032 AA,Lesion 18 Day 032 AA,12.157531,6.1882725,7,cool
BDQ+LIN+PRE,BQ42,19,-237.15,-133.56,-138.32,-123.01,-173.72,-138.43,-241.0,-61.0,-67.0,-57.0,-124.0,-77.0,186.45,171.29,178.86,169.9,185.74,175.09,1.72,3.02,3.62,1.61,2.08,2.07,1.47,2.61,3.63,1.42,2.11,2.05,1.05,1.57,2.09,0.79,0.99,0.66,6.04,7.06,8.1,3.74,4.24,3.87,0.16,0.54,0.4,0.18,0.28,0.36,0.16,0.54,0.4,0.18,0.28,0.36,0.11,0.43,0.36,0.12,0.22,0.24,0.56,2.07,1.9,0.62,0.86,0.93,0.01,2.0,1.87,0.61,0.83,3.9,0.026490066225165563,0.0764872521246459,0.04938271604938272,0.0481283422459893,0.0660377358490566,0.09302325581395349,0.18,0.21,0.19,0.12,0.18,0.16,0.12,0.44,0.33,0.25,0.22,0.26,,,,,,2.060755055883884,Cavity,Cavity,Cavity,Cavity,Cavity,Cavity,Cavity,Cavity,Cavity,Cavity,Cavity,Cavity,false,false,false,false,false,false,Lesion 19 Day 032 AA,Lesion 19 Day 032 AA,Lesion 19 Day 032 AA,Lesion 19 Day 032 AA,Lesion 19 Day 032 AA,Lesion 19 Day 032 AA,-3.9107802,6.735632,0,hot
BDQ+LIN+PRE,BQ42,21,-218.16,-49.71,-85.34,-41.71,-89.22,-87.22,-204.0,-13.0,-30.0,-9.0,-36.0,-30.0,178.87,113.17,145.23,114.5,154.63,150.2,1.61,4.47,4.49,2.31,2.88,2.72,1.5,4.51,4.46,2.23,2.62,2.41,0.63,1.77,2.15,0.82,1.54,1.33,3.8,9.84,10.23,4.5,7.26,6.14,0.25,1.41,1.48,1.17,0.94,1.15,0.25,1.41,1.48,1.17,0.94,1.15,0.12,1.32,1.38,0.87,0.79,0.9,0.8,6.46,7.35,3.27,3.54,3.97,0.01,6.44,7.27,3.26,3.51,0.22,0.06578947368421052,0.14329268292682926,0.14467253176930595,0.26,0.12947658402203857,0.18729641693811075,0.26,0.18,0.39,0.16,0.29,0.34,0.2,1.25,1.24,1.26,0.92,1.1,,,,,,0.9542425094393249,Cavity,Cavity,Cavity,Cavity,Cavity,Cavity,Cavity,Cavity,Cavity,Cavity,Cavity,Cavity,false,false,false,false,false,false,Lesion 21 Day 032 AA,Lesion 21 Day 032 AA,Lesion 21 Day 032 AA,Lesion 21 Day 032 AA,Lesion 21 Day 032 AA,Lesion 21 Day 032 AA,-2.8753817,6.887809,0,hot
BDQ+DEL+OPC,BQ47,1,-255.09,-38.98,-95.52,-104.25,,-191.88,-266.0,6.0,-37.0,-58.0,,-149.0,162.73,126.37,160.24,155.67,,175.55,1.26,1.89,1.96,0.92,,1.07,1.19,1.67,1.83,0.85,,1.05,0.37,0.93,0.55,0.26,,0.22,2.6,4.63,3.47,1.77,,1.73,,,,,,,0.06,0.31,0.35,0.01,,0.01,0.01,0.21,0.17,0.0,,0.0,0.3,1.03,0.88,0.28,,0.18,0.29,1.03,0.86,0.27,,0.18,1.9333333333333333,17.166666666666668,6.615384615384615,3.0000000000000004,,1.2857142857142856,0.17,0.08,0.11,0.09,,0.08,0.06,0.46,0.33,0.21,,0.09,1.22,1.22,1.22,1.22,,1.22,Cavity Consol,Cavity Consol,Cavity Consol,Cavity Consol,,Cavity Consol,Cavity,Cavity,Cavity,Cavity,,Cavity,true,true,true,true,,true,Lesion 01 Day 035 AA,Lesion 01 Day 047 AA,Lesion 01 Day 060 AA,Lesion 01 Day 074 AA,,Lesion 01 Day 102 AA,-1.6018702,9.516991,14,hot
BDQ+DEL+OPC,BQ47,2,-280.38,-115.43,-204.17,-202.2,,-303.3,-297.0,-39.0,-172.0,-193.0,,-305.0,149.35,174.19,187.63,159.52,,174.15,0.91,1.59,1.52,0.67,,0.67,0.86,1.55,1.49,0.64,,0.64,0.21,0.55,0.32,0.14,,0.12,1.75,2.97,2.63,1.29,,1.15,,,,,,,0.0,0.12,0.13,0.0,,0.0,0.0,0.06,0.02,0.0,,0.0,0.15,0.37,0.39,0.11,,0.07,0.14,0.36,0.36,0.11,,0.06,0.9333333333333335,6.0,2.769230769230769,1.2222222222222223,,0.4285714285714285,0.11,0.07,0.12,0.09,,0.06,0.04,0.15,0.12,0.07,,0.02,0.95,0.95,0.95,0.95,,0.95,Necrotic,Necrotic,Necrotic,Necrotic,,Necrotic,Necrotic,Necrotic,Necrotic,Necrotic,,Necrotic,false,false,false,false,,false,Lesion 02 Day 035 AA,Lesion 02 Day 047 AA,Lesion 02 Day 060 AA,Lesion 02 Day 074 AA,,Lesion 02 Day 102 AA,2.8911078,9.090036,6,cool
BDQ+DEL+OPC,BQ47,3,-255.28,-105.44,-179.97,-196.7,,-263.54,-255.0,-41.0,-128.0,-162.0,,-265.0,156.64,165.4,192.46,171.06,,163.71,1.13,1.96,1.88,0.92,,0.76,1.1,1.81,1.84,0.86,,0.76,0.37,0.91,0.6,0.33,,0.19,2.03,4.5,3.31,1.89,,1.22,,,,,,,0.03,0.16,0.19,0.01,,0.0,0.0,0.12,0.11,0.0,,0.0,0.2,0.52,0.5,0.17,,0.07,0.2,0.51,0.47,0.16,,0.07,1.3333333333333335,8.5,3.615384615384615,1.777777777777778,,0.5,0.12,0.07,0.1,0.08,,0.06,0.06,0.19,0.14,0.09,,0.03,1.28,1.28,1.28,1.28,,1.28,Cavity,Cavity,Cavity,Cavity,,Cavity,Cavity,Cavity,Cavity,Cavity,,Cavity,false,false,false,false,,false,Lesion 03 Day 035 AA,Lesion 03 Day 047 AA,Lesion 03 Day 060 AA,Lesion 03 Day 074 AA,,Lesion 03 Day 102 AA,1.3307825,9.377242,4,hot
BDQ+DEL+OPC,BQ47,4,-138.81,-185.82,-177.04,-195.2,,-212.58,-140.0,-191.0,-149.0,-218.0,,-192.0,145.65,181.27,171.86,172.25,,159.93,1.01,0.63,1.33,0.66,,0.68,1.01,0.53,1.35,0.66,,0.58,0.24,0.29,0.27,0.17,,0.24,1.55,1.89,2.0,1.03,,1.37,,,,,,,0.0,0.01,0.02,0.0,,0.0,0.0,0.0,0.0,0.0,,0.0,0.03,0.29,0.11,0.02,,0.02,0.03,0.29,0.11,0.02,,0.02,0.2,4.833333333333333,0.8461538461538461,0.22222222222222224,,0.14285714285714285,0.01,0.25,0.04,0.02,,0.01,0.01,0.2,0.04,0.01,,0.01,0.95,0.95,0.95,0.95,,0.95,Fibrotic,Fibrotic,Fibrotic,Fibrotic,,Fibrotic,Fibrotic,Fibrotic,Fibrotic,Fibrotic,,Fibrotic,false,false,false,false,,false,Lesion 04 Day 035 AA,Lesion 04 Day 047 AA,Lesion 04 Day 060 AA,Lesion 04 Day 074 AA,,Lesion 04 Day 102 AA,-3.7325742,10.620201,5,hot
BDQ+DEL+OPC,BQ47,5,-250.98,-106.6,-145.2,-212.07,,-269.5,-274.0,-57.0,-114.0,-217.0,,-285.0,166.39,152.93,163.31,157.63,,167.19,0.84,1.49,1.69,0.79,,0.75,0.85,1.42,1.68,0.72,,0.65,0.27,0.69,0.58,0.33,,0.33,1.49,3.24,3.28,1.7,,1.76,,,,,,,0.0,0.14,0.14,0.0,,0.0,0.0,0.07,0.06,0.0,,0.0,0.16,0.46,0.37,0.15,,0.09,0.16,0.46,0.37,0.15,,0.08,1.0666666666666667,7.666666666666667,2.846153846153846,1.6666666666666667,,0.5714285714285714,0.13,0.1,0.09,0.12,,0.08,0.06,0.21,0.12,0.07,,0.04,0.78,0.78,0.78,0.78,,0.78,Necrotic,Necrotic,Necrotic,Necrotic,,Necrotic,Necrotic,Necrotic,Necrotic,Necrotic,,Necrotic,false,false,false,false,,false,Lesion 05 Day 035 AA,Lesion 05 Day 047 AA,Lesion 05 Day 060 AA,Lesion 05 Day 074 AA,,Lesion 05 Day 102 AA,1.8816826,9.84174,14,hot
BDQ+DEL+OPC,BQ47,6,-271.48,-91.46,-162.24,-242.57,,-325.23,-276.0,-43.0,-136.0,-260.0,,-348.0,142.33,137.91,163.45,167.5,,163.24,0.83,1.55,1.76,0.73,,0.73,0.8,1.5,1.69,0.63,,0.6,0.19,0.69,0.55,0.31,,0.32,1.71,3.63,3.26,1.75,,1.72,,,,,,,0.0,0.25,0.28,0.01,,0.01,0.0,0.12,0.14,0.0,,0.0,0.24,0.77,0.74,0.25,,0.15,0.22,0.77,0.73,0.24,,0.14,1.4666666666666668,12.833333333333334,5.615384615384615,2.6666666666666665,,1.0,0.21,0.13,0.2,0.23,,0.14,0.06,0.37,0.22,0.11,,0.04,0.72,0.72,0.72,0.72,,0.72,Fibrotic,Fibrotic,Fibrotic,Fibrotic,,Fibrotic,Fibrotic,Fibrotic,Fibrotic,Fibrotic,,Fibrotic,false,false,false,false,,false,Lesion 06 Day 035 AA,Lesion 06 Day 047 AA,Lesion 06 Day 060 AA,Lesion 06 Day 074 AA,,Lesion 06 Day 102 AA,-2.4299192,9.3345585,14,hot
BDQ+DEL+OPC,BQ47,7,-274.33,-55.68,-124.85,-189.63,,-248.25,-287.0,-9.0,-66.0,-141.0,,-239.0,183.73,141.48,192.49,196.29,,194.97,0.97,1.94,2.04,0.93,,0.88,0.9,1.7,1.89,0.88,,0.83,0.32,0.91,0.71,0.28,,0.25,2.12,4.61,4.27,1.93,,1.68,,,,,,,0.03,0.34,0.35,0.02,,0.01,0.0,0.21,0.21,0.0,,0.0,0.34,1.11,0.95,0.29,,0.19,0.3,1.1,0.91,0.27,,0.17,2.0,18.333333333333336,7.0,3.0000000000000004,,1.2142857142857142,0.19,0.09,0.14,0.13,,0.1,0.11,0.48,0.3,0.16,,0.08,1.18,1.18,1.18,1.18,,1.18,Cavity,Cavity,Cavity,Cavity,,Cavity,Cavity,Cavity,Cavity,Cavity,,Cavity,false,false,false,false,,false,Lesion 07 Day 035 AA,Lesion 07 Day 047 AA,Lesion 07 Day 060 AA,Lesion 07 Day 074 AA,,Lesion 07 Day 102 AA,-1.6867948,9.372387,14,hot
BDQ+DEL+OPC,BQ47,8,-305.49,-158.27,-210.74,-251.67,,-306.26,-309.0,-129.0,-202.0,-251.0,,-317.0,135.24,164.33,167.8,177.5,,164.34,0.83,1.5,1.72,0.76,,0.64,0.81,1.26,1.65,0.69,,0.62,0.24,0.81,0.65,0.29,,0.15,1.57,4.07,3.72,1.64,,1.37,,,,,,,0.0,0.22,0.22,0.0,,0.0,0.0,0.13,0.11,0.0,,0.0,0.17,0.8,0.63,0.17,,0.09,0.16,0.78,0.61,0.16,,0.08,1.0666666666666667,13.000000000000002,4.692307692307692,1.777777777777778,,0.5714285714285714,0.16,0.25,0.2,0.13,,0.09,0.03,0.29,0.15,0.07,,0.04,1.22,1.22,1.22,1.22,,1.22,Fibrotic,Fibrotic,Fibrotic,Fibrotic,,Fibrotic,Fibrotic,Fibrotic,Fibrotic,Fibrotic,,Fibrotic,false,false,false,false,,false,Lesion 08 Day 035 AA,Lesion 08 Day 047 AA,Lesion 08 Day 060 AA,Lesion 08 Day 074 AA,,Lesion 08 Day 102 AA,-4.6016126,10.42517,5,hot
BDQ+DEL+OPC,BQ47,9,-259.21,-68.47,-114.45,-192.12,,-233.75,-268.0,-15.0,-74.0,-182.0,,-222.0,146.11,147.77,163.92,167.84,,176.83,1.04,2.37,2.56,1.21,,0.93,0.98,2.28,2.57,1.14,,0.85,0.4,1.22,0.86,0.48,,0.39,2.9,5.48,4.8,3.07,,2.42,,,,,,,0.16,1.6,1.59,0.33,,0.08,0.04,1.31,1.36,0.09,,0.01,1.41,5.46,4.73,1.5,,0.79,1.36,5.44,4.69,1.46,,0.72,9.066666666666668,90.66666666666667,36.07692307692308,16.22222222222222,,5.142857142857142,0.96,0.56,0.61,0.64,,0.45,0.35,1.74,1.21,0.55,,0.32,1.66,1.66,1.66,1.66,,1.66,Cavity Consol,Cavity Consol,Cavity Consol,Cavity Consol,,Cavity Consol,Cavity,Cavity,Cavity,Cavity,,Cavity,true,true,true,true,,true,Lesion 09z12 Day 035 AA,Lesion 09z12 Day 047 AA,Lesion 09z12 Day 060 AA,Lesion 09z12 Day 074 AA,,Lesion 09z12 Day 102 AA,-5.7857885,7.461144,0,hot
BDQ+DEL+OPC,BQ47,11,-81.48,-63.45,-91.01,-141.17,,-241.39,-43.0,-7.0,-37.0,-121.0,,-237.0,115.76,138.07,161.58,132.19,,179.8,1.57,1.59,1.97,0.94,,1.29,1.47,1.59,1.91,0.96,,1.2,0.52,0.54,0.5,0.19,,0.48,3.53,2.78,3.1,1.38,,2.54,,,,,,,0.04,0.07,0.1,0.0,,0.02,0.02,0.03,0.06,0.0,,0.01,0.12,0.2,0.24,0.08,,0.1,0.12,0.2,0.23,0.08,,0.09,0.8,3.3333333333333335,1.7692307692307692,0.888888888888889,,0.6428571428571428,0.02,0.03,0.04,0.04,,0.04,0.06,0.09,0.08,0.05,,0.03,0.48,0.48,0.48,0.48,,0.48,Fibrotic,Fibrotic,Fibrotic,Fibrotic,,Fibrotic,Fibrotic,Fibrotic,Fibrotic,Fibrotic,,Fibrotic,false,false,false,false,,false,Lesion 11 Day 035 AA,Lesion 11 Day 047 AA,Lesion 11 Day 060 AA,Lesion 11 Day 074 AA,,Lesion 11 Day 102 AA,2.4381137,10.357988,4,hot
BDQ+DEL,BQ50,1,-137.5,-68.46,-66.93,-138.0,-182.86,-284.63,-82.0,-20.0,-24.0,-69.0,-136.0,-272.0,157.26,133.22,134.38,181.43,179.78,193.64,1.9,2.68,1.99,1.5,1.38,0.67,1.84,2.58,1.95,1.51,1.34,0.63,0.43,0.66,0.38,0.27,0.32,0.15,3.56,4.8,3.09,2.38,2.59,1.13,,,,,,,0.13,0.31,0.25,0.07,0.02,0.0,0.06,0.26,0.13,0.0,0.0,0.0,0.3,0.82,0.55,0.2,0.08,0.04,0.29,0.81,0.54,0.18,0.08,0.03,2.2307692307692304,5.785714285714286,3.375,1.125,0.42105263157894735,0.15789473684210525,0.06,0.05,0.04,0.04,0.03,0.03,0.1,0.25,0.23,0.09,0.03,0.02,1.23,1.23,1.23,1.23,1.23,1.23,Fibrotic Consol,Fibrotic Consol,Fibrotic Consol,Fibrotic Consol,Fibrotic Consol,Fibrotic Consol,Fibrotic,Fibrotic,Fibrotic,Fibrotic,Fibrotic,Fibrotic,true,true,true,true,true,true,Lesion 01 Day 033 AA,Lesion 01 Day 046 AA,Lesion 01 Day 061 AA,Lesion 01 Day 074 AA,Lesion 01 Day 088 AA,Lesion 01 Day 102 AA,-0.22642773,9.98056,4,hot
BDQ+DEL,BQ50,2,-219.1,-91.42,-84.93,-124.59,-149.81,-199.0,-218.0,-38.0,-39.0,-68.0,-86.0,-165.0,160.24,150.72,138.49,153.97,168.17,166.39,0.92,2.95,1.87,1.19,1.14,0.83,0.72,2.5,1.65,0.99,0.98,0.76,0.57,1.63,1.04,0.65,0.56,0.37,3.93,8.84,5.33,3.37,3.56,2.43,,,,,,,0.08,1.23,0.83,0.31,0.17,0.03,0.04,0.96,0.61,0.15,0.07,0.01,0.64,4.3,2.83,1.34,0.83,0.48,0.63,4.24,2.81,1.32,0.81,0.46,4.846153846153846,30.285714285714285,17.5625,8.25,4.2631578947368425,2.4210526315789473,0.42,0.3,0.28,0.31,0.23,0.27,0.25,1.17,1.21,0.78,0.47,0.26,1.08,1.08,1.08,1.08,1.08,1.08,Necrotic,Necrotic,Necrotic,Necrotic,Necrotic,Necrotic,Necrotic,Necrotic,Necrotic,Necrotic,Necrotic,Necrotic,true,true,true,true,true,true,Lesion 02z05 Day 033 AA,Lesion 02z05 Day 046 AA,Lesion 02z05 Day 061 AA,Lesion 02z05 Day 074 AA,Lesion 02z05 Day 088 AA,Lesion 02z05 Day 102 AA,-5.2855687,6.682351,0,hot
BDQ+DEL,BQ50,3,-251.62,-214.49,-233.62,-317.76,-288.03,-444.8,-245.0,-201.0,-212.0,-334.0,-278.0,-444.0,116.18,153.15,171.78,134.88,139.99,133.61,0.82,1.67,0.71,0.4,0.42,0.37,0.79,1.67,0.68,0.4,0.42,0.37,0.17,0.49,0.16,0.03,0.04,0.02,1.43,3.86,1.35,0.49,0.49,0.41,,,,,,,0.0,0.07,0.0,0.0,0.0,0.0,0.0,0.02,0.0,0.0,0.0,0.0,0.04,0.19,0.11,0.01,0.0,0.0,0.04,0.18,0.1,0.01,0.0,0.0,0.3076923076923077,1.2857142857142856,0.625,0.0625,0.0,0.0,0.04,0.06,0.08,0.02,0.01,0.01,0.01,0.05,0.06,0.0,0.0,0.0,0.48,0.48,0.48,0.48,0.48,0.48,Fibrotic,Fibrotic,Fibrotic,Fibrotic,Fibrotic,Fibrotic,Fibrotic,Fibrotic,Fibrotic,Fibrotic,Fibrotic,Fibrotic,false,false,false,false,false,false,Lesion 03 Day 033 AA,Lesion 03 Day 046 AA,Lesion 03 Day 061 AA,Lesion 03 Day 074 AA,Lesion 03 Day 088 AA,Lesion 03 Day 102 AA,7.7685757,9.607218,3,cool
BDQ+DEL,BQ50,4,-350.27,-271.79,-309.61,-412.64,-427.44,-601.75,-369.0,-262.0,-322.0,-409.0,-441.0,-602.0,126.5,161.7,142.77,95.65,84.15,75.35,0.6,1.3,0.58,0.47,0.48,0.38,0.59,1.3,0.56,0.48,0.49,0.39,0.1,0.28,0.09,0.04,0.04,0.02,0.87,1.92,0.91,0.55,0.58,0.44,,,,,,,0.0,0.01,0.0,0.0,0.0,0.0,0.0,0.0,0.0,0.0,0.0,0.0,0.02,0.05,0.01,0.0,0.0,0.0,0.02,0.05,0.01,0.0,0.0,0.0,0.15384615384615385,0.35714285714285715,0.0625,0.0,0.0,0.0,0.03,0.02,0.01,0.01,0.0,0.0,0.0,0.01,0.0,0.0,0.0,0.0,0.48,0.48,0.48,0.48,0.48,0.48,Fibrotic,Fibrotic,Fibrotic,Fibrotic,Fibrotic,Fibrotic,Fibrotic,Fibrotic,Fibrotic,Fibrotic,Fibrotic,Fibrotic,false,false,false,false,false,false,Lesion 04 Day 033 AA,Lesion 04 Day 046 AA,Lesion 04 Day 061 AA,Lesion 04 Day 074 AA,Lesion 04 Day 088 AA,Lesion 04 Day 102 AA,8.192412,5.8782215,8,cool
BDQ+DEL,BQ50,6,-139.46,-46.72,-96.39,-113.99,-128.58,-170.88,-95.0,-8.0,-24.0,-47.0,-61.0,-122.0,152.89,115.26,176.61,160.45,169.62,166.07,1.25,2.77,1.81,1.27,1.13,0.71,1.12,2.7,1.73,1.11,1.05,0.66,0.55,1.27,0.89,0.64,0.53,0.28,2.77,6.15,3.63,2.82,2.65,1.59,,,,,,,0.15,0.46,0.26,0.11,0.06,0.0,0.06,0.4,0.2,0.06,0.02,0.0,0.61,1.58,0.81,0.41,0.25,0.13,0.6,1.57,0.8,0.4,0.24,0.12,4.615384615384615,11.214285714285714,5.0,2.5,1.263157894736842,0.631578947368421,0.19,0.08,0.08,0.08,0.06,0.07,0.3,0.49,0.36,0.23,0.16,0.1,0.78,0.78,0.78,0.78,0.78,0.78,Fibrotic Consol,Fibrotic Consol,Fibrotic Consol,Fibrotic Consol,Fibrotic Consol,Fibrotic Consol,Fibrotic,Fibrotic,Fibrotic,Fibrotic,Fibrotic,Fibrotic,true,true,true,true,true,true,Lesion 06 Day 033 AA,Lesion 06 Day 046 AA,Lesion 06 Day 061 AA,Lesion 06 Day 074 AA,Lesion 06 Day 088 AA,Lesion 06 Day 102 AA,-1.1880653,9.166378,14,hot
BDQ+DEL,BQ50,7,-191.14,-80.17,-144.66,-208.72,-234.18,-337.41,-177.0,-35.0,-71.0,-185.0,-193.0,-344.0,168.6,133.25,183.09,166.73,177.72,132.78,1.0,2.29,1.51,0.67,0.8,0.53,0.77,1.93,1.17,0.52,0.62,0.45,0.55,1.32,0.97,0.43,0.39,0.21,2.71,6.11,4.18,2.79,1.95,1.24,,,,,,,0.05,0.47,0.18,0.01,0.01,0.0,0.03,0.36,0.13,0.01,0.0,0.0,0.27,1.75,0.73,0.17,0.09,0.05,0.26,1.72,0.69,0.16,0.08,0.04,2.0,12.285714285714285,4.3125,1.0,0.42105263157894735,0.21052631578947367,0.13,0.16,0.15,0.13,0.05,0.07,0.12,0.59,0.31,0.11,0.04,0.01,0.95,0.95,0.95,0.95,0.95,0.95,Cavity,Cavity,Cavity,Cavity,Cavity,Cavity,Cavity,Cavity,Cavity,Cavity,Cavity,Cavity,false,false,false,false,false,false,Lesion 07 Day 033 AA,Lesion 07 Day 046 AA,Lesion 07 Day 061 AA,Lesion 07 Day 074 AA,Lesion 07 Day 088 AA,Lesion 07 Day 102 AA,-3.369056,8.109265,0,hot
BDQ+DEL,BQ50,8,-166.12,-84.35,-90.26,-134.47,-127.32,-158.33,-156.0,-12.0,-27.0,-58.0,-38.0,-118.0,147.94,172.17,162.18,190.41,195.52,177.16,0.96,2.07,1.31,0.8,0.96,0.74,0.79,1.87,1.15,0.66,0.9,0.64,0.44,1.11,0.7,0.5,0.45,0.38,2.77,4.9,3.21,3.2,2.99,2.95,,,,,,,0.07,0.78,0.27,0.04,0.04,0.01,0.02,0.59,0.15,0.02,0.01,0.0,0.49,2.57,1.01,0.38,0.41,0.18,0.48,2.52,0.98,0.37,0.39,0.18,3.692307692307692,18.0,6.125,2.3125,2.0526315789473686,0.9473684210526315,0.24,0.22,0.17,0.14,0.11,0.11,0.26,0.97,0.59,0.31,0.28,0.13,1.46,1.46,1.46,1.46,1.46,1.46,Cavity,Cavity,Cavity,Cavity,Cavity,Cavity,Cavity,Cavity,Cavity,Cavity,Cavity,Cavity,false,false,false,false,false,false,Lesion 08 Day 033 AA,Lesion 08 Day 046 AA,Lesion 08 Day 061 AA,Lesion 08 Day 074 AA,Lesion 08 Day 088 AA,Lesion 08 Day 102 AA,-5.3657002,6.5501733,0,hot
BDQ+DEL,BQ50,9,-287.52,-273.21,-340.12,-368.9,-454.26,-517.5,-313.0,-267.0,-340.0,-391.0,-467.0,-534.0,163.41,147.12,144.7,120.44,143.99,123.1,0.5,0.76,0.41,0.34,0.42,0.37,0.47,0.7,0.39,0.34,0.42,0.36,0.12,0.19,0.1,0.04,0.04,0.03,0.76,1.44,0.74,0.43,0.5,0.45,,,,,,,0.0,0.0,0.0,0.0,0.0,0.0,0.0,0.0,0.0,0.0,0.0,0.0,0.01,0.03,0.01,0.0,0.0,0.0,0.01,0.02,0.0,0.0,0.0,0.0,0.07692307692307693,0.14285714285714285,0.0,0.0,0.0,0.0,0.01,0.02,0.01,0.0,0.0,0.0,0.01,0.01,0.0,0.0,0.0,0.0,0.48,0.48,0.48,0.48,0.48,0.48,Scar,Scar,Scar,Scar,Scar,Scar,Scar,Scar,Scar,Scar,Scar,Scar,false,false,false,false,false,false,Lesion 09 Day 033 AA,Lesion 09 Day 046 AA,Lesion 09 Day 061 AA,Lesion 09 Day 074 AA,Lesion 09 Day 088 AA,Lesion 09 Day 102 AA,8.490656,7.496707,8,cool
BDQ+DEL,BQ50,10,-201.91,-339.49,-294.66,-325.62,-375.13,-484.83,-196.0,-350.0,-315.0,-351.0,-392.0,-493.0,164.61,188.45,160.11,137.97,152.63,135.98,0.68,0.79,0.48,0.44,0.63,0.59,0.69,0.74,0.48,0.45,0.64,0.61,0.12,0.18,0.1,0.04,0.06,0.06,0.97,1.36,0.73,0.52,0.74,0.68,,,,,,,0.0,0.0,0.0,0.0,0.0,0.0,0.0,0.0,0.0,0.0,0.0,0.0,0.01,0.01,0.0,0.0,0.0,0.0,0.01,0.01,0.0,0.0,0.0,0.0,0.07692307692307693,0.07142857142857142,0.0,0.0,0.0,0.0,0.01,0.01,0.01,0.0,0.0,0.0,0.01,0.0,0.0,0.0,0.0,0.0,0.48,0.48,0.48,0.48,0.48,0.48,Scar,Scar,Scar,Scar,Scar,Scar,Scar,Scar,Scar,Scar,Scar,Scar,false,false,false,false,false,false,Lesion 10 Day 033 AA,Lesion 10 Day 046 AA,Lesion 10 Day 061 AA,Lesion 10 Day 074 AA,Lesion 10 Day 088 AA,Lesion 10 Day 102 AA,8.316082,3.765659,8,cool
BDQ+DEL,BQ51,1,-348.11,-167.3,-235.3,-250.69,-279.67,-313.15,-380.0,-113.0,-232.0,-256.0,-297.0,-325.0,137.97,168.41,172.04,186.19,167.94,180.07,0.63,1.86,0.94,0.68,0.54,0.55,0.53,1.7,0.68,0.54,0.48,0.52,0.23,1.04,0.58,0.33,0.19,0.09,1.48,4.18,2.52,2.09,1.11,0.77,,,,,,,0.0,0.07,0.02,0.0,0.0,0.0,0.0,0.05,0.01,0.0,0.0,0.0,0.02,0.23,0.08,0.03,0.01,0.01,0.02,0.23,0.07,0.03,0.01,0.01,0.25,2.875,0.7000000000000001,0.23076923076923075,0.11111111111111112,0.09090909090909091,0.02,0.06,0.05,0.03,0.02,0.01,0.0,0.07,0.03,0.02,0.01,0.0,1.53,1.53,1.53,1.53,1.53,1.53,Necrotic,Necrotic,Necrotic,Necrotic,Necrotic,Necrotic,Necrotic,Necrotic,Necrotic,Necrotic,Necrotic,Necrotic,false,false,false,false,false,false,Lesion 01 Day 033 AA,Lesion 01 Day 046 AA,Lesion 01 Day 061 AA,Lesion 01 Day 074 AA,Lesion 01 Day 088 AA,Lesion 01 Day 102 AA,3.2396982,8.664853,6,cool
BDQ+DEL,BQ51,2,-316.78,-122.14,-162.77,-173.3,-204.56,-198.55,-325.0,-70.0,-100.0,-117.0,-184.0,-157.0,132.62,154.45,175.16,172.3,163.21,180.74,0.67,2.2,1.2,1.19,0.86,0.85,0.59,1.88,0.77,0.77,0.63,0.67,0.2,1.15,0.83,0.92,0.59,0.5,1.56,4.97,4.07,4.84,3.81,3.61,,,,,,,0.0,0.11,0.04,0.03,0.01,0.01,0.0,0.08,0.03,0.02,0.01,0.0,0.04,0.36,0.17,0.15,0.08,0.09,0.04,0.35,0.17,0.13,0.08,0.04,0.5,4.375,1.7,1.0,0.888888888888889,0.36363636363636365,0.05,0.05,0.05,0.05,0.05,0.04,0.01,0.12,0.09,0.07,0.04,0.05,1.43,1.43,1.43,1.43,1.43,1.43,Fibrotic,Fibrotic,Fibrotic,Fibrotic,Fibrotic,Fibrotic,Fibrotic,Fibrotic,Fibrotic,Fibrotic,Fibrotic,Fibrotic,false,false,false,false,false,false,Lesion 02 Day 033 AA,Lesion 02 Day 046 AA,Lesion 02 Day 061 AA,Lesion 02 Day 074 AA,Lesion 02 Day 088 AA,Lesion 02 Day 102 AA,1.1343466,9.969455,4,hot
BDQ+DEL,BQ51,3,-445.55,-291.91,-351.72,-463.97,-420.2,-514.1,-459.0,-304.0,-370.0,-480.0,-428.0,-517.0,102.7,130.51,133.7,104.57,79.82,93.94,0.73,0.68,0.48,0.52,0.89,0.63,0.72,0.68,0.48,0.52,0.85,0.61,0.11,0.06,0.03,0.05,0.22,0.1,1.03,0.84,0.56,0.64,1.57,0.93,,,,,,,0.0,0.0,0.0,0.0,0.0,0.0,0.0,0.0,0.0,0.0,0.0,0.0,0.0,0.01,0.0,0.0,0.01,0.0,0.0,0.01,0.0,0.0,0.01,0.0,0.0,0.125,0.0,0.0,0.11111111111111112,0.0,0.0,0.01,0.01,0.0,0.0,0.0,0.0,0.0,0.0,0.0,0.0,0.0,0.48,0.48,0.48,0.48,0.48,0.48,Fibrotic,Fibrotic,Fibrotic,Fibrotic,Fibrotic,Fibrotic,Fibrotic,Fibrotic,Fibrotic,Fibrotic,Fibrotic,Fibrotic,false,false,false,false,false,false,Lesion 03 Day 033 AA,Lesion 03 Day 046 AA,Lesion 03 Day 061 AA,Lesion 03 Day 074 AA,Lesion 03 Day 088 AA,Lesion 03 Day 102 AA,9.311644,8.8414545,3,cool
BDQ+DEL,BQ51,4,-292.24,-180.36,-174.09,-166.26,-194.87,-200.04,-317.0,-144.0,-119.0,-112.0,-159.0,-140.0,169.32,171.72,178.86,173.54,176.22,193.91,1.21,2.34,1.38,1.3,1.41,1.32,0.82,2.2,1.0,0.81,0.84,0.86,0.88,1.09,0.91,1.01,1.27,1.14,4.8,5.98,4.42,4.25,6.5,6.6,,,,,,,0.08,0.6,0.24,0.13,0.11,0.11,0.05,0.47,0.17,0.1,0.08,0.08,0.42,1.97,1.04,0.61,0.54,0.55,0.39,1.9,0.98,0.57,0.52,0.2,4.875,23.75,9.799999999999999,4.384615384615384,5.777777777777779,1.8181818181818183,0.25,0.36,0.32,0.19,0.18,0.16,0.09,0.43,0.39,0.24,0.19,0.22,2.07,2.07,2.07,2.07,2.07,2.07,Cavity,Cavity,Cavity,Cavity,Cavity,Cavity,Cavity,Cavity,Cavity,Cavity,Cavity,Cavity,false,false,false,false,false,false,Lesion 04 Day 033 AA,Lesion 04 Day 046 AA,Lesion 04 Day 061 AA,Lesion 04 Day 074 AA,Lesion 04 Day 088 AA,Lesion 04 Day 102 AA,-5.088585,9.110999,5,hot
BDQ+DEL,BQ51,5,-562.49,-411.88,-428.84,-492.59,-583.78,-507.72,-571.0,-423.0,-435.0,-511.0,-591.0,-527.0,61.84,110.94,111.84,101.01,96.2,95.12,0.38,0.74,0.37,0.34,0.37,0.5,0.38,0.7,0.37,0.34,0.37,0.5,0.02,0.18,0.02,0.02,0.03,0.07,0.43,1.18,0.46,0.39,0.44,0.69,,,,,,,0.0,0.0,0.0,0.0,0.0,0.0,0.0,0.0,0.0,0.0,0.0,0.0,0.01,0.01,0.0,0.0,0.0,0.0,0.0,0.01,0.0,0.0,0.0,0.0,0.0,0.125,0.0,0.0,0.0,0.0,0.0,0.01,0.01,0.0,0.0,0.0,0.0,0.0,0.0,0.0,0.0,0.0,0.48,0.48,0.48,0.48,0.48,0.48,Fibrotic,Fibrotic,Fibrotic,Fibrotic,Fibrotic,Fibrotic,Fibrotic,Fibrotic,Fibrotic,Fibrotic,Fibrotic,Fibrotic,false,false,false,false,false,false,Lesion 05 Day 033 AA,Lesion 05 Day 046 AA,Lesion 05 Day 061 AA,Lesion 05 Day 074 AA,Lesion 05 Day 088 AA,Lesion 05 Day 102 AA,11.752652,7.293824,7,cool
BDQ+DEL,BQ51,6,-336.12,-248.94,-235.12,-296.9,-411.9,-346.43,-360.0,-271.0,-238.0,-313.0,-430.0,-373.0,136.93,165.65,166.11,162.98,156.2,122.59,0.6,1.65,0.85,0.6,0.43,0.6,0.59,1.65,0.84,0.6,0.43,0.59,0.07,0.22,0.12,0.05,0.04,0.05,0.76,2.36,1.2,0.7,0.52,0.72,,,,,,,0.0,0.01,0.0,0.0,0.0,0.0,0.0,0.0,0.0,0.0,0.0,0.0,0.01,0.03,0.01,0.01,0.0,0.0,0.01,0.03,0.01,0.01,0.0,0.0,0.125,0.375,0.09999999999999999,0.07692307692307693,0.0,0.0,0.01,0.01,0.01,0.01,0.01,0.0,0.0,0.01,0.01,0.0,0.0,0.0,0.78,0.78,0.78,0.78,0.78,0.78,Fibrotic,Fibrotic,Fibrotic,Fibrotic,Fibrotic,Fibrotic,Fibrotic,Fibrotic,Fibrotic,Fibrotic,Fibrotic,Fibrotic,false,false,false,false,false,false,Lesion 06 Day 033 AA,Lesion 06 Day 046 AA,Lesion 06 Day 061 AA,Lesion 06 Day 074 AA,Lesion 06 Day 088 AA,Lesion 06 Day 102 AA,4.844391,5.3905067,10,cool
BDQ+DEL,BQ51,7,-202.61,-106.31,-108.75,-106.54,-147.84,-179.12,-189.0,-55.0,-52.0,-75.0,-106.0,-127.0,156.93,144.45,160.54,139.28,151.19,159.49,1.01,2.35,1.43,1.19,0.9,0.67,0.94,2.28,1.19,1.02,0.88,0.67,0.31,0.93,0.65,0.46,0.16,0.11,2.05,4.43,3.51,2.93,1.81,0.95,,,,,,,0.01,0.13,0.04,0.02,0.0,0.0,0.0,0.1,0.03,0.01,0.0,0.0,0.07,0.4,0.17,0.12,0.05,0.03,0.06,0.39,0.17,0.12,0.05,0.01,0.75,4.875,1.7,0.923076923076923,0.5555555555555556,0.09090909090909091,0.04,0.04,0.03,0.02,0.02,0.02,0.03,0.12,0.1,0.08,0.04,0.03,0.78,0.78,0.78,0.78,0.78,0.78,Fibrotic,Fibrotic,Fibrotic,Fibrotic,Fibrotic,Fibrotic,Fibrotic,Fibrotic,Fibrotic,Fibrotic,Fibrotic,Fibrotic,false,false,false,false,false,false,Lesion 07 Day 033 AA,Lesion 07 Day 046 AA,Lesion 07 Day 061 AA,Lesion 07 Day 074 AA,Lesion 07 Day 088 AA,Lesion 07 Day 102 AA,0.85299444,10.321631,4,hot
BDQ+DEL,BQ51,8,-415.63,-241.33,-253.0,-340.06,-542.0,-560.75,-421.0,-234.0,-262.0,-350.0,-568.0,-576.0,146.83,178.29,166.55,154.47,119.25,95.27,0.5,1.13,0.62,0.57,0.49,0.5,0.49,1.1,0.61,0.57,0.49,0.5,0.04,0.19,0.06,0.04,0.04,0.02,0.61,1.58,0.75,0.67,0.58,0.55,,,,,,,0.0,0.0,0.0,0.0,0.0,0.0,0.0,0.0,0.0,0.0,0.0,0.0,0.01,0.02,0.01,0.0,0.0,0.0,0.0,0.02,0.01,0.0,0.0,0.0,0.0,0.25,0.09999999999999999,0.0,0.0,0.0,0.01,0.01,0.01,0.0,0.0,0.0,0.0,0.01,0.0,0.0,0.0,0.0,0.48,0.48,0.48,0.48,0.48,0.48,Fibrotic,Fibrotic,Fibrotic,Fibrotic,Fibrotic,Fibrotic,Fibrotic,Fibrotic,Fibrotic,Fibrotic,Fibrotic,Fibrotic,false,false,false,false,false,false,Lesion 08 Day 033 AA,Lesion 08 Day 046 AA,Lesion 08 Day 061 AA,Lesion 08 Day 074 AA,Lesion 08 Day 088 AA,Lesion 08 Day 102 AA,6.2413177,5.5462003,9,cool
BDQ+DEL,BQ51,9,-578.2,-303.56,-384.41,-452.47,-618.65,-639.04,-585.0,-336.0,-397.0,-472.0,-627.0,-645.0,94.83,166.93,134.07,109.13,89.98,84.35,0.46,0.65,0.55,0.56,0.48,0.46,0.45,0.66,0.54,0.55,0.46,0.46,0.05,0.11,0.07,0.06,0.09,0.05,0.6,0.96,0.75,0.71,0.8,0.6,,,,,,,0.0,0.0,0.0,0.0,0.0,0.0,0.0,0.0,0.0,0.0,0.0,0.0,0.01,0.01,0.0,0.0,0.01,0.01,0.0,0.01,0.0,0.0,0.0,0.0,0.0,0.125,0.0,0.0,0.0,0.0,0.0,0.01,0.01,0.0,0.0,0.0,0.0,0.0,0.0,0.0,0.0,0.0,0.48,0.48,0.48,0.48,0.48,0.48,Scar,Scar,Scar,Scar,Scar,Scar,Scar,Scar,Scar,Scar,Scar,Scar,true,true,true,true,true,true,Lesion 09z10 Day 033 AA,Lesion 09z10 Day 046 AA,Lesion 09z10 Day 061 AA,Lesion 09z10 Day 074 AA,Lesion 09z10 Day 088 AA,Lesion 09z10 Day 102 AA,8.144088,5.5718675,8,cool
BDQ+DEL,BQ51,11,-215.8,-374.59,-249.81,-261.23,-382.5,-338.07,-200.0,-392.0,-254.0,-260.0,-389.0,-351.0,151.98,130.57,158.8,151.8,107.36,131.73,0.83,0.67,0.71,0.7,0.75,0.74,0.73,0.65,0.64,0.64,0.67,0.61,0.35,0.12,0.29,0.24,0.28,0.32,2.65,1.13,1.81,1.85,1.94,2.24,,,,,,,0.01,0.0,0.01,0.0,0.0,0.0,0.0,0.0,0.0,0.0,0.0,0.0,0.16,0.14,0.31,0.14,0.08,0.07,0.16,0.11,0.3,0.13,0.07,0.06,2.0,1.375,2.9999999999999996,1.0,0.7777777777777779,0.5454545454545454,0.12,0.14,0.27,0.13,0.11,0.08,0.08,0.01,0.13,0.06,0.0,0.01,0.48,0.48,0.48,0.48,0.48,0.48,Scar,Scar,Scar,Scar,Scar,Scar,Scar,Scar,Scar,Scar,Scar,Scar,false,false,false,false,false,false,Lesion 11 Day 033 AA,Lesion 11 Day 046 AA,Lesion 11 Day 061 AA,Lesion 11 Day 074 AA,Lesion 11 Day 088 AA,Lesion 11 Day 102 AA,7.4586663,8.529347,3,cool
BDQ+DEL,BQ51,12,-509.05,-254.08,-348.73,-317.07,-508.69,-390.47,-510.0,-257.0,-359.0,-313.0,-503.0,-413.0,126.29,150.48,149.25,159.95,150.77,159.29,0.4,0.66,0.4,0.44,0.38,0.47,0.4,0.6,0.4,0.44,0.38,0.47,0.03,0.12,0.03,0.04,0.03,0.04,0.48,0.95,0.47,0.55,0.46,0.57,,,,,,,0.0,0.0,0.0,0.0,0.0,0.0,0.0,0.0,0.0,0.0,0.0,0.0,0.0,0.01,0.01,0.0,0.0,0.0,0.0,0.01,0.0,0.0,0.0,0.0,0.0,0.125,0.0,0.0,0.0,0.0,0.0,0.01,0.01,0.01,0.0,0.0,0.0,0.0,0.0,0.0,0.0,0.0,0.48,0.48,0.48,0.48,0.48,0.48,Fibrotic,Fibrotic,Fibrotic,Fibrotic,Fibrotic,Fibrotic,Fibrotic,Fibrotic,Fibrotic,Fibrotic,Fibrotic,Fibrotic,false,false,false,false,false,false,Lesion 12 Day 033 AA,Lesion 12 Day 046 AA,Lesion 12 Day 061 AA,Lesion 12 Day 074 AA,Lesion 12 Day 088 AA,Lesion 12 Day 102 AA,7.607207,8.061502,3,cool
BDQ+DEL,BQ51,13,-624.31,-399.57,-512.61,-592.17,-676.63,-676.16,-634.0,-411.0,-516.0,-596.0,-682.0,-679.0,110.69,126.35,102.53,87.06,87.97,74.99,0.4,0.59,0.35,0.42,0.42,0.44,0.4,0.58,0.35,0.42,0.42,0.44,0.03,0.07,0.03,0.03,0.04,0.03,0.47,0.76,0.45,0.47,0.49,0.54,,,,,,,0.0,0.0,0.0,0.0,0.0,0.0,0.0,0.0,0.0,0.0,0.0,0.0,0.0,0.0,0.0,0.0,0.0,0.0,0.0,0.0,0.0,0.0,0.0,0.0,0.0,0.0,0.0,0.0,0.0,0.0,0.0,0.01,0.0,0.0,0.0,0.0,0.0,0.0,0.0,0.0,0.0,0.0,0.48,0.48,0.48,0.48,0.48,0.48,Scar,Scar,Scar,Scar,Scar,Scar,Scar,Scar,Scar,Scar,Scar,Scar,false,false,false,false,false,false,Lesion 13 Day 033 AA,Lesion 13 Day 046 AA,Lesion 13 Day 061 AA,Lesion 13 Day 074 AA,Lesion 13 Day 088 AA,Lesion 13 Day 102 AA,10.963542,6.5073614,7,cool
BDQ+DEL,BQ51,14,-470.47,-357.1,-248.03,-345.75,-521.52,-386.01,-490.0,-369.0,-251.0,-367.0,-527.0,-391.0,147.92,131.19,157.44,134.81,146.27,145.58,0.43,0.87,0.45,0.54,0.49,0.51,0.43,0.75,0.44,0.53,0.46,0.51,0.06,0.36,0.06,0.1,0.1,0.07,0.6,1.86,0.68,0.83,0.77,0.65,,,,,,,0.0,0.0,0.0,0.0,0.0,0.0,0.0,0.0,0.0,0.0,0.0,0.0,0.01,0.03,0.03,0.01,0.01,0.01,0.01,0.03,0.03,0.01,0.0,0.01,0.125,0.375,0.3,0.07692307692307693,0.0,0.09090909090909091,0.01,0.03,0.05,0.01,0.01,0.01,0.0,0.0,0.02,0.0,0.0,0.0,0.48,0.48,0.48,0.48,0.48,0.48,Fibrotic,Fibrotic,Fibrotic,Fibrotic,Fibrotic,Fibrotic,Fibrotic,Fibrotic,Fibrotic,Fibrotic,Fibrotic,Fibrotic,false,false,false,false,false,false,Lesion 14 Day 033 AA,Lesion 14 Day 046 AA,Lesion 14 Day 061 AA,Lesion 14 Day 074 AA,Lesion 14 Day 088 AA,Lesion 14 Day 102 AA,10.917894,7.13629,7,cool
BDQ+DEL,BQ51,15,-570.21,-369.92,-497.99,-459.0,-650.36,-628.97,-564.0,-377.0,-508.0,-474.0,-649.0,-645.0,125.92,122.81,100.15,80.83,71.36,86.51,0.33,0.77,0.36,0.37,0.35,0.34,0.33,0.78,0.36,0.37,0.35,0.34,0.02,0.14,0.04,0.02,0.03,0.02,0.38,1.12,0.44,0.43,0.42,0.38,,,,,,,0.0,0.0,0.0,0.0,0.0,0.0,0.0,0.0,0.0,0.0,0.0,0.0,0.0,0.01,0.0,0.0,0.0,0.0,0.0,0.01,0.0,0.0,0.0,0.0,0.0,0.125,0.0,0.0,0.0,0.0,0.0,0.01,0.0,0.0,0.0,0.0,0.0,0.0,0.0,0.0,0.0,0.0,0.48,0.48,0.48,0.48,0.48,0.48,Scar,Scar,Scar,Scar,Scar,Scar,Scar,Scar,Scar,Scar,Scar,Scar,false,false,false,false,false,false,Lesion 15 Day 033 AA,Lesion 15 Day 046 AA,Lesion 15 Day 061 AA,Lesion 15 Day 074 AA,Lesion 15 Day 088 AA,Lesion 15 Day 102 AA,11.0212145,7.344366,7,cool
BDQ+DEL,BQ51,16,-544.97,-276.53,-281.73,-352.91,-528.22,-364.12,-548.0,-282.0,-289.0,-372.0,-556.0,-373.0,105.21,167.34,160.8,182.52,166.82,252.4,0.38,1.05,0.48,0.39,0.33,0.46,0.36,1.02,0.43,0.38,0.33,0.46,0.04,0.35,0.13,0.07,0.06,0.09,0.51,1.91,0.86,0.54,0.47,0.66,,,,,,,0.0,0.0,0.0,0.0,0.0,0.0,0.0,0.0,0.0,0.0,0.0,0.0,0.01,0.03,0.01,0.01,0.0,0.01,0.0,0.03,0.01,0.0,0.0,0.0,0.0,0.375,0.09999999999999999,0.0,0.0,0.0,0.01,0.02,0.02,0.01,0.0,0.0,0.0,0.01,0.01,0.0,0.0,0.0,0.48,0.48,0.48,0.48,0.48,0.48,Scar,Scar,Scar,Scar,Scar,Scar,Scar,Scar,Scar,Scar,Scar,Scar,true,true,true,true,true,true,Lesion 16z17 Day 033 AA,Lesion 16z17 Day 046 AA,Lesion 16z17 Day 061 AA,Lesion 16z17 Day 074 AA,Lesion 16z17 Day 088 AA,Lesion 16z17 Day 102 AA,7.905332,5.5037336,8,cool
BDQ+DEL,BQ51,18,-327.71,-84.75,-84.6,-133.84,-204.28,-108.28,-334.0,-34.0,-28.0,-72.0,-175.0,-56.0,150.87,142.16,152.25,161.39,167.03,157.28,1.03,3.08,2.0,1.69,1.47,1.93,0.88,3.08,1.61,1.39,1.15,1.85,0.59,1.45,1.38,1.15,1.14,1.16,3.74,7.38,6.02,4.92,5.69,4.83,,,,,,,0.09,0.74,0.48,0.28,0.17,0.3,0.05,0.64,0.4,0.22,0.11,0.25,0.49,2.8,1.79,1.05,0.65,1.03,0.42,2.78,1.78,1.02,0.61,0.14,5.25,34.75,17.8,7.846153846153846,6.777777777777778,1.272727272727273,0.35,0.2,0.2,0.2,0.23,0.13,0.07,0.7,0.71,0.42,0.19,0.39,3.14,3.14,3.14,3.14,3.14,3.14,Cavity,Cavity,Cavity,Cavity,Cavity,Cavity,Cavity,Cavity,Cavity,Cavity,Cavity,Cavity,false,false,false,false,false,false,Lesion 18 Day 033 AA,Lesion 18 Day 046 AA,Lesion 18 Day 061 AA,Lesion 18 Day 074 AA,Lesion 18 Day 088 AA,Lesion 18 Day 102 AA,-3.5403638,6.8504314,0,hot
DEL+OPC,BQ55,1,-117.11,-64.22,-45.43,-65.39,-105.78,-109.91,-64.0,-19.0,-8.0,-13.0,-28.0,-41.0,143.35,133.14,137.82,157.32,184.15,184.34,1.72,3.17,2.4,2.1,2.74,1.87,1.36,3.14,2.42,2.21,2.87,1.81,1.06,1.61,0.99,0.96,1.26,0.9,4.86,6.78,4.9,4.19,5.78,4.86,0.62,1.53,1.61,1.1,1.44,1.02,0.62,1.53,1.61,1.1,1.44,1.02,0.46,1.32,1.31,0.93,1.27,0.74,2.42,6.0,5.05,3.51,5.05,3.18,2.41,5.98,5.03,3.48,4.87,3.05,0.12757201646090535,0.22566371681415928,0.32857142857142857,0.26252983293556087,0.2491349480968858,0.20816326530612245,0.44,0.33,0.29,0.33,0.44,0.43,0.96,1.56,1.82,1.29,1.34,1.19,,,,,,4.42,Cavity,Cavity,Cavity,Cavity,Cavity,Cavity,Cavity,Cavity,Cavity,Cavity,Cavity,Cavity,false,false,false,false,false,false,Lesion 01 Day 035 FG,Lesion 01 Day 046 FG,Lesion 01 Day 060 FG,Lesion 01 Day 074 FG,Lesion 01 Day 088 FG,Lesion 01 Day 103 FG,-5.261894,6.43359,0,hot
DEL+OPC,BQ55,2,-158.71,-73.72,-58.52,-68.73,-58.04,-58.61,-106.0,-17.0,-6.0,-10.0,-1.0,-9.0,178.06,157.07,152.79,161.8,150.05,153.72,2.29,3.4,2.34,2.3,3.24,2.59,2.15,3.31,2.3,2.23,3.18,2.49,0.77,1.61,0.77,0.98,1.23,0.87,4.02,7.29,4.28,4.75,6.1,4.82,0.18,0.4,0.37,0.23,0.34,0.45,0.18,0.4,0.37,0.23,0.34,0.45,0.12,0.34,0.28,0.18,0.29,0.33,0.51,1.55,1.02,0.75,1.18,1.29,0.5,1.51,1.0,0.74,1.17,1.26,0.04477611940298508,0.054869684499314134,0.08644859813084112,0.04842105263157895,0.055737704918032795,0.09336099585062241,0.09,0.09,0.09,0.07,0.08,0.1,0.12,0.36,0.34,0.26,0.29,0.41,,,,,,3.93,Necrotic,Necrotic,Necrotic,Necrotic,Necrotic,Necrotic,Necrotic,Necrotic,Necrotic,Necrotic,Necrotic,Necrotic,false,false,false,false,false,false,Lesion 02 Day 035 FG,Lesion 02 Day 046 FG,Lesion 02 Day 060 FG,Lesion 02 Day 074 FG,Lesion 02 Day 088 FG,Lesion 02 Day 103 FG,-1.4191029,7.3748145,0,hot
DEL+OPC,BQ55,3,-419.24,-346.3,-354.13,-445.79,-512.64,-353.91,-430.0,-367.0,-375.0,-463.0,-503.0,-346.0,100.6,138.86,167.92,101.33,94.93,126.18,0.91,1.17,1.35,0.8,1.21,1.78,0.89,1.15,1.33,0.81,1.21,1.74,0.1,0.1,0.21,0.13,0.08,0.39,1.19,1.52,1.77,1.15,1.32,3.08,0.0,0.0,0.0,0.0,0.0,0.0,0.0,0.0,0.0,0.0,0.0,0.0,0.0,0.0,0.0,0.0,0.0,0.0,0.0,0.01,0.01,0.0,0.0,0.01,0.0,0.01,0.01,0.0,0.0,0.01,0.0,0.0,0.0,0.0,0.0,0.0,0.0,0.0,0.0,0.0,0.0,0.01,0.0,0.0,0.0,0.0,0.0,0.0,,,,,,0.48,Fibrotic,Fibrotic,Fibrotic,Fibrotic,Fibrotic,Fibrotic,Fibrotic,Fibrotic,Fibrotic,Fibrotic,Fibrotic,Fibrotic,false,false,false,false,false,false,Lesion 03 Day 035 FG,Lesion 03 Day 046 FG,Lesion 03 Day 060 FG,Lesion 03 Day 074 FG,Lesion 03 Day 088 FG,Lesion 03 Day 103 FG,10.747338,6.5256424,7,cool
DEL+OPC,BQ55,4,-181.43,-124.62,-174.81,-209.17,-144.88,-132.03,-143.0,-62.0,-131.0,-197.0,-87.0,-80.0,167.14,164.16,181.17,175.24,179.18,178.15,1.14,2.52,1.84,1.63,2.38,1.95,1.02,2.23,1.74,1.42,2.06,1.6,0.58,1.39,0.86,0.94,1.51,1.3,3.75,6.37,5.0,5.33,7.13,6.14,0.25,1.35,0.98,0.73,1.12,0.99,0.25,1.35,0.98,0.73,1.12,0.99,0.1,1.08,0.67,0.47,0.9,0.74,1.29,4.86,3.16,2.57,4.17,3.64,1.23,4.76,3.06,2.47,4.11,3.56,0.06666666666666667,0.2119309262166405,0.196,0.13696060037523453,0.15708274894810662,0.16123778501628666,0.51,0.56,0.73,0.82,0.66,0.67,0.57,1.29,0.88,0.67,1.04,1.14,,,,,,5.0,Cavity,Cavity,Cavity,Cavity,Cavity,Cavity,Cavity,Cavity,Cavity,Cavity,Cavity,Cavity,false,false,false,false,false,false,Lesion 04 Day 035 FG,Lesion 04 Day 046 FG,Lesion 04 Day 060 FG,Lesion 04 Day 074 FG,Lesion 04 Day 088 FG,Lesion 04 Day 103 FG,-5.7331257,8.175207,0,hot
PRE,BR01,1,-128.13,-89.04,-51.07,-44.88,-52.16,-65.63,-72.0,-26.0,1.0,2.0,-9.0,-15.0,159.96,151.45,140.55,141.17,138.31,149.94,1.69,3.4,1.54,3.2,2.82,1.43,1.51,3.17,1.51,2.99,2.74,1.39,0.78,1.51,0.53,1.39,1.1,0.5,5.21,8.07,3.47,7.54,6.11,3.03,1.12,2.67,1.6,2.84,2.3,1.03,1.12,2.67,1.6,2.84,2.3,1.03,0.65,2.33,0.6,2.39,1.91,0.35,3.72,9.75,4.87,9.89,7.35,3.43,3.66,9.66,4.83,9.84,7.28,3.37,0.21497120921305185,0.33085501858736055,0.4610951008645533,0.376657824933687,0.3764320785597381,0.34105960264900664,0.73,0.67,0.51,0.44,0.37,0.42,1.51,2.17,2.6,2.63,2.19,1.94,,,,,,4.233052533222175,Cavity,Cavity,Cavity,Cavity,Cavity,Cavity,Cavity,Cavity,Cavity,Cavity,Cavity,Cavity,true,true,true,true,true,true,Lesion 01z02z03 Day 035 AA,Lesion 01z02z03 Day 046 AA,Lesion 01z02z03 Day 060 AA,Lesion 01z02z03 Day 074 AA,Lesion 01z02z03 Day 088 AA,Lesion 01z02z03 Day 103 AA,-5.7399673,7.3253903,0,hot
PRE,BR01,4,-261.93,-441.55,-411.75,-425.76,-506.75,-558.83,-261.0,-456.0,-434.0,-431.0,-512.0,-564.0,145.87,118.91,89.66,94.46,87.08,92.86,0.65,0.53,0.32,0.43,0.4,0.29,0.64,0.54,0.31,0.43,0.39,0.29,0.08,0.02,0.02,0.03,0.03,0.02,0.86,0.59,0.37,0.52,0.48,0.32,0.0,0.0,0.0,0.0,0.0,0.0,0.0,0.0,0.0,0.0,0.0,0.0,0.0,0.0,0.0,0.0,0.0,0.0,0.09,0.0,0.0,0.0,0.0,0.0,0.09,0.0,0.0,0.0,0.0,0.0,0.0,0.0,0.0,0.0,0.0,0.0,0.1,0.0,0.0,0.0,0.0,0.0,0.03,0.0,0.0,0.0,0.0,0.0,,,,,,0.47712125471966244,Necrotic,Necrotic,Necrotic,Necrotic,Necrotic,Necrotic,Necrotic,Necrotic,Necrotic,Necrotic,Necrotic,Necrotic,false,false,false,false,false,false,Lesion 04 Day 035 AA,Lesion 04 Day 046 AA,Lesion 04 Day 060 AA,Lesion 04 Day 074 AA,Lesion 04 Day 088 AA,Lesion 04 Day 103 AA,11.169537,6.1858954,7,cool
PRE,BR01,6,-398.07,-384.12,-399.29,-443.59,-455.38,-613.32,-420.0,-401.0,-419.0,-448.0,-464.0,-610.0,79.35,85.93,90.79,38.37,36.1,81.68,0.48,0.5,0.35,0.42,0.43,0.42,0.48,0.49,0.35,0.42,0.43,0.42,0.05,0.05,0.03,0.01,0.02,0.05,0.57,0.62,0.42,0.45,0.46,0.55,0.0,0.0,0.0,0.0,0.0,0.0,0.0,0.0,0.0,0.0,0.0,0.0,0.0,0.0,0.0,0.0,0.0,0.0,0.0,0.0,0.0,0.0,0.0,0.0,0.0,0.0,0.0,0.0,0.0,0.0,0.0,0.0,0.0,0.0,0.0,0.0,0.0,0.0,0.0,0.0,0.0,0.0,0.0,0.0,0.0,0.0,0.0,0.0,,,,,,0.47712125471966244,Scar,Scar,Scar,Scar,Scar,Scar,Scar,Scar,Scar,Scar,Scar,Scar,false,false,false,false,false,false,Lesion 06 Day 035 AA,Lesion 06 Day 046 AA,Lesion 06 Day 060 AA,Lesion 06 Day 074 AA,Lesion 06 Day 088 AA,Lesion 06 Day 103 AA,11.610357,8.266098,7,cool
PRE,BR01,7,-44.16,-4.54,18.62,18.02,-36.29,-68.66,-19.0,-2.0,18.0,20.0,-16.0,-30.0,103.5,40.86,36.17,40.13,96.73,126.78,2.26,4.28,1.54,3.99,2.5,1.19,2.23,4.35,1.55,3.98,2.33,1.13,0.72,1.45,0.29,1.03,0.77,0.44,4.86,7.49,2.28,6.38,4.52,3.09,0.11,0.2,0.11,0.16,0.16,0.04,0.11,0.2,0.11,0.16,0.16,0.04,0.08,0.2,0.01,0.16,0.13,0.01,0.31,0.9,0.32,0.67,0.43,0.21,0.31,0.9,0.32,0.67,0.43,0.21,0.022633744855967076,0.0267022696929239,0.048245614035087724,0.025078369905956115,0.03539823008849558,0.014925373134328358,0.02,0.0,0.0,0.0,0.02,0.03,0.12,0.21,0.21,0.16,0.15,0.15,,,,,,1.6720978579357175,Necrotic,Necrotic,Necrotic,Necrotic,Necrotic,Necrotic,Necrotic,Necrotic,Necrotic,Necrotic,Necrotic,Necrotic,false,false,false,false,false,false,Lesion 07 Day 035 AA,Lesion 07 Day 046 AA,Lesion 07 Day 060 AA,Lesion 07 Day 074 AA,Lesion 07 Day 088 AA,Lesion 07 Day 103 AA,-0.506416,10.818853,4,hot
PRE,BR01,8,-534.61,-499.1,-495.51,-516.4,-565.27,-582.26,-525.0,-505.0,-493.0,-521.0,-567.0,-580.0,66.4,96.33,81.21,101.5,86.51,90.19,0.41,0.52,0.36,0.47,0.49,0.44,0.4,0.52,0.36,0.47,0.49,0.42,0.03,0.03,0.03,0.04,0.04,0.06,0.48,0.58,0.42,0.54,0.58,0.6,0.0,0.0,0.0,0.0,0.0,0.0,0.0,0.0,0.0,0.0,0.0,0.0,0.0,0.0,0.0,0.0,0.0,0.0,0.0,0.0,0.0,0.0,0.0,0.0,0.0,0.0,0.0,0.0,0.0,0.0,0.0,0.0,0.0,0.0,0.0,0.0,0.0,0.0,0.0,0.0,0.0,0.0,0.0,0.0,0.0,0.0,0.0,0.0,,,,,,0.47712125471966244,Fibrotic,Fibrotic,Fibrotic,Fibrotic,Fibrotic,Fibrotic,Fibrotic,Fibrotic,Fibrotic,Fibrotic,Fibrotic,Fibrotic,false,false,false,false,false,false,Lesion 08 Day 035 AA,Lesion 08 Day 046 AA,Lesion 08 Day 060 AA,Lesion 08 Day 074 AA,Lesion 08 Day 088 AA,Lesion 08 Day 103 AA,12.120057,6.5476217,7,cool
PRE,BR01,9,-265.08,-208.32,-182.79,-135.22,-157.84,-199.69,-271.0,-180.0,-143.0,-68.0,-97.0,-180.0,150.3,162.9,180.41,175.54,179.8,172.77,0.66,2.43,0.93,2.62,1.99,0.85,0.58,1.73,0.61,2.26,1.92,0.67,0.24,1.87,0.66,1.77,1.04,0.52,1.86,7.61,3.0,7.36,4.95,2.25,0.0,0.15,0.1,0.22,0.16,0.04,0.0,0.15,0.1,0.22,0.16,0.04,0.0,0.12,0.04,0.18,0.12,0.01,0.1,0.65,0.4,0.9,0.5,0.18,0.09,0.63,0.39,0.88,0.48,0.18,0.0,0.01971090670170828,0.03333333333333333,0.029891304347826084,0.03232323232323232,0.017777777777777778,0.1,0.14,0.19,0.11,0.09,0.11,0.04,0.12,0.22,0.22,0.14,0.1,,,,,,2.833784374656479,Necrotic,Necrotic,Necrotic,Necrotic,Necrotic,Necrotic,Necrotic,Necrotic,Necrotic,Necrotic,Necrotic,Necrotic,false,false,false,false,false,false,Lesion 09 Day 035 AA,Lesion 09 Day 046 AA,Lesion 09 Day 060 AA,Lesion 09 Day 074 AA,Lesion 09 Day 088 AA,Lesion 09 Day 103 AA,-3.8182364,8.383371,5,hot
BDQ+DEL+OPC,BR07,1,-153.17,-107.23,-99.83,-59.42,-42.01,-111.3,-91.0,-30.0,-32.0,-3.0,8.0,-40.0,172.92,159.92,155.98,151.13,138.75,167.09,0.8,1.61,1.24,2.28,1.31,1.46,0.77,1.44,0.99,1.69,1.15,1.13,0.22,0.76,0.75,1.53,0.66,0.87,1.76,3.93,3.25,6.39,3.33,3.77,,,,,,,0.0,0.08,0.07,0.12,0.08,0.07,0.0,0.05,0.04,0.1,0.04,0.05,0.05,0.27,0.25,0.53,0.3,0.31,0.05,0.26,0.24,0.52,0.29,0.3,0.2,1.4444444444444446,1.2,2.0,1.3181818181818181,1.1538461538461537,0.02,0.04,0.05,0.05,0.03,0.08,0.04,0.12,0.15,0.17,0.19,0.14,2.09,2.09,2.09,2.09,2.09,2.09,Cavity Consol,Cavity Consol,Cavity Consol,Cavity Consol,Cavity Consol,Cavity Consol,Cavity,Cavity,Cavity,Cavity,Cavity,Cavity,true,true,true,true,true,true,Lesion 01 Day 033 AA,Lesion 01 Day 046 AA,Lesion 01 Day 060 AA,Lesion 01 Day 074 AA,Lesion 01 Day 088 AA,Lesion 01 Day 102 AA,2.8086894,9.606991,6,cool
BDQ+DEL+OPC,BR07,2,-197.26,-118.12,-125.22,-89.45,-96.25,-166.61,-152.0,-41.0,-51.0,-34.0,-34.0,-96.0,166.68,173.86,174.29,148.39,162.64,184.41,1.01,1.69,1.45,2.47,1.24,1.36,0.89,1.64,1.4,2.3,1.26,1.44,0.42,0.7,0.71,1.37,0.52,0.49,2.84,3.51,3.21,5.55,2.37,2.47,,,,,,,0.01,0.15,0.12,0.2,0.1,0.15,0.0,0.09,0.06,0.17,0.02,0.02,0.08,0.46,0.4,0.75,0.33,0.4,0.08,0.44,0.39,0.73,0.32,0.37,0.32,2.4444444444444446,1.95,2.8076923076923075,1.4545454545454546,1.423076923076923,0.04,0.07,0.07,0.07,0.06,0.09,0.04,0.17,0.19,0.23,0.19,0.18,3.23,3.23,3.23,3.23,3.23,3.23,Cavity Consol,Cavity Consol,Cavity Consol,Cavity Consol,Cavity Consol,Cavity Consol,Cavity,Cavity,Cavity,Cavity,Cavity,Cavity,true,true,true,true,true,true,Lesion 02 Day 033 AA,Lesion 02 Day 046 AA,Lesion 02 Day 060 AA,Lesion 02 Day 074 AA,Lesion 02 Day 088 AA,Lesion 02 Day 102 AA,2.432151,9.192524,6,cool
BDQ+DEL+OPC,BR07,3,-247.33,-115.01,-189.62,-173.77,-190.69,-210.41,-216.0,-75.0,-150.0,-132.0,-148.0,-189.0,177.13,123.3,156.42,164.81,163.93,158.12,0.7,1.34,0.97,1.94,1.25,1.0,0.66,1.25,0.88,1.74,1.15,0.87,0.12,0.54,0.43,0.89,0.51,0.4,1.01,2.81,2.3,3.81,2.78,2.42,,,,,,,0.0,0.02,0.01,0.03,0.01,0.01,0.0,0.01,0.0,0.03,0.01,0.0,0.01,0.07,0.05,0.11,0.06,0.04,0.01,0.07,0.04,0.1,0.06,0.04,0.04,0.38888888888888895,0.19999999999999998,0.38461538461538464,0.2727272727272727,0.15384615384615385,0.01,0.02,0.02,0.02,0.02,0.02,0.01,0.04,0.02,0.03,0.02,0.02,2.06,2.06,2.06,2.06,2.06,2.06,Necrotic,Necrotic,Necrotic,Necrotic,Necrotic,Necrotic,Necrotic,Necrotic,Necrotic,Necrotic,Necrotic,Necrotic,false,false,false,false,false,false,Lesion 03 Day 033 AA,Lesion 03 Day 046 AA,Lesion 03 Day 060 AA,Lesion 03 Day 074 AA,Lesion 03 Day 088 AA,Lesion 03 Day 102 AA,3.7660043,11.133924,4,hot
BDQ+DEL+OPC,BR07,4,-295.3,-219.72,-269.12,-240.5,-223.6,-241.04,-312.0,-214.0,-272.0,-235.0,-211.0,-247.0,155.69,155.95,164.44,166.94,175.09,158.8,0.44,0.91,0.59,1.19,0.7,0.88,0.43,0.85,0.55,1.13,0.75,0.8,0.05,0.31,0.19,0.54,0.19,0.36,0.64,1.6,1.05,2.41,1.06,2.01,,,,,,,0.0,0.0,0.0,0.01,0.0,0.0,0.0,0.0,0.0,0.01,0.0,0.0,0.01,0.04,0.03,0.06,0.03,0.07,0.01,0.04,0.03,0.06,0.03,0.07,0.04,0.22222222222222224,0.15,0.23076923076923075,0.13636363636363635,0.2692307692307693,0.01,0.03,0.03,0.03,0.02,0.05,0.01,0.02,0.01,0.02,0.02,0.03,2.46,2.46,2.46,2.46,2.46,2.46,Necrotic,Necrotic,Necrotic,Necrotic,Necrotic,Necrotic,Necrotic,Necrotic,Necrotic,Necrotic,Necrotic,Necrotic,false,false,false,false,false,false,Lesion 04 Day 033 AA,Lesion 04 Day 046 AA,Lesion 04 Day 060 AA,Lesion 04 Day 074 AA,Lesion 04 Day 088 AA,Lesion 04 Day 102 AA,6.8572764,7.9715605,9,cool
BDQ+DEL+OPC,BR07,5,-371.97,-286.29,-278.12,-266.75,-274.09,-264.25,-389.0,-300.0,-290.0,-284.0,-284.0,-273.0,114.12,154.23,154.39,168.34,168.1,162.29,0.75,1.2,0.95,1.91,1.24,1.73,0.62,1.13,0.87,1.77,1.0,1.45,0.32,0.41,0.42,0.67,0.64,1.06,1.87,2.89,2.77,3.67,3.72,4.59,,,,,,,0.0,0.03,0.01,0.07,0.02,0.09,0.0,0.01,0.0,0.04,0.01,0.06,0.02,0.14,0.09,0.2,0.11,0.31,0.02,0.13,0.08,0.18,0.1,0.3,0.08,0.7222222222222223,0.39999999999999997,0.6923076923076923,0.4545454545454546,1.1538461538461537,0.03,0.08,0.06,0.06,0.05,0.11,0.0,0.03,0.02,0.03,0.03,0.04,0.78,0.78,0.78,0.78,0.78,0.78,Necrotic,Necrotic,Necrotic,Necrotic,Necrotic,Necrotic,Necrotic,Necrotic,Necrotic,Necrotic,Necrotic,Necrotic,false,false,false,false,false,false,Lesion 05 Day 033 AA,Lesion 05 Day 046 AA,Lesion 05 Day 060 AA,Lesion 05 Day 074 AA,Lesion 05 Day 088 AA,Lesion 05 Day 102 AA,8.630529,7.727026,3,cool
BDQ+DEL+OPC,BR07,6,-622.65,-403.28,-445.53,-508.23,-479.68,-675.03,-620.0,-408.0,-458.0,-519.0,-506.0,-674.0,73.36,97.53,69.19,87.78,135.62,65.0,0.31,0.42,0.25,0.49,0.37,0.35,0.3,0.41,0.25,0.49,0.36,0.34,0.03,0.06,0.02,0.04,0.04,0.03,0.38,0.58,0.3,0.58,0.53,0.41,,,,,,,0.0,0.0,0.0,0.0,0.0,0.0,0.0,0.0,0.0,0.0,0.0,0.0,0.0,0.01,0.0,0.0,0.0,0.0,0.0,0.0,0.0,0.0,0.0,0.0,0.0,0.0,0.0,0.0,0.0,0.0,0.0,0.01,0.01,0.0,0.0,0.0,0.0,0.0,0.0,0.0,0.0,0.0,0.48,0.48,0.48,0.48,0.48,0.48,Fibrotic,Fibrotic,Fibrotic,Fibrotic,Fibrotic,Fibrotic,Fibrotic,Fibrotic,Fibrotic,Fibrotic,Fibrotic,Fibrotic,false,false,false,false,false,false,Lesion 06 Day 033 AA,Lesion 06 Day 046 AA,Lesion 06 Day 060 AA,Lesion 06 Day 074 AA,Lesion 06 Day 088 AA,Lesion 06 Day 102 AA,11.482241,8.111349,7,cool
BDQ+DEL+OPC,BR07,7,-115.81,-63.52,-79.59,-47.22,-45.76,-48.28,-49.0,-9.0,-12.0,1.0,5.0,-1.0,154.34,144.03,162.31,137.16,145.2,136.18,1.09,1.77,1.33,2.59,1.39,1.42,0.82,1.63,1.18,2.3,1.31,1.43,0.79,0.88,0.77,1.53,0.66,0.51,5.0,4.42,3.46,6.28,3.28,3.12,,,,,,,0.04,0.29,0.2,0.42,0.23,0.21,0.02,0.2,0.1,0.35,0.1,0.05,0.25,0.95,0.67,1.67,0.73,0.65,0.24,0.94,0.65,1.64,0.72,0.65,0.96,5.222222222222222,3.25,6.3076923076923075,3.2727272727272725,2.5,0.06,0.09,0.1,0.08,0.08,0.06,0.15,0.44,0.38,0.55,0.44,0.4,2.43,2.43,2.43,2.43,2.43,2.43,Cavity Consol,Cavity Consol,Cavity Consol,Cavity Consol,Cavity Consol,Cavity Consol,Cavity,Cavity,Cavity,Cavity,Cavity,Cavity,true,true,true,true,true,true,Lesion 07z08z09 Day 033 AA,Lesion 07z08z09 Day 046 AA,Lesion 07z08z09 Day 060 AA,Lesion 07z08z09 Day 074 AA,Lesion 07z08z09 Day 088 AA,Lesion 07z08z09 Day 102 AA,-1.7927084,9.506605,14,hot
BDQ+DEL+OPC,BR07,10,-227.11,-117.55,-110.77,-105.88,-125.72,-309.24,-215.0,-47.0,-51.0,-54.0,-61.0,-253.0,176.67,165.22,167.08,168.96,171.21,256.7,1.08,1.74,1.3,2.48,1.3,1.12,0.83,1.66,1.27,2.45,1.33,1.18,0.61,0.75,0.6,1.22,0.47,0.31,3.3,3.84,2.87,5.31,2.46,2.13,,,,,,,0.05,0.26,0.18,0.31,0.14,0.03,0.02,0.16,0.06,0.26,0.02,0.0,0.26,0.77,0.59,1.05,0.49,0.56,0.25,0.74,0.56,1.01,0.47,0.43,1.0,4.111111111111112,2.8000000000000003,3.8846153846153846,2.1363636363636362,1.6538461538461537,0.14,0.12,0.12,0.11,0.1,0.23,0.1,0.3,0.3,0.29,0.25,0.17,2.03,2.03,2.03,2.03,2.03,2.03,Cavity Consol,Cavity Consol,Cavity Consol,Cavity Consol,Cavity Consol,Cavity Consol,Cavity,Cavity,Cavity,Cavity,Cavity,Cavity,true,true,true,true,true,true,Lesion 10 Day 033 AA,Lesion 10 Day 046 AA,Lesion 10 Day 060 AA,Lesion 10 Day 074 AA,Lesion 10 Day 088 AA,Lesion 10 Day 102 AA,-2.99166,9.233267,14,hot
BDQ+DEL+OPC,BR07,11,-368.06,-212.96,-220.03,-229.1,-223.91,-233.96,-381.0,-195.0,-204.0,-204.0,-211.0,-230.0,128.23,171.62,183.97,173.49,179.63,191.88,0.59,1.02,0.6,1.0,0.66,0.63,0.6,0.97,0.51,0.74,0.62,0.57,0.11,0.35,0.27,0.65,0.23,0.21,0.96,1.78,1.33,3.39,1.16,1.32,,,,,,,0.0,0.01,0.0,0.01,0.0,0.0,0.0,0.0,0.0,0.0,0.0,0.0,0.01,0.05,0.03,0.04,0.02,0.02,0.01,0.04,0.02,0.04,0.02,0.02,0.04,0.22222222222222224,0.09999999999999999,0.15384615384615385,0.09090909090909091,0.07692307692307693,0.01,0.02,0.02,0.02,0.02,0.02,0.0,0.02,0.02,0.02,0.01,0.01,2.11,2.11,2.11,2.11,2.11,2.11,Cavity,Cavity,Cavity,Cavity,Cavity,Cavity,Cavity,Cavity,Cavity,Cavity,Cavity,Cavity,false,false,false,false,false,false,Lesion 11 Day 033 AA,Lesion 11 Day 046 AA,Lesion 11 Day 060 AA,Lesion 11 Day 074 AA,Lesion 11 Day 088 AA,Lesion 11 Day 102 AA,5.868808,6.617778,9,cool
BDQ+DEL+OPC,BR07,13,-241.8,-151.41,-200.85,-222.69,-227.36,-256.71,-230.0,-108.0,-168.0,-205.0,-220.0,-261.0,158.46,144.28,164.5,163.97,171.33,173.16,0.49,1.32,0.69,1.42,0.88,0.82,0.47,1.15,0.53,1.08,0.82,0.66,0.08,0.61,0.44,0.91,0.39,0.44,0.85,2.91,2.45,4.15,2.07,2.03,,,,,,,0.0,0.06,0.02,0.06,0.01,0.02,0.0,0.03,0.0,0.04,0.0,0.0,0.04,0.25,0.16,0.26,0.14,0.12,0.04,0.25,0.15,0.25,0.13,0.11,0.16,1.3888888888888888,0.7499999999999999,0.9615384615384615,0.5909090909090909,0.4230769230769231,0.05,0.07,0.11,0.1,0.08,0.09,0.03,0.11,0.1,0.07,0.06,0.05,0.78,0.78,0.78,0.78,0.78,0.78,Cavity Consol,Cavity Consol,Cavity Consol,Cavity Consol,Cavity Consol,Cavity Consol,Cavity,Cavity,Cavity,Cavity,Cavity,Cavity,true,true,true,true,true,true,Lesion 13 Day 033 AA,Lesion 13 Day 046 AA,Lesion 13 Day 060 AA,Lesion 13 Day 074 AA,Lesion 13 Day 088 AA,Lesion 13 Day 102 AA,4.714568,9.987996,6,cool
BDQ+DEL+OPC,BR07,14,-192.16,-47.66,-66.87,-74.57,-65.13,-86.69,-167.0,-11.0,-23.0,-11.0,3.0,-12.0,171.03,117.74,137.59,167.03,172.87,177.25,0.96,1.55,1.47,3.1,2.4,2.34,0.85,1.27,1.32,3.21,2.26,2.25,0.43,0.87,0.82,1.1,0.93,1.07,3.26,3.85,3.38,5.36,4.37,4.97,,,,,,,0.01,0.18,0.14,0.29,0.22,0.21,0.0,0.12,0.09,0.26,0.17,0.16,0.12,0.67,0.45,1.01,0.65,0.66,0.11,0.66,0.44,0.99,0.63,0.65,0.44,3.666666666666667,2.1999999999999997,3.8076923076923075,2.8636363636363638,2.5,0.06,0.05,0.06,0.08,0.05,0.06,0.06,0.38,0.24,0.24,0.21,0.22,2.58,2.58,2.58,2.58,2.58,2.58,Necrotic Consol,Necrotic Consol,Necrotic Consol,Necrotic Consol,Necrotic Consol,Necrotic Consol,Necrotic,Necrotic,Necrotic,Necrotic,Necrotic,Necrotic,true,true,true,true,true,true,Lesion 14 Day 033 AA,Lesion 14 Day 046 AA,Lesion 14 Day 060 AA,Lesion 14 Day 074 AA,Lesion 14 Day 088 AA,Lesion 14 Day 102 AA,-1.3523294,9.889941,14,hot
BDQ+DEL+OPC,BR07,15,-336.88,-221.15,-203.36,-207.22,-213.91,-235.91,-360.0,-195.0,-176.0,-178.0,-203.0,-224.0,143.55,171.34,161.22,180.36,166.14,171.19,0.5,1.54,1.07,1.88,1.1,1.2,0.47,1.4,0.88,1.51,1.01,1.04,0.14,0.7,0.66,1.12,0.48,0.64,1.21,4.26,3.16,5.0,2.42,3.1,,,,,,,0.0,0.33,0.15,0.29,0.11,0.12,0.0,0.18,0.08,0.21,0.03,0.07,0.1,1.16,0.67,1.07,0.53,0.52,0.09,1.1,0.66,1.03,0.51,0.5,0.36,6.111111111111112,3.3,3.9615384615384617,2.3181818181818183,1.923076923076923,0.16,0.39,0.32,0.28,0.26,0.24,0.03,0.32,0.29,0.26,0.2,0.17,3.3,3.3,3.3,3.3,3.3,3.3,Cavity Consol,Cavity Consol,Cavity Consol,Cavity Consol,Cavity Consol,Cavity Consol,Cavity,Cavity,Cavity,Cavity,Cavity,Cavity,true,true,true,true,true,true,Lesion 15z16z17 Day 033 AA,Lesion 15z16z17 Day 046 AA,Lesion 15z16z17 Day 060 AA,Lesion 15z16z17 Day 074 AA,Lesion 15z16z17 Day 088 AA,Lesion 15z16z17 Day 102 AA,-4.6976833,10.181585,5,hot
LIN,BR13,1,-409.06,-285.43,-267.75,-333.1,-319.44,-369.15,-420.0,-299.0,-284.0,-349.0,-328.0,-378.0,104.43,176.77,165.65,154.38,146.67,145.04,0.64,1.33,1.23,0.79,0.6,0.36,0.61,1.05,0.99,0.74,0.58,0.35,0.11,0.79,0.74,0.23,0.11,0.07,0.97,4.55,3.61,1.56,0.94,0.6,,,,,,,0.0,0.03,0.03,0.0,0.0,0.0,0.0,0.02,0.02,0.0,0.0,0.0,0.02,0.15,0.15,0.07,0.03,0.01,0.02,0.13,0.14,0.06,0.03,0.01,0.11764705882352941,0.8666666666666667,0.6666666666666667,0.2,0.125,0.07142857142857142,0.03,0.07,0.08,0.06,0.04,0.03,0.0,0.03,0.04,0.01,0.01,0.0,3.15,3.15,3.15,3.15,3.15,3.15,Fibrotic HWC,Fibrotic HWC,Fibrotic HWC,Fibrotic HWC,Fibrotic HWC,Fibrotic HWC,Fibrotic,Fibrotic,Fibrotic,Fibrotic,Fibrotic,Fibrotic,false,false,false,false,false,false,Lesion 01 Day 033 AA,Lesion 01 Day 046 AA,Lesion 01 Day 061 AA,Lesion 01 Day 074 AA,Lesion 01 Day 090 AA,Lesion 01 Day 102 AA,8.453404,4.5991626,8,cool
LIN,BR13,2,-664.2,-393.36,-359.4,-428.66,-493.14,-617.47,-666.0,-404.0,-384.0,-440.0,-500.0,-616.0,58.57,102.34,119.0,79.04,41.28,65.66,0.5,0.67,0.52,0.41,0.44,0.26,0.49,0.65,0.5,0.4,0.44,0.26,0.03,0.11,0.06,0.02,0.02,0.01,0.63,1.03,0.73,0.47,0.49,0.29,,,,,,,0.0,0.0,0.0,0.0,0.0,0.0,0.0,0.0,0.0,0.0,0.0,0.0,0.01,0.01,0.01,0.0,0.0,0.0,0.0,0.01,0.01,0.0,0.0,0.0,0.0,0.06666666666666667,0.04761904761904762,0.0,0.0,0.0,0.0,0.02,0.02,0.01,0.0,0.0,0.0,0.0,0.0,0.0,0.0,0.0,0.78,0.78,0.78,0.78,0.78,0.78,Fibrotic scar,Fibrotic scar,Fibrotic scar,Fibrotic scar,Fibrotic scar,Fibrotic scar,Fibrotic,Fibrotic,Fibrotic,Fibrotic,Fibrotic,Fibrotic,false,false,false,false,false,false,Lesion 02 Day 033 AA,Lesion 02 Day 046 AA,Lesion 02 Day 061 AA,Lesion 02 Day 074 AA,Lesion 02 Day 090 AA,Lesion 02 Day 102 AA,11.764587,7.9113197,7,cool
LIN,BR13,3,-615.07,-376.46,-377.91,-558.48,-571.2,-614.77,-630.0,-395.0,-388.0,-557.0,-569.0,-620.0,106.24,124.82,98.23,70.12,65.8,53.4,0.5,0.7,0.57,0.45,0.42,0.31,0.49,0.67,0.57,0.45,0.42,0.3,0.03,0.09,0.07,0.04,0.02,0.03,0.59,0.96,0.73,0.57,0.49,0.38,,,,,,,0.0,0.0,0.0,0.0,0.0,0.0,0.0,0.0,0.0,0.0,0.0,0.0,0.01,0.01,0.01,0.0,0.0,0.0,0.0,0.0,0.0,0.0,0.0,0.0,0.0,0.0,0.0,0.0,0.0,0.0,0.0,0.01,0.01,0.0,0.0,0.0,0.0,0.0,0.0,0.0,0.0,0.0,0.48,0.48,0.48,0.48,0.48,0.48,Fibrotic scar,Fibrotic scar,Fibrotic scar,Fibrotic scar,Fibrotic scar,Fibrotic scar,Fibrotic,Fibrotic,Fibrotic,Fibrotic,Fibrotic,Fibrotic,false,false,false,false,false,false,Lesion 03 Day 033 AA,Lesion 03 Day 046 AA,Lesion 03 Day 061 AA,Lesion 03 Day 074 AA,Lesion 03 Day 090 AA,Lesion 03 Day 102 AA,10.944321,6.9574604,7,cool
LIN,BR13,4,-440.4,-279.2,-242.57,-292.8,-275.0,-308.43,-451.0,-288.0,-241.0,-305.0,-269.0,-312.0,101.91,159.45,159.66,145.79,158.12,150.21,0.56,1.37,1.33,0.88,0.83,0.52,0.53,0.87,1.11,0.77,0.76,0.5,0.11,1.1,0.76,0.41,0.33,0.16,0.84,5.89,3.32,1.96,1.6,0.91,,,,,,,0.0,0.07,0.05,0.01,0.0,0.0,0.0,0.05,0.03,0.0,0.0,0.0,0.02,0.37,0.19,0.1,0.05,0.03,0.01,0.35,0.19,0.1,0.05,0.02,0.058823529411764705,2.3333333333333335,0.9047619047619048,0.33333333333333337,0.20833333333333334,0.14285714285714285,0.02,0.19,0.09,0.08,0.04,0.03,0.0,0.06,0.05,0.02,0.02,0.01,3.29,3.29,3.29,3.29,3.29,3.29,Fibrotic,Fibrotic,Fibrotic,Fibrotic,Fibrotic,Fibrotic,Fibrotic,Fibrotic,Fibrotic,Fibrotic,Fibrotic,Fibrotic,false,false,false,false,false,false,Lesion 04 Day 033 AA,Lesion 04 Day 046 AA,Lesion 04 Day 061 AA,Lesion 04 Day 074 AA,Lesion 04 Day 090 AA,Lesion 04 Day 102 AA,-3.560056,11.310226,5,hot
LIN,BR13,5,-123.76,-113.37,-30.13,-52.18,-48.85,-88.38,-71.0,-47.0,-1.0,-2.0,0.0,-29.0,163.38,171.17,108.28,151.42,148.26,158.49,3.54,3.36,3.74,2.67,2.17,1.54,3.73,3.3,3.94,2.71,2.16,1.35,0.93,1.41,1.41,0.95,0.62,0.78,5.0,7.49,6.65,4.4,3.45,3.5,,,,,,,0.2,0.45,0.51,0.37,0.29,0.08,0.19,0.39,0.46,0.31,0.2,0.05,0.72,1.66,2.06,1.18,0.76,0.29,0.71,1.62,2.06,1.17,0.75,0.29,4.1764705882352935,10.8,9.80952380952381,3.9,3.125,2.071428571428571,0.07,0.14,0.06,0.07,0.05,0.04,0.13,0.33,0.49,0.36,0.3,0.14,3.13,3.13,3.13,3.13,3.13,3.13,Fibrotic,Fibrotic,Fibrotic,Fibrotic,Fibrotic,Fibrotic,Fibrotic,Fibrotic,Fibrotic,Fibrotic,Fibrotic,Fibrotic,false,false,false,false,false,false,Lesion 05 Day 033 AA,Lesion 05 Day 046 AA,Lesion 05 Day 061 AA,Lesion 05 Day 074 AA,Lesion 05 Day 090 AA,Lesion 05 Day 102 AA,-2.1211672,6.2499537,0,hot
LIN,BR13,6,-301.97,-137.41,-110.12,-166.83,-173.93,-134.63,-321.0,-83.0,-56.0,-142.0,-121.0,-83.0,147.4,163.0,154.35,173.45,168.98,165.72,0.97,2.76,2.09,1.51,1.4,1.22,0.77,2.22,1.87,1.33,1.15,1.14,0.52,1.76,1.21,0.9,0.86,0.6,2.72,8.21,5.75,3.81,4.21,3.15,,,,,,,0.04,0.4,0.39,0.21,0.18,0.15,0.02,0.32,0.31,0.15,0.11,0.06,0.26,1.65,1.33,0.71,0.69,0.58,0.24,1.63,1.33,0.69,0.67,0.58,1.4117647058823528,10.866666666666667,6.333333333333334,2.3,2.791666666666667,4.142857142857142,0.2,0.23,0.19,0.25,0.2,0.16,0.04,0.36,0.44,0.24,0.27,0.3,4.4810841518150895,4.4810841518150895,4.4810841518150895,4.4810841518150895,4.4810841518150895,4.4810841518150895,cas/fib cavity,cas/fib cavity,cas/fib cavity,cas/fib cavity,cas/fib cavity,cas/fib cavity,Cavity,Cavity,Cavity,Cavity,Cavity,Cavity,false,false,false,false,false,false,Lesion 06 Day 033 AA,Lesion 06 Day 046 AA,Lesion 06 Day 061 AA,Lesion 06 Day 074 AA,Lesion 06 Day 090 AA,Lesion 06 Day 102 AA,-4.185679,7.6111193,5,hot
LIN,BR13,7,-337.74,-200.54,-257.08,-267.92,-314.25,-342.25,-376.0,-172.0,-278.0,-278.0,-339.0,-366.0,150.64,183.58,172.9,169.42,193.25,174.19,0.81,2.19,1.29,0.83,0.62,0.4,0.79,1.93,1.07,0.8,0.6,0.39,0.18,1.14,0.7,0.23,0.14,0.08,1.21,5.01,3.32,1.34,1.02,0.59,,,,,,,0.0,0.05,0.03,0.0,0.0,0.0,0.0,0.03,0.02,0.0,0.0,0.0,0.02,0.16,0.12,0.03,0.02,0.01,0.02,0.15,0.11,0.03,0.01,0.0,0.11764705882352941,1.0,0.5238095238095238,0.1,0.04166666666666667,0.0,0.02,0.03,0.06,0.03,0.01,0.01,0.0,0.03,0.03,0.01,0.01,0.0,2.76,2.76,2.76,2.76,2.76,2.76,Fibrotic,Fibrotic,Fibrotic,Fibrotic,Fibrotic,Fibrotic,Fibrotic,Fibrotic,Fibrotic,Fibrotic,Fibrotic,Fibrotic,false,false,false,false,false,false,Lesion 07 Day 033 AA,Lesion 07 Day 046 AA,Lesion 07 Day 061 AA,Lesion 07 Day 074 AA,Lesion 07 Day 090 AA,Lesion 07 Day 102 AA,2.9351199,5.487481,10,cool
LIN,BR13,8,-335.11,-161.89,-144.96,-183.11,-213.8,-214.64,-362.0,-94.0,-90.0,-156.0,-166.0,-196.0,156.6,175.54,168.15,179.21,192.33,166.51,0.85,2.75,2.36,1.58,1.16,0.6,0.77,2.28,1.98,1.28,0.8,0.54,0.31,1.68,1.52,1.03,0.81,0.29,2.09,8.35,7.11,4.78,3.75,1.32,,,,,,,0.02,0.55,0.45,0.23,0.1,0.0,0.0,0.44,0.35,0.16,0.07,0.0,0.24,2.13,1.68,0.86,0.46,0.13,0.21,2.05,1.64,0.84,0.41,0.13,1.2352941176470587,13.666666666666666,7.809523809523809,2.8,1.7083333333333333,0.9285714285714285,0.19,0.27,0.27,0.26,0.17,0.12,0.04,0.46,0.42,0.27,0.19,0.1,3.41,3.41,3.41,3.41,3.41,3.41,Fibrotic,Fibrotic,Fibrotic,Fibrotic,Fibrotic,Fibrotic,Fibrotic,Fibrotic,Fibrotic,Fibrotic,Fibrotic,Fibrotic,false,false,false,false,false,false,Lesion 08 Day 033 AA,Lesion 08 Day 046 AA,Lesion 08 Day 061 AA,Lesion 08 Day 074 AA,Lesion 08 Day 090 AA,Lesion 08 Day 102 AA,-4.7904234,8.117163,5,hot
LIN,BR13,9,-478.77,-291.96,-322.95,-389.15,-358.66,-346.07,-482.0,-311.0,-330.0,-402.0,-377.0,-350.0,89.56,166.49,127.45,118.94,141.35,117.94,0.51,1.09,0.76,0.53,0.45,0.51,0.51,0.9,0.68,0.49,0.44,0.52,0.05,0.46,0.27,0.14,0.07,0.1,0.65,2.45,1.5,0.89,0.67,0.77,,,,,,,0.0,0.01,0.0,0.0,0.0,0.0,0.0,0.0,0.0,0.0,0.0,0.0,0.0,0.05,0.04,0.02,0.01,0.01,0.0,0.04,0.04,0.02,0.01,0.01,0.0,0.26666666666666666,0.1904761904761905,0.06666666666666667,0.04166666666666667,0.07142857142857142,0.01,0.03,0.04,0.03,0.01,0.01,0.0,0.01,0.01,0.0,0.0,0.0,2.5,2.5,2.5,2.5,2.5,2.5,Fibrotic,Fibrotic,Fibrotic,Fibrotic,Fibrotic,Fibrotic,Fibrotic,Fibrotic,Fibrotic,Fibrotic,Fibrotic,Fibrotic,false,false,false,false,false,false,Lesion 09 Day 033 AA,Lesion 09 Day 046 AA,Lesion 09 Day 061 AA,Lesion 09 Day 074 AA,Lesion 09 Day 090 AA,Lesion 09 Day 102 AA,8.53642,5.2910504,8,cool
LIN,BR13,10,-522.88,-340.41,-401.67,-385.75,-454.44,-481.29,-517.0,-360.0,-404.0,-390.0,-459.0,-505.0,99.58,142.87,95.65,86.74,94.13,107.43,0.47,0.63,0.44,0.47,0.41,0.29,0.46,0.62,0.44,0.47,0.4,0.29,0.03,0.09,0.06,0.05,0.03,0.02,0.56,0.94,0.6,0.57,0.48,0.31,,,,,,,0.0,0.0,0.0,0.0,0.0,0.0,0.0,0.0,0.0,0.0,0.0,0.0,0.01,0.02,0.01,0.0,0.0,0.0,0.0,0.01,0.01,0.0,0.0,0.0,0.0,0.06666666666666667,0.04761904761904762,0.0,0.0,0.0,0.01,0.02,0.02,0.0,0.0,0.0,0.0,0.0,0.0,0.0,0.0,0.0,1.04,1.04,1.04,1.04,1.04,1.04,Scar,Scar,Scar,Scar,Scar,Scar,Scar,Scar,Scar,Scar,Scar,Scar,false,false,false,false,false,false,Lesion 10 Day 033 AA,Lesion 10 Day 046 AA,Lesion 10 Day 061 AA,Lesion 10 Day 074 AA,Lesion 10 Day 090 AA,Lesion 10 Day 102 AA,9.573665,6.42728,8,cool
LIN+PRE,BR20,1,-183.1,-149.32,-175.99,-189.85,-224.78,-273.25,-165.0,-99.0,-142.0,-149.0,-213.0,-281.0,149.44,149.68,154.09,167.92,152.56,151.27,0.95,1.53,1.33,1.28,0.97,0.79,0.76,1.36,1.16,0.98,0.89,0.69,0.49,0.61,0.66,0.72,0.36,0.34,2.56,2.81,2.82,3.35,1.81,2.02,0.01,0.04,0.03,0.02,0.0,0.0,0.01,0.04,0.03,0.02,0.0,0.0,0.0,0.03,0.02,0.01,0.0,0.0,0.08,0.15,0.11,0.08,0.04,0.03,0.08,0.15,0.11,0.08,0.04,0.03,0.003861003861003861,0.014234875444839857,0.010638297872340425,0.005970149253731343,0.0,0.0,0.05,0.04,0.04,0.03,0.02,0.02,0.04,0.06,0.04,0.03,0.01,0.01,,,,,,2.1889284837608534,Necrotic,Necrotic,Necrotic,Necrotic,Necrotic,Necrotic,Necrotic,Necrotic,Necrotic,Necrotic,Necrotic,Necrotic,false,false,false,false,false,false,Lesion 01 Day 035 FG,Lesion 01 Day 046 FG,Lesion 01 Day 060 FG,Lesion 01 Day 074 FG,Lesion 01 Day 088 FG,Lesion 01 Day 103 FG,3.9855738,10.607461,4,hot
LIN+PRE,BR20,2,-281.84,-222.54,-255.47,-249.36,-245.96,-339.12,-298.0,-230.0,-272.0,-278.0,-264.0,-369.0,139.58,165.64,154.58,170.93,175.86,152.13,0.64,0.79,0.67,0.7,0.57,0.53,0.59,0.7,0.58,0.6,0.54,0.51,0.15,0.33,0.24,0.27,0.12,0.1,1.25,1.98,1.4,1.65,0.98,0.93,0.0,0.0,0.0,0.0,0.0,0.0,0.0,0.0,0.0,0.0,0.0,0.0,0.0,0.0,0.0,0.0,0.0,0.0,0.03,0.04,0.03,0.02,0.01,0.01,0.03,0.04,0.03,0.02,0.01,0.01,0.0,0.0,0.0,0.0,0.0,0.0,0.04,0.03,0.03,0.02,0.01,0.01,0.01,0.02,0.01,0.01,0.0,0.0,,,,,,1.7075701760979363,Necrotic,Necrotic,Necrotic,Necrotic,Necrotic,Necrotic,Necrotic,Necrotic,Necrotic,Necrotic,Necrotic,Necrotic,false,false,false,false,false,false,Lesion 02 Day 035 FG,Lesion 02 Day 046 FG,Lesion 02 Day 060 FG,Lesion 02 Day 074 FG,Lesion 02 Day 088 FG,Lesion 02 Day 103 FG,6.692845,7.083238,9,cool
LIN+PRE,BR20,3,-287.99,-348.63,-360.46,-421.3,-389.85,-406.74,-299.0,-380.0,-369.0,-425.0,-405.0,-421.0,134.35,150.9,115.24,112.17,134.85,96.54,0.69,0.61,0.48,0.6,0.63,0.61,0.68,0.6,0.49,0.59,0.61,0.6,0.07,0.07,0.06,0.07,0.1,0.07,0.94,0.86,0.67,0.84,0.85,0.76,0.0,0.0,0.0,0.0,0.0,0.0,0.0,0.0,0.0,0.0,0.0,0.0,0.0,0.0,0.0,0.0,0.0,0.0,0.01,0.01,0.0,0.0,0.0,0.0,0.01,0.0,0.0,0.0,0.0,0.0,0.0,0.0,0.0,0.0,0.0,0.0,0.01,0.01,0.01,0.0,0.0,0.0,0.0,0.0,0.0,0.0,0.0,0.0,,,,,,0.47712125471966244,Fibrotic,Fibrotic,Fibrotic,Fibrotic,Fibrotic,Fibrotic,Fibrotic,Fibrotic,Fibrotic,Fibrotic,Fibrotic,Fibrotic,false,false,false,false,false,false,Lesion 03 Day 035 FG,Lesion 03 Day 046 FG,Lesion 03 Day 060 FG,Lesion 03 Day 074 FG,Lesion 03 Day 088 FG,Lesion 03 Day 103 FG,9.497807,5.772486,8,cool
LIN+PRE,BR20,4,-155.28,-57.76,-63.14,-66.96,-84.87,-100.24,-114.0,-26.0,-27.0,-26.0,-36.0,-54.0,150.65,120.49,140.92,148.21,161.02,156.84,1.19,2.7,2.45,3.03,2.4,2.02,0.9,2.38,2.3,2.8,2.02,1.64,0.76,1.57,1.27,1.58,1.49,1.29,4.82,6.95,5.88,7.03,6.6,6.24,0.33,1.39,1.15,1.17,0.71,0.55,0.33,1.39,1.15,1.17,0.71,0.55,0.21,1.16,0.92,1.0,0.58,0.4,1.75,5.48,4.02,4.54,2.7,2.12,1.74,5.45,4.01,4.5,2.67,2.1,0.06846473029045642,0.19999999999999998,0.195578231292517,0.16642958748221903,0.10757575757575757,0.08814102564102565,0.6,0.25,0.29,0.3,0.25,0.28,0.9,1.75,1.31,1.17,0.83,0.8,,,,,,3.2015336734433824,Necrotic,Necrotic,Necrotic,Necrotic,Necrotic,Necrotic,Necrotic,Necrotic,Necrotic,Necrotic,Necrotic,Necrotic,true,true,true,true,true,true,Lesion 04z07 Day 035 FG,Lesion 04z07 Day 046 FG,Lesion 04z07 Day 060 FG,Lesion 04z07 Day 074 FG,Lesion 04z07 Day 088 FG,Lesion 04z07 Day 103 FG,-5.061225,6.0640683,0,hot
LIN+PRE,BR20,5,-357.73,-317.07,-417.74,-499.63,-505.76,-503.03,-370.0,-344.0,-435.0,-511.0,-505.0,-494.0,94.43,140.71,111.99,111.19,88.48,85.34,0.73,0.65,0.56,0.58,0.46,0.51,0.71,0.6,0.53,0.57,0.46,0.51,0.09,0.12,0.1,0.04,0.02,0.04,1.12,1.04,0.81,0.7,0.54,0.61,0.0,0.0,0.0,0.0,0.0,0.0,0.0,0.0,0.0,0.0,0.0,0.0,0.0,0.0,0.0,0.0,0.0,0.0,0.03,0.02,0.01,0.01,0.0,0.0,0.03,0.02,0.01,0.0,0.0,0.0,0.0,0.0,0.0,0.0,0.0,0.0,0.05,0.02,0.02,0.01,0.0,0.01,0.0,0.0,0.0,0.0,0.0,0.0,,,,,,0.5440680443502757,Fibrotic,Fibrotic,Fibrotic,Fibrotic,Fibrotic,Fibrotic,Fibrotic,Fibrotic,Fibrotic,Fibrotic,Fibrotic,Fibrotic,false,false,false,false,false,false,Lesion 05 Day 035 FG,Lesion 05 Day 046 FG,Lesion 05 Day 060 FG,Lesion 05 Day 074 FG,Lesion 05 Day 088 FG,Lesion 05 Day 103 FG,9.539696,6.9973726,8,cool
LIN+PRE,BR20,6,-239.12,-236.16,-348.88,-419.75,-250.92,-278.45,-243.0,-207.0,-352.0,-415.0,-227.0,-286.0,133.44,139.77,122.15,146.63,165.65,180.77,0.78,0.73,0.65,0.73,0.64,0.75,0.77,0.72,0.64,0.73,0.64,0.75,0.06,0.08,0.07,0.03,0.04,0.04,0.92,0.91,0.82,0.79,0.76,0.83,0.0,0.0,0.0,0.0,0.0,0.0,0.0,0.0,0.0,0.0,0.0,0.0,0.0,0.0,0.0,0.0,0.0,0.0,0.01,0.01,0.01,0.0,0.0,0.0,0.01,0.01,0.01,0.0,0.0,0.0,0.0,0.0,0.0,0.0,0.0,0.0,0.01,0.01,0.01,0.0,0.0,0.0,0.0,0.0,0.0,0.0,0.0,0.0,,,,,,3.1142772965615864,Necrotic,Necrotic,Necrotic,Necrotic,Necrotic,Necrotic,Necrotic,Necrotic,Necrotic,Necrotic,Necrotic,Necrotic,false,false,false,false,false,false,Lesion 06 Day 035 FG,Lesion 06 Day 046 FG,Lesion 06 Day 060 FG,Lesion 06 Day 074 FG,Lesion 06 Day 088 FG,Lesion 06 Day 103 FG,7.3484573,9.114969,3,cool
LIN+PRE,BR20,8,-227.5,-196.56,-254.39,-250.34,-295.32,-338.95,-230.0,-181.0,-263.0,-267.0,-294.0,-358.0,151.37,161.03,154.0,155.46,154.49,171.65,0.78,1.02,0.91,1.31,0.67,0.51,0.72,0.77,0.7,1.24,0.57,0.44,0.22,0.58,0.52,0.62,0.27,0.18,2.31,3.23,2.61,2.66,1.63,1.15,0.0,0.02,0.02,0.04,0.0,0.0,0.0,0.02,0.02,0.04,0.0,0.0,0.0,0.01,0.01,0.02,0.0,0.0,0.14,0.15,0.12,0.13,0.03,0.02,0.14,0.15,0.12,0.13,0.03,0.02,0.0,0.006211180124223602,0.007662835249042146,0.015037593984962405,0.0,0.0,0.1,0.09,0.09,0.07,0.03,0.03,0.06,0.07,0.04,0.03,0.01,0.01,,,,,,1.4116197059632303,Necrotic,Necrotic,Necrotic,Necrotic,Necrotic,Necrotic,Necrotic,Necrotic,Necrotic,Necrotic,Necrotic,Necrotic,false,false,false,false,false,false,Lesion 08 Day 035 FG,Lesion 08 Day 046 FG,Lesion 08 Day 060 FG,Lesion 08 Day 074 FG,Lesion 08 Day 088 FG,Lesion 08 Day 103 FG,5.956112,8.585171,3,cool
LIN+PRE,BR20,9,-329.32,-208.21,-157.2,-335.5,-268.56,-407.07,-317.0,-197.0,-134.0,-363.0,-289.0,-427.0,92.25,135.16,138.45,175.13,156.93,136.44,1.71,0.79,0.75,0.62,0.68,0.57,1.62,0.8,0.74,0.61,0.68,0.57,0.47,0.1,0.12,0.05,0.05,0.05,2.8,1.16,1.03,0.73,0.79,0.68,0.0,0.0,0.0,0.0,0.0,0.0,0.0,0.0,0.0,0.0,0.0,0.0,0.0,0.0,0.0,0.0,0.0,0.0,0.01,0.01,0.01,0.0,0.0,0.0,0.01,0.01,0.01,0.0,0.0,0.0,0.0,0.0,0.0,0.0,0.0,0.0,0.01,0.01,0.0,0.0,0.0,0.0,0.0,0.0,0.0,0.0,0.0,0.0,,,,,,0.47712125471966244,Fibrotic,Fibrotic,Fibrotic,Fibrotic,Fibrotic,Fibrotic,Fibrotic,Fibrotic,Fibrotic,Fibrotic,Fibrotic,Fibrotic,false,false,false,false,false,false,Lesion 09 Day 035 FG,Lesion 09 Day 046 FG,Lesion 09 Day 060 FG,Lesion 09 Day 074 FG,Lesion 09 Day 088 FG,Lesion 09 Day 103 FG,6.83199,9.415679,3,cool
LIN+PRE,BR20,10,-218.92,-154.63,-152.16,-147.11,-192.99,-240.41,-194.0,-98.0,-112.0,-102.0,-155.0,-236.0,169.22,161.69,152.18,164.16,169.4,167.58,0.77,1.55,1.45,1.83,0.93,0.74,0.71,1.33,1.25,1.48,0.68,0.58,0.24,0.79,0.77,1.12,0.58,0.39,1.87,3.42,3.47,5.09,3.18,2.49,0.0,0.06,0.06,0.07,0.01,0.0,0.0,0.06,0.06,0.07,0.01,0.0,0.0,0.04,0.04,0.05,0.01,0.0,0.11,0.22,0.22,0.25,0.09,0.04,0.1,0.22,0.22,0.25,0.08,0.04,0.0,0.017543859649122806,0.017291066282420747,0.013752455795677802,0.003144654088050314,0.0,0.08,0.05,0.06,0.05,0.04,0.04,0.06,0.09,0.09,0.08,0.05,0.02,,,,,,2.2095150145426308,Fibrotic,Fibrotic,Fibrotic,Fibrotic,Fibrotic,Fibrotic,Fibrotic,Fibrotic,Fibrotic,Fibrotic,Fibrotic,Fibrotic,false,false,false,false,false,false,Lesion 10 Day 035 FG,Lesion 10 Day 046 FG,Lesion 10 Day 060 FG,Lesion 10 Day 074 FG,Lesion 10 Day 088 FG,Lesion 10 Day 103 FG,4.058383,9.512717,6,cool
LIN+PRE,BR20,11,-285.69,-197.32,-262.31,-259.82,-312.37,-405.45,-279.0,-162.0,-264.0,-262.0,-326.0,-420.0,141.01,166.91,168.43,164.94,166.56,126.77,0.59,0.98,0.78,1.21,0.53,0.48,0.56,0.8,0.6,1.05,0.49,0.46,0.1,0.55,0.45,0.6,0.13,0.07,1.17,2.54,2.18,2.59,1.06,0.82,0.0,0.02,0.01,0.02,0.0,0.0,0.0,0.02,0.01,0.02,0.0,0.0,0.0,0.01,0.0,0.01,0.0,0.0,0.06,0.1,0.06,0.07,0.02,0.02,0.05,0.1,0.06,0.06,0.02,0.01,0.0,0.007874015748031496,0.004587155963302752,0.007722007722007722,0.0,0.0,0.07,0.05,0.05,0.03,0.02,0.03,0.02,0.05,0.02,0.02,0.01,0.0,,,,,,1.6857417386022637,Fibrotic,Fibrotic,Fibrotic,Fibrotic,Fibrotic,Fibrotic,Fibrotic,Fibrotic,Fibrotic,Fibrotic,Fibrotic,Fibrotic,false,false,false,false,false,false,Lesion 11 Day 035 FG,Lesion 11 Day 046 FG,Lesion 11 Day 060 FG,Lesion 11 Day 074 FG,Lesion 11 Day 088 FG,Lesion 11 Day 103 FG,5.988308,7.3125134,9,cool
LIN+PRE,BR20,12,-275.05,-283.54,-276.89,-304.4,-373.31,-418.72,-292.0,-293.0,-301.0,-327.0,-387.0,-432.0,138.47,149.51,148.0,147.11,109.67,105.3,0.49,0.53,0.48,0.62,0.39,0.4,0.49,0.48,0.42,0.6,0.39,0.39,0.06,0.14,0.17,0.17,0.02,0.01,0.71,1.01,1.03,1.01,0.46,0.43,0.0,0.0,0.0,0.0,0.0,0.0,0.0,0.0,0.0,0.0,0.0,0.0,0.0,0.0,0.0,0.0,0.0,0.0,0.02,0.02,0.01,0.01,0.0,0.0,0.02,0.01,0.01,0.01,0.0,0.0,0.0,0.0,0.0,0.0,0.0,0.0,0.04,0.02,0.02,0.01,0.01,0.01,0.01,0.01,0.01,0.0,0.0,0.0,,,,,,0.47712125471966244,Fibrotic,Fibrotic,Fibrotic,Fibrotic,Fibrotic,Fibrotic,Fibrotic,Fibrotic,Fibrotic,Fibrotic,Fibrotic,Fibrotic,false,false,false,false,false,false,Lesion 12 Day 035 FG,Lesion 12 Day 046 FG,Lesion 12 Day 060 FG,Lesion 12 Day 074 FG,Lesion 12 Day 088 FG,Lesion 12 Day 103 FG,8.366278,7.1537995,8,cool
LIN+PRE,BR20,13,-236.26,-191.99,-228.97,-230.94,-253.15,-310.86,-233.0,-165.0,-226.0,-228.0,-249.0,-321.0,159.73,156.49,167.61,171.32,165.27,146.87,0.9,1.62,1.55,1.95,1.01,0.75,0.73,1.4,1.22,1.62,0.76,0.62,0.48,0.9,1.02,1.12,0.71,0.38,3.07,4.62,4.79,5.36,3.83,2.66,0.1,0.31,0.27,0.27,0.05,0.01,0.1,0.31,0.27,0.27,0.05,0.01,0.05,0.21,0.19,0.19,0.03,0.0,0.84,1.1,1.07,0.98,0.28,0.2,0.81,1.08,1.03,0.93,0.28,0.19,0.03257328990228013,0.0670995670995671,0.05636743215031315,0.05037313432835821,0.013054830287206267,0.0037735849056603774,0.58,0.35,0.4,0.28,0.17,0.21,0.3,0.32,0.26,0.19,0.1,0.04,,,,,,2.7788744720027396,Cavity,Cavity,Cavity,Cavity,Cavity,Cavity,Cavity,Cavity,Cavity,Cavity,Cavity,Cavity,true,true,true,true,true,true,Lesion 13z15z17 Day 035 FG,Lesion 13z15z17 Day 046 FG,Lesion 13z15z17 Day 060 FG,Lesion 13z15z17 Day 074 FG,Lesion 13z15z17 Day 088 FG,Lesion 13z15z17 Day 103 FG,-4.765899,10.262206,5,hot
LIN+PRE,BR20,14,-332.07,-282.96,-360.48,-373.95,-370.92,-498.42,-353.0,-283.0,-380.0,-387.0,-398.0,-492.0,117.53,148.67,119.47,129.89,142.61,76.66,0.61,0.61,0.54,0.88,0.54,0.46,0.6,0.56,0.45,0.87,0.52,0.45,0.1,0.14,0.2,0.23,0.13,0.03,0.98,1.18,1.29,1.35,1.31,0.56,0.0,0.0,0.0,0.0,0.0,0.0,0.0,0.0,0.0,0.0,0.0,0.0,0.0,0.0,0.0,0.0,0.0,0.0,0.02,0.03,0.02,0.03,0.01,0.0,0.02,0.03,0.02,0.02,0.01,0.0,0.0,0.0,0.0,0.0,0.0,0.0,0.03,0.03,0.03,0.02,0.01,0.01,0.0,0.01,0.0,0.0,0.0,0.0,,,,,,1.0413926851582251,Fibrotic,Fibrotic,Fibrotic,Fibrotic,Fibrotic,Fibrotic,Fibrotic,Fibrotic,Fibrotic,Fibrotic,Fibrotic,Fibrotic,false,false,false,false,false,false,Lesion 14 Day 035 FG,Lesion 14 Day 046 FG,Lesion 14 Day 060 FG,Lesion 14 Day 074 FG,Lesion 14 Day 088 FG,Lesion 14 Day 103 FG,8.324026,7.218409,8,cool
LIN+PRE,BR20,16,-84.58,-106.76,-81.49,-68.11,-105.26,-123.46,-52.0,-49.0,-28.0,-4.0,-49.0,-86.0,142.96,174.37,158.3,165.01,171.54,160.23,2.64,2.4,1.47,1.76,2.04,1.61,2.44,2.37,1.24,1.52,2.11,1.64,1.14,0.95,0.64,0.67,0.46,0.36,5.38,4.84,3.33,4.21,2.84,2.47,0.23,0.17,0.11,0.13,0.11,0.08,0.23,0.17,0.11,0.13,0.11,0.08,0.19,0.14,0.06,0.07,0.08,0.02,0.77,0.53,0.4,0.38,0.27,0.21,0.76,0.52,0.39,0.38,0.27,0.21,0.04259259259259259,0.03512396694214876,0.03303303303303303,0.030878859857482188,0.03873239436619719,0.032388663967611336,0.06,0.07,0.07,0.06,0.04,0.05,0.2,0.14,0.19,0.17,0.09,0.08,,,,,,0.9542425094393249,Fibrotic,Fibrotic,Fibrotic,Fibrotic,Fibrotic,Fibrotic,Fibrotic,Fibrotic,Fibrotic,Fibrotic,Fibrotic,Fibrotic,false,false,false,false,false,false,Lesion 16 Day 035 FG,Lesion 16 Day 046 FG,Lesion 16 Day 060 FG,Lesion 16 Day 074 FG,Lesion 16 Day 088 FG,Lesion 16 Day 103 FG,0.91416985,8.274778,2,hot
OPC,BR23,1,-231.73,-166.82,-147.2,-174.86,-186.07,-132.76,-229.0,-114.0,-85.0,-125.0,-148.0,-60.0,164.41,171.52,172.42,180.39,189.35,178.1,1.69,1.64,1.92,1.47,1.38,0.89,1.32,1.48,1.49,1.15,1.03,0.87,1.13,0.87,1.26,0.98,0.85,0.25,6.21,3.8,5.14,3.92,3.85,1.49,0.05,0.1,0.1,0.06,0.06,0.0,0.05,0.1,0.1,0.06,0.06,0.0,0.04,0.07,0.08,0.04,0.04,0.0,0.2,0.32,0.38,0.21,0.25,0.22,0.19,0.31,0.36,0.2,0.23,0.22,0.008051529790660227,0.026315789473684213,0.01945525291828794,0.015306122448979591,0.015584415584415583,0.0,0.07,0.08,0.07,0.06,0.07,0.08,0.05,0.11,0.11,0.08,0.09,0.16,,,,,,3.63,Cavity,Cavity,Cavity,Cavity,Cavity,Cavity,Cavity,Cavity,Cavity,Cavity,Cavity,Cavity,true,true,true,true,true,true,Lesion 01z02 Day 033 AA,Lesion 01z02 Day 045 AA,Lesion 01z02 Day 059 AA,Lesion 01z02 Day 073 AA,Lesion 01z02 Day 087 AA,Lesion 01z02 Day 102 AA,4.307698,8.553945,6,cool
OPC,BR23,3,-203.01,-185.69,-99.23,-185.1,-153.46,-224.8,-162.0,-148.0,-31.0,-141.0,-108.0,-204.0,172.14,160.29,158.43,178.08,172.11,193.7,2.15,2.48,3.26,2.24,2.48,1.01,1.78,2.44,3.3,2.2,2.48,0.77,1.22,0.92,1.34,1.14,1.09,0.69,6.24,5.26,7.13,4.84,4.58,2.83,0.18,0.35,0.37,0.17,0.2,0.05,0.18,0.35,0.37,0.17,0.2,0.05,0.12,0.28,0.34,0.13,0.17,0.03,0.63,1.07,1.39,0.54,0.63,0.18,0.59,1.04,1.36,0.52,0.62,0.18,0.028846153846153844,0.06463878326996199,0.051893408134642355,0.034416826003824084,0.04366812227074236,0.0176678445229682,0.14,0.2,0.12,0.1,0.11,0.09,0.14,0.21,0.3,0.13,0.14,0.08,,,,,,3.29,Cavity,Cavity,Cavity,Cavity,Cavity,Cavity,Cavity,Cavity,Cavity,Cavity,Cavity,Cavity,true,true,true,true,true,true,Lesion 03z06 Day 033 AA,Lesion 03z06 Day 045 AA,Lesion 03z06 Day 059 AA,Lesion 03z06 Day 073 AA,Lesion 03z06 Day 087 AA,Lesion 03z06 Day 102 AA,-4.222069,8.442391,5,hot
OPC,BR23,4,-161.42,-81.1,-62.09,-80.88,-104.23,-123.94,-125.0,-16.0,3.0,-1.0,-41.0,-60.0,169.37,156.65,154.47,173.97,172.23,164.02,2.35,3.51,4.26,3.19,3.2,1.58,2.28,3.72,4.47,3.24,3.43,1.45,0.84,1.01,1.56,1.34,0.84,0.68,5.09,5.43,8.05,6.6,4.45,3.16,0.13,0.22,0.2,0.15,0.09,0.05,0.13,0.22,0.2,0.15,0.09,0.05,0.11,0.2,0.18,0.13,0.08,0.03,0.38,0.79,0.88,0.56,0.3,0.15,0.38,0.78,0.88,0.55,0.3,0.15,0.025540275049115914,0.040515653775322284,0.024844720496894408,0.022727272727272728,0.020224719101123594,0.015822784810126583,0.07,0.06,0.04,0.04,0.03,0.03,0.09,0.17,0.16,0.12,0.07,0.06,,,,,,3.6,Cavity,Cavity,Cavity,Cavity,Cavity,Cavity,Cavity,Cavity,Cavity,Cavity,Cavity,Cavity,false,false,false,false,false,false,Lesion 04 Day 033 AA,Lesion 04 Day 045 AA,Lesion 04 Day 059 AA,Lesion 04 Day 073 AA,Lesion 04 Day 087 AA,Lesion 04 Day 102 AA,0.09550752,7.2743273,2,hot
OPC,BR23,5,-251.48,-225.51,-166.86,-180.82,-228.62,-196.71,-258.0,-210.0,-114.0,-145.0,-215.0,-164.0,171.73,168.14,172.69,185.17,173.96,169.96,1.24,1.44,1.86,1.35,1.36,0.43,0.98,1.04,1.2,0.86,1.02,0.37,0.76,1.04,1.52,1.14,0.96,0.25,3.89,4.55,6.21,4.87,3.91,1.33,0.01,0.04,0.05,0.03,0.02,0.0,0.01,0.04,0.05,0.03,0.02,0.0,0.01,0.03,0.04,0.02,0.02,0.0,0.05,0.17,0.21,0.12,0.09,0.03,0.05,0.17,0.2,0.11,0.09,0.03,0.002570694087403599,0.008791208791208791,0.008051529790660227,0.006160164271047227,0.005115089514066496,0.0,0.03,0.07,0.05,0.04,0.04,0.03,0.01,0.05,0.06,0.04,0.03,0.03,,,,,,2.42,Necrotic,Necrotic,Necrotic,Necrotic,Necrotic,Necrotic,Necrotic,Necrotic,Necrotic,Necrotic,Necrotic,Necrotic,false,false,false,false,false,false,Lesion 05 Day 033 AA,Lesion 05 Day 045 AA,Lesion 05 Day 059 AA,Lesion 05 Day 073 AA,Lesion 05 Day 087 AA,Lesion 05 Day 102 AA,7.422608,7.5272026,3,cool
OPC,BR23,7,-289.15,-192.51,-150.36,-227.78,-260.26,-270.85,-293.0,-153.0,-101.0,-206.0,-251.0,-279.0,160.04,172.73,162.12,184.79,146.59,135.68,1.01,1.41,1.68,0.95,0.92,0.3,0.89,1.11,1.25,0.62,0.83,0.26,0.5,0.93,1.2,0.76,0.48,0.15,2.25,3.81,4.41,3.24,1.99,0.82,0.01,0.04,0.03,0.01,0.01,0.0,0.01,0.04,0.03,0.01,0.01,0.0,0.0,0.03,0.02,0.01,0.0,0.0,0.05,0.14,0.11,0.05,0.05,0.01,0.04,0.13,0.11,0.05,0.05,0.01,0.0044444444444444444,0.010498687664041995,0.006802721088435374,0.0030864197530864196,0.005025125628140704,0.0,0.03,0.05,0.03,0.03,0.03,0.03,0.01,0.05,0.04,0.02,0.01,0.01,,,,,,2.21,Cavity,Cavity,Cavity,Cavity,Cavity,Cavity,Cavity,Cavity,Cavity,Cavity,Cavity,Cavity,false,false,false,false,false,false,Lesion 07 Day 033 AA,Lesion 07 Day 045 AA,Lesion 07 Day 059 AA,Lesion 07 Day 073 AA,Lesion 07 Day 087 AA,Lesion 07 Day 102 AA,5.4566607,7.17768,9,cool
OPC,BR23,8,-170.99,-144.87,-109.31,-131.87,-176.86,-236.55,-129.0,-70.0,-42.0,-66.0,-129.0,-231.0,181.94,186.3,176.04,167.89,184.51,171.57,1.56,2.04,2.32,1.43,1.03,0.34,1.22,1.53,1.63,0.89,0.73,0.31,1.0,1.41,1.7,1.24,0.76,0.11,4.79,5.4,6.34,5.27,5.39,0.79,0.01,0.05,0.07,0.02,0.01,0.0,0.01,0.05,0.07,0.02,0.01,0.0,0.01,0.04,0.06,0.02,0.01,0.0,0.06,0.22,0.3,0.1,0.06,0.01,0.06,0.21,0.29,0.1,0.06,0.01,0.0020876826722338207,0.009259259259259259,0.011041009463722398,0.0037950664136622396,0.001855287569573284,0.0,0.02,0.03,0.04,0.02,0.02,0.02,0.02,0.07,0.09,0.04,0.03,0.01,,,,,,1.43,Fibrotic,Fibrotic,Fibrotic,Fibrotic,Fibrotic,Fibrotic,Fibrotic,Fibrotic,Fibrotic,Fibrotic,Fibrotic,Fibrotic,false,false,false,false,false,false,Lesion 08 Day 033 AA,Lesion 08 Day 045 AA,Lesion 08 Day 059 AA,Lesion 08 Day 073 AA,Lesion 08 Day 087 AA,Lesion 08 Day 102 AA,2.4617972,6.4589715,6,cool
OPC,BR23,9,-413.75,-226.13,-163.22,-187.13,-175.42,-267.57,-420.0,-214.0,-99.0,-141.0,-116.0,-272.0,140.77,162.35,171.16,167.77,164.98,149.43,0.56,1.21,1.5,0.8,0.6,0.23,0.53,1.19,1.15,0.69,0.6,0.22,0.15,0.54,0.99,0.39,0.15,0.05,0.99,2.46,4.16,1.85,0.93,0.36,0.0,0.01,0.02,0.0,0.0,0.0,0.0,0.01,0.02,0.0,0.0,0.0,0.0,0.0,0.01,0.0,0.0,0.0,0.01,0.05,0.08,0.02,0.01,0.0,0.0,0.04,0.07,0.02,0.01,0.0,0.0,0.0040650406504065045,0.004807692307692308,0.0,0.0,0.0,0.01,0.02,0.02,0.01,0.01,0.01,0.0,0.02,0.03,0.01,0.01,0.0,,,,,,0.54,Fibrotic,Fibrotic,Fibrotic,Fibrotic,Fibrotic,Fibrotic,Fibrotic,Fibrotic,Fibrotic,Fibrotic,Fibrotic,Fibrotic,false,false,false,false,false,false,Lesion 09 Day 033 AA,Lesion 09 Day 045 AA,Lesion 09 Day 059 AA,Lesion 09 Day 073 AA,Lesion 09 Day 087 AA,Lesion 09 Day 102 AA,6.4685283,6.789425,9,cool
OPC,BR23,10,-212.39,-130.7,-85.98,-125.06,-164.38,-207.14,-168.0,-65.0,-33.0,-60.0,-131.0,-176.0,190.93,170.89,154.1,164.31,175.32,165.77,1.83,2.1,2.82,1.7,1.4,0.3,1.36,1.73,2.37,1.12,0.9,0.27,1.3,1.41,1.9,1.42,1.21,0.13,6.0,5.65,6.81,5.78,5.87,0.88,0.07,0.17,0.21,0.09,0.05,0.0,0.07,0.17,0.21,0.09,0.05,0.0,0.06,0.14,0.18,0.07,0.03,0.0,0.28,0.65,0.93,0.36,0.2,0.03,0.25,0.64,0.91,0.35,0.19,0.03,0.011666666666666667,0.03008849557522124,0.030837004405286344,0.015570934256055362,0.008517887563884156,0.0,0.06,0.09,0.06,0.06,0.06,0.05,0.07,0.21,0.25,0.14,0.08,0.05,,,,,,2.36,Necrotic,Necrotic,Necrotic,Necrotic,Necrotic,Necrotic,Necrotic,Necrotic,Necrotic,Necrotic,Necrotic,Necrotic,false,false,false,false,false,false,Lesion 10 Day 033 AA,Lesion 10 Day 045 AA,Lesion 10 Day 059 AA,Lesion 10 Day 073 AA,Lesion 10 Day 087 AA,Lesion 10 Day 102 AA,0.6467932,9.0920925,4,hot
OPC,BR23,11,-273.93,-165.3,-95.18,-173.9,-148.02,-166.17,-269.0,-111.0,-29.0,-143.0,-95.0,-132.0,168.68,173.63,160.49,182.03,178.68,185.36,1.44,1.68,2.24,1.45,1.48,0.49,1.09,1.36,1.86,1.04,1.31,0.38,0.99,1.05,1.34,1.06,0.8,0.27,4.4,5.04,6.34,5.29,4.34,1.43,0.03,0.1,0.11,0.05,0.06,0.0,0.03,0.1,0.11,0.05,0.06,0.0,0.02,0.06,0.08,0.03,0.03,0.0,0.12,0.35,0.4,0.19,0.21,0.06,0.11,0.34,0.39,0.19,0.2,0.06,0.006818181818181817,0.019841269841269844,0.017350157728706624,0.00945179584120983,0.013824884792626727,0.0,0.05,0.08,0.05,0.06,0.05,0.06,0.02,0.12,0.13,0.07,0.08,0.07,,,,,,2.87,Cavity,Cavity,Cavity,Cavity,Cavity,Cavity,Cavity,Cavity,Cavity,Cavity,Cavity,Cavity,false,false,false,false,false,false,Lesion 11 Day 033 AA,Lesion 11 Day 045 AA,Lesion 11 Day 059 AA,Lesion 11 Day 073 AA,Lesion 11 Day 087 AA,Lesion 11 Day 102 AA,4.2140107,8.534594,6,cool
OPC,BR23,12,-549.93,-351.84,-262.9,-268.33,-328.14,-221.82,-617.0,-375.0,-252.0,-270.0,-343.0,-218.0,168.72,145.59,155.3,145.73,151.94,156.4,0.88,0.98,0.74,0.69,0.57,0.43,0.86,0.92,0.71,0.65,0.55,0.39,0.18,0.27,0.18,0.21,0.14,0.15,1.26,1.81,1.37,1.54,1.06,0.94,0.0,0.0,0.0,0.0,0.0,0.0,0.0,0.0,0.0,0.0,0.0,0.0,0.0,0.0,0.0,0.0,0.0,0.0,0.01,0.01,0.03,0.01,0.01,0.01,0.0,0.01,0.03,0.01,0.01,0.0,0.0,0.0,0.0,0.0,0.0,0.0,0.0,0.01,0.03,0.01,0.02,0.0,0.0,0.0,0.01,0.01,0.0,0.0,,,,,,1.26,Fibrotic,Fibrotic,Fibrotic,Fibrotic,Fibrotic,Fibrotic,Fibrotic,Fibrotic,Fibrotic,Fibrotic,Fibrotic,Fibrotic,false,false,false,false,false,false,Lesion 12 Day 033 AA,Lesion 12 Day 045 AA,Lesion 12 Day 059 AA,Lesion 12 Day 073 AA,Lesion 12 Day 087 AA,Lesion 12 Day 102 AA,10.334514,5.9847245,7,cool
OPC,BR23,13,-311.38,-204.64,-178.13,-194.93,-240.07,-236.4,-330.0,-189.0,-140.0,-180.0,-232.0,-234.0,184.13,176.88,183.1,169.26,169.46,167.21,1.27,1.43,1.96,1.32,1.15,0.49,0.96,1.07,1.51,1.0,0.86,0.44,0.85,0.94,1.27,0.94,0.78,0.25,4.78,3.87,5.34,4.19,3.63,1.38,0.02,0.05,0.06,0.03,0.02,0.0,0.02,0.05,0.06,0.03,0.02,0.0,0.01,0.03,0.05,0.02,0.01,0.0,0.09,0.19,0.23,0.11,0.08,0.04,0.07,0.18,0.22,0.1,0.08,0.03,0.0041841004184100415,0.012919896640826874,0.011235955056179775,0.007159904534606205,0.005509641873278237,0.0,0.04,0.07,0.05,0.04,0.04,0.04,0.02,0.06,0.06,0.04,0.02,0.03,,,,,,2.76,Necrotic,Necrotic,Necrotic,Necrotic,Necrotic,Necrotic,Necrotic,Necrotic,Necrotic,Necrotic,Necrotic,Necrotic,false,false,false,false,false,false,Lesion 13 Day 033 AA,Lesion 13 Day 045 AA,Lesion 13 Day 059 AA,Lesion 13 Day 073 AA,Lesion 13 Day 087 AA,Lesion 13 Day 102 AA,6.172264,6.8532047,9,cool
OPC,BR23,14,-237.85,-240.91,-187.26,-229.1,-248.67,-280.3,-213.0,-224.0,-135.0,-201.0,-238.0,-278.0,172.11,168.03,165.25,182.3,164.62,128.25,1.63,1.32,1.78,1.21,1.3,0.37,1.12,0.93,1.26,0.75,1.0,0.25,1.31,0.95,1.31,1.06,0.93,0.28,6.1,4.07,5.1,4.35,3.83,1.54,0.03,0.05,0.06,0.03,0.03,0.0,0.03,0.05,0.06,0.03,0.03,0.0,0.02,0.03,0.05,0.02,0.02,0.0,0.11,0.2,0.23,0.14,0.11,0.02,0.1,0.19,0.23,0.13,0.1,0.02,0.004918032786885246,0.012285012285012284,0.011764705882352941,0.006896551724137931,0.007832898172323759,0.0,0.03,0.08,0.06,0.06,0.05,0.05,0.02,0.06,0.07,0.05,0.03,0.01,,,,,,3.04,Necrotic,Necrotic,Necrotic,Necrotic,Necrotic,Necrotic,Necrotic,Necrotic,Necrotic,Necrotic,Necrotic,Necrotic,false,false,false,false,false,false,Lesion 14 Day 033 AA,Lesion 14 Day 045 AA,Lesion 14 Day 059 AA,Lesion 14 Day 073 AA,Lesion 14 Day 087 AA,Lesion 14 Day 102 AA,7.2712607,7.8008275,3,cool
BDQ+PRE,BR24,1,-199.32,-169.67,-137.88,-136.25,-159.31,-154.77,-164.0,-110.0,-67.0,-73.0,-98.0,-89.0,175.94,181.15,179.14,172.51,173.13,171.3,2.27,2.38,1.71,1.67,1.08,0.84,2.11,2.32,1.52,1.21,0.78,0.72,0.72,0.68,0.62,1.01,0.7,0.36,4.53,3.91,3.39,4.94,4.07,2.92,0.07,0.1,0.06,0.04,0.01,0.0,0.07,0.1,0.06,0.04,0.01,0.0,0.05,0.08,0.04,0.03,0.01,0.0,0.19,0.28,0.21,0.16,0.08,0.05,0.18,0.27,0.2,0.15,0.08,0.05,0.01545253863134658,0.02557544757033248,0.017699115044247787,0.008097165991902834,0.002457002457002457,0.0,0.04,0.05,0.04,0.03,0.03,0.02,0.04,0.07,0.08,0.06,0.04,0.04,,,,,,0.7781512503836436,Fibrotic,Fibrotic,Fibrotic,Fibrotic,Fibrotic,Fibrotic,Fibrotic,Fibrotic,Fibrotic,Fibrotic,Fibrotic,Fibrotic,false,false,false,false,false,false,Lesion 01 Day 033 AA,Lesion 01 Day 045 AA,Lesion 01 Day 059 AA,Lesion 01 Day 073 AA,Lesion 01 Day 087 AA,Lesion 01 Day 102 AA,1.8393954,5.7896085,10,cool
BDQ+PRE,BR24,2,-163.97,-114.39,-139.94,-151.16,-148.74,-165.92,-115.0,-41.0,-66.0,-89.0,-88.0,-116.0,167.66,163.32,174.93,174.62,176.07,174.07,1.2,2.37,1.96,2.4,1.81,1.41,1.19,2.37,1.85,2.21,1.58,1.16,0.43,1.06,0.89,1.23,1.15,0.91,2.98,4.76,4.61,5.44,6.37,4.23,0.08,0.34,0.32,0.22,0.13,0.07,0.08,0.34,0.32,0.22,0.13,0.07,0.01,0.29,0.24,0.17,0.09,0.04,0.36,1.13,1.02,0.75,0.43,0.26,0.36,1.12,0.98,0.7,0.42,0.25,0.026578073089701,0.07142857142857144,0.06941431670281996,0.04044117647058823,0.020408163265306124,0.016548463356973995,0.11,0.15,0.18,0.11,0.09,0.07,0.17,0.33,0.32,0.19,0.14,0.1,,,,,,0.7781512503836436,Cavity,Cavity,Cavity,Cavity,Cavity,Cavity,Cavity,Cavity,Cavity,Cavity,Cavity,Cavity,false,false,false,false,false,false,Lesion 02 Day 033 AA,Lesion 02 Day 045 AA,Lesion 02 Day 059 AA,Lesion 02 Day 073 AA,Lesion 02 Day 087 AA,Lesion 02 Day 102 AA,-3.363499,7.655483,0,hot
BDQ+PRE,BR24,3,-232.09,-110.13,-224.46,-265.3,-270.42,-312.67,-215.0,-34.0,-206.0,-270.0,-281.0,-332.0,167.1,167.57,168.46,179.22,170.7,148.84,0.94,1.9,1.22,1.23,0.81,0.56,0.94,1.85,1.13,1.2,0.8,0.54,0.23,0.53,0.43,0.35,0.2,0.11,1.71,3.4,2.44,1.93,1.27,0.87,0.0,0.12,0.01,0.01,0.0,0.0,0.0,0.12,0.01,0.01,0.0,0.0,0.0,0.07,0.0,0.0,0.0,0.0,0.09,0.3,0.07,0.04,0.02,0.01,0.09,0.3,0.07,0.04,0.02,0.01,0.0,0.03529411764705882,0.004098360655737705,0.0051813471502590676,0.0,0.0,0.05,0.04,0.03,0.02,0.02,0.02,0.04,0.11,0.02,0.01,0.01,0.0,,,,,,0.47712125471966244,Necrotic,Necrotic,Necrotic,Necrotic,Necrotic,Necrotic,Necrotic,Necrotic,Necrotic,Necrotic,Necrotic,Necrotic,false,false,false,false,false,false,Lesion 03 Day 033 AA,Lesion 03 Day 045 AA,Lesion 03 Day 059 AA,Lesion 03 Day 073 AA,Lesion 03 Day 087 AA,Lesion 03 Day 102 AA,2.4393225,8.987262,6,cool
BDQ+PRE,BR24,4,-615.19,-366.55,-321.04,-341.79,-369.05,-435.87,-621.0,-385.0,-342.0,-366.0,-393.0,-460.0,73.91,111.75,125.75,130.07,109.69,92.28,0.26,0.69,0.46,0.55,0.39,0.28,0.26,0.68,0.43,0.53,0.39,0.29,0.02,0.09,0.11,0.1,0.05,0.01,0.3,0.99,0.95,0.8,0.52,0.31,0.0,0.0,0.0,0.0,0.0,0.0,0.0,0.0,0.0,0.0,0.0,0.0,0.0,0.0,0.0,0.0,0.0,0.0,0.0,0.02,0.01,0.01,0.0,0.0,0.0,0.01,0.01,0.01,0.0,0.0,0.0,0.0,0.0,0.0,0.0,0.0,0.0,0.02,0.02,0.01,0.01,0.0,0.0,0.0,0.0,0.0,0.0,0.0,,,,,,0.47712125471966244,Fibrotic,Fibrotic,Fibrotic,Fibrotic,Fibrotic,Fibrotic,Fibrotic,Fibrotic,Fibrotic,Fibrotic,Fibrotic,Fibrotic,false,false,false,false,false,false,Lesion 04 Day 033 AA,Lesion 04 Day 045 AA,Lesion 04 Day 059 AA,Lesion 04 Day 073 AA,Lesion 04 Day 087 AA,Lesion 04 Day 102 AA,11.389778,8.091927,7,cool
BDQ+PRE,BR24,5,-217.72,-112.79,-141.37,-201.02,-207.34,-200.91,-210.0,-44.0,-88.0,-187.0,-204.0,-181.0,176.11,170.74,173.29,187.56,190.1,197.71,0.79,2.29,2.09,1.98,1.75,1.27,0.61,2.01,1.71,1.7,1.39,0.91,0.52,1.23,1.33,1.08,1.17,0.89,2.91,6.84,7.05,5.41,7.21,4.08,0.12,0.96,0.76,0.52,0.37,0.18,0.12,0.96,0.76,0.52,0.37,0.18,0.06,0.71,0.55,0.36,0.26,0.12,0.91,3.3,2.77,1.8,1.41,0.76,0.88,3.22,2.7,1.73,1.35,0.72,0.041237113402061855,0.14035087719298245,0.10780141843971631,0.09515260323159784,0.05131761442441054,0.044117647058823525,0.62,0.42,0.47,0.45,0.41,0.28,0.43,0.95,0.8,0.41,0.34,0.28,,,,,,1.414973347970818,Cavity,Cavity,Cavity,Cavity,Cavity,Cavity,Cavity,Cavity,Cavity,Cavity,Cavity,Cavity,true,true,true,true,true,true,Lesion 05z07z08 Day 033 AA,Lesion 05z07z08 Day 045 AA,Lesion 05z07z08 Day 059 AA,Lesion 05z07z08 Day 073 AA,Lesion 05z07z08 Day 087 AA,Lesion 05z07z08 Day 102 AA,-5.7880015,8.2325945,0,hot
BDQ+PRE,BR24,6,-341.79,-268.61,-312.41,-329.24,-362.99,-385.09,-355.0,-278.0,-325.0,-345.0,-380.0,-399.0,115.82,160.7,143.31,148.72,147.59,120.46,0.52,0.87,0.71,1.1,0.69,0.4,0.49,0.75,0.55,1.06,0.68,0.39,0.15,0.32,0.33,0.33,0.15,0.06,0.87,2.27,1.89,1.87,1.11,0.62,0.0,0.0,0.0,0.0,0.0,0.0,0.0,0.0,0.0,0.0,0.0,0.0,0.0,0.0,0.0,0.0,0.0,0.0,0.02,0.05,0.04,0.03,0.01,0.0,0.02,0.04,0.04,0.02,0.01,0.0,0.0,0.0,0.0,0.0,0.0,0.0,0.03,0.03,0.04,0.02,0.02,0.01,0.0,0.01,0.01,0.0,0.0,0.0,,,,,,0.47712125471966244,Necrotic,Necrotic,Necrotic,Necrotic,Necrotic,Necrotic,Necrotic,Necrotic,Necrotic,Necrotic,Necrotic,Necrotic,false,false,false,false,false,false,Lesion 06 Day 033 AA,Lesion 06 Day 045 AA,Lesion 06 Day 059 AA,Lesion 06 Day 073 AA,Lesion 06 Day 087 AA,Lesion 06 Day 102 AA,8.071591,6.5926595,8,cool
BDQ+PRE,BR24,9,-162.88,-229.51,-306.48,-304.31,-379.52,-287.82,-154.0,-216.0,-323.0,-319.0,-391.0,-254.0,105.95,171.91,124.43,133.94,95.59,182.92,0.65,1.04,0.62,0.85,0.63,0.56,0.64,1.04,0.58,0.86,0.63,0.56,0.11,0.13,0.16,0.12,0.09,0.05,1.19,1.45,1.34,1.08,0.83,0.66,0.0,0.0,0.0,0.0,0.0,0.0,0.0,0.0,0.0,0.0,0.0,0.0,0.0,0.0,0.0,0.0,0.0,0.0,0.05,0.01,0.02,0.02,0.01,0.0,0.05,0.01,0.02,0.02,0.01,0.0,0.0,0.0,0.0,0.0,0.0,0.0,0.04,0.01,0.03,0.02,0.01,0.0,0.03,0.0,0.0,0.0,0.0,0.0,,,,,,0.47712125471966244,Fibrotic,Fibrotic,Fibrotic,Fibrotic,Fibrotic,Fibrotic,Fibrotic,Fibrotic,Fibrotic,Fibrotic,Fibrotic,Fibrotic,false,false,false,false,false,false,Lesion 09 Day 033 AA,Lesion 09 Day 045 AA,Lesion 09 Day 059 AA,Lesion 09 Day 073 AA,Lesion 09 Day 087 AA,Lesion 09 Day 102 AA,6.0933743,6.089535,9,cool
BDQ+PRE,BR24,10,-169.28,-90.94,-127.02,-144.59,-165.45,-190.87,-123.0,-23.0,-53.0,-87.0,-118.0,-146.0,180.4,163.47,181.12,181.13,178.26,200.38,0.94,2.04,1.79,1.72,1.13,0.85,0.79,1.66,1.51,1.34,0.85,0.65,0.43,1.1,1.11,1.09,0.73,0.58,2.88,7.35,6.32,6.15,5.01,3.95,0.09,0.56,0.31,0.18,0.05,0.03,0.09,0.56,0.31,0.18,0.05,0.03,0.02,0.37,0.22,0.12,0.03,0.01,0.69,2.05,1.13,0.69,0.26,0.18,0.67,2.01,1.1,0.67,0.24,0.17,0.029702970297029705,0.0761904761904762,0.0490506329113924,0.029268292682926828,0.009980039920159682,0.007352941176470588,0.31,0.24,0.21,0.15,0.1,0.09,0.4,0.77,0.4,0.24,0.12,0.11,,,,,,1.4771212547196624,Cavity,Cavity,Cavity,Cavity,Cavity,Cavity,Cavity,Cavity,Cavity,Cavity,Cavity,Cavity,true,true,true,true,true,true,Lesion 10z11z12z14 Day 033 AA,Lesion 10z11z12z14 Day 045 AA,Lesion 10z11z12z14 Day 059 AA,Lesion 10z11z12z14 Day 073 AA,Lesion 10z11z12z14 Day 087 AA,Lesion 10z11z12z14 Day 102 AA,-5.1766925,7.386388,0,hot
BDQ+PRE,BR24,13,-206.61,-170.51,-248.21,-303.88,-416.8,-544.76,-187.0,-116.0,-238.0,-326.0,-450.0,-581.0,168.27,169.44,156.99,165.09,187.94,156.14,0.72,1.64,1.85,1.29,0.97,1.19,0.71,1.59,1.81,1.27,0.91,1.17,0.1,0.45,0.28,0.21,0.15,0.4,1.04,2.95,2.79,2.22,1.48,2.61,0.0,0.03,0.01,0.0,0.0,0.0,0.0,0.03,0.01,0.0,0.0,0.0,0.0,0.01,0.0,0.0,0.0,0.0,0.01,0.09,0.02,0.01,0.01,0.01,0.01,0.08,0.02,0.01,0.0,0.0,0.0,0.010169491525423728,0.0035842293906810036,0.0,0.0,0.0,0.01,0.02,0.01,0.01,0.0,0.0,0.01,0.03,0.0,0.0,0.0,0.0,,,,,,0.47712125471966244,Fibrotic,Fibrotic,Fibrotic,Fibrotic,Fibrotic,Fibrotic,Fibrotic,Fibrotic,Fibrotic,Fibrotic,Fibrotic,Fibrotic,false,false,false,false,false,false,Lesion 13 Day 033 AA,Lesion 13 Day 045 AA,Lesion 13 Day 059 AA,Lesion 13 Day 073 AA,Lesion 13 Day 087 AA,Lesion 13 Day 102 AA,3.189746,7.4298773,6,cool
BDQ+PRE,BR24,15,-174.04,-110.91,-113.15,-161.35,-229.41,-200.79,-131.0,-36.0,-43.0,-114.0,-211.0,-173.0,160.27,170.67,167.08,168.49,179.37,164.49,0.99,2.86,2.39,1.93,1.07,1.0,0.97,2.46,1.89,1.72,0.95,0.84,0.26,1.34,1.61,1.03,0.52,0.53,1.62,6.79,6.38,4.69,2.52,2.46,0.0,0.12,0.1,0.08,0.02,0.02,0.0,0.12,0.1,0.08,0.02,0.02,0.0,0.09,0.08,0.06,0.01,0.0,0.1,0.38,0.4,0.26,0.1,0.07,0.09,0.38,0.39,0.26,0.1,0.07,0.0,0.017673048600883652,0.015673981191222573,0.017057569296375266,0.007936507936507936,0.008130081300813009,0.04,0.04,0.04,0.06,0.05,0.04,0.05,0.09,0.11,0.08,0.04,0.03,,,,,,0.7781512503836436,Fibrotic,Fibrotic,Fibrotic,Fibrotic,Fibrotic,Fibrotic,Fibrotic,Fibrotic,Fibrotic,Fibrotic,Fibrotic,Fibrotic,false,false,false,false,false,false,Lesion 15 Day 033 AA,Lesion 15 Day 045 AA,Lesion 15 Day 059 AA,Lesion 15 Day 073 AA,Lesion 15 Day 087 AA,Lesion 15 Day 102 AA,0.8227154,7.447134,2,hot
BDQ+PRE,BR24,16,-278.98,-213.59,-212.99,-226.91,-248.79,-270.51,-295.0,-188.0,-199.0,-218.0,-253.0,-271.0,184.63,178.77,182.92,170.07,182.32,179.12,0.68,1.47,1.25,1.54,0.98,0.74,0.61,1.22,1.07,1.39,0.88,0.64,0.29,0.74,0.68,0.75,0.49,0.37,1.46,3.98,4.6,3.6,2.45,2.57,0.0,0.06,0.06,0.05,0.01,0.0,0.0,0.06,0.06,0.05,0.01,0.0,0.0,0.04,0.02,0.03,0.0,0.0,0.04,0.24,0.25,0.18,0.08,0.05,0.03,0.23,0.23,0.17,0.07,0.05,0.0,0.01507537688442211,0.013043478260869566,0.01388888888888889,0.004081632653061224,0.0,0.03,0.08,0.1,0.06,0.05,0.04,0.01,0.07,0.09,0.05,0.03,0.02,,,,,,1.0969100130080565,Cavity,Cavity,Cavity,Cavity,Cavity,Cavity,Cavity,Cavity,Cavity,Cavity,Cavity,Cavity,true,true,true,true,true,true,Lesion 16z17z18 Day 033 AA,Lesion 16z17z18 Day 045 AA,Lesion 16z17z18 Day 059 AA,Lesion 16z17z18 Day 073 AA,Lesion 16z17z18 Day 087 AA,Lesion 16z17z18 Day 102 AA,6.413608,7.129739,9,cool
BDQ+PRE,BR24,19,-341.67,-309.23,-287.43,-326.52,-331.09,-322.05,-378.0,-340.0,-321.0,-358.0,-358.0,-350.0,165.76,164.75,161.26,157.18,163.03,152.49,0.44,0.97,1.14,1.24,0.83,0.6,0.38,0.83,0.95,1.09,0.73,0.56,0.17,0.41,0.6,0.55,0.43,0.18,0.97,2.94,3.78,2.96,2.75,1.26,0.0,0.01,0.04,0.04,0.0,0.0,0.0,0.01,0.04,0.04,0.0,0.0,0.0,0.0,0.02,0.02,0.0,0.0,0.01,0.07,0.23,0.16,0.06,0.03,0.01,0.06,0.22,0.15,0.05,0.02,0.0,0.0034013605442176874,0.010582010582010583,0.012618296529968456,0.0,0.0,0.02,0.05,0.14,0.1,0.05,0.03,0.01,0.02,0.05,0.02,0.01,0.01,,,,,,0.47712125471966244,Fibrotic,Fibrotic,Fibrotic,Fibrotic,Fibrotic,Fibrotic,Fibrotic,Fibrotic,Fibrotic,Fibrotic,Fibrotic,Fibrotic,true,true,true,true,true,true,Lesion 19z20z21z22 Day 033 AA,Lesion 19z20z21z22 Day 045 AA,Lesion 19z20z21z22 Day 059 AA,Lesion 19z20z21z22 Day 073 AA,Lesion 19z20z21z22 Day 087 AA,Lesion 19z20z21z22 Day 102 AA,8.935672,5.432286,8,cool
BDQ+PRE,BR24,23,-239.08,-190.36,-189.3,-262.26,-276.94,-281.52,-229.0,-152.0,-152.0,-271.0,-280.0,-289.0,165.16,168.9,167.59,168.61,176.88,176.73,0.71,1.94,1.74,1.59,1.14,0.97,0.64,1.57,1.18,1.22,0.83,0.7,0.36,1.3,1.42,1.14,0.85,0.76,2.11,6.66,6.85,5.72,4.28,3.93,0.01,0.27,0.22,0.13,0.05,0.03,0.01,0.27,0.22,0.13,0.05,0.03,0.0,0.2,0.17,0.09,0.03,0.02,0.26,1.0,0.89,0.5,0.22,0.16,0.25,0.97,0.88,0.47,0.21,0.14,0.004739336492890996,0.04054054054054054,0.032116788321167884,0.022727272727272728,0.011682242990654205,0.007633587786259542,0.22,0.23,0.23,0.19,0.11,0.1,0.12,0.25,0.26,0.1,0.05,0.05,,,,,,1.1760912590556813,Fibrotic,Fibrotic,Fibrotic,Fibrotic,Fibrotic,Fibrotic,Fibrotic,Fibrotic,Fibrotic,Fibrotic,Fibrotic,Fibrotic,true,true,true,true,true,true,Lesion 23z24z25z26z27 Day 033 AA,Lesion 23z24z25z26z27 Day 045 AA,Lesion 23z24z25z26z27 Day 059 AA,Lesion 23z24z25z26z27 Day 073 AA,Lesion 23z24z25z26z27 Day 087 AA,Lesion 23z24z25z26z27 Day 102 AA,-4.8244734,9.901911,5,hot
BDQ+PRE,BR24,28,-311.84,-281.24,-294.81,-316.75,-307.71,-337.95,-322.0,-307.0,-313.0,-340.0,-319.0,-350.0,141.6,167.84,159.44,164.94,147.1,139.51,0.53,0.69,0.67,0.94,0.62,0.51,0.55,0.62,0.5,0.87,0.58,0.43,0.13,0.25,0.4,0.36,0.2,0.2,1.01,1.61,2.29,1.67,1.2,1.36,0.0,0.0,0.0,0.0,0.0,0.0,0.0,0.0,0.0,0.0,0.0,0.0,0.0,0.0,0.0,0.0,0.0,0.0,0.02,0.03,0.03,0.03,0.01,0.01,0.02,0.03,0.03,0.02,0.01,0.01,0.0,0.0,0.0,0.0,0.0,0.0,0.03,0.03,0.03,0.02,0.01,0.02,0.01,0.01,0.01,0.01,0.0,0.0,,,,,,0.47712125471966244,Necrotic,Necrotic,Necrotic,Necrotic,Necrotic,Necrotic,Necrotic,Necrotic,Necrotic,Necrotic,Necrotic,Necrotic,false,false,false,false,false,false,Lesion 28 Day 033 AA,Lesion 28 Day 045 AA,Lesion 28 Day 059 AA,Lesion 28 Day 073 AA,Lesion 28 Day 087 AA,Lesion 28 Day 102 AA,7.9259086,5.7488074,8,cool
BDQ+DEL,BR29,1,-208.52,-76.17,-77.45,-132.62,-162.28,-210.28,-199.0,-17.0,-18.0,-62.0,-101.0,-185.0,166.18,151.95,147.76,173.16,173.74,178.76,1.31,4.1,1.93,1.41,1.13,0.89,1.19,3.86,1.83,1.36,1.03,0.82,0.5,1.73,0.61,0.44,0.47,0.35,3.19,8.95,3.51,2.87,3.07,3.18,,,,,,,0.11,0.84,0.54,0.26,0.1,0.03,0.04,0.77,0.33,0.07,0.03,0.01,0.47,3.51,1.5,0.94,0.57,0.36,0.46,3.44,1.47,0.91,0.57,0.34,4.181818181818182,28.666666666666668,7.7368421052631575,4.55,5.181818181818182,2.266666666666667,0.2,0.17,0.15,0.2,0.18,0.17,0.15,0.68,0.61,0.43,0.31,0.18,2.28,2.28,2.28,2.28,2.28,2.28,Cavity,Cavity,Cavity,Cavity,Cavity,Cavity,Cavity,Cavity,Cavity,Cavity,Cavity,Cavity,true,true,true,true,true,true,Lesion 01z02z03 Day 032 AA,Lesion 01z02z03 Day 045 AA,Lesion 01z02z03 Day 060 AA,Lesion 01z02z03 Day 073 AA,Lesion 01z02z03 Day 087 AA,Lesion 01z02z03 Day 101 AA,-2.45591,6.344483,0,hot
BDQ+DEL,BR29,4,-267.08,-162.53,-108.02,-175.79,-158.54,-205.63,-286.0,-103.0,-32.0,-121.0,-99.0,-176.0,145.46,185.95,167.74,178.35,180.95,173.0,1.61,4.06,1.81,1.56,2.84,3.67,1.36,4.04,1.75,1.65,2.63,3.59,0.81,1.67,0.74,0.58,1.35,1.64,4.29,8.5,3.56,2.89,5.54,6.81,,,,,,,0.08,0.28,0.19,0.17,0.16,0.1,0.05,0.26,0.1,0.07,0.14,0.09,0.3,1.22,0.51,0.46,0.59,0.44,0.3,1.17,0.49,0.44,0.58,0.42,2.727272727272727,9.75,2.5789473684210527,2.1999999999999997,5.2727272727272725,2.8,0.14,0.12,0.07,0.11,0.08,0.06,0.05,0.18,0.2,0.16,0.12,0.06,0.95,0.95,0.95,0.95,0.95,0.95,Fibrotic Consol,Fibrotic Consol,Fibrotic Consol,Fibrotic Consol,Fibrotic Consol,Fibrotic Consol,Fibrotic,Fibrotic,Fibrotic,Fibrotic,Fibrotic,Fibrotic,true,true,true,true,true,true,Lesion 04z06 Day 032 AA,Lesion 04z06 Day 045 AA,Lesion 04z06 Day 060 AA,Lesion 04z06 Day 073 AA,Lesion 04z06 Day 087 AA,Lesion 04z06 Day 101 AA,-0.7064446,5.512493,2,hot
BDQ+DEL,BR29,5,-610.77,-487.22,-536.58,-600.78,-702.37,-694.12,-606.0,-502.0,-549.0,-613.0,-704.0,-707.0,79.57,124.53,119.17,74.47,54.52,62.35,0.47,0.74,0.62,0.57,0.36,0.36,0.46,0.74,0.62,0.56,0.36,0.36,0.02,0.03,0.04,0.04,0.01,0.01,0.52,0.81,0.71,0.66,0.39,0.4,,,,,,,0.0,0.0,0.0,0.0,0.0,0.0,0.0,0.0,0.0,0.0,0.0,0.0,0.0,0.0,0.0,0.0,0.0,0.0,0.0,0.0,0.0,0.0,0.0,0.0,0.0,0.0,0.0,0.0,0.0,0.0,0.0,0.0,0.0,0.0,0.0,0.0,0.0,0.0,0.0,0.0,0.0,0.0,0.48,0.48,0.48,0.48,0.48,0.48,Fibrotic,Fibrotic,Fibrotic,Fibrotic,Fibrotic,Fibrotic,Fibrotic,Fibrotic,Fibrotic,Fibrotic,Fibrotic,Fibrotic,false,false,false,false,false,false,Lesion 05 Day 032 AA,Lesion 05 Day 045 AA,Lesion 05 Day 060 AA,Lesion 05 Day 073 AA,Lesion 05 Day 087 AA,Lesion 05 Day 101 AA,11.576385,5.5411654,7,cool
BDQ+DEL,BR29,7,-106.37,-6.15,-7.2,-65.75,-58.11,-52.55,-69.0,12.0,7.0,-22.0,-21.0,-15.0,131.67,90.51,90.69,134.83,124.7,133.94,2.11,6.35,2.72,1.55,2.29,3.89,1.96,6.25,2.68,1.53,2.02,3.96,0.84,1.88,0.72,0.48,1.12,1.78,4.71,10.21,4.27,3.27,5.74,6.99,,,,,,,0.23,0.38,0.31,0.15,0.17,0.16,0.17,0.37,0.22,0.06,0.12,0.14,0.64,2.29,0.85,0.41,0.55,0.69,0.64,2.29,0.85,0.41,0.55,0.69,5.818181818181818,19.083333333333336,4.473684210526316,2.05,5.0,4.6,0.08,0.02,0.02,0.05,0.04,0.03,0.2,0.36,0.3,0.21,0.2,0.14,0.48,0.48,0.48,0.48,0.48,0.48,Necrotic,Necrotic,Necrotic,Necrotic,Necrotic,Necrotic,Necrotic,Necrotic,Necrotic,Necrotic,Necrotic,Necrotic,false,false,false,false,false,false,Lesion 07 Day 032 AA,Lesion 07 Day 045 AA,Lesion 07 Day 060 AA,Lesion 07 Day 073 AA,Lesion 07 Day 087 AA,Lesion 07 Day 101 AA,-0.76419485,7.772988,2,hot
BDQ+DEL,BR29,8,-323.6,-235.04,-260.25,-323.99,-343.33,-411.08,-344.0,-232.0,-272.0,-346.0,-369.0,-445.0,170.76,165.01,183.14,153.04,187.39,202.82,0.61,2.47,0.91,0.62,0.61,0.54,0.51,2.32,0.76,0.52,0.6,0.49,0.24,0.99,0.41,0.25,0.21,0.25,1.6,5.1,2.33,1.43,1.01,1.09,,,,,,,0.0,0.24,0.04,0.0,0.0,0.0,0.0,0.18,0.01,0.0,0.0,0.0,0.09,0.74,0.31,0.13,0.07,0.07,0.09,0.71,0.29,0.12,0.06,0.05,0.8181818181818181,5.916666666666667,1.526315789473684,0.6,0.5454545454545454,0.33333333333333337,0.13,0.18,0.2,0.15,0.07,0.06,0.02,0.12,0.11,0.03,0.02,0.02,1.3,1.3,1.3,1.3,1.3,1.3,Necrotic,Necrotic,Necrotic,Necrotic,Necrotic,Necrotic,Necrotic,Necrotic,Necrotic,Necrotic,Necrotic,Necrotic,true,true,true,true,true,true,Lesion 08z09z11 Day 032 AA,Lesion 08z09z11 Day 045 AA,Lesion 08z09z11 Day 060 AA,Lesion 08z09z11 Day 073 AA,Lesion 08z09z11 Day 087 AA,Lesion 08z09z11 Day 101 AA,-3.9456959,8.736953,5,hot
BDQ+DEL,BR29,10,-256.24,-138.75,-133.93,-219.98,-273.4,-303.82,-248.0,-73.0,-69.0,-202.0,-261.0,-319.0,160.75,162.32,165.3,163.51,164.34,157.01,0.87,3.92,1.84,1.17,0.93,0.58,0.78,3.59,1.74,1.13,0.94,0.58,0.42,2.07,0.93,0.56,0.31,0.22,2.1,9.32,4.19,2.76,1.7,1.12,,,,,,,0.04,0.57,0.33,0.18,0.01,0.0,0.0,0.51,0.25,0.05,0.0,0.0,0.42,2.53,1.02,0.63,0.34,0.19,0.4,2.47,1.02,0.62,0.31,0.17,3.6363636363636367,20.583333333333336,5.368421052631579,3.0999999999999996,2.8181818181818183,1.1333333333333335,0.28,0.2,0.16,0.27,0.22,0.19,0.13,0.42,0.39,0.23,0.12,0.07,0.78,0.78,0.78,0.78,0.78,0.78,Necrotic,Necrotic,Necrotic,Necrotic,Necrotic,Necrotic,Necrotic,Necrotic,Necrotic,Necrotic,Necrotic,Necrotic,false,false,false,false,false,false,Lesion 10 Day 032 AA,Lesion 10 Day 045 AA,Lesion 10 Day 060 AA,Lesion 10 Day 073 AA,Lesion 10 Day 087 AA,Lesion 10 Day 101 AA,-2.7136385,6.2576523,0,hot
BDQ+DEL,BR29,12,-202.26,-45.01,-97.02,-154.64,-158.42,-197.3,-187.0,-2.0,-33.0,-80.0,-86.0,-156.0,166.31,140.61,169.76,194.74,185.03,183.8,1.24,4.22,2.01,1.34,1.1,0.85,1.04,4.25,1.98,1.14,0.88,0.71,0.62,1.47,0.67,0.6,0.69,0.39,3.33,9.14,3.84,3.52,4.89,3.35,,,,,,,0.11,0.93,0.68,0.18,0.08,0.03,0.06,0.89,0.45,0.1,0.04,0.01,0.47,3.97,1.87,0.85,0.53,0.31,0.47,3.85,1.77,0.79,0.51,0.29,4.2727272727272725,32.083333333333336,9.31578947368421,3.95,4.636363636363637,1.9333333333333333,0.2,0.1,0.17,0.19,0.16,0.16,0.16,0.79,0.69,0.42,0.29,0.19,0.85,0.85,0.85,0.85,0.85,0.85,Fibrotic Consol,Fibrotic Consol,Fibrotic Consol,Fibrotic Consol,Fibrotic Consol,Fibrotic Consol,Fibrotic,Fibrotic,Fibrotic,Fibrotic,Fibrotic,Fibrotic,true,true,true,true,true,true,Lesion 12z13 Day 032 AA,Lesion 12z13 Day 045 AA,Lesion 12z13 Day 060 AA,Lesion 12z13 Day 073 AA,Lesion 12z13 Day 087 AA,Lesion 12z13 Day 101 AA,-2.1402836,7.3734894,0,hot
BDQ+DEL,BR29,14,-314.71,-349.97,-251.65,-549.51,-248.95,-670.9,-314.0,-348.0,-210.0,-583.0,-242.0,-674.0,129.14,180.47,210.3,136.24,152.27,52.92,0.81,0.62,0.49,0.45,0.44,0.68,0.7,0.6,0.46,0.44,0.43,0.61,0.27,0.11,0.13,0.07,0.08,0.25,1.69,0.96,1.02,0.66,0.68,1.43,,,,,,,0.0,0.0,0.0,0.0,0.0,0.0,0.0,0.0,0.0,0.0,0.0,0.0,0.02,0.02,0.03,0.02,0.02,0.01,0.02,0.02,0.02,0.01,0.02,0.0,0.18181818181818182,0.16666666666666669,0.10526315789473684,0.049999999999999996,0.18181818181818182,0.0,0.02,0.02,0.03,0.01,0.03,0.0,0.0,0.0,0.02,0.0,0.01,0.0,0.48,0.48,0.48,0.48,0.48,0.48,Scar,Scar,Scar,Scar,Scar,Scar,Scar,Scar,Scar,Scar,Scar,Scar,false,false,false,false,false,false,Lesion 14 Day 032 AA,Lesion 14 Day 045 AA,Lesion 14 Day 060 AA,Lesion 14 Day 073 AA,Lesion 14 Day 087 AA,Lesion 14 Day 101 AA,8.552368,3.9618678,8,cool
BDQ+DEL,BR29,15,-353.98,-142.29,-137.62,-238.3,-219.61,-246.88,-358.0,-88.0,-73.0,-235.0,-184.0,-259.0,141.23,173.49,173.77,165.48,160.99,170.56,0.56,3.24,1.55,0.69,0.63,0.64,0.51,2.74,1.24,0.53,0.51,0.44,0.18,1.96,0.96,0.41,0.33,0.44,1.37,8.53,4.28,2.67,2.07,2.5,,,,,,,0.0,0.16,0.09,0.01,0.0,0.01,0.0,0.13,0.07,0.0,0.0,0.0,0.04,0.67,0.35,0.12,0.07,0.08,0.03,0.64,0.33,0.11,0.07,0.07,0.2727272727272727,5.333333333333334,1.736842105263158,0.5499999999999999,0.6363636363636365,0.46666666666666673,0.05,0.07,0.07,0.1,0.05,0.08,0.01,0.13,0.14,0.06,0.05,0.04,0.78,0.78,0.78,0.78,0.78,0.78,Fibrotic,Fibrotic,Fibrotic,Fibrotic,Fibrotic,Fibrotic,Fibrotic,Fibrotic,Fibrotic,Fibrotic,Fibrotic,Fibrotic,false,false,false,false,false,false,Lesion 15 Day 032 AA,Lesion 15 Day 045 AA,Lesion 15 Day 060 AA,Lesion 15 Day 073 AA,Lesion 15 Day 087 AA,Lesion 15 Day 101 AA,0.023357732,6.110349,2,hot
BDQ+DEL,BR29,16,-496.44,-394.64,-506.89,-465.19,-580.98,-456.65,-492.0,-397.0,-518.0,-464.0,-603.0,-442.0,88.17,134.7,200.69,112.04,144.44,115.28,0.32,0.54,0.38,0.26,0.26,0.27,0.31,0.53,0.37,0.26,0.26,0.27,0.02,0.05,0.03,0.02,0.02,0.01,0.38,0.73,0.47,0.31,0.31,0.31,,,,,,,0.0,0.0,0.0,0.0,0.0,0.0,0.0,0.0,0.0,0.0,0.0,0.0,0.0,0.01,0.0,0.0,0.0,0.0,0.0,0.0,0.0,0.0,0.0,0.0,0.0,0.0,0.0,0.0,0.0,0.0,0.0,0.01,0.0,0.01,0.0,0.01,0.0,0.0,0.0,0.0,0.0,0.0,0.48,0.48,0.48,0.48,0.48,0.48,Scar,Scar,Scar,Scar,Scar,Scar,Scar,Scar,Scar,Scar,Scar,Scar,false,false,false,false,false,false,Lesion 16 Day 032 AA,Lesion 16 Day 045 AA,Lesion 16 Day 060 AA,Lesion 16 Day 073 AA,Lesion 16 Day 087 AA,Lesion 16 Day 101 AA,10.639758,6.1949015,7,cool
BDQ+DEL,BR29,17,-462.52,-338.29,-337.77,-495.78,-521.38,-518.36,-459.0,-342.0,-349.0,-499.0,-538.0,-537.0,65.69,114.65,119.56,74.63,120.61,107.26,0.4,0.78,0.61,0.37,0.32,0.34,0.39,0.74,0.62,0.36,0.31,0.33,0.04,0.17,0.09,0.05,0.04,0.04,0.59,1.25,0.83,0.53,0.44,0.51,,,,,,,0.0,0.0,0.0,0.0,0.0,0.0,0.0,0.0,0.0,0.0,0.0,0.0,0.01,0.01,0.01,0.0,0.0,0.0,0.01,0.01,0.01,0.0,0.0,0.0,0.09090909090909091,0.08333333333333334,0.05263157894736842,0.0,0.0,0.0,0.01,0.01,0.01,0.01,0.0,0.01,0.0,0.0,0.0,0.0,0.0,0.0,0.48,0.48,0.48,0.48,0.48,0.48,Scar,Scar,Scar,Scar,Scar,Scar,Scar,Scar,Scar,Scar,Scar,Scar,false,false,false,false,false,false,Lesion 17 Day 032 AA,Lesion 17 Day 045 AA,Lesion 17 Day 060 AA,Lesion 17 Day 073 AA,Lesion 17 Day 087 AA,Lesion 17 Day 101 AA,10.79792,8.558024,7,cool
BDQ+DEL,BR29,18,-409.57,-216.48,-279.71,-387.6,-359.33,-391.54,-409.0,-189.0,-264.0,-385.0,-369.0,-397.0,108.24,151.72,160.59,119.04,110.29,93.06,0.43,1.36,0.65,0.35,0.39,0.28,0.39,1.25,0.64,0.33,0.35,0.26,0.09,0.56,0.17,0.07,0.11,0.05,0.72,3.09,1.03,0.66,0.75,0.46,,,,,,,0.0,0.06,0.0,0.0,0.0,0.0,0.0,0.03,0.0,0.0,0.0,0.0,0.01,0.24,0.03,0.01,0.01,0.0,0.01,0.23,0.03,0.01,0.01,0.0,0.09090909090909091,1.9166666666666667,0.15789473684210525,0.049999999999999996,0.09090909090909091,0.0,0.03,0.1,0.03,0.03,0.03,0.01,0.0,0.07,0.01,0.0,0.0,0.0,0.54,0.54,0.54,0.54,0.54,0.54,Fibrotic,Fibrotic,Fibrotic,Fibrotic,Fibrotic,Fibrotic,Fibrotic,Fibrotic,Fibrotic,Fibrotic,Fibrotic,Fibrotic,false,false,false,false,false,false,Lesion 18 Day 032 AA,Lesion 18 Day 045 AA,Lesion 18 Day 060 AA,Lesion 18 Day 073 AA,Lesion 18 Day 087 AA,Lesion 18 Day 101 AA,6.4513054,8.917216,3,cool
BDQ+DEL,BR29,19,-327.37,-147.78,-146.48,-240.74,-188.1,-280.1,-336.0,-88.0,-79.0,-254.0,-147.0,-293.0,112.07,168.37,171.44,165.59,170.47,165.78,0.62,3.77,1.8,0.9,0.8,0.56,0.51,3.3,1.53,0.68,0.6,0.45,0.28,2.0,1.05,0.61,0.6,0.34,1.87,10.15,4.84,3.29,3.43,2.41,,,,,,,0.0,0.3,0.2,0.05,0.03,0.01,0.0,0.26,0.14,0.03,0.02,0.0,0.04,1.23,0.68,0.3,0.2,0.09,0.04,1.21,0.67,0.29,0.19,0.08,0.36363636363636365,10.083333333333334,3.5263157894736845,1.4499999999999997,1.7272727272727273,0.5333333333333333,0.07,0.12,0.12,0.21,0.11,0.11,0.0,0.2,0.24,0.12,0.12,0.04,2.19,2.19,2.19,2.19,2.19,2.19,Necrotic,Necrotic,Necrotic,Necrotic,Necrotic,Necrotic,Necrotic,Necrotic,Necrotic,Necrotic,Necrotic,Necrotic,false,false,false,false,false,false,Lesion 19 Day 032 AA,Lesion 19 Day 045 AA,Lesion 19 Day 060 AA,Lesion 19 Day 073 AA,Lesion 19 Day 087 AA,Lesion 19 Day 101 AA,-0.77160805,5.895245,2,hot
BDQ+DEL,BR30,1,-253.85,-143.29,-119.41,-158.05,-226.14,-253.43,-249.0,-72.0,-45.0,-91.0,-193.0,-247.0,168.3,170.39,170.52,178.02,179.06,172.06,0.89,2.69,1.98,1.27,0.81,0.6,0.79,2.02,1.53,1.0,0.71,0.58,0.35,1.92,1.33,0.85,0.3,0.12,2.23,9.39,6.74,4.74,2.07,1.14,,,,,,,0.01,0.19,0.16,0.05,0.01,0.0,0.0,0.14,0.11,0.03,0.0,0.0,0.12,0.75,0.63,0.27,0.11,0.06,0.1,0.73,0.6,0.25,0.09,0.05,0.5263157894736842,4.5625,3.529411764705882,1.1904761904761905,0.34615384615384615,0.2272727272727273,0.08,0.09,0.08,0.07,0.06,0.06,0.04,0.18,0.21,0.12,0.05,0.03,3.21,3.21,3.21,3.21,3.21,3.21,Necrotic,Necrotic,Necrotic,Necrotic,Necrotic,Necrotic,Necrotic,Necrotic,Necrotic,Necrotic,Necrotic,Necrotic,true,true,true,true,true,true,Lesion 01z02 Day 033 AA,Lesion 01z02 Day 046 AA,Lesion 01z02 Day 061 AA,Lesion 01z02 Day 074 AA,Lesion 01z02 Day 088 AA,Lesion 01z02 Day 102 AA,-0.3960374,6.667696,2,hot
BDQ+DEL,BR30,3,-330.4,-230.47,-175.1,-175.63,-328.34,-407.09,-343.0,-216.0,-147.0,-156.0,-340.0,-427.0,126.32,160.21,153.91,138.04,148.19,117.44,0.95,1.38,1.19,1.42,0.64,0.74,0.89,1.28,1.14,1.21,0.61,0.67,0.26,0.48,0.4,0.73,0.14,0.23,1.91,3.11,2.43,4.29,1.15,1.53,,,,,,,0.0,0.02,0.01,0.02,0.0,0.0,0.0,0.01,0.0,0.01,0.0,0.0,0.03,0.07,0.07,0.09,0.02,0.02,0.02,0.07,0.07,0.09,0.01,0.01,0.10526315789473684,0.43750000000000006,0.411764705882353,0.42857142857142855,0.038461538461538464,0.045454545454545456,0.02,0.03,0.03,0.03,0.02,0.02,0.0,0.02,0.03,0.03,0.0,0.0,2.42,2.42,2.42,2.42,2.42,2.42,Necrotic,Necrotic,Necrotic,Necrotic,Necrotic,Necrotic,Necrotic,Necrotic,Necrotic,Necrotic,Necrotic,Necrotic,false,false,false,false,false,false,Lesion 03 Day 033 AA,Lesion 03 Day 046 AA,Lesion 03 Day 061 AA,Lesion 03 Day 074 AA,Lesion 03 Day 088 AA,Lesion 03 Day 102 AA,6.931133,6.7937493,9,cool
BDQ+DEL,BR30,4,-337.26,-225.26,-205.36,-228.62,-279.41,-404.81,-353.0,-211.0,-175.0,-220.0,-273.0,-417.0,137.12,174.48,183.7,166.17,141.17,153.14,0.73,1.29,1.22,0.79,0.49,0.4,0.7,0.93,0.87,0.63,0.46,0.38,0.17,0.93,0.88,0.41,0.11,0.06,1.18,5.29,4.66,2.77,0.9,0.66,,,,,,,0.0,0.03,0.02,0.0,0.0,0.0,0.0,0.02,0.02,0.0,0.0,0.0,0.03,0.12,0.11,0.04,0.01,0.01,0.03,0.11,0.1,0.04,0.01,0.01,0.15789473684210525,0.6875,0.5882352941176471,0.1904761904761905,0.038461538461538464,0.045454545454545456,0.03,0.05,0.04,0.03,0.02,0.02,0.01,0.04,0.04,0.02,0.01,0.0,2.75,2.75,2.75,2.75,2.75,2.75,Necrotic,Necrotic,Necrotic,Necrotic,Necrotic,Necrotic,Necrotic,Necrotic,Necrotic,Necrotic,Necrotic,Necrotic,false,false,false,false,false,false,Lesion 04 Day 033 AA,Lesion 04 Day 046 AA,Lesion 04 Day 061 AA,Lesion 04 Day 074 AA,Lesion 04 Day 088 AA,Lesion 04 Day 102 AA,6.753299,6.030516,9,cool
BDQ+DEL,BR30,5,-377.63,-264.44,-246.2,-306.65,-363.03,-430.69,-398.0,-265.0,-240.0,-306.0,-381.0,-437.0,110.19,158.77,156.86,134.91,131.22,114.28,0.63,1.08,0.91,0.63,0.44,0.4,0.63,0.95,0.87,0.6,0.43,0.4,0.11,0.43,0.28,0.11,0.05,0.03,0.89,2.63,1.62,0.98,0.63,0.49,,,,,,,0.0,0.01,0.0,0.0,0.0,0.0,0.0,0.0,0.0,0.0,0.0,0.0,0.01,0.04,0.03,0.01,0.0,0.0,0.01,0.04,0.03,0.01,0.0,0.0,0.05263157894736842,0.25,0.1764705882352941,0.04761904761904762,0.0,0.0,0.02,0.02,0.02,0.01,0.01,0.01,0.0,0.01,0.01,0.0,0.0,0.0,0.48,0.48,0.48,0.48,0.48,0.48,Fibrotic,Fibrotic,Fibrotic,Fibrotic,Fibrotic,Fibrotic,Fibrotic,Fibrotic,Fibrotic,Fibrotic,Fibrotic,Fibrotic,false,false,false,false,false,false,Lesion 05 Day 033 AA,Lesion 05 Day 046 AA,Lesion 05 Day 061 AA,Lesion 05 Day 074 AA,Lesion 05 Day 088 AA,Lesion 05 Day 102 AA,8.079379,6.566381,8,cool
BDQ+DEL,BR30,6,-321.23,-248.97,-235.21,-256.61,-331.47,-384.27,-321.0,-239.0,-218.0,-246.0,-314.0,-385.0,125.56,156.01,158.87,149.04,158.79,123.56,0.71,1.14,0.91,0.75,0.43,0.47,0.71,1.05,0.88,0.73,0.43,0.47,0.06,0.36,0.23,0.13,0.04,0.06,0.88,3.02,1.67,1.24,0.54,0.65,,,,,,,0.0,0.01,0.0,0.0,0.0,0.0,0.0,0.0,0.0,0.0,0.0,0.0,0.02,0.06,0.05,0.02,0.01,0.01,0.02,0.05,0.04,0.02,0.01,0.01,0.10526315789473684,0.3125,0.23529411764705882,0.09523809523809525,0.038461538461538464,0.045454545454545456,0.02,0.03,0.03,0.02,0.01,0.01,0.0,0.02,0.02,0.01,0.0,0.0,2.9,2.9,2.9,2.9,2.9,2.9,Necrotic,Necrotic,Necrotic,Necrotic,Necrotic,Necrotic,Necrotic,Necrotic,Necrotic,Necrotic,Necrotic,Necrotic,false,false,false,false,false,false,Lesion 06 Day 033 AA,Lesion 06 Day 046 AA,Lesion 06 Day 061 AA,Lesion 06 Day 074 AA,Lesion 06 Day 088 AA,Lesion 06 Day 102 AA,8.037468,7.4030204,8,cool
BDQ+DEL,BR30,7,-289.2,-186.22,-160.66,-200.9,-245.89,-263.42,-296.0,-143.0,-106.0,-158.0,-222.0,-266.0,167.39,172.61,171.34,169.46,167.83,165.93,1.05,1.72,1.52,0.93,0.56,0.47,0.81,0.93,0.93,0.58,0.43,0.39,0.64,1.75,1.34,0.85,0.34,0.22,3.0,8.85,5.58,4.55,2.17,1.53,,,,,,,0.04,0.09,0.09,0.03,0.0,0.0,0.02,0.07,0.07,0.02,0.0,0.0,0.19,0.44,0.39,0.17,0.06,0.05,0.17,0.42,0.38,0.16,0.05,0.04,0.8947368421052632,2.625,2.235294117647059,0.761904761904762,0.19230769230769232,0.18181818181818182,0.11,0.11,0.1,0.09,0.05,0.06,0.04,0.13,0.15,0.09,0.04,0.03,3.03,3.03,3.03,3.03,3.03,3.03,Necrotic,Necrotic,Necrotic,Necrotic,Necrotic,Necrotic,Necrotic,Necrotic,Necrotic,Necrotic,Necrotic,Necrotic,false,false,false,false,false,false,Lesion 07 Day 033 AA,Lesion 07 Day 046 AA,Lesion 07 Day 061 AA,Lesion 07 Day 074 AA,Lesion 07 Day 088 AA,Lesion 07 Day 102 AA,-2.979762,10.708261,5,hot
BDQ+DEL,BR30,8,-509.53,-245.81,-252.49,-307.67,-496.93,-459.01,-499.0,-245.0,-262.0,-322.0,-508.0,-465.0,115.52,164.06,169.6,157.92,136.5,145.73,0.48,0.81,0.67,0.51,0.49,0.46,0.47,0.57,0.58,0.47,0.47,0.43,0.07,0.6,0.27,0.13,0.07,0.07,0.67,3.55,1.52,0.84,0.68,0.65,,,,,,,0.0,0.01,0.0,0.0,0.0,0.0,0.0,0.0,0.0,0.0,0.0,0.0,0.0,0.04,0.03,0.01,0.01,0.0,0.0,0.03,0.03,0.01,0.0,0.0,0.0,0.1875,0.1764705882352941,0.04761904761904762,0.0,0.0,0.0,0.03,0.03,0.01,0.0,0.01,0.0,0.01,0.01,0.0,0.0,0.0,0.48,0.48,0.48,0.48,0.48,0.48,Fibrotic,Fibrotic,Fibrotic,Fibrotic,Fibrotic,Fibrotic,Fibrotic,Fibrotic,Fibrotic,Fibrotic,Fibrotic,Fibrotic,false,false,false,false,false,false,Lesion 08 Day 033 AA,Lesion 08 Day 046 AA,Lesion 08 Day 061 AA,Lesion 08 Day 074 AA,Lesion 08 Day 088 AA,Lesion 08 Day 102 AA,7.241676,6.762105,9,cool
BDQ+DEL,BR30,9,-237.5,-119.0,-100.36,-177.36,-234.31,-268.68,-229.0,-57.0,-30.0,-113.0,-213.0,-275.0,170.88,158.66,160.1,168.52,160.16,158.08,0.97,1.79,1.48,0.92,0.73,0.56,0.86,1.09,1.14,0.77,0.67,0.53,0.41,1.51,0.88,0.43,0.2,0.1,2.3,7.29,4.09,2.78,1.36,0.87,,,,,,,0.0,0.04,0.04,0.01,0.0,0.0,0.0,0.03,0.03,0.0,0.0,0.0,0.03,0.23,0.2,0.07,0.03,0.01,0.03,0.21,0.19,0.07,0.03,0.01,0.15789473684210525,1.3125,1.1176470588235294,0.33333333333333337,0.11538461538461538,0.045454545454545456,0.02,0.04,0.03,0.03,0.02,0.02,0.01,0.08,0.1,0.04,0.02,0.01,2.56,2.56,2.56,2.56,2.56,2.56,Necrotic,Necrotic,Necrotic,Necrotic,Necrotic,Necrotic,Necrotic,Necrotic,Necrotic,Necrotic,Necrotic,Necrotic,false,false,false,false,false,false,Lesion 09 Day 033 AA,Lesion 09 Day 046 AA,Lesion 09 Day 061 AA,Lesion 09 Day 074 AA,Lesion 09 Day 088 AA,Lesion 09 Day 102 AA,2.8028169,9.523867,6,cool
BDQ+DEL,BR30,10,-208.96,-193.1,-185.79,-392.65,-419.58,-495.91,-182.0,-154.0,-156.0,-444.0,-457.0,-534.0,180.95,168.25,173.65,208.57,162.15,175.35,0.84,0.75,0.75,0.81,0.74,0.81,0.83,0.75,0.74,0.8,0.75,0.78,0.14,0.1,0.09,0.11,0.08,0.08,1.15,0.98,0.99,1.07,0.91,0.96,,,,,,,0.0,0.0,0.0,0.0,0.0,0.0,0.0,0.0,0.0,0.0,0.0,0.0,0.01,0.01,0.0,0.0,0.0,0.0,0.01,0.01,0.0,0.0,0.0,0.0,0.05263157894736842,0.0625,0.0,0.0,0.0,0.0,0.0,0.0,0.0,0.0,0.0,0.0,0.0,0.0,0.0,0.0,0.0,0.0,0.78,0.78,0.78,0.78,0.78,0.78,Scar,Scar,Scar,Scar,Scar,Scar,Scar,Scar,Scar,Scar,Scar,Scar,false,false,false,false,false,false,Lesion 10 Day 033 AA,Lesion 10 Day 046 AA,Lesion 10 Day 061 AA,Lesion 10 Day 074 AA,Lesion 10 Day 088 AA,Lesion 10 Day 102 AA,5.320248,7.1908917,9,cool
BDQ+DEL,BR30,11,-215.02,-219.76,-188.21,-221.16,-274.76,-432.22,-184.0,-192.0,-130.0,-180.0,-261.0,-452.0,175.01,169.21,159.96,175.8,181.34,167.31,1.04,0.9,0.82,0.75,0.8,0.69,0.99,0.86,0.81,0.75,0.79,0.66,0.28,0.34,0.18,0.16,0.13,0.16,1.91,2.7,1.37,1.15,1.1,1.08,,,,,,,0.0,0.0,0.0,0.0,0.0,0.0,0.0,0.0,0.0,0.0,0.0,0.0,0.03,0.03,0.02,0.01,0.01,0.01,0.03,0.02,0.02,0.01,0.0,0.0,0.15789473684210525,0.125,0.11764705882352941,0.04761904761904762,0.0,0.0,0.01,0.01,0.01,0.01,0.0,0.0,0.01,0.01,0.01,0.01,0.0,0.0,2.3,2.3,2.3,2.3,2.3,2.3,Necrotic,Necrotic,Necrotic,Necrotic,Necrotic,Necrotic,Necrotic,Necrotic,Necrotic,Necrotic,Necrotic,Necrotic,false,false,false,false,false,false,Lesion 11 Day 033 AA,Lesion 11 Day 046 AA,Lesion 11 Day 061 AA,Lesion 11 Day 074 AA,Lesion 11 Day 088 AA,Lesion 11 Day 102 AA,5.9136405,6.4647474,9,cool
BDQ+DEL,BR30,12,-554.82,-315.95,-376.28,-476.73,-563.44,-655.39,-572.0,-329.0,-397.0,-505.0,-587.0,-680.0,113.83,147.51,192.4,173.74,137.3,96.36,0.48,0.57,0.49,0.44,0.39,0.38,0.48,0.58,0.49,0.45,0.39,0.38,0.02,0.02,0.02,0.01,0.02,0.01,0.57,0.63,0.55,0.48,0.43,0.4,,,,,,,0.0,0.0,0.0,0.0,0.0,0.0,0.0,0.0,0.0,0.0,0.0,0.0,0.0,0.0,0.0,0.0,0.0,0.0,0.0,0.0,0.0,0.0,0.0,0.0,0.0,0.0,0.0,0.0,0.0,0.0,0.0,0.0,0.0,0.0,0.0,0.0,0.0,0.0,0.0,0.0,0.0,0.0,0.48,0.48,0.48,0.48,0.48,0.48,Scar,Scar,Scar,Scar,Scar,Scar,Scar,Scar,Scar,Scar,Scar,Scar,false,false,false,false,false,false,Lesion 12 Day 033 AA,Lesion 12 Day 046 AA,Lesion 12 Day 061 AA,Lesion 12 Day 074 AA,Lesion 12 Day 088 AA,Lesion 12 Day 102 AA,8.959366,6.830977,8,cool
BDQ+DEL,BR30,13,-217.64,-161.07,-133.03,-162.38,-184.66,-253.7,-197.0,-103.0,-59.0,-98.0,-131.0,-252.0,176.38,175.22,171.15,177.27,168.73,178.29,1.04,1.45,1.08,0.8,0.68,0.57,0.86,0.96,0.81,0.68,0.65,0.54,0.51,1.08,0.67,0.38,0.21,0.13,2.49,4.79,2.88,2.15,1.12,1.05,,,,,,,0.01,0.03,0.02,0.0,0.0,0.0,0.0,0.02,0.01,0.0,0.0,0.0,0.05,0.11,0.09,0.04,0.02,0.01,0.04,0.1,0.09,0.04,0.02,0.01,0.21052631578947367,0.625,0.5294117647058822,0.1904761904761905,0.07692307692307693,0.045454545454545456,0.02,0.03,0.03,0.02,0.01,0.01,0.02,0.04,0.06,0.03,0.02,0.01,3.23,3.23,3.23,3.23,3.23,3.23,Necrotic,Necrotic,Necrotic,Necrotic,Necrotic,Necrotic,Necrotic,Necrotic,Necrotic,Necrotic,Necrotic,Necrotic,false,false,false,false,false,false,Lesion 13 Day 033 AA,Lesion 13 Day 046 AA,Lesion 13 Day 061 AA,Lesion 13 Day 074 AA,Lesion 13 Day 088 AA,Lesion 13 Day 102 AA,3.7786312,7.67572,6,cool
BDQ+DEL,BR30,14,-381.16,-299.35,-256.43,-311.69,-384.82,-544.89,-374.0,-307.0,-246.0,-314.0,-394.0,-552.0,135.8,143.39,153.44,147.9,165.09,136.8,0.8,0.91,0.78,0.69,0.72,0.63,0.77,0.86,0.75,0.67,0.71,0.6,0.13,0.25,0.15,0.12,0.13,0.13,1.13,1.9,1.45,1.15,1.15,1.12,,,,,,,0.0,0.0,0.0,0.0,0.0,0.0,0.0,0.0,0.0,0.0,0.0,0.0,0.01,0.03,0.02,0.01,0.01,0.01,0.01,0.03,0.02,0.01,0.01,0.0,0.05263157894736842,0.1875,0.11764705882352941,0.04761904761904762,0.038461538461538464,0.0,0.01,0.02,0.02,0.01,0.01,0.0,0.0,0.01,0.01,0.0,0.0,0.0,2.19,2.19,2.19,2.19,2.19,2.19,Necrotic,Necrotic,Necrotic,Necrotic,Necrotic,Necrotic,Necrotic,Necrotic,Necrotic,Necrotic,Necrotic,Necrotic,true,true,true,true,true,true,Lesion 14z15 Day 033 AA,Lesion 14z15 Day 046 AA,Lesion 14z15 Day 061 AA,Lesion 14z15 Day 074 AA,Lesion 14z15 Day 088 AA,Lesion 14z15 Day 102 AA,9.639415,7.3241844,8,cool
BDQ+DEL,BR30,16,-354.42,-285.85,-265.38,-297.22,-453.12,-532.7,-380.0,-292.0,-241.0,-294.0,-488.0,-545.0,130.57,143.73,162.53,154.09,179.04,102.44,0.84,1.03,0.78,0.68,0.6,0.63,0.81,1.04,0.78,0.67,0.59,0.61,0.1,0.2,0.1,0.07,0.07,0.13,1.1,1.63,1.08,0.92,0.72,1.08,,,,,,,0.0,0.0,0.0,0.0,0.0,0.0,0.0,0.0,0.0,0.0,0.0,0.0,0.01,0.02,0.01,0.01,0.0,0.0,0.01,0.02,0.01,0.0,0.0,0.0,0.05263157894736842,0.125,0.058823529411764705,0.0,0.0,0.0,0.01,0.01,0.01,0.01,0.0,0.0,0.0,0.01,0.01,0.0,0.0,0.0,1.49,1.49,1.49,1.49,1.49,1.49,Fibrotic,Fibrotic,Fibrotic,Fibrotic,Fibrotic,Fibrotic,Fibrotic,Fibrotic,Fibrotic,Fibrotic,Fibrotic,Fibrotic,false,false,false,false,false,false,Lesion 16 Day 033 AA,Lesion 16 Day 046 AA,Lesion 16 Day 061 AA,Lesion 16 Day 074 AA,Lesion 16 Day 088 AA,Lesion 16 Day 102 AA,9.4006405,8.037095,8,cool
BDQ+DEL,BR30,17,-339.79,-311.81,-289.66,-464.44,-641.53,-648.43,-345.0,-320.0,-298.0,-480.0,-659.0,-655.0,129.86,143.01,148.59,133.86,100.01,105.18,0.57,0.79,0.57,0.47,0.31,0.38,0.56,0.79,0.56,0.47,0.32,0.37,0.04,0.04,0.03,0.03,0.02,0.02,0.69,0.86,0.64,0.54,0.35,0.42,,,,,,,0.0,0.0,0.0,0.0,0.0,0.0,0.0,0.0,0.0,0.0,0.0,0.0,0.0,0.01,0.0,0.0,0.0,0.0,0.0,0.01,0.0,0.0,0.0,0.0,0.0,0.0625,0.0,0.0,0.0,0.0,0.01,0.01,0.0,0.0,0.0,0.0,0.0,0.0,0.0,0.0,0.0,0.0,0.48,0.48,0.48,0.48,0.48,0.48,Scar,Scar,Scar,Scar,Scar,Scar,Scar,Scar,Scar,Scar,Scar,Scar,false,false,false,false,false,false,Lesion 17 Day 033 AA,Lesion 17 Day 046 AA,Lesion 17 Day 061 AA,Lesion 17 Day 074 AA,Lesion 17 Day 088 AA,Lesion 17 Day 102 AA,9.642619,7.2195983,8,cool
BDQ+DEL,BR30,18,-351.72,-632.22,-207.56,-226.15,-386.52,-190.76,-359.0,-637.0,-190.0,-208.0,-405.0,-160.0,137.86,60.23,175.88,155.61,158.44,154.62,0.57,0.52,0.72,0.69,0.63,0.6,0.56,0.51,0.68,0.66,0.63,0.57,0.05,0.05,0.17,0.12,0.06,0.14,0.73,0.7,1.29,1.12,0.83,0.99,,,,,,,0.0,0.0,0.0,0.0,0.0,0.0,0.0,0.0,0.0,0.0,0.0,0.0,0.01,0.01,0.04,0.02,0.01,0.04,0.0,0.0,0.04,0.02,0.01,0.04,0.0,0.0,0.23529411764705882,0.09523809523809525,0.038461538461538464,0.18181818181818182,0.01,0.0,0.03,0.01,0.01,0.03,0.0,0.0,0.02,0.01,0.0,0.03,0.48,0.48,0.48,0.48,0.48,0.48,Scar,Scar,Scar,Scar,Scar,Scar,Scar,Scar,Scar,Scar,Scar,Scar,false,false,false,false,false,false,Lesion 18 Day 033 AA,Lesion 18 Day 046 AA,Lesion 18 Day 061 AA,Lesion 18 Day 074 AA,Lesion 18 Day 088 AA,Lesion 18 Day 102 AA,12.780294,6.1352863,7,cool
BDQ+DEL,BR30,19,-314.51,-261.02,-209.96,-278.71,-311.15,-413.19,-333.0,-261.0,-182.0,-284.0,-309.0,-430.0,140.0,157.85,177.93,161.0,161.5,131.59,0.83,1.67,1.06,0.53,0.41,0.41,0.74,1.06,0.82,0.48,0.39,0.39,0.25,1.26,0.66,0.21,0.1,0.08,1.59,6.19,3.59,2.1,0.79,0.75,,,,,,,0.0,0.07,0.03,0.0,0.0,0.0,0.0,0.05,0.02,0.0,0.0,0.0,0.07,0.33,0.19,0.05,0.02,0.02,0.06,0.3,0.17,0.04,0.02,0.01,0.3157894736842105,1.875,1.0,0.1904761904761905,0.07692307692307693,0.045454545454545456,0.07,0.12,0.09,0.06,0.03,0.03,0.01,0.06,0.09,0.02,0.01,0.0,2.1,2.1,2.1,2.1,2.1,2.1,Fibrotic,Fibrotic,Fibrotic,Fibrotic,Fibrotic,Fibrotic,Fibrotic,Fibrotic,Fibrotic,Fibrotic,Fibrotic,Fibrotic,false,false,false,false,false,false,Lesion 19 Day 033 AA,Lesion 19 Day 046 AA,Lesion 19 Day 061 AA,Lesion 19 Day 074 AA,Lesion 19 Day 088 AA,Lesion 19 Day 102 AA,7.0858817,8.835812,3,cool
BDQ+DEL,BR30,20,-274.11,-219.08,-202.07,-269.67,-305.69,-313.66,-298.0,-218.0,-184.0,-280.0,-307.0,-340.0,162.84,176.15,183.83,185.9,163.73,174.4,0.66,1.05,0.63,0.36,0.35,0.3,0.55,0.72,0.49,0.32,0.29,0.28,0.29,0.73,0.4,0.11,0.15,0.05,1.59,4.69,2.63,0.96,1.01,0.57,,,,,,,0.0,0.03,0.01,0.0,0.0,0.0,0.0,0.02,0.0,0.0,0.0,0.0,0.03,0.12,0.07,0.03,0.01,0.01,0.03,0.12,0.07,0.03,0.01,0.01,0.15789473684210525,0.75,0.411764705882353,0.14285714285714285,0.038461538461538464,0.045454545454545456,0.03,0.06,0.05,0.04,0.02,0.02,0.01,0.04,0.05,0.02,0.01,0.01,2.25,2.25,2.25,2.25,2.25,2.25,Necrotic,Necrotic,Necrotic,Necrotic,Necrotic,Necrotic,Necrotic,Necrotic,Necrotic,Necrotic,Necrotic,Necrotic,false,false,false,false,false,false,Lesion 20 Day 033 AA,Lesion 20 Day 046 AA,Lesion 20 Day 061 AA,Lesion 20 Day 074 AA,Lesion 20 Day 088 AA,Lesion 20 Day 102 AA,6.5757937,6.9054193,9,cool
BDQ+DEL,BR30,21,-277.32,-249.66,-212.59,-258.49,-288.86,-380.94,-281.0,-239.0,-183.0,-247.0,-271.0,-387.0,152.99,160.37,169.46,154.11,157.71,143.38,0.83,1.3,0.77,0.54,0.41,0.39,0.76,1.08,0.67,0.48,0.37,0.38,0.28,0.78,0.34,0.21,0.1,0.06,1.55,4.47,2.55,1.57,0.67,0.61,,,,,,,0.0,0.02,0.0,0.0,0.0,0.0,0.0,0.01,0.0,0.0,0.0,0.0,0.04,0.11,0.05,0.02,0.01,0.01,0.03,0.1,0.05,0.02,0.01,0.01,0.15789473684210525,0.625,0.29411764705882354,0.09523809523809525,0.038461538461538464,0.045454545454545456,0.03,0.05,0.03,0.03,0.01,0.02,0.01,0.03,0.03,0.01,0.0,0.0,2.85,2.85,2.85,2.85,2.85,2.85,Scar,Scar,Scar,Scar,Scar,Scar,Scar,Scar,Scar,Scar,Scar,Scar,false,false,false,false,false,false,Lesion 21 Day 033 AA,Lesion 21 Day 046 AA,Lesion 21 Day 061 AA,Lesion 21 Day 074 AA,Lesion 21 Day 088 AA,Lesion 21 Day 102 AA,8.016764,6.9317203,8,cool
BDQ+DEL,BR30,22,-237.79,-233.11,-269.54,-437.88,-402.44,-542.24,-228.0,-227.0,-265.0,-457.0,-410.0,-557.0,160.88,164.83,153.92,121.47,187.23,117.96,0.95,1.28,0.74,0.79,0.41,0.49,0.93,1.14,0.66,0.46,0.32,0.37,0.35,0.59,0.3,0.49,0.2,0.32,2.43,4.0,2.24,2.41,1.31,1.85,,,,,,,0.0,0.03,0.0,0.0,0.0,0.0,0.0,0.02,0.0,0.0,0.0,0.0,0.07,0.14,0.04,0.03,0.01,0.02,0.06,0.12,0.04,0.01,0.01,0.0,0.3157894736842105,0.75,0.23529411764705882,0.04761904761904762,0.038461538461538464,0.0,0.04,0.06,0.04,0.02,0.02,0.01,0.02,0.04,0.02,0.0,0.0,0.0,0.48,0.48,0.48,0.48,0.48,0.48,Fibrotic,Fibrotic,Fibrotic,Fibrotic,Fibrotic,Fibrotic,Fibrotic,Fibrotic,Fibrotic,Fibrotic,Fibrotic,Fibrotic,true,true,true,true,true,true,Lesion 22z23 Day 033 AA,Lesion 22z23 Day 046 AA,Lesion 22z23 Day 061 AA,Lesion 22z23 Day 074 AA,Lesion 22z23 Day 088 AA,Lesion 22z23 Day 102 AA,7.635106,7.473239,3,cool
BDQ+DEL,BR30,24,-310.4,-179.5,-213.08,-258.64,-296.94,-312.08,-323.0,-137.0,-193.0,-252.0,-298.0,-331.0,145.1,167.48,165.96,164.24,160.2,144.16,0.88,1.92,0.9,0.61,0.51,0.49,0.77,1.42,0.71,0.45,0.38,0.34,0.33,1.33,0.55,0.44,0.28,0.34,1.86,6.53,3.57,2.63,1.18,1.85,,,,,,,0.0,0.13,0.02,0.01,0.0,0.0,0.0,0.08,0.01,0.0,0.0,0.0,0.08,0.53,0.15,0.06,0.04,0.04,0.08,0.51,0.14,0.06,0.03,0.03,0.42105263157894735,3.1875,0.823529411764706,0.2857142857142857,0.11538461538461538,0.13636363636363635,0.07,0.12,0.09,0.06,0.04,0.06,0.02,0.15,0.07,0.03,0.02,0.01,2.72,2.72,2.72,2.72,2.72,2.72,Necrotic,Necrotic,Necrotic,Necrotic,Necrotic,Necrotic,Necrotic,Necrotic,Necrotic,Necrotic,Necrotic,Necrotic,false,false,false,false,false,false,Lesion 24 Day 033 AA,Lesion 24 Day 046 AA,Lesion 24 Day 061 AA,Lesion 24 Day 074 AA,Lesion 24 Day 088 AA,Lesion 24 Day 102 AA,-3.8888824,10.618525,5,hot
BDQ+DEL,BR30,25,-354.73,-245.13,-228.83,-316.49,-400.1,-339.41,-362.0,-258.0,-233.0,-348.0,-398.0,-324.0,137.1,167.57,170.91,159.56,140.08,175.97,0.71,0.63,0.46,0.38,0.34,0.37,0.69,0.56,0.41,0.34,0.33,0.37,0.22,0.23,0.16,0.1,0.06,0.05,1.23,1.93,1.27,0.79,0.53,0.5,,,,,,,0.0,0.0,0.0,0.0,0.0,0.0,0.0,0.0,0.0,0.0,0.0,0.0,0.02,0.04,0.03,0.01,0.0,0.01,0.01,0.04,0.03,0.01,0.0,0.01,0.05263157894736842,0.25,0.1764705882352941,0.04761904761904762,0.0,0.045454545454545456,0.02,0.04,0.04,0.02,0.01,0.01,0.0,0.02,0.02,0.0,0.0,0.0,1.88,1.88,1.88,1.88,1.88,1.88,Fibrotic,Fibrotic,Fibrotic,Fibrotic,Fibrotic,Fibrotic,Fibrotic,Fibrotic,Fibrotic,Fibrotic,Fibrotic,Fibrotic,false,false,false,false,false,false,Lesion 25 Day 033 AA,Lesion 25 Day 046 AA,Lesion 25 Day 061 AA,Lesion 25 Day 074 AA,Lesion 25 Day 088 AA,Lesion 25 Day 102 AA,7.120001,6.9967127,9,cool
BDQ+PRE,BS05,1,-259.21,-159.31,-123.75,-164.62,-173.04,-247.78,-268.0,-78.0,-48.0,-120.0,-137.0,-235.0,157.4,179.45,175.28,176.75,174.81,177.95,1.91,3.95,2.0,1.76,1.58,0.95,1.89,3.58,1.81,1.52,1.51,0.87,0.46,1.36,0.78,0.69,0.32,0.24,3.24,7.7,4.23,3.92,2.47,1.68,0.04,0.15,0.15,0.07,0.05,0.0,0.04,0.15,0.15,0.07,0.05,0.0,0.02,0.14,0.09,0.04,0.01,0.0,0.11,0.58,0.45,0.23,0.14,0.07,0.1,0.56,0.44,0.22,0.14,0.07,0.012084592145015106,0.01948051948051948,0.035460992907801414,0.01785714285714286,0.020242914979757085,0.0,0.03,0.05,0.08,0.05,0.04,0.04,0.01,0.08,0.15,0.07,0.05,0.03,,,,,,0.9542425094393249,Cavity,Cavity,Cavity,Cavity,Cavity,Cavity,Cavity,Cavity,Cavity,Cavity,Cavity,Cavity,false,false,false,false,false,false,Lesion 01 Day 033 AA,Lesion 01 Day 045 AA,Lesion 01 Day 059 AA,Lesion 01 Day 073 AA,Lesion 01 Day 087 AA,Lesion 01 Day 102 AA,0.23305365,5.953031,2,hot
BDQ+PRE,BS05,2,-282.24,-199.88,-163.1,-248.85,-245.25,-202.35,-302.0,-181.0,-131.0,-252.0,-243.0,-184.0,160.51,159.42,165.66,177.06,149.62,165.84,1.17,2.09,1.31,1.03,0.93,0.83,1.09,1.74,1.23,0.96,0.89,0.79,0.33,0.69,0.4,0.31,0.23,0.21,2.05,3.97,2.34,1.73,1.43,1.38,0.01,0.05,0.03,0.0,0.0,0.0,0.01,0.05,0.03,0.0,0.0,0.0,0.0,0.02,0.01,0.0,0.0,0.0,0.06,0.13,0.11,0.04,0.03,0.02,0.06,0.12,0.11,0.04,0.03,0.02,0.004878048780487806,0.012594458438287154,0.01282051282051282,0.0,0.0,0.0,0.04,0.03,0.04,0.02,0.02,0.01,0.01,0.03,0.04,0.01,0.01,0.01,,,,,,0.7781512503836436,Cavity,Cavity,Cavity,Cavity,Cavity,Cavity,Cavity,Cavity,Cavity,Cavity,Cavity,Cavity,false,false,false,false,false,false,Lesion 02 Day 033 AA,Lesion 02 Day 045 AA,Lesion 02 Day 059 AA,Lesion 02 Day 073 AA,Lesion 02 Day 087 AA,Lesion 02 Day 102 AA,3.6166441,6.3100514,10,cool
BDQ+PRE,BS05,3,-189.35,-184.0,-178.13,-202.38,-241.34,-301.0,-163.0,-146.0,-153.0,-184.0,-237.0,-312.0,143.5,163.33,165.86,167.09,145.29,156.18,1.25,2.04,1.25,1.63,1.43,1.3,1.1,1.86,1.26,1.59,1.37,1.13,0.5,0.91,0.54,0.44,0.52,0.68,2.53,4.57,2.26,2.58,3.51,4.26,0.02,0.07,0.06,0.05,0.03,0.02,0.02,0.07,0.06,0.05,0.03,0.02,0.01,0.05,0.02,0.02,0.01,0.01,0.12,0.23,0.2,0.14,0.11,0.09,0.12,0.22,0.2,0.14,0.11,0.08,0.00790513833992095,0.015317286652078776,0.026548672566371685,0.01937984496124031,0.008849557522123894,0.004694835680751174,0.05,0.05,0.08,0.05,0.05,0.03,0.04,0.06,0.08,0.04,0.03,0.02,,,,,,0.9542425094393249,Cavity,Cavity,Cavity,Cavity,Cavity,Cavity,Cavity,Cavity,Cavity,Cavity,Cavity,Cavity,false,false,false,false,false,false,Lesion 03 Day 033 AA,Lesion 03 Day 045 AA,Lesion 03 Day 059 AA,Lesion 03 Day 073 AA,Lesion 03 Day 087 AA,Lesion 03 Day 102 AA,3.2819157,6.8364673,10,cool
BDQ+PRE,BS05,4,-268.66,-115.17,-140.16,-217.05,-247.24,-236.01,-279.0,-53.0,-90.0,-212.0,-243.0,-228.0,143.17,151.09,169.73,169.56,123.57,159.71,1.22,3.45,1.76,1.88,1.91,2.63,1.06,3.33,1.73,1.88,1.71,2.36,0.54,1.64,0.69,0.6,0.83,1.27,2.35,6.83,3.51,3.29,4.26,5.21,0.02,0.17,0.09,0.05,0.04,0.05,0.02,0.17,0.09,0.05,0.04,0.05,0.01,0.14,0.06,0.04,0.03,0.04,0.07,0.68,0.25,0.14,0.13,0.17,0.07,0.67,0.25,0.13,0.13,0.17,0.00851063829787234,0.024890190336749635,0.02564102564102564,0.015673981191222573,0.009009009009009009,0.009596928982725529,0.04,0.05,0.06,0.04,0.04,0.03,0.02,0.14,0.08,0.03,0.02,0.03,,,,,,0.7781512503836436,Cavity,Cavity,Cavity,Cavity,Cavity,Cavity,Cavity,Cavity,Cavity,Cavity,Cavity,Cavity,false,false,false,false,false,false,Lesion 04 Day 033 AA,Lesion 04 Day 045 AA,Lesion 04 Day 059 AA,Lesion 04 Day 073 AA,Lesion 04 Day 087 AA,Lesion 04 Day 102 AA,0.07112708,7.273967,2,hot
BDQ+PRE,BS05,5,-320.52,-196.18,-154.76,-289.37,-304.02,-278.7,-339.0,-163.0,-114.0,-304.0,-307.0,-290.0,137.55,160.06,166.1,164.76,138.42,150.86,0.81,2.33,1.61,1.23,1.09,0.83,0.75,1.79,1.48,1.14,1.05,0.8,0.27,1.46,0.78,0.45,0.37,0.3,1.73,6.15,4.01,2.47,2.18,1.57,0.0,0.12,0.12,0.04,0.02,0.0,0.0,0.12,0.12,0.04,0.02,0.0,0.0,0.09,0.07,0.01,0.0,0.0,0.11,0.47,0.38,0.19,0.12,0.08,0.11,0.46,0.38,0.18,0.11,0.08,0.0,0.019512195121951216,0.029925187032418952,0.016194331983805668,0.009174311926605503,0.0,0.11,0.1,0.1,0.11,0.09,0.07,0.02,0.1,0.13,0.04,0.02,0.02,,,,,,1.0791812460476249,Cavity,Cavity,Cavity,Cavity,Cavity,Cavity,Cavity,Cavity,Cavity,Cavity,Cavity,Cavity,true,true,true,true,true,true,Lesion 05z07 Day 033 AA,Lesion 05z07 Day 045 AA,Lesion 05z07 Day 059 AA,Lesion 05z07 Day 073 AA,Lesion 05z07 Day 087 AA,Lesion 05z07 Day 102 AA,-1.2927824,6.6680646,5,hot
BDQ+PRE,BS05,6,-14.79,11.47,24.5,23.57,24.4,-7.06,13.0,12.0,25.0,28.0,28.0,4.0,92.32,36.29,37.72,70.45,67.84,77.24,2.56,6.89,3.76,3.05,2.07,1.4,2.24,7.09,3.84,3.04,1.86,1.1,0.98,1.5,0.89,0.59,0.79,0.86,5.76,10.71,5.37,4.38,4.43,4.9,0.21,0.36,0.39,0.34,0.26,0.08,0.21,0.36,0.39,0.34,0.26,0.08,0.15,0.36,0.39,0.34,0.16,0.05,0.59,2.5,1.48,1.06,0.76,0.38,0.59,2.5,1.48,1.06,0.76,0.38,0.036458333333333336,0.03361344537815126,0.07262569832402235,0.07762557077625572,0.058690744920993236,0.016326530612244896,0.02,0.0,0.0,0.01,0.0,0.01,0.21,0.37,0.39,0.33,0.36,0.24,,,,,,0.7781512503836436,Fibrotic,Fibrotic,Fibrotic,Fibrotic,Fibrotic,Fibrotic,Fibrotic,Fibrotic,Fibrotic,Fibrotic,Fibrotic,Fibrotic,false,false,false,false,false,false,Lesion 06 Day 033 AA,Lesion 06 Day 045 AA,Lesion 06 Day 059 AA,Lesion 06 Day 073 AA,Lesion 06 Day 087 AA,Lesion 06 Day 102 AA,-0.50227475,7.9819245,2,hot
BDQ+PRE,BS05,8,-231.9,-98.94,-59.71,-156.82,-228.42,-277.79,-227.0,-49.0,-13.0,-119.0,-222.0,-278.0,144.98,141.66,133.06,179.25,161.7,153.61,1.16,3.53,2.44,1.65,1.13,0.66,0.98,2.69,2.48,1.63,0.98,0.59,0.65,2.17,1.18,0.75,0.61,0.28,3.61,10.26,4.93,3.95,3.33,1.96,0.2,0.76,0.76,0.45,0.15,0.01,0.2,0.76,0.76,0.45,0.15,0.01,0.1,0.59,0.65,0.27,0.08,0.0,0.96,3.15,2.66,1.34,0.79,0.4,0.94,3.14,2.65,1.31,0.76,0.37,0.0554016620498615,0.0760233918128655,0.15415821501014199,0.11392405063291139,0.04504504504504504,0.005102040816326531,0.51,0.26,0.21,0.33,0.42,0.42,0.26,0.66,0.87,0.45,0.24,0.16,,,,,,0.9542425094393249,Cavity,Cavity,Cavity,Cavity,Cavity,Cavity,Cavity,Cavity,Cavity,Cavity,Cavity,Cavity,false,false,false,false,false,false,Lesion 08 Day 033 AA,Lesion 08 Day 045 AA,Lesion 08 Day 059 AA,Lesion 08 Day 073 AA,Lesion 08 Day 087 AA,Lesion 08 Day 102 AA,-3.825633,6.8475933,0,hot
BDQ+PRE,BS05,9,-276.96,-257.48,-234.21,-283.47,-259.34,-272.76,-289.0,-266.0,-241.0,-296.0,-262.0,-274.0,153.33,164.3,171.52,167.34,159.66,150.18,1.09,1.66,0.98,0.81,0.75,0.74,1.04,1.6,0.97,0.78,0.72,0.73,0.24,0.39,0.21,0.16,0.18,0.11,1.75,2.69,1.4,1.19,1.16,1.12,0.0,0.01,0.0,0.0,0.0,0.0,0.0,0.01,0.0,0.0,0.0,0.0,0.0,0.0,0.0,0.0,0.0,0.0,0.02,0.05,0.04,0.02,0.01,0.01,0.02,0.04,0.03,0.01,0.01,0.01,0.0,0.003717472118959108,0.0,0.0,0.0,0.0,0.01,0.02,0.02,0.01,0.01,0.01,0.0,0.01,0.02,0.01,0.0,0.0,,,,,,0.7781512503836436,Fibrotic,Fibrotic,Fibrotic,Fibrotic,Fibrotic,Fibrotic,Fibrotic,Fibrotic,Fibrotic,Fibrotic,Fibrotic,Fibrotic,false,false,false,false,false,false,Lesion 09 Day 033 AA,Lesion 09 Day 045 AA,Lesion 09 Day 059 AA,Lesion 09 Day 073 AA,Lesion 09 Day 087 AA,Lesion 09 Day 102 AA,4.774911,5.268829,10,cool
BDQ+PRE,BS05,10,-141.51,-77.1,-58.93,-98.92,-178.97,-176.44,-99.0,-13.0,7.0,-35.0,-145.0,-134.0,159.49,154.32,151.24,175.97,182.59,182.38,1.09,4.13,2.19,1.63,1.24,0.99,0.96,3.74,2.18,1.54,1.09,0.81,0.53,2.3,1.07,0.73,0.61,0.62,4.05,10.75,5.14,4.5,4.2,4.12,0.15,1.32,0.99,0.62,0.22,0.1,0.15,1.32,0.99,0.62,0.22,0.1,0.07,1.19,0.8,0.35,0.09,0.05,1.03,6.29,3.16,1.94,1.15,0.76,1.01,6.19,3.14,1.89,1.1,0.7,0.038922155688622756,0.12279069767441861,0.1926070038910506,0.13777777777777778,0.05238095238095238,0.024271844660194174,0.37,0.29,0.25,0.29,0.4,0.27,0.57,1.16,1.12,0.8,0.48,0.4,,,,,,1.0791812460476249,Cavity,Cavity,Cavity,Cavity,Cavity,Cavity,Cavity,Cavity,Cavity,Cavity,Cavity,Cavity,true,true,true,true,true,true,Lesion 10z11 Day 033 AA,Lesion 10z11 Day 045 AA,Lesion 10z11 Day 059 AA,Lesion 10z11 Day 073 AA,Lesion 10z11 Day 087 AA,Lesion 10z11 Day 102 AA,-4.167238,6.447461,0,hot
BDQ+PRE,BS05,12,-434.06,-342.51,-336.3,-415.58,-588.61,-656.88,-438.0,-354.0,-352.0,-427.0,-589.0,-658.0,113.77,114.94,139.5,115.57,78.98,92.54,0.53,0.88,0.62,0.58,0.41,0.44,0.52,0.84,0.61,0.58,0.41,0.43,0.04,0.12,0.09,0.06,0.02,0.05,0.68,1.23,0.96,0.72,0.49,0.59,0.0,0.0,0.0,0.0,0.0,0.0,0.0,0.0,0.0,0.0,0.0,0.0,0.0,0.0,0.0,0.0,0.0,0.0,0.01,0.01,0.01,0.01,0.0,0.0,0.0,0.01,0.01,0.0,0.0,0.0,0.0,0.0,0.0,0.0,0.0,0.0,0.01,0.01,0.01,0.01,0.0,0.0,0.0,0.0,0.0,0.0,0.0,0.0,,,,,,0.7781512503836436,Necrotic,Necrotic,Necrotic,Necrotic,Necrotic,Necrotic,Necrotic,Necrotic,Necrotic,Necrotic,Necrotic,Necrotic,false,false,false,false,false,false,Lesion 12 Day 033 AA,Lesion 12 Day 045 AA,Lesion 12 Day 059 AA,Lesion 12 Day 073 AA,Lesion 12 Day 087 AA,Lesion 12 Day 102 AA,11.120206,8.31957,7,cool
BDQ+PRE,BS05,13,-150.47,-143.95,-140.3,-143.49,-191.79,-231.48,-117.0,-83.0,-74.0,-96.0,-171.0,-225.0,140.36,163.34,182.91,176.94,167.91,173.03,1.27,3.58,1.87,2.04,1.66,0.82,1.0,3.29,1.78,1.93,1.56,0.78,0.74,2.01,0.9,0.93,0.69,0.26,3.85,8.69,4.14,4.44,3.48,1.52,0.05,0.25,0.24,0.18,0.09,0.0,0.05,0.25,0.24,0.18,0.09,0.0,0.03,0.21,0.17,0.13,0.05,0.0,0.24,1.03,0.73,0.54,0.27,0.1,0.24,1.01,0.71,0.53,0.27,0.09,0.012987012987012988,0.028768699654775607,0.057971014492753624,0.040540540540540536,0.02586206896551724,0.0,0.08,0.1,0.13,0.09,0.08,0.06,0.1,0.19,0.24,0.15,0.08,0.04,,,,,,0.7781512503836436,Fibrotic,Fibrotic,Fibrotic,Fibrotic,Fibrotic,Fibrotic,Fibrotic,Fibrotic,Fibrotic,Fibrotic,Fibrotic,Fibrotic,false,false,false,false,false,false,Lesion 13 Day 033 AA,Lesion 13 Day 045 AA,Lesion 13 Day 059 AA,Lesion 13 Day 073 AA,Lesion 13 Day 087 AA,Lesion 13 Day 102 AA,-0.52779245,6.2158318,2,hot
BDQ+PRE,BS05,14,-157.09,-209.21,-64.15,-135.12,-191.65,-191.3,-118.0,-188.0,8.0,-98.0,-152.0,-178.0,154.71,173.93,165.54,176.84,190.33,141.67,0.92,1.63,1.78,1.21,0.86,0.79,0.82,1.4,1.59,1.05,0.77,0.74,0.32,0.78,0.73,0.47,0.32,0.22,2.08,5.69,3.93,2.6,1.79,1.47,0.0,0.04,0.1,0.01,0.0,0.0,0.0,0.04,0.1,0.01,0.0,0.0,0.0,0.02,0.05,0.0,0.0,0.0,0.06,0.14,0.29,0.07,0.04,0.02,0.06,0.13,0.29,0.07,0.04,0.02,0.0,0.007029876977152899,0.025445292620865142,0.003846153846153846,0.0,0.0,0.03,0.04,0.04,0.02,0.02,0.01,0.04,0.04,0.13,0.03,0.02,0.01,,,,,,0.9542425094393249,Necrotic,Necrotic,Necrotic,Necrotic,Necrotic,Necrotic,Necrotic,Necrotic,Necrotic,Necrotic,Necrotic,Necrotic,false,false,false,false,false,false,Lesion 14 Day 033 AA,Lesion 14 Day 045 AA,Lesion 14 Day 059 AA,Lesion 14 Day 073 AA,Lesion 14 Day 087 AA,Lesion 14 Day 102 AA,5.512237,5.858664,9,cool
BDQ+PRE,BS05,15,-216.28,-94.88,-90.1,-185.22,-239.05,-250.99,-222.0,-41.0,-29.0,-149.0,-234.0,-254.0,170.62,147.81,151.89,186.19,175.08,168.72,1.02,3.21,2.25,1.82,1.42,0.88,0.89,2.64,2.16,1.53,1.22,0.73,0.54,2.04,1.11,1.0,0.74,0.47,3.83,9.86,4.96,4.85,3.68,2.96,0.08,0.67,0.71,0.43,0.26,0.07,0.08,0.67,0.71,0.43,0.26,0.07,0.03,0.56,0.56,0.29,0.16,0.02,0.58,2.87,2.32,1.52,0.98,0.5,0.55,2.82,2.31,1.46,0.94,0.49,0.020887728459530026,0.06795131845841786,0.14314516129032256,0.088659793814433,0.07065217391304347,0.02364864864864865,0.33,0.17,0.27,0.35,0.42,0.36,0.21,0.66,0.78,0.42,0.24,0.19,,,,,,0.7781512503836436,Necrotic,Necrotic,Necrotic,Necrotic,Necrotic,Necrotic,Necrotic,Necrotic,Necrotic,Necrotic,Necrotic,Necrotic,false,false,false,false,false,false,Lesion 15 Day 033 AA,Lesion 15 Day 045 AA,Lesion 15 Day 059 AA,Lesion 15 Day 073 AA,Lesion 15 Day 087 AA,Lesion 15 Day 102 AA,-3.1898868,6.604839,0,hot
BDQ+PRE,BS05,16,-235.66,-190.49,-182.3,-225.23,-288.57,-248.42,-234.0,-179.0,-148.0,-227.0,-291.0,-249.0,138.34,157.7,170.36,176.1,135.25,136.85,0.7,1.36,1.31,1.07,1.01,0.94,0.64,1.1,1.15,0.95,0.96,0.86,0.22,0.75,0.77,0.51,0.39,0.31,1.35,4.88,3.27,2.34,1.93,1.68,0.0,0.03,0.05,0.02,0.01,0.0,0.0,0.03,0.05,0.02,0.01,0.0,0.0,0.01,0.03,0.01,0.0,0.0,0.05,0.12,0.17,0.09,0.08,0.06,0.05,0.12,0.17,0.09,0.07,0.06,0.0,0.005791505791505791,0.015243902439024392,0.008547008547008548,0.0051813471502590676,0.0,0.04,0.04,0.06,0.05,0.05,0.05,0.02,0.04,0.07,0.03,0.01,0.01,,,,,,0.7781512503836436,Necrotic,Necrotic,Necrotic,Necrotic,Necrotic,Necrotic,Necrotic,Necrotic,Necrotic,Necrotic,Necrotic,Necrotic,false,false,false,false,false,false,Lesion 16 Day 033 AA,Lesion 16 Day 045 AA,Lesion 16 Day 059 AA,Lesion 16 Day 073 AA,Lesion 16 Day 087 AA,Lesion 16 Day 102 AA,6.049339,9.236595,3,cool
PZA,C508D,1,-357.18,-122.36,-72.28,-65.05,-131.73,-60.93,-375.0,-47.0,-6.0,-4.0,-60.0,-2.0,163.56,167.39,147.04,139.69,176.63,151.36,0.89,1.74,1.95,2.41,1.55,2.19,0.89,1.69,1.95,2.42,1.54,2.16,0.28,0.66,0.54,0.74,0.47,0.67,1.75,3.3,3.54,4.37,2.95,4.49,0.0,0.21,0.43,0.52,0.25,0.38,0.0,0.21,0.43,0.52,0.25,0.38,0.0,0.14,0.27,0.42,0.08,0.26,0.04,0.63,1.1,1.45,0.73,0.97,0.03,0.63,1.09,1.44,0.72,0.97,0.0,0.06363636363636364,0.12146892655367231,0.11899313501144165,0.09090909090909091,0.08463251670378619,0.03,0.12,0.13,0.13,0.18,0.07,0.01,0.24,0.45,0.45,0.29,0.36,,,,,,4.27,Cavity,Cavity,Cavity,Cavity,Cavity,Cavity,Cavity,Cavity,Cavity,Cavity,Cavity,Cavity,true,true,true,true,true,true,Lesion 01z02z04 Day 029 AA,Lesion 01z02z04 Day 043 AA,Lesion 01z02z04 Day 057 AA,Lesion 01z02z04 Day 071 AA,Lesion 01z02z04 Day 085 AA,Lesion 01z02z04 Day 098 AA,-2.8493977,9.414689,14,hot
PZA,C508D,3,-300.29,-117.78,-77.4,-75.59,-120.01,-87.99,-324.0,-61.0,-17.0,-9.0,-50.0,-25.0,144.53,164.49,143.25,151.39,169.04,156.22,1.96,1.8,2.18,2.76,1.92,2.33,1.87,1.73,2.18,2.79,1.8,2.12,0.58,0.5,0.62,0.93,0.65,0.86,3.47,3.04,3.6,4.79,3.98,5.44,0.02,0.05,0.06,0.07,0.05,0.05,0.02,0.05,0.06,0.07,0.05,0.05,0.01,0.03,0.05,0.06,0.03,0.03,0.05,0.12,0.17,0.2,0.14,0.13,0.04,0.12,0.17,0.2,0.14,0.13,0.005865102639296188,0.01644736842105263,0.016666666666666666,0.014613778705636744,0.01256281407035176,0.009191176470588236,0.02,0.03,0.02,0.01,0.02,0.01,0.0,0.04,0.06,0.06,0.05,0.04,,,,,,2.49,Cavity,Cavity,Cavity,Cavity,Cavity,Cavity,Cavity,Cavity,Cavity,Cavity,Cavity,Cavity,false,false,false,false,false,false,Lesion 03 Day 029 AA,Lesion 03 Day 043 AA,Lesion 03 Day 057 AA,Lesion 03 Day 071 AA,Lesion 03 Day 085 AA,Lesion 03 Day 098 AA,2.785649,8.831646,6,cool
PZA,C508D,5,-325.18,-116.46,-100.6,-83.36,-96.15,-105.83,-361.0,-41.0,-40.0,-29.0,-39.0,-44.0,166.21,158.55,148.77,148.47,152.89,159.35,0.47,1.35,1.63,1.96,1.19,1.4,0.46,1.3,1.59,1.95,1.18,1.39,0.08,0.46,0.55,0.57,0.33,0.42,0.68,2.39,2.81,3.12,1.86,2.26,0.0,0.02,0.07,0.11,0.02,0.04,0.0,0.02,0.07,0.11,0.02,0.04,0.0,0.01,0.04,0.07,0.0,0.01,0.0,0.08,0.2,0.28,0.14,0.14,0.0,0.08,0.2,0.28,0.13,0.14,0.0,0.008368200836820083,0.024911032028469754,0.035256410256410256,0.01075268817204301,0.01769911504424779,0.0,0.02,0.03,0.03,0.03,0.02,0.0,0.04,0.09,0.11,0.09,0.08,,,,,,3.69,Cavity,Cavity,Cavity,Cavity,Cavity,Cavity,Cavity,Cavity,Cavity,Cavity,Cavity,Cavity,false,false,false,false,false,false,Lesion 05 Day 029 AA,Lesion 05 Day 043 AA,Lesion 05 Day 057 AA,Lesion 05 Day 071 AA,Lesion 05 Day 085 AA,Lesion 05 Day 098 AA,3.6900346,9.401589,6,cool
PZA,C508D,6,-307.24,-198.06,-105.68,-155.41,-180.08,-129.37,-337.0,-205.0,-50.0,-80.0,-119.0,-62.0,164.38,174.6,146.8,187.42,181.11,175.46,0.52,1.39,1.3,1.45,0.99,1.25,0.49,1.34,1.18,1.38,0.95,1.23,0.1,0.42,0.43,0.53,0.27,0.35,0.87,2.32,2.61,2.6,1.72,2.11,0.0,0.03,0.05,0.06,0.01,0.03,0.0,0.03,0.05,0.06,0.01,0.03,0.0,0.01,0.01,0.03,0.0,0.0,0.01,0.12,0.21,0.19,0.12,0.15,0.01,0.12,0.21,0.18,0.11,0.14,0.0,0.012987012987012986,0.019157088122605366,0.023076923076923075,0.005813953488372093,0.014218009478672987,0.01,0.05,0.05,0.05,0.05,0.04,0.0,0.03,0.11,0.08,0.06,0.07,,,,,,4.33,Cavity,Cavity,Cavity,Cavity,Cavity,Cavity,Cavity,Cavity,Cavity,Cavity,Cavity,Cavity,false,false,false,false,false,false,Lesion 06 Day 029 AA,Lesion 06 Day 043 AA,Lesion 06 Day 057 AA,Lesion 06 Day 071 AA,Lesion 06 Day 085 AA,Lesion 06 Day 098 AA,5.628136,6.9090815,9,cool
PZA,C508D,7,-429.3,-193.23,-130.29,-144.98,-161.13,-136.01,-438.0,-171.0,-76.0,-87.0,-110.0,-77.0,96.28,153.86,152.63,164.39,170.0,174.04,0.39,1.28,1.56,1.97,1.37,1.63,0.38,1.21,1.4,1.73,1.29,1.58,0.09,0.47,0.68,1.01,0.48,0.54,0.74,2.59,3.54,4.75,2.75,3.19,0.0,0.06,0.2,0.24,0.16,0.21,0.0,0.06,0.2,0.24,0.16,0.21,0.0,0.02,0.12,0.17,0.06,0.1,0.02,0.24,0.68,0.81,0.61,0.63,0.01,0.24,0.67,0.8,0.59,0.61,0.0,0.023166023166023165,0.05649717514124294,0.05052631578947368,0.05818181818181818,0.06583072100313479,0.04,0.1,0.15,0.15,0.17,0.13,0.0,0.09,0.28,0.25,0.26,0.24,,,,,,4.54,Cavity,Cavity,Cavity,Cavity,Cavity,Cavity,Cavity,Cavity,Cavity,Cavity,Cavity,Cavity,true,true,true,true,true,true,Lesion 07z09z10 Day 029 AA,Lesion 07z09z10 Day 043 AA,Lesion 07z09z10 Day 057 AA,Lesion 07z09z10 Day 071 AA,Lesion 07z09z10 Day 085 AA,Lesion 07z09z10 Day 098 AA,5.885519,9.103732,3,cool
PZA,C508D,8,-442.21,-253.03,-187.16,-240.61,-266.45,-255.13,-444.0,-283.0,-170.0,-255.0,-279.0,-264.0,76.03,146.22,155.55,178.43,173.85,164.52,0.57,1.15,1.11,0.93,0.78,0.75,0.57,1.08,1.09,0.88,0.77,0.73,0.08,0.27,0.3,0.31,0.11,0.11,0.86,1.85,1.83,1.74,1.14,0.97,0.0,0.01,0.01,0.0,0.0,0.0,0.0,0.01,0.01,0.0,0.0,0.0,0.0,0.0,0.0,0.0,0.0,0.0,0.0,0.04,0.05,0.03,0.02,0.02,0.0,0.04,0.05,0.03,0.02,0.01,0.0,0.005405405405405405,0.00546448087431694,0.0,0.0,0.0,0.01,0.03,0.02,0.02,0.02,0.01,0.0,0.01,0.02,0.01,0.01,0.01,,,,,,2.56,Necrotic,Necrotic,Necrotic,Necrotic,Necrotic,Necrotic,Necrotic,Necrotic,Necrotic,Necrotic,Necrotic,Necrotic,false,false,false,false,false,false,Lesion 08 Day 029 AA,Lesion 08 Day 043 AA,Lesion 08 Day 057 AA,Lesion 08 Day 071 AA,Lesion 08 Day 085 AA,Lesion 08 Day 098 AA,8.623713,8.853042,3,cool
PZA,C508D,11,-539.32,-257.06,-204.32,-224.48,-347.8,-351.11,-542.0,-265.0,-172.0,-199.0,-360.0,-374.0,68.19,131.51,150.28,149.28,143.98,114.56,0.46,0.86,0.95,0.8,0.81,0.73,0.46,0.84,0.87,0.74,0.82,0.73,0.05,0.17,0.33,0.26,0.11,0.08,0.59,1.37,1.9,1.77,0.99,0.89,0.0,0.0,0.0,0.0,0.0,0.0,0.0,0.0,0.0,0.0,0.0,0.0,0.0,0.0,0.0,0.0,0.0,0.0,0.0,0.02,0.03,0.02,0.01,0.01,0.0,0.02,0.03,0.02,0.01,0.01,0.0,0.0,0.0,0.0,0.0,0.0,0.0,0.01,0.02,0.01,0.01,0.01,0.0,0.0,0.02,0.01,0.0,0.0,,,,,,0.78,Necrotic,Necrotic,Necrotic,Necrotic,Necrotic,Necrotic,Necrotic,Necrotic,Necrotic,Necrotic,Necrotic,Necrotic,false,false,false,false,false,false,Lesion 11 Day 029 AA,Lesion 11 Day 043 AA,Lesion 11 Day 057 AA,Lesion 11 Day 071 AA,Lesion 11 Day 085 AA,Lesion 11 Day 098 AA,8.51301,9.331285,3,cool
PZA,C508D,12,-309.29,-253.32,-187.84,-244.59,-227.4,-235.07,-321.0,-232.0,-138.0,-210.0,-172.0,-217.0,156.88,164.39,160.78,175.44,176.38,173.96,0.33,0.69,0.73,0.58,0.65,0.7,0.32,0.67,0.72,0.56,0.65,0.68,0.03,0.08,0.1,0.1,0.11,0.13,0.44,0.89,0.97,0.83,0.97,1.05,0.0,0.0,0.0,0.0,0.0,0.0,0.0,0.0,0.0,0.0,0.0,0.0,0.0,0.0,0.0,0.0,0.0,0.0,0.0,0.01,0.01,0.01,0.01,0.01,0.0,0.01,0.01,0.0,0.01,0.01,0.0,0.0,0.0,0.0,0.0,0.0,0.01,0.01,0.01,0.0,0.01,0.01,0.0,0.0,0.01,0.0,0.01,0.0,,,,,,3.65,Cavity,Cavity,Cavity,Cavity,Cavity,Cavity,Cavity,Cavity,Cavity,Cavity,Cavity,Cavity,false,false,false,false,false,false,Lesion 12 Day 029 AA,Lesion 12 Day 043 AA,Lesion 12 Day 057 AA,Lesion 12 Day 071 AA,Lesion 12 Day 085 AA,Lesion 12 Day 098 AA,7.3549976,6.4556084,9,cool
PZA,C508D,13,-314.31,-161.57,-176.25,-156.58,-220.83,-181.61,-329.0,-122.0,-125.0,-95.0,-201.0,-139.0,153.64,149.44,172.27,171.99,176.97,181.19,0.48,1.14,1.33,1.87,1.17,1.31,0.47,1.06,1.23,1.7,1.1,1.24,0.12,0.42,0.54,0.93,0.41,0.42,0.88,2.5,3.16,5.09,2.59,2.81,0.0,0.17,0.32,0.55,0.16,0.21,0.0,0.17,0.32,0.55,0.16,0.21,0.0,0.04,0.13,0.38,0.03,0.05,0.07,0.9,1.23,1.78,0.88,0.93,0.06,0.89,1.19,1.74,0.83,0.89,0.0,0.068,0.10126582278481013,0.10805500982318272,0.06177606177606178,0.07473309608540925,0.1,0.35,0.39,0.35,0.39,0.3,0.02,0.44,0.49,0.56,0.31,0.37,,,,,,4.03,Cavity,Cavity,Cavity,Cavity,Cavity,Cavity,Cavity,Cavity,Cavity,Cavity,Cavity,Cavity,true,true,true,true,true,true,Lesion 13z14z15z16 Day 029 AA,Lesion 13z14z15z16 Day 043 AA,Lesion 13z14z15z16 Day 057 AA,Lesion 13z14z15z16 Day 071 AA,Lesion 13z14z15z16 Day 085 AA,Lesion 13z14z15z16 Day 098 AA,-4.8973117,10.228496,5,hot
PZA,C508D,17,-300.49,-264.75,-167.97,-219.07,-265.11,-171.18,-321.0,-284.0,-115.0,-197.0,-271.0,-132.0,157.05,141.01,152.16,156.24,157.51,152.59,0.97,0.96,1.1,1.35,1.04,1.26,1.01,0.88,0.97,1.21,1.05,1.28,0.21,0.35,0.5,0.67,0.25,0.3,1.35,2.0,2.52,3.04,1.56,1.89,0.0,0.01,0.03,0.04,0.0,0.03,0.0,0.01,0.03,0.04,0.0,0.03,0.0,0.0,0.01,0.02,0.0,0.0,0.01,0.08,0.13,0.15,0.09,0.14,0.01,0.08,0.13,0.14,0.08,0.14,0.0,0.005,0.011904761904761904,0.013157894736842105,0.0,0.015873015873015872,0.01,0.06,0.05,0.06,0.06,0.05,0.0,0.02,0.07,0.04,0.02,0.06,,,,,,3.27,Necrotic,Necrotic,Necrotic,Necrotic,Necrotic,Necrotic,Necrotic,Necrotic,Necrotic,Necrotic,Necrotic,Necrotic,false,false,false,false,false,false,Lesion 17 Day 029 AA,Lesion 17 Day 043 AA,Lesion 17 Day 057 AA,Lesion 17 Day 071 AA,Lesion 17 Day 085 AA,Lesion 17 Day 098 AA,8.741894,8.326382,3,cool
PZA,C508D,18,-469.9,-224.81,-218.27,-210.87,-262.96,-245.19,-491.0,-225.0,-212.0,-193.0,-289.0,-255.0,110.44,156.69,151.66,144.87,166.27,145.3,0.58,0.83,0.81,1.15,0.72,0.83,0.57,0.76,0.74,1.11,0.69,0.8,0.11,0.27,0.25,0.37,0.17,0.2,0.92,1.6,1.51,2.02,1.19,1.42,0.0,0.0,0.0,0.01,0.0,0.0,0.0,0.0,0.0,0.01,0.0,0.0,0.0,0.0,0.0,0.0,0.0,0.0,0.01,0.03,0.03,0.05,0.02,0.03,0.0,0.03,0.03,0.05,0.02,0.03,0.0,0.0,0.0,0.0049504950495049506,0.0,0.0,0.01,0.02,0.03,0.03,0.02,0.02,0.0,0.01,0.02,0.02,0.01,0.01,,,,,,4.34,Cavity,Cavity,Cavity,Cavity,Cavity,Cavity,Cavity,Cavity,Cavity,Cavity,Cavity,Cavity,false,false,false,false,false,false,Lesion 18 Day 029 AA,Lesion 18 Day 043 AA,Lesion 18 Day 057 AA,Lesion 18 Day 071 AA,Lesion 18 Day 085 AA,Lesion 18 Day 098 AA,6.9005218,7.783425,9,cool
MOX,C508c,1,45.69,-71.5,-115.05,-92.01,-92.58,-156.58,49.77,4.42,-4.03,9.06,4.99,-109.05,40.82,197.72,234.03,221.39,214.01,243.51,1.63,2.2,3.22,2.42,1.81,1.53,1.67,1.74,3.06,2.3,1.72,1.54,0.49,1.11,1.14,0.83,0.58,0.53,2.64,6.24,6.24,4.42,3.28,2.64,0.04,0.09,0.24,0.13,0.09,0.05,,,,,,,0.04,0.09,0.24,0.13,0.09,0.05,0.32,0.54,0.9,0.48,0.43,0.34,0.32,0.53,0.89,0.47,0.42,0.32,0.0,0.0,0.0,0.0,0.0,0.0,0.0,0.05,0.08,0.05,0.06,0.09,0.21,0.18,0.19,0.14,0.17,0.13,,,,,,2.43,Cavity,Cavity,Cavity,Cavity,Cavity,Cavity,Cavity,Cavity,Cavity,Cavity,Cavity,Cavity,false,false,false,false,false,false,Lesion 01 Day 032 FG,Lesion 01 Day 046 FG,Lesion 01 Day 059 FG,Lesion 01 Day 073 FG,Lesion 01 Day 087 FG,Lesion 01 Day 101 FG,1.2781559,4.899939,15,hot
MOX,C508c,2,32.07,-224.61,-228.25,-371.75,-254.7,-268.48,37.39,-185.36,-177.98,-384.03,-248.96,-279.95,38.72,240.48,242.16,240.28,234.42,224.29,1.55,1.58,1.74,1.36,1.17,1.18,1.56,1.34,1.73,1.38,1.1,1.25,0.19,0.64,0.71,0.37,0.37,0.29,1.94,3.8,3.24,2.16,1.91,1.59,0.0,0.02,0.03,0.0,0.0,0.0,,,,,,,0.0,0.02,0.03,0.0,0.0,0.0,0.15,0.11,0.15,0.07,0.05,0.08,0.15,0.1,0.14,0.06,0.05,0.07,0.0,0.0,0.0,0.0,0.0,0.0,0.0,0.04,0.04,0.04,0.03,0.04,0.09,0.03,0.05,0.02,0.02,0.03,,,,,,1.86,Necrotic,Necrotic,Necrotic,Necrotic,Necrotic,Necrotic,Necrotic,Necrotic,Necrotic,Necrotic,Necrotic,Necrotic,false,false,false,false,false,false,Lesion 02 Day 032 FG,Lesion 02 Day 046 FG,Lesion 02 Day 059 FG,Lesion 02 Day 073 FG,Lesion 02 Day 087 FG,Lesion 02 Day 101 FG,3.436218,2.993474,1,cool
MOX,C508c,3,1.62,-340.54,-277.04,-411.3,-385.45,-242.7,27.08,-364.82,-265.95,-454.02,-421.54,-218.05,104.75,260.78,211.3,236.23,245.77,204.65,1.03,1.48,2.01,1.31,1.12,1.36,0.96,1.36,1.96,1.27,1.05,1.37,0.35,0.46,0.45,0.36,0.33,0.28,1.81,3.24,3.02,2.15,1.89,1.87,0.0,0.01,0.03,0.0,0.0,0.0,,,,,,,0.0,0.01,0.03,0.0,0.0,0.0,0.18,0.09,0.11,0.07,0.05,0.05,0.18,0.08,0.11,0.06,0.05,0.05,0.0,0.0,0.0,0.0,0.0,0.0,0.01,0.03,0.03,0.03,0.02,0.02,0.17,0.02,0.02,0.01,0.01,0.02,,,,,,3.04,Necrotic,Necrotic,Necrotic,Necrotic,Necrotic,Necrotic,Necrotic,Necrotic,Necrotic,Necrotic,Necrotic,Necrotic,false,false,false,false,false,false,Lesion 03 Day 032 FG,Lesion 03 Day 046 FG,Lesion 03 Day 059 FG,Lesion 03 Day 073 FG,Lesion 03 Day 087 FG,Lesion 03 Day 101 FG,4.0477896,1.8772135,1,cool
MOX,C508c,4,-371.14,-425.32,-461.71,-535.2,-650.62,-648.11,-408.21,-472.08,-489.05,-563.08,-646.43,-649.08,267.53,227.48,250.25,156.01,122.38,110.1,0.58,0.81,1.1,0.39,0.37,0.33,0.5,0.79,1.06,0.37,0.33,0.33,0.25,0.29,0.31,0.09,0.12,0.11,1.62,2.35,1.85,0.66,0.75,0.55,0.0,0.0,0.0,0.0,0.0,0.0,,,,,,,0.0,0.0,0.0,0.0,0.0,0.0,0.08,0.04,0.05,0.01,0.0,0.0,0.07,0.03,0.04,0.01,0.0,0.0,0.0,0.0,0.0,0.0,0.0,0.0,0.08,0.03,0.03,0.01,0.01,0.01,0.03,0.01,0.01,0.0,0.0,0.0,,,,,,1.74,Necrotic,Necrotic,Necrotic,Necrotic,Necrotic,Necrotic,Necrotic,Necrotic,Necrotic,Necrotic,Necrotic,Necrotic,false,false,false,false,false,false,Lesion 04 Day 032 FG,Lesion 04 Day 046 FG,Lesion 04 Day 059 FG,Lesion 04 Day 073 FG,Lesion 04 Day 087 FG,Lesion 04 Day 101 FG,7.046778,2.4745314,13,cool
MOX,C508c,5,-301.71,-64.7,-37.38,-23.22,-64.49,-80.37,-300.93,25.05,43.0,39.04,30.01,-28.98,216.93,210.34,186.27,163.85,207.96,208.58,1.16,2.91,2.82,1.37,1.63,2.12,1.15,2.52,2.72,1.36,1.6,2.25,0.14,1.55,1.03,0.31,0.58,0.73,1.51,6.93,5.1,2.59,3.38,3.35,0.0,0.14,0.15,0.01,0.07,0.1,,,,,,,0.0,0.14,0.15,0.01,0.07,0.1,0.03,0.65,0.54,0.26,0.4,0.33,0.03,0.64,0.54,0.26,0.37,0.32,0.0,0.0,0.0,0.0,0.0,0.0,0.02,0.04,0.03,0.03,0.04,0.05,0.01,0.18,0.16,0.17,0.18,0.11,,,,,,3.16,Cavity,Cavity,Cavity,Cavity,Cavity,Cavity,Cavity,Cavity,Cavity,Cavity,Cavity,Cavity,false,false,false,false,false,false,Lesion 05 Day 032 FG,Lesion 05 Day 046 FG,Lesion 05 Day 059 FG,Lesion 05 Day 073 FG,Lesion 05 Day 087 FG,Lesion 05 Day 101 FG,0.5508385,4.336932,15,hot
MOX,C508c,6,-213.79,-81.18,-85.82,-68.54,-167.44,-157.73,-189.53,10.61,-0.99,15.03,-51.5,-71.1,236.93,213.17,206.45,191.56,251.17,209.15,1.46,1.81,2.51,0.93,1.18,1.47,1.47,1.41,2.52,1.0,1.17,1.37,0.26,1.21,1.0,0.37,0.36,0.66,1.99,6.18,4.82,1.77,2.46,2.66,0.0,0.06,0.13,0.0,0.0,0.03,,,,,,,0.0,0.06,0.13,0.0,0.0,0.03,0.09,0.41,0.56,0.18,0.22,0.19,0.09,0.39,0.55,0.18,0.2,0.18,0.0,0.0,0.0,0.0,0.0,0.0,0.03,0.04,0.06,0.04,0.06,0.04,0.03,0.14,0.18,0.16,0.11,0.08,,,,,,2.78,Cavity,Cavity,Cavity,Cavity,Cavity,Cavity,Cavity,Cavity,Cavity,Cavity,Cavity,Cavity,false,false,false,false,false,false,Lesion 06 Day 032 FG,Lesion 06 Day 046 FG,Lesion 06 Day 059 FG,Lesion 06 Day 073 FG,Lesion 06 Day 087 FG,Lesion 06 Day 101 FG,1.8793733,4.7345715,15,hot
MOX,C508c,7,-252.04,-126.91,-33.28,-75.89,-54.52,-103.94,-251.42,-24.46,20.01,10.96,11.99,-26.42,259.98,235.46,162.73,193.21,190.7,202.49,1.45,3.48,3.19,2.22,2.1,1.73,1.45,3.1,3.06,2.14,2.04,1.71,0.35,1.54,1.2,0.93,0.64,0.48,2.24,6.86,5.69,4.38,3.99,3.06,0.01,0.25,0.3,0.18,0.18,0.08,,,,,,,0.01,0.25,0.3,0.18,0.18,0.08,0.2,1.11,1.23,0.74,0.7,0.46,0.19,1.08,1.21,0.73,0.7,0.46,0.0,0.0,0.0,0.0,0.0,0.0,0.07,0.09,0.05,0.07,0.06,0.05,0.07,0.21,0.32,0.26,0.28,0.22,,,,,,2.62,Cavity,Cavity,Cavity,Cavity,Cavity,Cavity,Cavity,Cavity,Cavity,Cavity,Cavity,Cavity,false,false,false,false,false,false,Lesion 07 Day 032 FG,Lesion 07 Day 046 FG,Lesion 07 Day 059 FG,Lesion 07 Day 073 FG,Lesion 07 Day 087 FG,Lesion 07 Day 101 FG,-0.55216944,3.556925,12,hot
MOX,C508c,8,-91.25,-109.01,-64.17,-107.55,-140.5,-92.03,-18.31,-16.21,-0.06,7.03,-61.05,-44.05,206.93,212.38,184.33,251.49,238.58,195.87,1.02,3.29,3.41,2.16,1.81,1.86,0.98,3.36,3.35,2.06,1.78,1.85,0.45,1.23,1.04,0.88,0.54,0.44,2.2,5.33,5.62,4.38,3.01,2.73,0.01,0.15,0.18,0.08,0.05,0.08,,,,,,,0.01,0.15,0.18,0.08,0.05,0.08,0.31,0.61,0.66,0.32,0.24,0.38,0.29,0.6,0.66,0.3,0.23,0.37,0.0,0.0,0.0,0.0,0.0,0.0,0.06,0.05,0.04,0.03,0.04,0.05,0.23,0.13,0.15,0.1,0.09,0.14,,,,,,3.49,Cavity,Cavity,Cavity,Cavity,Cavity,Cavity,Cavity,Cavity,Cavity,Cavity,Cavity,Cavity,false,false,false,false,false,false,Lesion 08 Day 032 FG,Lesion 08 Day 046 FG,Lesion 08 Day 059 FG,Lesion 08 Day 073 FG,Lesion 08 Day 087 FG,Lesion 08 Day 101 FG,0.23947223,4.567095,2,hot
MOX,C508c,10,-196.11,-141.54,-108.63,-172.4,-107.85,-91.16,-123.52,-45.09,-23.05,-73.0,-20.03,-14.04,277.56,231.05,206.89,252.8,200.16,197.97,0.93,4.16,3.76,2.61,2.18,2.17,0.72,4.09,3.69,2.47,2.09,2.11,0.52,1.55,1.28,1.15,0.56,0.64,2.33,7.91,6.63,5.07,3.69,3.5,0.01,0.32,0.35,0.22,0.21,0.13,,,,,,,0.01,0.32,0.35,0.22,0.21,0.13,0.27,1.41,1.45,0.93,0.81,0.48,0.25,1.37,1.44,0.9,0.8,0.48,0.0,0.0,0.0,0.0,0.0,0.0,0.1,0.11,0.11,0.12,0.1,0.06,0.17,0.23,0.28,0.22,0.28,0.18,,,,,,3.73,Cavity,Cavity,Cavity,Cavity,Cavity,Cavity,Cavity,Cavity,Cavity,Cavity,Cavity,Cavity,false,false,false,false,false,false,Lesion 10 Day 032 FG,Lesion 10 Day 046 FG,Lesion 10 Day 059 FG,Lesion 10 Day 073 FG,Lesion 10 Day 087 FG,Lesion 10 Day 101 FG,-1.0110056,4.3137836,11,hot
MOX,C508c,11,-302.6,-173.43,-133.25,-173.91,-175.42,-173.64,-321.56,-115.22,-49.07,-105.96,-133.01,-143.09,238.55,242.31,222.27,233.1,257.93,245.31,0.81,2.95,2.65,1.83,1.34,1.12,0.72,2.78,2.65,1.66,1.28,1.11,0.27,1.19,1.11,0.68,0.44,0.21,1.94,5.55,5.29,3.8,2.68,1.65,0.0,0.14,0.13,0.05,0.02,0.0,,,,,,,0.0,0.14,0.13,0.05,0.02,0.0,0.14,0.59,0.49,0.28,0.17,0.09,0.14,0.57,0.48,0.28,0.15,0.09,0.0,0.0,0.0,0.0,0.0,0.0,0.12,0.08,0.06,0.06,0.04,0.04,0.06,0.12,0.12,0.09,0.06,0.04,,,,,,1.91,Cavity,Cavity,Cavity,Cavity,Cavity,Cavity,Cavity,Cavity,Cavity,Cavity,Cavity,Cavity,false,false,false,false,false,false,Lesion 11 Day 032 FG,Lesion 11 Day 046 FG,Lesion 11 Day 059 FG,Lesion 11 Day 073 FG,Lesion 11 Day 087 FG,Lesion 11 Day 101 FG,-0.07601639,2.5055156,12,hot
MOX,C508c,12,-295.81,-252.96,-170.84,-238.58,-223.8,-161.82,-329.81,-208.05,-112.07,-182.06,-149.02,-95.05,235.84,270.5,221.98,269.39,260.09,223.34,1.11,3.43,2.86,1.48,1.42,1.63,1.07,3.33,2.77,1.45,1.47,1.63,0.42,1.14,1.03,0.6,0.38,0.39,2.01,6.43,5.34,2.77,2.19,2.77,0.0,0.21,0.17,0.04,0.01,0.03,,,,,,,0.0,0.21,0.17,0.04,0.01,0.03,0.1,0.81,0.61,0.28,0.32,0.33,0.09,0.73,0.61,0.26,0.3,0.33,0.0,0.0,0.0,0.0,0.0,0.0,0.05,0.1,0.08,0.08,0.09,0.07,0.03,0.11,0.13,0.1,0.13,0.13,,,,,,4.09,Cavity,Cavity,Cavity,Cavity,Cavity,Cavity,Cavity,Cavity,Cavity,Cavity,Cavity,Cavity,false,false,false,false,false,false,Lesion 12 Day 032 FG,Lesion 12 Day 046 FG,Lesion 12 Day 059 FG,Lesion 12 Day 073 FG,Lesion 12 Day 087 FG,Lesion 12 Day 101 FG,0.30540738,0.8832337,12,hot
MOX,C508c,14,-366.09,-424.11,-202.0,-352.13,-262.16,-239.2,-379.32,-430.83,-167.02,-360.97,-273.98,-223.03,233.26,230.36,221.89,241.88,245.9,211.51,1.15,2.15,1.89,1.26,1.4,1.3,1.12,1.97,1.75,1.22,1.46,1.31,0.35,0.73,0.63,0.3,0.31,0.26,1.8,4.26,3.64,2.13,1.91,1.76,0.0,0.04,0.05,0.0,0.0,0.0,,,,,,,0.0,0.04,0.05,0.0,0.0,0.0,0.05,0.19,0.25,0.14,0.11,0.08,0.04,0.14,0.24,0.11,0.11,0.08,0.0,0.0,0.0,0.0,0.0,0.0,0.02,0.05,0.06,0.06,0.05,0.03,0.01,0.02,0.06,0.03,0.03,0.03,,,,,,3.24,Cavity,Cavity,Cavity,Cavity,Cavity,Cavity,Cavity,Cavity,Cavity,Cavity,Cavity,Cavity,false,false,false,false,false,false,Lesion 14 Day 032 FG,Lesion 14 Day 046 FG,Lesion 14 Day 059 FG,Lesion 14 Day 073 FG,Lesion 14 Day 087 FG,Lesion 14 Day 101 FG,4.4184966,0.8718008,1,cool
MOX,C508c,15,-244.95,-166.56,-125.58,-191.18,-255.76,-102.15,-218.41,-94.59,-60.96,-126.04,-253.0,-20.1,280.6,246.08,215.56,288.11,280.19,210.93,1.38,1.76,2.81,1.68,1.35,1.63,1.41,1.55,2.82,1.53,1.19,1.7,0.22,0.63,0.91,0.59,0.38,0.35,1.96,4.16,4.65,3.15,2.52,2.29,0.0,0.03,0.08,0.04,0.01,0.02,,,,,,,0.0,0.03,0.08,0.04,0.01,0.02,0.21,0.26,0.27,0.24,0.24,0.23,0.18,0.25,0.27,0.22,0.2,0.22,0.0,0.0,0.0,0.0,0.0,0.0,0.07,0.05,0.03,0.05,0.07,0.04,0.08,0.09,0.07,0.08,0.07,0.1,,,,,,3.24,Cavity,Cavity,Cavity,Cavity,Cavity,Cavity,Cavity,Cavity,Cavity,Cavity,Cavity,Cavity,false,false,false,false,false,false,Lesion 15 Day 032 FG,Lesion 15 Day 046 FG,Lesion 15 Day 059 FG,Lesion 15 Day 073 FG,Lesion 15 Day 087 FG,Lesion 15 Day 101 FG,2.2913551,3.185281,1,cool
MOX,C508c,18,-403.95,-358.7,-250.45,-394.51,-318.08,-195.34,-418.52,-395.76,-230.03,-415.5,-341.1,-160.99,201.36,268.73,248.09,207.03,241.48,210.04,0.75,1.6,1.53,1.07,1.19,1.17,0.74,1.52,1.46,1.07,1.19,1.14,0.13,0.41,0.38,0.17,0.21,0.42,1.04,2.84,2.34,1.39,1.65,2.09,0.0,0.01,0.01,0.0,0.0,0.0,,,,,,,0.0,0.01,0.01,0.0,0.0,0.0,0.01,0.06,0.06,0.03,0.05,0.04,0.01,0.05,0.06,0.03,0.05,0.04,0.0,0.0,0.0,0.0,0.0,0.0,0.01,0.02,0.02,0.02,0.02,0.01,0.0,0.01,0.02,0.01,0.01,0.01,,,,,,3.45,Cavity,Cavity,Cavity,Cavity,Cavity,Cavity,Cavity,Cavity,Cavity,Cavity,Cavity,Cavity,false,false,false,false,false,false,Lesion 18 Day 032 FG,Lesion 18 Day 046 FG,Lesion 18 Day 059 FG,Lesion 18 Day 073 FG,Lesion 18 Day 087 FG,Lesion 18 Day 101 FG,3.9135334,1.7189417,1,cool
MOX,C508c,19,-298.89,-294.29,-204.57,-325.67,-420.01,-41.96,-298.87,-276.12,-141.0,-347.0,-457.05,-7.04,244.95,265.81,237.53,260.53,217.23,173.25,0.91,1.73,1.47,0.91,1.6,1.63,0.8,1.64,1.32,0.92,1.57,1.62,0.35,0.54,0.63,0.12,0.51,0.57,1.94,3.53,3.57,1.32,2.86,2.83,0.0,0.03,0.04,0.0,0.03,0.07,,,,,,,0.0,0.03,0.04,0.0,0.03,0.07,0.06,0.21,0.26,0.08,0.22,0.37,0.06,0.18,0.25,0.07,0.18,0.36,0.0,0.0,0.0,0.0,0.0,0.0,0.03,0.06,0.07,0.05,0.09,0.03,0.02,0.05,0.1,0.03,0.03,0.19,,,,,,3.45,Cavity,Cavity,Cavity,Cavity,Cavity,Cavity,Cavity,Cavity,Cavity,Cavity,Cavity,Cavity,false,false,false,false,false,false,Lesion 19 Day 032 FG,Lesion 19 Day 046 FG,Lesion 19 Day 059 FG,Lesion 19 Day 073 FG,Lesion 19 Day 087 FG,Lesion 19 Day 101 FG,2.923647,1.8412757,1,cool
PRE,M232,1,-88.7,-32.28,-58.28,-115.01,-64.23,-91.07,-77.23,4.97,-23.83,-76.49,-35.07,-65.44,117.71,128.51,134.62,153.84,130.33,130.09,1.04,1.65,1.11,0.96,0.9,0.86,1.01,1.66,1.13,0.97,0.9,0.85,0.24,0.23,0.14,0.11,0.08,0.14,1.53,2.21,1.39,1.21,1.08,1.17,0.0,0.0,0.0,0.0,0.0,0.0,,,,,,,0.0,0.0,0.0,0.0,0.0,0.0,0.04,0.1,0.05,0.06,0.07,0.03,0.04,0.1,0.05,0.06,0.07,0.03,0.0,0.0,0.0,0.0,0.0,0.0,0.01,0.01,0.01,0.01,0.01,0.01,0.03,0.06,0.04,0.05,0.06,0.03,,,,,,2.43,Fibrotic,Fibrotic,Fibrotic,Fibrotic,Fibrotic,Fibrotic,Fibrotic,Fibrotic,Fibrotic,Fibrotic,Fibrotic,Fibrotic,false,false,false,false,false,false,Lesion 01 Day 032 FG,Lesion 01 Day 044 FG,Lesion 01 Day 058 FG,Lesion 01 Day 072 FG,Lesion 01 Day 085 FG,Lesion 01 Day 101 FG,2.4099128,10.504575,4,hot
PRE,M232,2,-143.12,-38.51,-71.16,-91.66,-98.72,-98.56,-83.37,29.56,-2.63,-6.7,-10.4,-12.11,225.11,166.92,175.14,193.86,209.07,199.32,2.07,4.63,3.5,3.36,2.47,2.98,2.18,4.66,3.46,3.23,2.36,2.92,0.61,1.35,0.85,1.17,0.99,1.01,3.14,7.66,5.09,5.81,4.86,5.12,0.07,0.55,0.33,0.27,0.17,0.23,,,,,,,0.07,0.55,0.33,0.27,0.17,0.23,0.23,2.59,1.21,1.04,0.71,0.84,0.23,2.59,1.2,1.03,0.71,0.84,0.0,0.0,0.0,0.0,0.0,0.0,0.04,0.09,0.06,0.07,0.08,0.07,0.07,0.48,0.28,0.23,0.21,0.21,,,,,,4.13,Cavity,Cavity,Cavity,Cavity,Cavity,Cavity,Cavity,Cavity,Cavity,Cavity,Cavity,Cavity,false,false,false,false,false,false,Lesion 02 Day 032 FG,Lesion 02 Day 044 FG,Lesion 02 Day 058 FG,Lesion 02 Day 072 FG,Lesion 02 Day 085 FG,Lesion 02 Day 101 FG,-1.4064711,6.4697914,2,hot
PRE,M232,3,-360.3,-199.05,-163.87,-305.91,-347.11,-381.51,-400.58,-165.09,-103.56,-324.85,-370.18,-405.9,209.03,215.89,196.96,209.43,196.34,175.89,0.67,3.39,1.76,1.57,1.12,0.92,0.65,3.37,1.65,1.53,1.13,0.91,0.1,0.96,0.84,0.37,0.24,0.21,0.87,5.28,3.5,2.44,1.62,1.57,0.0,0.12,0.04,0.01,0.0,0.0,,,,,,,0.0,0.12,0.04,0.01,0.0,0.0,0.01,0.43,0.2,0.09,0.05,0.03,0.01,0.42,0.2,0.08,0.05,0.03,0.0,0.0,0.0,0.0,0.0,0.0,0.01,0.06,0.04,0.03,0.03,0.03,0.0,0.07,0.08,0.02,0.01,0.01,,,,,,2.59,Necrotic Consol,Necrotic Consol,Necrotic Consol,Necrotic Consol,Necrotic Consol,Necrotic Consol,Necrotic,Necrotic,Necrotic,Necrotic,Necrotic,Necrotic,true,true,true,true,true,true,Lesion 03 Day 032 FG,Lesion 03 Day 044 FG,Lesion 03 Day 058 FG,Lesion 03 Day 072 FG,Lesion 03 Day 085 FG,Lesion 03 Day 101 FG,0.36013737,1.6308049,12,hot
PRE,M232,4,-343.83,-108.98,-146.99,-93.81,-124.23,-233.53,-369.88,-58.54,-97.5,-35.43,-88.52,-202.85,199.64,214.36,202.79,234.52,218.75,234.26,1.77,2.47,2.79,2.52,1.61,1.78,1.73,2.32,2.8,2.52,1.6,1.71,0.44,1.12,0.84,0.94,0.56,0.5,2.72,5.21,4.65,4.62,3.04,2.98,0.01,0.04,0.05,0.03,0.01,0.01,,,,,,,0.01,0.04,0.05,0.03,0.01,0.01,0.04,0.16,0.17,0.11,0.06,0.04,0.03,0.16,0.17,0.1,0.06,0.04,0.0,0.0,0.0,0.0,0.0,0.0,0.01,0.02,0.02,0.01,0.01,0.01,0.0,0.04,0.04,0.03,0.03,0.01,,,,,,1.16,Fibrotic,Fibrotic,Fibrotic,Fibrotic,Fibrotic,Fibrotic,Fibrotic,Fibrotic,Fibrotic,Fibrotic,Fibrotic,Fibrotic,false,false,false,false,false,false,Lesion 04 Day 032 FG,Lesion 04 Day 044 FG,Lesion 04 Day 058 FG,Lesion 04 Day 072 FG,Lesion 04 Day 085 FG,Lesion 04 Day 101 FG,1.5588791,4.3295135,15,hot
PRE,M232,5,-567.33,-22.38,-116.66,12.67,-228.34,-257.0,-590.9,27.51,-13.74,50.77,-240.66,-289.0,110.92,145.75,224.81,142.0,240.11,266.68,0.7,5.75,3.52,2.58,1.73,1.99,0.64,5.94,3.47,2.48,1.47,1.93,0.29,0.99,0.94,0.81,0.76,0.72,1.57,7.0,5.57,5.03,3.44,3.81,0.0,0.1,0.12,0.04,0.02,0.03,,,,,,,0.0,0.1,0.12,0.04,0.02,0.03,0.0,0.55,0.43,0.18,0.1,0.15,0.0,0.55,0.42,0.17,0.1,0.14,0.0,0.0,0.0,0.0,0.0,0.0,0.01,0.01,0.03,0.01,0.02,0.03,0.0,0.08,0.08,0.05,0.02,0.03,,,,,,1.16,Fibrotic,Fibrotic,Fibrotic,Fibrotic,Fibrotic,Fibrotic,Fibrotic,Fibrotic,Fibrotic,Fibrotic,Fibrotic,Fibrotic,false,false,false,false,false,false,Lesion 05 Day 032 FG,Lesion 05 Day 044 FG,Lesion 05 Day 058 FG,Lesion 05 Day 072 FG,Lesion 05 Day 085 FG,Lesion 05 Day 101 FG,0.21802154,6.7020955,2,hot
PRE,M232,6,-109.54,-83.51,-39.76,-50.25,-29.1,-79.59,-58.81,-23.71,3.42,-16.96,3.99,-49.03,168.56,182.9,142.19,127.54,120.2,128.59,1.09,1.91,1.11,1.01,0.9,0.9,1.06,1.9,1.13,1.0,0.91,0.89,0.17,0.23,0.21,0.07,0.06,0.07,1.59,2.4,1.49,1.2,1.05,1.19,0.0,0.02,0.0,0.0,0.0,0.0,,,,,,,0.0,0.02,0.0,0.0,0.0,0.0,0.05,0.12,0.06,0.03,0.06,0.03,0.05,0.12,0.06,0.03,0.06,0.03,0.0,0.0,0.0,0.0,0.0,0.0,0.01,0.01,0.01,0.0,0.0,0.0,0.04,0.04,0.06,0.02,0.06,0.02,,,,,,0.7,Fibrotic Scar,Fibrotic Scar,Fibrotic Scar,Fibrotic Scar,Fibrotic Scar,Fibrotic Scar,Fibrotic,Fibrotic,Fibrotic,Fibrotic,Fibrotic,Fibrotic,false,false,false,false,false,false,Lesion 06 Day 032 FG,Lesion 06 Day 044 FG,Lesion 06 Day 058 FG,Lesion 06 Day 072 FG,Lesion 06 Day 085 FG,Lesion 06 Day 101 FG,2.6214201,8.2653885,6,cool
PRE,M232,7,-553.32,-459.98,-74.7,-514.54,-598.7,-697.93,-566.34,-482.66,-13.74,-534.22,-608.67,-699.2,90.38,131.14,161.3,67.49,69.8,45.31,0.61,0.44,1.22,0.46,0.45,0.49,0.53,0.42,1.21,0.45,0.44,0.44,0.16,0.08,0.05,0.03,0.05,0.1,0.89,0.67,1.32,0.52,0.56,0.67,0.0,0.0,0.0,0.0,0.0,0.0,,,,,,,0.0,0.0,0.0,0.0,0.0,0.0,0.01,0.0,0.01,0.0,0.0,0.0,0.01,0.0,0.01,0.0,0.0,0.0,0.0,0.0,0.0,0.0,0.0,0.0,0.01,0.01,0.0,0.0,0.0,0.0,0.0,0.0,0.0,0.0,0.0,0.0,,,,,,0.7,Fibrotic Scar,Fibrotic Scar,Fibrotic Scar,Fibrotic Scar,Fibrotic Scar,Fibrotic Scar,Fibrotic,Fibrotic,Fibrotic,Fibrotic,Fibrotic,Fibrotic,false,false,false,false,false,false,Lesion 07 Day 032 FG,Lesion 07 Day 044 FG,Lesion 07 Day 058 FG,Lesion 07 Day 072 FG,Lesion 07 Day 085 FG,Lesion 07 Day 101 FG,11.095879,5.692248,7,cool
PRE,M232,8,-500.44,-452.77,-401.9,-475.07,-538.05,-603.09,-511.09,-466.27,-406.34,-507.54,-565.49,-619.21,100.7,153.38,174.94,130.61,154.59,60.79,0.59,0.69,0.86,0.62,0.52,0.51,0.56,0.68,0.86,0.61,0.51,0.48,0.16,0.13,0.09,0.05,0.05,0.1,1.06,1.02,1.07,0.73,0.71,0.87,0.0,0.0,0.0,0.0,0.0,0.0,,,,,,,0.0,0.0,0.0,0.0,0.0,0.0,0.01,0.01,0.03,0.01,0.01,0.0,0.01,0.01,0.03,0.01,0.01,0.0,0.0,0.0,0.0,0.0,0.0,0.0,0.01,0.01,0.03,0.01,0.01,0.0,0.0,0.0,0.01,0.0,0.0,0.0,,,,,,0.7,Fibrotic,Fibrotic,Fibrotic,Fibrotic,Fibrotic,Fibrotic,Fibrotic,Fibrotic,Fibrotic,Fibrotic,Fibrotic,Fibrotic,false,false,false,false,false,false,Lesion 08 Day 032 FG,Lesion 08 Day 044 FG,Lesion 08 Day 058 FG,Lesion 08 Day 072 FG,Lesion 08 Day 085 FG,Lesion 08 Day 101 FG,10.569046,5.0698776,7,cool
PRE,M232,9,-526.18,-34.71,-96.02,-111.04,-114.12,-85.31,-578.62,39.8,-9.7,-19.02,-20.68,-10.06,184.97,182.82,202.35,220.4,224.56,221.03,0.6,3.28,2.46,2.19,1.65,1.8,0.62,3.13,2.46,2.17,1.66,1.67,0.12,1.09,0.54,0.63,0.3,0.45,0.82,5.61,3.72,3.63,2.35,3.02,0.0,0.42,0.31,0.22,0.04,0.08,,,,,,,0.0,0.42,0.31,0.22,0.04,0.08,0.03,1.52,0.99,0.78,0.55,0.53,0.02,1.51,0.98,0.77,0.54,0.51,0.0,0.0,0.0,0.0,0.0,0.0,0.03,0.08,0.1,0.1,0.1,0.07,0.0,0.37,0.32,0.25,0.24,0.21,,,,,,1.19,Fibrotic Consol,Fibrotic Consol,Fibrotic Consol,Fibrotic Consol,Fibrotic Consol,Fibrotic Consol,Fibrotic,Fibrotic,Fibrotic,Fibrotic,Fibrotic,Fibrotic,true,true,true,true,true,true,Lesion 09 Day 032 FG,Lesion 09 Day 044 FG,Lesion 09 Day 058 FG,Lesion 09 Day 072 FG,Lesion 09 Day 085 FG,Lesion 09 Day 101 FG,-1.0314035,6.049213,2,hot
PRE,M232,10,-469.74,-100.02,-157.32,-173.64,-212.18,-264.97,-523.37,-19.61,-76.31,-119.59,-201.6,-270.54,214.03,206.71,241.73,231.29,234.98,234.29,0.74,3.81,2.33,2.21,1.65,1.34,0.73,3.91,2.35,2.11,1.56,1.29,0.2,1.57,0.74,0.8,0.62,0.48,1.16,6.74,3.91,4.02,3.13,2.38,0.0,0.2,0.11,0.05,0.02,0.01,,,,,,,0.0,0.2,0.11,0.05,0.02,0.01,0.02,0.93,0.42,0.21,0.13,0.1,0.02,0.92,0.4,0.2,0.13,0.09,0.0,0.0,0.0,0.0,0.0,0.0,0.02,0.07,0.07,0.04,0.04,0.04,0.0,0.18,0.11,0.06,0.04,0.03,,,,,,3.4,Fibrotic Cavity,Fibrotic Cavity,Fibrotic Cavity,Fibrotic Cavity,Fibrotic Cavity,Fibrotic Cavity,Cavity,Cavity,Cavity,Cavity,Cavity,Cavity,false,false,false,false,false,false,Lesion 10 Day 032 FG,Lesion 10 Day 044 FG,Lesion 10 Day 058 FG,Lesion 10 Day 072 FG,Lesion 10 Day 085 FG,Lesion 10 Day 101 FG,-0.09519935,4.9792056,2,hot
PRE,M232,11,-311.78,-169.41,-209.53,-263.25,-285.43,-299.28,-333.04,-97.47,-190.36,-265.33,-304.39,-325.91,226.11,236.57,238.55,255.92,238.09,231.82,0.96,2.83,2.27,1.58,1.18,1.05,0.95,2.55,2.25,1.61,1.13,0.99,0.28,1.67,0.84,0.59,0.41,0.35,1.58,6.34,4.11,2.92,2.09,1.83,0.0,0.13,0.08,0.02,0.0,0.0,,,,,,,0.0,0.13,0.08,0.02,0.0,0.0,0.03,0.61,0.3,0.13,0.08,0.06,0.03,0.61,0.3,0.13,0.08,0.06,0.0,0.0,0.0,0.0,0.0,0.0,0.02,0.08,0.06,0.04,0.04,0.03,0.01,0.14,0.07,0.04,0.02,0.02,,,,,,2.7,Fibrotic,Fibrotic,Fibrotic,Fibrotic,Fibrotic,Fibrotic,Fibrotic,Fibrotic,Fibrotic,Fibrotic,Fibrotic,Fibrotic,false,false,false,false,false,false,Lesion 11 Day 032 FG,Lesion 11 Day 044 FG,Lesion 11 Day 058 FG,Lesion 11 Day 072 FG,Lesion 11 Day 085 FG,Lesion 11 Day 101 FG,0.07357949,2.6388586,12,hot
DEL,M236,1,-342.25,-289.19,-324.41,-396.9,-478.01,-537.45,-371.77,-296.87,-349.21,-420.4,-500.04,-562.9,208.3,193.26,199.24,182.42,165.21,130.77,0.52,1.54,1.0,0.71,0.32,0.33,0.49,1.51,0.95,0.73,0.33,0.34,0.17,0.43,0.28,0.08,0.05,0.04,0.94,2.46,1.54,0.84,0.43,0.4,0.0,0.01,0.0,0.0,0.0,0.0,,,,,,,0.0,0.01,0.0,0.0,0.0,0.0,0.01,0.06,0.03,0.01,0.0,0.0,0.01,0.05,0.03,0.01,0.0,0.0,0.0,0.0,0.0,0.0,0.0,0.0,0.01,0.03,0.02,0.01,0.0,0.0,0.0,0.01,0.01,0.0,0.0,0.0,,,,,,0.7,Fibrotic,Fibrotic,Fibrotic,Fibrotic,Fibrotic,Fibrotic,Fibrotic,Fibrotic,Fibrotic,Fibrotic,Fibrotic,Fibrotic,false,false,false,false,false,false,Lesion 01 Day 034 JF,Lesion 01 Day 046 JF,Lesion 01 Day 061 JF,Lesion 01 Day 075 JF,Lesion 01 Day 089 JF,Lesion 01 Day 102 JF,6.722131,2.5591202,13,cool
DEL,M236,2,-507.33,-733.5,-626.7,-610.29,-702.71,-689.73,-535.55,-744.86,-631.42,-624.84,-713.64,-704.5,166.5,73.03,74.91,61.42,71.82,114.82,0.31,0.69,0.64,0.54,0.31,0.38,0.29,0.67,0.53,0.53,0.3,0.37,0.05,0.1,0.28,0.06,0.02,0.05,0.45,0.89,1.2,0.66,0.35,0.46,0.0,0.0,0.0,0.0,0.0,0.0,,,,,,,0.0,0.0,0.0,0.0,0.0,0.0,0.0,0.0,0.0,0.0,0.0,0.0,0.0,0.0,0.0,0.0,0.0,0.0,0.0,0.0,0.0,0.0,0.0,0.0,0.01,0.0,0.0,0.0,0.0,0.0,0.0,0.0,0.0,0.0,0.0,0.0,,,,,,0.7,Fibrotic,Fibrotic,Fibrotic,Fibrotic,Fibrotic,Fibrotic,Fibrotic,Fibrotic,Fibrotic,Fibrotic,Fibrotic,Fibrotic,false,false,false,false,false,false,Lesion 02 Day 034 JF,Lesion 02 Day 046 JF,Lesion 02 Day 061 JF,Lesion 02 Day 075 JF,Lesion 02 Day 089 JF,Lesion 02 Day 102 JF,12.574045,5.5931673,7,cool
DEL,M236,3,-177.12,-94.09,-162.34,-241.85,-294.84,-286.97,-132.23,-4.34,-97.47,-220.04,-311.08,-294.07,216.67,198.11,215.74,243.4,215.11,227.0,1.41,3.86,2.18,1.12,0.68,0.62,1.28,3.84,2.0,0.9,0.61,0.58,0.62,1.72,1.12,0.59,0.33,0.2,3.15,7.54,5.13,3.2,2.39,1.39,0.08,0.8,0.32,0.05,0.0,0.0,,,,,,,0.08,0.8,0.32,0.05,0.0,0.0,0.59,3.72,1.41,0.54,0.17,0.1,0.55,3.57,1.28,0.44,0.14,0.08,0.0,0.0,0.0,0.0,0.0,0.0,0.19,0.28,0.26,0.22,0.14,0.08,0.19,0.64,0.33,0.16,0.05,0.04,,,,,,3.21,Fibrotic Consol,Fibrotic Consol,Fibrotic Consol,Fibrotic Consol,Fibrotic Consol,Fibrotic Consol,Fibrotic,Fibrotic,Fibrotic,Fibrotic,Fibrotic,Fibrotic,true,true,true,true,true,true,Lesion 03z04z05 Day 034 JF,Lesion 03z04z05 Day 046 JF,Lesion 03z04z05 Day 061 JF,Lesion 03z04z05 Day 075 JF,Lesion 03z04z05 Day 089 JF,Lesion 03z04z05 Day 102 JF,-3.6670396,5.8484793,0,hot
DEL,M236,6,-146.44,-85.61,-145.64,-148.59,-148.05,-162.09,-83.1,12.02,-54.83,-19.69,-60.51,-66.27,220.24,203.46,233.9,267.64,227.61,255.64,1.01,3.08,1.8,1.75,1.45,0.96,1.02,2.93,1.6,1.73,1.44,0.95,0.14,1.02,0.74,0.46,0.23,0.31,1.27,5.47,4.09,2.83,1.9,1.64,0.0,0.16,0.04,0.04,0.0,0.0,,,,,,,0.0,0.16,0.04,0.04,0.0,0.0,0.04,0.59,0.23,0.24,0.08,0.05,0.04,0.55,0.2,0.21,0.07,0.05,0.0,0.0,0.0,0.0,0.0,0.0,0.02,0.05,0.05,0.03,0.02,0.02,0.02,0.13,0.07,0.08,0.03,0.03,,,,,,1.64,Cavity Fibrotic,Cavity Fibrotic,Cavity Fibrotic,Cavity Fibrotic,Cavity Fibrotic,Cavity Fibrotic,Cavity,Cavity,Cavity,Cavity,Cavity,Cavity,false,false,false,false,false,false,Lesion 06 Day 034 JF,Lesion 06 Day 046 JF,Lesion 06 Day 061 JF,Lesion 06 Day 075 JF,Lesion 06 Day 089 JF,Lesion 06 Day 102 JF,0.39429718,4.6447535,2,hot
DEL,M236,7,-153.79,-75.29,-110.03,-115.89,-162.09,-198.39,-56.48,1.79,-34.53,-62.62,-87.21,-150.41,212.25,185.83,203.32,175.42,217.76,225.31,1.33,3.75,2.74,1.43,1.4,0.98,1.3,3.69,2.75,1.32,1.43,0.99,0.47,1.51,0.92,0.48,0.35,0.21,2.42,6.92,4.82,2.94,2.14,1.41,0.01,0.25,0.16,0.03,0.01,0.0,,,,,,,0.01,0.25,0.16,0.03,0.01,0.0,0.18,1.12,0.56,0.25,0.17,0.11,0.16,1.06,0.53,0.24,0.16,0.09,0.0,0.0,0.0,0.0,0.0,0.0,0.05,0.07,0.07,0.06,0.04,0.05,0.07,0.22,0.14,0.11,0.06,0.05,,,,,,2.13,Fibrotic Consol,Fibrotic Consol,Fibrotic Consol,Fibrotic Consol,Fibrotic Consol,Fibrotic Consol,Fibrotic,Fibrotic,Fibrotic,Fibrotic,Fibrotic,Fibrotic,true,true,true,true,true,true,Lesion 07 Day 034 JF,Lesion 07 Day 046 JF,Lesion 07 Day 061 JF,Lesion 07 Day 075 JF,Lesion 07 Day 089 JF,Lesion 07 Day 102 JF,-0.38394463,5.9912043,2,hot
DEL,M236,8,-251.55,-258.09,-281.85,-393.03,-459.99,-429.4,-263.26,-268.23,-300.49,-436.75,-475.39,-454.14,220.88,228.98,229.64,185.13,134.27,127.29,0.84,1.47,1.04,0.99,0.45,0.29,0.85,1.4,1.03,1.0,0.45,0.28,0.15,0.53,0.33,0.07,0.02,0.01,1.21,2.62,1.6,1.21,0.47,0.3,0.0,0.01,0.0,0.0,0.0,0.0,,,,,,,0.0,0.01,0.0,0.0,0.0,0.0,0.03,0.06,0.02,0.01,0.0,0.0,0.03,0.05,0.02,0.01,0.0,0.0,0.0,0.0,0.0,0.0,0.0,0.0,0.02,0.02,0.01,0.01,0.0,0.0,0.01,0.01,0.0,0.0,0.0,0.0,,,,,,0.7,Fibrotic Scar,Fibrotic Scar,Fibrotic Scar,Fibrotic Scar,Fibrotic Scar,Fibrotic Scar,Fibrotic,Fibrotic,Fibrotic,Fibrotic,Fibrotic,Fibrotic,false,false,false,false,false,false,Lesion 08 Day 034 JF,Lesion 08 Day 046 JF,Lesion 08 Day 061 JF,Lesion 08 Day 075 JF,Lesion 08 Day 089 JF,Lesion 08 Day 102 JF,4.520224,2.7672274,1,cool
DEL,M236,9,-300.06,-195.83,-225.25,-222.16,-246.14,-327.73,-324.68,-159.81,-211.16,-222.09,-243.3,-345.37,212.42,228.66,218.97,241.02,235.32,202.07,0.78,2.11,1.67,1.22,1.31,1.06,0.79,2.03,1.63,1.18,1.31,1.02,0.22,0.6,0.44,0.31,0.46,0.31,1.24,3.5,2.66,2.11,2.3,1.74,0.0,0.05,0.02,0.0,0.0,0.0,,,,,,,0.0,0.05,0.02,0.0,0.0,0.0,0.03,0.22,0.11,0.1,0.06,0.04,0.03,0.19,0.1,0.09,0.06,0.03,0.0,0.0,0.0,0.0,0.0,0.0,0.02,0.05,0.03,0.04,0.02,0.02,0.01,0.04,0.03,0.03,0.02,0.01,,,,,,2.77,Cavity,Cavity,Cavity,Cavity,Cavity,Cavity,Cavity,Cavity,Cavity,Cavity,Cavity,Cavity,false,false,false,false,false,false,Lesion 09 Day 034 JF,Lesion 09 Day 046 JF,Lesion 09 Day 061 JF,Lesion 09 Day 075 JF,Lesion 09 Day 089 JF,Lesion 09 Day 102 JF,2.6826723,2.9764378,1,cool
DEL,M236,10,-130.54,-34.82,-7.66,-22.69,-79.77,-84.26,-25.77,26.34,42.62,33.47,7.27,-8.81,226.64,168.88,161.64,166.73,217.61,195.75,0.79,4.23,2.13,1.46,1.46,1.2,0.65,4.41,2.0,1.4,1.28,1.08,0.34,1.16,1.08,0.46,0.58,0.36,2.09,6.25,4.67,2.8,3.21,2.56,0.0,0.18,0.09,0.02,0.02,0.0,,,,,,,0.0,0.18,0.09,0.02,0.02,0.0,0.07,0.79,0.39,0.19,0.16,0.11,0.06,0.76,0.37,0.19,0.15,0.1,0.0,0.0,0.0,0.0,0.0,0.0,0.03,0.03,0.03,0.03,0.03,0.03,0.05,0.15,0.14,0.1,0.08,0.06,,,,,,3.58,Necrotic,Necrotic,Necrotic,Necrotic,Necrotic,Necrotic,Necrotic,Necrotic,Necrotic,Necrotic,Necrotic,Necrotic,false,false,false,false,false,false,Lesion 10 Day 034 JF,Lesion 10 Day 046 JF,Lesion 10 Day 061 JF,Lesion 10 Day 075 JF,Lesion 10 Day 089 JF,Lesion 10 Day 102 JF,0.20068946,6.8626547,2,hot
DEL,M236,11,-727.47,-786.02,-800.92,-787.59,-775.34,-815.83,-734.13,-777.59,-797.89,-794.53,-775.26,-811.22,61.69,57.72,40.17,87.56,63.3,68.54,0.9,1.1,1.2,0.89,1.11,1.21,0.92,1.08,1.2,0.88,1.14,1.22,0.27,0.19,0.03,0.16,0.14,0.15,1.27,1.44,1.23,1.13,1.29,1.41,0.0,0.0,0.0,0.0,0.0,0.0,,,,,,,0.0,0.0,0.0,0.0,0.0,0.0,0.0,0.0,0.0,0.01,0.01,0.01,0.0,0.0,0.0,0.0,0.0,0.0,0.0,0.0,0.0,0.0,0.0,0.0,0.0,0.0,0.0,0.0,0.0,0.0,0.0,0.0,0.0,0.0,0.0,0.0,,,,,,0.7,Fibrotic Scar,Fibrotic Scar,Fibrotic Scar,Fibrotic Scar,Fibrotic Scar,Fibrotic Scar,Fibrotic,Fibrotic,Fibrotic,Fibrotic,Fibrotic,Fibrotic,false,false,false,false,false,false,Lesion 11 Day 034 JF,Lesion 11 Day 046 JF,Lesion 11 Day 061 JF,Lesion 11 Day 075 JF,Lesion 11 Day 089 JF,Lesion 11 Day 102 JF,12.621385,5.717667,7,cool
DEL,M273,1,-405.9,-241.36,-416.98,-444.91,-497.32,-500.2,-436.72,-245.0,-425.73,-479.1,-511.55,-517.8,156.55,228.67,152.69,125.52,91.48,105.0,1.15,1.49,0.77,1.12,1.02,0.93,1.13,1.48,0.78,1.11,1.0,0.93,0.25,0.23,0.08,0.24,0.17,0.12,1.72,1.96,0.98,1.84,1.36,1.21,0.0,0.0,0.0,0.0,0.0,0.0,,,,,,,0.0,0.0,0.0,0.0,0.0,0.0,0.02,0.04,0.01,0.01,0.01,0.01,0.01,0.03,0.01,0.0,0.0,0.0,0.0,0.0,0.0,0.0,0.0,0.0,0.01,0.02,0.01,0.0,0.0,0.0,0.0,0.01,0.0,0.0,0.0,0.0,,,,,,1.54,Fibrotic,Fibrotic,Fibrotic,Fibrotic,Fibrotic,Fibrotic,Fibrotic,Fibrotic,Fibrotic,Fibrotic,Fibrotic,Fibrotic,false,false,false,false,false,false,Lesion 01 Day 033 FG,Lesion 01 Day 045 FG,Lesion 01 Day 059 FG,Lesion 01 Day 073 FG,Lesion 01 Day 087 FG,Lesion 01 Day 103 FG,4.3174715,2.7992773,1,cool
DEL,M273,2,-607.23,-473.37,-594.42,-648.86,-629.57,-581.68,-606.72,-491.53,-582.11,-651.44,-633.27,-591.91,99.01,91.43,66.11,103.1,115.11,129.95,0.38,0.44,0.22,0.43,0.38,0.34,0.37,0.43,0.22,0.43,0.37,0.32,0.04,0.05,0.01,0.06,0.03,0.08,0.47,0.55,0.25,0.59,0.48,0.56,0.0,0.0,0.0,0.0,0.0,0.0,,,,,,,0.0,0.0,0.0,0.0,0.0,0.0,0.0,0.0,0.0,0.0,0.0,0.0,0.0,0.0,0.0,0.0,0.0,0.0,0.0,0.0,0.0,0.0,0.0,0.0,0.0,0.0,0.0,0.0,0.0,0.0,0.0,0.0,0.0,0.0,0.0,0.0,,,,,,0.7,Fibrotic Scar,Fibrotic Scar,Fibrotic Scar,Fibrotic Scar,Fibrotic Scar,Fibrotic Scar,Fibrotic,Fibrotic,Fibrotic,Fibrotic,Fibrotic,Fibrotic,false,false,false,false,false,false,Lesion 02 Day 033 FG,Lesion 02 Day 045 FG,Lesion 02 Day 059 FG,Lesion 02 Day 073 FG,Lesion 02 Day 087 FG,Lesion 02 Day 103 FG,12.089361,7.11683,7,cool
DEL,M273,3,-162.5,-19.81,-20.68,-79.2,-80.07,-134.0,-82.39,44.31,35.27,13.57,21.99,-36.1,237.1,167.68,154.2,204.67,205.76,230.91,2.03,3.37,2.4,2.79,2.92,1.94,1.94,3.46,2.48,2.83,2.86,1.85,0.71,0.84,0.78,0.85,0.9,0.67,3.96,5.08,4.31,4.78,5.33,3.61,0.41,1.3,0.98,0.93,0.94,0.41,,,,,,,0.41,1.3,0.98,0.93,0.94,0.41,1.78,4.76,3.46,3.29,3.24,1.81,1.62,4.62,3.37,3.08,3.08,1.63,0.0,0.0,0.0,0.0,0.0,0.0,0.32,0.19,0.21,0.3,0.28,0.31,0.45,1.18,1.2,0.79,0.77,0.54,,,,,,3.81,Cavity Consol,Cavity Consol,Cavity Consol,Cavity Consol,Cavity Consol,Cavity Consol,Cavity,Cavity,Cavity,Cavity,Cavity,Cavity,true,true,true,true,true,true,Lesion 03z04z05z06 Day 033 FG,Lesion 03z04z05z06 Day 045 FG,Lesion 03z04z05z06 Day 059 FG,Lesion 03z04z05z06 Day 073 FG,Lesion 03z04z05z06 Day 087 FG,Lesion 03z04z05z06 Day 103 FG,-3.8643656,6.054719,0,hot
DEL,M273,7,-195.38,-37.0,-80.61,-102.83,-64.93,-175.39,-141.79,21.9,10.9,-10.76,11.84,-120.5,231.41,163.28,205.41,211.71,197.5,230.15,1.9,3.18,2.16,2.81,2.38,1.55,1.76,3.25,2.13,2.78,2.23,1.38,0.71,0.84,0.88,1.1,0.95,0.62,4.03,4.88,4.32,5.26,4.68,3.52,0.2,0.81,0.55,0.43,0.35,0.12,,,,,,,0.2,0.81,0.55,0.43,0.35,0.12,1.0,2.86,2.12,1.64,1.44,0.94,0.91,2.79,2.04,1.57,1.34,0.81,0.0,0.0,0.0,0.0,0.0,0.0,0.22,0.15,0.24,0.16,0.13,0.24,0.23,0.72,0.67,0.38,0.44,0.27,,,,,,3.13,Cavity Fibrotic,Cavity Fibrotic,Cavity Fibrotic,Cavity Fibrotic,Cavity Fibrotic,Cavity Fibrotic,Cavity,Cavity,Cavity,Cavity,Cavity,Cavity,true,true,true,true,true,true,Lesion 07z09 Day 033 FG,Lesion 07z09 Day 045 FG,Lesion 07z09 Day 059 FG,Lesion 07z09 Day 073 FG,Lesion 07z09 Day 087 FG,Lesion 07z09 Day 103 FG,-3.3155932,6.127529,0,hot
DEL,M273,8,-218.49,-114.43,-137.12,-119.27,-123.71,-156.9,-180.7,-29.04,-50.02,-37.12,-71.33,-91.68,224.89,203.56,217.93,212.55,215.77,249.24,1.68,2.66,2.02,2.69,2.22,1.27,1.64,2.74,2.03,2.72,2.02,1.13,0.55,0.8,0.66,1.04,1.04,0.56,2.86,4.04,3.25,4.92,4.76,2.67,0.03,0.23,0.14,0.13,0.08,0.02,,,,,,,0.03,0.23,0.14,0.13,0.08,0.02,0.15,0.79,0.54,0.5,0.35,0.15,0.13,0.74,0.51,0.46,0.33,0.13,0.0,0.0,0.0,0.0,0.0,0.0,0.04,0.09,0.09,0.06,0.06,0.04,0.03,0.18,0.16,0.11,0.08,0.06,,,,,,1.87,Necrotic,Necrotic,Necrotic,Necrotic,Necrotic,Necrotic,Necrotic,Necrotic,Necrotic,Necrotic,Necrotic,Necrotic,false,false,false,false,false,false,Lesion 08 Day 033 FG,Lesion 08 Day 045 FG,Lesion 08 Day 059 FG,Lesion 08 Day 073 FG,Lesion 08 Day 087 FG,Lesion 08 Day 103 FG,0.050229643,3.9228866,15,hot
DEL,M273,10,-380.47,-246.84,-274.29,-323.42,-307.02,-358.81,-399.85,-238.89,-265.29,-331.1,-320.86,-383.99,209.76,204.97,216.02,207.62,208.74,210.21,1.05,1.83,1.17,1.1,1.18,0.65,1.1,1.85,1.16,1.0,1.14,0.63,0.17,0.38,0.38,0.39,0.3,0.19,1.31,2.57,2.03,2.01,1.81,1.04,0.0,0.02,0.0,0.0,0.0,0.0,,,,,,,0.0,0.02,0.0,0.0,0.0,0.0,0.02,0.12,0.08,0.05,0.04,0.02,0.01,0.11,0.06,0.04,0.03,0.01,0.0,0.0,0.0,0.0,0.0,0.0,0.01,0.04,0.04,0.02,0.02,0.02,0.0,0.02,0.02,0.01,0.01,0.0,,,,,,0.7,Cavity,Cavity,Cavity,Cavity,Cavity,Cavity,Cavity,Cavity,Cavity,Cavity,Cavity,Cavity,false,false,false,false,false,false,Lesion 10 Day 033 FG,Lesion 10 Day 045 FG,Lesion 10 Day 059 FG,Lesion 10 Day 073 FG,Lesion 10 Day 087 FG,Lesion 10 Day 103 FG,4.54971,2.1298845,1,cool
DEL,M275,1,-460.56,-339.05,-346.69,-364.4,-374.56,-442.07,-484.7,-351.64,-377.33,-392.89,-397.21,-451.57,178.35,178.01,191.06,179.79,201.42,175.07,1.41,0.87,1.53,1.84,1.64,0.89,1.4,0.81,1.55,1.96,1.65,0.89,0.35,0.22,0.2,0.33,0.24,0.21,1.95,1.6,1.9,2.49,2.15,1.22,0.0,0.0,0.0,0.01,0.0,0.0,,,,,,,0.0,0.0,0.0,0.01,0.0,0.0,0.02,0.02,0.03,0.04,0.06,0.01,0.02,0.02,0.02,0.03,0.04,0.01,0.0,0.0,0.0,0.0,0.0,0.0,0.01,0.02,0.01,0.02,0.02,0.01,0.0,0.0,0.0,0.0,0.0,0.0,,,,,,2.15,Necrotic,Necrotic,Necrotic,Necrotic,Necrotic,Necrotic,Necrotic,Necrotic,Necrotic,Necrotic,Necrotic,Necrotic,false,false,false,false,false,false,Lesion 01 Day 033 FG,Lesion 01 Day 045 FG,Lesion 01 Day 059 FG,Lesion 01 Day 073 FG,Lesion 01 Day 087 FG,Lesion 01 Day 103 FG,8.546442,3.9781528,8,cool
DEL,M275,2,-309.91,-124.25,-195.49,-196.91,-199.02,-229.94,-329.74,-42.3,-129.53,-139.53,-160.28,-203.57,207.45,209.95,214.05,213.36,213.89,223.83,2.04,3.06,2.24,2.49,2.02,1.36,2.0,3.04,2.23,2.5,2.01,1.36,0.64,0.76,0.61,0.66,0.67,0.41,3.57,4.43,3.42,3.87,3.34,2.2,0.04,0.17,0.11,0.1,0.06,0.01,,,,,,,0.04,0.17,0.11,0.1,0.06,0.01,0.18,0.59,0.37,0.33,0.25,0.14,0.15,0.56,0.33,0.3,0.23,0.12,0.0,0.0,0.0,0.0,0.0,0.0,0.05,0.06,0.07,0.06,0.05,0.05,0.02,0.11,0.07,0.06,0.05,0.04,,,,,,4.12,Cavity,Cavity,Cavity,Cavity,Cavity,Cavity,Cavity,Cavity,Cavity,Cavity,Cavity,Cavity,false,false,false,false,false,false,Lesion 02 Day 033 FG,Lesion 02 Day 045 FG,Lesion 02 Day 059 FG,Lesion 02 Day 073 FG,Lesion 02 Day 087 FG,Lesion 02 Day 103 FG,0.27379876,4.1716056,2,hot
DEL,M275,3,-269.33,-100.41,-59.95,-60.16,-83.7,-172.02,-280.8,0.73,17.54,25.98,3.12,-67.37,226.97,211.86,190.16,196.22,213.42,261.79,2.83,3.89,3.04,3.9,3.87,2.27,2.58,4.03,3.25,4.06,3.87,2.27,1.03,1.11,1.08,1.21,1.05,0.54,5.81,6.3,5.18,7.27,7.68,3.42,0.31,0.45,0.41,0.57,0.48,0.35,,,,,,,0.31,0.45,0.41,0.57,0.48,0.35,1.14,1.89,1.57,2.4,1.92,1.17,0.97,1.76,1.5,2.25,1.82,1.01,0.0,0.0,0.0,0.0,0.0,0.0,0.21,0.13,0.12,0.12,0.13,0.16,0.12,0.33,0.38,0.44,0.33,0.28,,,,,,4.25,Cavity Consol,Cavity Consol,Cavity Consol,Cavity Consol,Cavity Consol,Cavity Consol,Cavity,Cavity,Cavity,Cavity,Cavity,Cavity,true,true,true,true,true,true,Lesion 03z04z05 Day 033 FG,Lesion 03z04z05 Day 045 FG,Lesion 03z04z05 Day 059 FG,Lesion 03z04z05 Day 073 FG,Lesion 03z04z05 Day 087 FG,Lesion 03z04z05 Day 103 FG,-1.6268811,4.852677,11,hot
DEL,M275,6,-213.82,-85.35,-96.16,-85.29,-191.55,-248.96,-203.32,4.82,-6.63,-0.59,-141.89,-246.26,224.71,211.06,211.47,204.26,240.11,252.75,2.3,2.38,2.06,2.6,1.8,1.14,2.22,2.08,1.98,2.66,1.72,1.08,0.7,1.24,0.98,0.84,0.73,0.49,4.08,5.2,4.39,4.35,3.85,2.36,0.1,0.2,0.18,0.28,0.12,0.01,,,,,,,0.1,0.2,0.18,0.28,0.12,0.01,0.37,0.92,0.76,1.02,0.62,0.22,0.33,0.86,0.71,0.95,0.52,0.17,0.0,0.0,0.0,0.0,0.0,0.0,0.08,0.1,0.1,0.1,0.14,0.08,0.06,0.26,0.24,0.26,0.14,0.07,,,,,,3.61,Necrotic,Necrotic,Necrotic,Necrotic,Necrotic,Necrotic,Necrotic,Necrotic,Necrotic,Necrotic,Necrotic,Necrotic,true,true,true,true,true,true,Lesion 06z08 Day 033 FG,Lesion 06z08 Day 045 FG,Lesion 06z08 Day 059 FG,Lesion 06z08 Day 073 FG,Lesion 06z08 Day 087 FG,Lesion 06z08 Day 103 FG,-0.7217243,3.9849238,15,hot
DEL,M275,7,-282.34,-197.56,-252.0,-247.38,-189.73,-219.52,-323.62,-163.16,-242.35,-245.78,-127.59,-191.37,247.97,250.12,258.49,239.35,230.58,224.35,1.8,1.13,1.04,1.38,1.87,1.29,1.78,1.03,0.94,1.3,1.78,1.3,0.36,0.34,0.29,0.29,0.49,0.14,2.56,2.35,2.02,2.15,3.13,1.7,0.01,0.0,0.0,0.0,0.02,0.0,,,,,,,0.01,0.0,0.0,0.0,0.02,0.0,0.08,0.05,0.05,0.05,0.12,0.07,0.06,0.04,0.04,0.04,0.1,0.06,0.0,0.0,0.0,0.0,0.0,0.0,0.02,0.02,0.02,0.02,0.03,0.02,0.01,0.02,0.02,0.01,0.03,0.02,,,,,,2.13,Cavity,Cavity,Cavity,Cavity,Cavity,Cavity,Cavity,Cavity,Cavity,Cavity,Cavity,Cavity,false,false,false,false,false,false,Lesion 07 Day 033 FG,Lesion 07 Day 045 FG,Lesion 07 Day 059 FG,Lesion 07 Day 073 FG,Lesion 07 Day 087 FG,Lesion 07 Day 103 FG,3.6115477,3.5550175,1,cool
DEL,M275,9,-273.82,-40.36,-90.67,-88.88,-121.06,-143.42,-266.53,23.26,3.44,3.5,-37.72,-57.21,243.08,166.67,209.79,218.61,220.41,231.12,2.14,3.94,3.23,3.39,2.56,1.73,1.94,3.92,3.2,3.31,2.48,1.7,0.91,1.08,0.98,1.14,1.01,0.54,4.58,6.46,5.43,5.94,5.03,2.99,0.11,0.64,0.46,0.43,0.28,0.1,,,,,,,0.11,0.64,0.46,0.43,0.28,0.1,0.53,2.59,1.72,1.65,1.14,0.55,0.45,2.55,1.63,1.56,1.05,0.5,0.0,0.0,0.0,0.0,0.0,0.0,0.12,0.15,0.14,0.13,0.15,0.11,0.07,0.49,0.36,0.31,0.27,0.18,,,,,,3.73,Cavity Consol,Cavity Consol,Cavity Consol,Cavity Consol,Cavity Consol,Cavity Consol,Cavity,Cavity,Cavity,Cavity,Cavity,Cavity,true,true,true,true,true,true,Lesion 09z10z11 Day 033 FG,Lesion 09z10z11 Day 045 FG,Lesion 09z10z11 Day 059 FG,Lesion 09z10z11 Day 073 FG,Lesion 09z10z11 Day 087 FG,Lesion 09z10z11 Day 103 FG,-2.0414836,6.293262,0,hot
DEL,M275,12,-150.53,-77.13,-104.51,-89.97,-110.57,-123.16,-83.03,8.92,-0.59,-2.63,-11.17,-24.68,224.36,202.91,212.73,201.7,214.08,218.34,2.85,3.02,2.34,2.66,2.44,1.8,2.76,2.95,2.28,2.72,2.41,1.75,0.81,1.15,0.93,0.93,0.92,0.57,4.82,5.96,4.58,4.46,4.31,3.04,0.2,0.73,0.44,0.47,0.35,0.17,,,,,,,0.2,0.73,0.44,0.47,0.35,0.17,0.67,2.9,1.73,1.81,1.38,0.84,0.62,2.75,1.63,1.71,1.29,0.78,0.0,0.0,0.0,0.0,0.0,0.0,0.09,0.24,0.21,0.19,0.17,0.15,0.12,0.64,0.47,0.44,0.35,0.28,,,,,,4.79,Cavity,Cavity,Cavity,Cavity,Cavity,Cavity,Cavity,Cavity,Cavity,Cavity,Cavity,Cavity,false,false,false,false,false,false,Lesion 12 Day 033 FG,Lesion 12 Day 045 FG,Lesion 12 Day 059 FG,Lesion 12 Day 073 FG,Lesion 12 Day 087 FG,Lesion 12 Day 103 FG,-3.363908,5.0849924,11,hot
DEL,M275,13,-218.71,-74.29,-99.0,-95.04,-155.52,-145.77,-197.21,8.92,1.43,-10.8,-82.66,-83.63,208.73,202.18,228.77,220.11,244.16,226.8,2.87,3.77,2.76,3.19,2.35,1.57,2.95,3.81,2.76,3.19,2.31,1.51,0.96,1.01,1.18,1.14,1.06,0.62,4.7,6.06,5.87,6.04,4.79,3.19,0.2,0.87,0.61,0.44,0.28,0.09,,,,,,,0.2,0.87,0.61,0.44,0.28,0.09,0.78,3.43,2.31,1.7,1.09,0.52,0.71,3.28,2.08,1.57,0.99,0.48,0.0,0.0,0.0,0.0,0.0,0.0,0.14,0.2,0.22,0.16,0.17,0.13,0.09,0.65,0.52,0.33,0.24,0.17,,,,,,3.77,Cavity,Cavity,Cavity,Cavity,Cavity,Cavity,Cavity,Cavity,Cavity,Cavity,Cavity,Cavity,true,true,true,true,true,true,Lesion 13z14 Day 033 FG,Lesion 13z14 Day 045 FG,Lesion 13z14 Day 059 FG,Lesion 13z14 Day 073 FG,Lesion 13z14 Day 087 FG,Lesion 13z14 Day 103 FG,-3.136925,5.2897625,11,hot
OPC,M285,1,-445.91,-375.29,-365.01,-299.32,-284.05,-741.82,-484.24,-406.34,-384.84,-296.7,-270.24,-740.69,163.46,211.97,193.31,309.9,273.6,78.27,0.59,1.14,0.81,0.64,0.86,0.45,0.59,1.19,0.8,0.65,0.85,0.42,0.06,0.25,0.13,0.09,0.15,0.09,0.73,1.6,0.98,0.74,1.29,0.66,0.0,0.0,0.0,0.0,0.0,0.0,,,,,,,0.0,0.0,0.0,0.0,0.0,0.0,0.01,0.02,0.01,0.01,0.01,0.0,0.0,0.02,0.0,0.0,0.01,0.0,0.0,0.0,0.0,0.0,0.0,0.0,0.0,0.01,0.0,0.0,0.01,0.0,0.0,0.0,0.0,0.0,0.01,0.0,,,,,,0.78,Scar,Scar,Scar,Scar,Scar,Scar,Scar,Scar,Scar,Scar,Scar,Scar,false,false,false,false,false,false,Lesion 01 Day 036 FG,Lesion 01 Day 050 FG,Lesion 01 Day 064 FG,Lesion 01 Day 079 FG,Lesion 01 Day 092 FG,Lesion 01 Day 104 FG,6.952873,2.373386,13,cool
OPC,M285,2,-306.7,-145.8,-200.05,-235.57,-319.98,-444.46,-309.15,-66.57,-109.01,-186.17,-334.01,-469.21,254.55,228.09,272.11,254.17,254.86,203.72,1.82,2.62,2.84,1.33,1.46,0.97,1.75,2.67,2.88,1.28,1.38,0.98,0.47,0.76,0.89,0.46,0.25,0.17,2.8,4.28,4.53,2.51,2.4,1.36,0.02,0.18,0.15,0.01,0.0,0.0,,,,,,,0.02,0.18,0.15,0.01,0.0,0.0,0.13,0.63,0.53,0.18,0.14,0.07,0.1,0.56,0.45,0.16,0.1,0.04,0.0,0.0,0.0,0.0,0.0,0.0,0.03,0.08,0.06,0.05,0.04,0.04,0.02,0.13,0.09,0.05,0.03,0.0,,,,,,0.78,Fibrotic,Fibrotic,Fibrotic,Fibrotic,Fibrotic,Fibrotic,Fibrotic,Fibrotic,Fibrotic,Fibrotic,Fibrotic,Fibrotic,true,true,true,true,true,true,Lesion 02z03 Day 036 FG,Lesion 02z03 Day 050 FG,Lesion 02z03 Day 064 FG,Lesion 02z03 Day 079 FG,Lesion 02z03 Day 092 FG,Lesion 02z03 Day 104 FG,0.32140544,3.1485627,12,hot
OPC,M285,4,-332.68,-213.8,-204.38,-277.15,-298.39,-443.81,-321.36,-139.38,-152.23,-235.29,-323.72,-493.89,254.25,274.46,239.26,256.82,235.75,184.26,1.31,1.75,2.35,1.24,0.54,0.75,1.25,1.75,2.33,1.2,0.53,0.76,0.3,0.43,0.62,0.39,0.09,0.11,2.02,2.69,3.58,2.03,0.74,0.94,0.0,0.02,0.04,0.0,0.0,0.0,,,,,,,0.0,0.02,0.04,0.0,0.0,0.0,0.03,0.12,0.12,0.06,0.01,0.02,0.02,0.09,0.11,0.04,0.01,0.01,0.0,0.0,0.0,0.0,0.0,0.0,0.01,0.02,0.02,0.02,0.01,0.01,0.01,0.02,0.02,0.02,0.0,0.0,,,,,,2.27,Necrotic,Necrotic,Necrotic,Necrotic,Necrotic,Necrotic,Necrotic,Necrotic,Necrotic,Necrotic,Necrotic,Necrotic,false,false,false,false,false,false,Lesion 04 Day 036 FG,Lesion 04 Day 050 FG,Lesion 04 Day 064 FG,Lesion 04 Day 079 FG,Lesion 04 Day 092 FG,Lesion 04 Day 104 FG,2.8891506,2.9842196,1,cool
OPC,M285,5,-415.53,-292.85,-312.81,-336.61,-305.5,-378.34,-457.77,-278.93,-312.8,-339.69,-299.04,-389.0,238.6,270.37,280.69,242.1,258.96,228.46,0.85,1.69,1.85,1.14,1.44,1.08,0.75,1.67,1.78,1.1,1.38,0.93,0.35,0.44,0.67,0.31,0.33,0.49,1.79,2.65,3.22,1.87,2.25,2.57,0.0,0.04,0.05,0.0,0.01,0.01,,,,,,,0.0,0.04,0.05,0.0,0.01,0.01,0.04,0.24,0.22,0.08,0.14,0.08,0.02,0.19,0.17,0.06,0.1,0.05,0.0,0.0,0.0,0.0,0.0,0.0,0.02,0.06,0.05,0.04,0.04,0.03,0.01,0.04,0.03,0.02,0.03,0.01,,,,,,2.41,Cavity,Cavity,Cavity,Cavity,Cavity,Cavity,Cavity,Cavity,Cavity,Cavity,Cavity,Cavity,false,false,false,false,false,false,Lesion 05 Day 036 FG,Lesion 05 Day 050 FG,Lesion 05 Day 064 FG,Lesion 05 Day 079 FG,Lesion 05 Day 092 FG,Lesion 05 Day 104 FG,2.9021158,1.9710974,1,cool
OPC,M285,6,-240.28,-100.23,-91.96,-180.54,-190.48,-251.12,-237.89,6.23,8.33,-120.66,-142.71,-261.48,233.87,219.15,226.39,246.92,246.73,241.18,1.92,2.39,2.42,1.37,1.74,1.33,1.88,2.38,2.33,1.23,1.72,1.18,0.66,0.79,0.98,0.59,0.38,0.6,3.78,4.34,4.59,3.31,2.71,3.55,0.07,0.5,0.39,0.07,0.12,0.04,,,,,,,0.07,0.5,0.39,0.07,0.12,0.04,0.33,1.8,1.46,0.62,0.79,0.39,0.28,1.68,1.34,0.56,0.67,0.32,0.0,0.0,0.0,0.0,0.0,0.0,0.08,0.21,0.17,0.16,0.17,0.15,0.06,0.49,0.39,0.24,0.2,0.09,,,,,,3.61,Cavity,Cavity,Cavity,Cavity,Cavity,Cavity,Cavity,Cavity,Cavity,Cavity,Cavity,Cavity,true,true,true,true,true,true,Lesion 06z07 Day 036 FG,Lesion 06z07 Day 050 FG,Lesion 06z07 Day 064 FG,Lesion 06z07 Day 079 FG,Lesion 06z07 Day 092 FG,Lesion 06z07 Day 104 FG,-2.6952386,4.0886517,11,hot
OPC,M285,8,-459.4,-268.23,-278.91,-303.54,-341.83,-362.47,-504.59,-246.57,-265.45,-304.89,-362.8,-372.54,199.91,256.97,219.27,237.66,243.5,261.37,1.17,1.67,1.89,1.09,1.06,1.57,1.14,1.71,1.94,1.03,0.92,1.55,0.36,0.49,0.68,0.39,0.42,0.49,1.87,2.51,3.13,1.97,2.31,2.79,0.0,0.04,0.04,0.0,0.0,0.02,,,,,,,0.0,0.04,0.04,0.0,0.0,0.02,0.05,0.21,0.17,0.1,0.11,0.15,0.03,0.16,0.15,0.08,0.07,0.11,0.0,0.0,0.0,0.0,0.0,0.0,0.02,0.05,0.04,0.05,0.05,0.04,0.0,0.05,0.02,0.02,0.02,0.02,,,,,,3.77,Cavity,Cavity,Cavity,Cavity,Cavity,Cavity,Cavity,Cavity,Cavity,Cavity,Cavity,Cavity,false,false,false,false,false,false,Lesion 08 Day 036 FG,Lesion 08 Day 050 FG,Lesion 08 Day 064 FG,Lesion 08 Day 079 FG,Lesion 08 Day 092 FG,Lesion 08 Day 104 FG,3.0320437,2.0668645,1,cool
OPC,M285,9,-329.93,-134.7,-77.61,-130.88,-123.19,-184.36,-360.05,-13.99,18.62,-36.74,-17.23,-92.83,269.68,248.98,226.91,227.02,235.97,271.24,1.64,1.68,1.65,1.14,1.36,1.18,1.65,1.61,1.47,1.11,1.37,1.14,0.21,0.66,0.74,0.33,0.23,0.28,2.18,3.15,3.53,1.83,1.83,2.21,0.0,0.06,0.04,0.0,0.0,0.0,,,,,,,0.0,0.06,0.04,0.0,0.0,0.0,0.06,0.29,0.2,0.1,0.1,0.07,0.04,0.26,0.19,0.08,0.08,0.05,0.0,0.0,0.0,0.0,0.0,0.0,0.01,0.04,0.03,0.02,0.02,0.02,0.01,0.11,0.08,0.05,0.04,0.02,,,,,,2.99,Cavity,Cavity,Cavity,Cavity,Cavity,Cavity,Cavity,Cavity,Cavity,Cavity,Cavity,Cavity,false,false,false,false,false,false,Lesion 09 Day 036 FG,Lesion 09 Day 050 FG,Lesion 09 Day 064 FG,Lesion 09 Day 079 FG,Lesion 09 Day 092 FG,Lesion 09 Day 104 FG,2.3722994,3.5191061,1,cool
OPC,M285,10,-193.4,-139.62,-141.91,-260.36,-362.25,-304.29,-123.88,-24.11,-34.9,-231.2,-379.26,-249.14,256.11,250.84,230.84,262.25,267.72,259.56,1.19,1.95,1.95,1.14,0.81,0.95,1.13,1.98,1.92,1.1,0.84,1.01,0.18,0.38,0.58,0.28,0.27,0.22,1.85,2.67,3.31,1.85,1.55,1.34,0.0,0.04,0.03,0.0,0.0,0.0,,,,,,,0.0,0.04,0.03,0.0,0.0,0.0,0.03,0.15,0.15,0.06,0.04,0.03,0.03,0.14,0.14,0.04,0.03,0.03,0.0,0.0,0.0,0.0,0.0,0.0,0.01,0.02,0.02,0.02,0.02,0.02,0.01,0.05,0.05,0.02,0.01,0.01,,,,,,0.88,Fibrotic,Fibrotic,Fibrotic,Fibrotic,Fibrotic,Fibrotic,Fibrotic,Fibrotic,Fibrotic,Fibrotic,Fibrotic,Fibrotic,false,false,false,false,false,false,Lesion 10 Day 036 FG,Lesion 10 Day 050 FG,Lesion 10 Day 064 FG,Lesion 10 Day 079 FG,Lesion 10 Day 092 FG,Lesion 10 Day 104 FG,2.3751945,3.5626137,1,cool
OPC,M285,11,-414.44,-264.75,-251.3,-313.2,-329.57,-367.94,-455.73,-252.63,-228.4,-321.27,-331.95,-370.48,217.92,241.12,233.25,240.8,238.91,235.64,0.65,1.49,1.56,1.13,0.79,1.09,0.55,1.55,1.56,1.13,0.73,1.05,0.3,0.35,0.41,0.28,0.23,0.45,1.71,2.12,2.38,1.67,1.46,2.28,0.0,0.0,0.01,0.0,0.0,0.0,,,,,,,0.0,0.0,0.01,0.0,0.0,0.0,0.02,0.08,0.07,0.03,0.03,0.04,0.01,0.07,0.05,0.03,0.02,0.03,0.0,0.0,0.0,0.0,0.0,0.0,0.02,0.03,0.02,0.02,0.02,0.02,0.0,0.02,0.01,0.01,0.01,0.01,,,,,,0.78,Cavity,Cavity,Cavity,Cavity,Cavity,Cavity,Cavity,Cavity,Cavity,Cavity,Cavity,Cavity,false,false,false,false,false,false,Lesion 11 Day 036 FG,Lesion 11 Day 050 FG,Lesion 11 Day 064 FG,Lesion 11 Day 079 FG,Lesion 11 Day 092 FG,Lesion 11 Day 104 FG,4.14011,2.450119,1,cool
OPC,M285,12,-502.48,-298.14,-309.48,-403.22,-463.75,-484.3,-526.99,-295.1,-314.86,-425.66,-473.88,-526.79,207.88,261.07,245.41,229.47,223.97,192.36,0.35,1.64,1.79,0.57,0.5,0.46,0.32,1.58,1.65,0.52,0.46,0.45,0.11,0.69,0.76,0.25,0.15,0.1,0.82,3.28,3.61,1.25,0.95,0.93,0.0,0.05,0.04,0.0,0.0,0.0,,,,,,,0.0,0.05,0.04,0.0,0.0,0.0,0.01,0.28,0.21,0.05,0.04,0.03,0.0,0.22,0.16,0.04,0.03,0.02,0.0,0.0,0.0,0.0,0.0,0.0,0.01,0.07,0.06,0.05,0.04,0.03,0.0,0.05,0.03,0.01,0.01,0.0,,,,,,1.61,Fibrotic,Fibrotic,Fibrotic,Fibrotic,Fibrotic,Fibrotic,Fibrotic,Fibrotic,Fibrotic,Fibrotic,Fibrotic,Fibrotic,false,false,false,false,false,false,Lesion 12 Day 036 FG,Lesion 12 Day 050 FG,Lesion 12 Day 064 FG,Lesion 12 Day 079 FG,Lesion 12 Day 092 FG,Lesion 12 Day 104 FG,2.9425013,1.9573594,1,cool
OPC,M285,13,-430.2,-152.22,-143.6,-185.36,-196.84,-386.0,-461.84,-36.24,-39.02,-143.18,-155.05,-426.02,284.95,254.29,254.86,278.72,275.72,275.44,1.52,2.11,2.49,1.43,0.81,1.0,1.45,2.05,2.49,1.37,0.74,0.83,0.55,0.63,0.94,0.57,0.26,0.39,2.99,3.63,4.63,3.05,1.79,2.14,0.01,0.28,0.25,0.04,0.0,0.0,,,,,,,0.01,0.28,0.25,0.04,0.0,0.0,0.09,1.08,0.92,0.31,0.12,0.09,0.05,0.98,0.86,0.28,0.1,0.06,0.0,0.0,0.0,0.0,0.0,0.0,0.02,0.15,0.11,0.07,0.06,0.04,0.01,0.31,0.21,0.1,0.06,0.02,,,,,,1.84,Cavity,Cavity,Cavity,Cavity,Cavity,Cavity,Cavity,Cavity,Cavity,Cavity,Cavity,Cavity,false,false,false,false,false,false,Lesion 13 Day 036 FG,Lesion 13 Day 050 FG,Lesion 13 Day 064 FG,Lesion 13 Day 079 FG,Lesion 13 Day 092 FG,Lesion 13 Day 104 FG,-0.81928325,2.8033545,11,hot
OPC,M285,14,-276.9,-172.06,-193.55,-214.5,-191.29,-224.05,-301.0,-84.78,-150.18,-192.31,-146.82,-214.18,249.84,264.38,248.52,248.45,241.45,255.39,1.2,1.93,1.97,1.12,1.05,1.38,1.09,1.95,1.92,1.05,1.04,1.25,0.42,0.61,0.64,0.42,0.37,0.5,2.52,3.28,3.64,2.37,2.16,3.18,0.01,0.4,0.24,0.01,0.0,0.04,,,,,,,0.01,0.4,0.24,0.01,0.0,0.04,0.19,1.62,1.01,0.43,0.51,0.47,0.15,1.43,0.89,0.36,0.44,0.41,0.0,0.0,0.0,0.0,0.0,0.0,0.08,0.28,0.22,0.16,0.17,0.15,0.04,0.45,0.24,0.14,0.19,0.13,,,,,,4.08,Cavity Consol,Cavity Consol,Cavity Consol,Cavity Consol,Cavity Consol,Cavity Consol,Cavity,Cavity,Cavity,Cavity,Cavity,Cavity,true,true,true,true,true,true,Lesion 14z15z16z17 Day 036 FG,Lesion 14z15z16z17 Day 050 FG,Lesion 14z15z16z17 Day 064 FG,Lesion 14z15z16z17 Day 079 FG,Lesion 14z15z16z17 Day 092 FG,Lesion 14z15z16z17 Day 104 FG,-1.9907255,3.1568701,11,hot
OPC,M285,18,-441.72,-98.29,-128.52,-207.29,-201.18,-239.13,-504.59,2.19,-45.2,-120.66,-155.05,-212.12,315.39,199.56,199.26,230.93,234.78,229.05,2.38,2.51,1.79,1.28,1.24,1.2,2.38,2.55,1.8,1.27,1.22,1.18,0.4,0.69,0.55,0.38,0.2,0.18,3.23,3.71,3.24,2.37,1.72,1.69,0.14,0.17,0.05,0.0,0.0,0.0,,,,,,,0.14,0.17,0.05,0.0,0.0,0.0,0.38,0.55,0.23,0.11,0.08,0.05,0.16,0.52,0.22,0.09,0.06,0.04,0.0,0.0,0.0,0.0,0.0,0.0,0.04,0.05,0.04,0.04,0.02,0.02,0.04,0.14,0.07,0.05,0.03,0.02,,,,,,0.88,Fibrotic,Fibrotic,Fibrotic,Fibrotic,Fibrotic,Fibrotic,Fibrotic,Fibrotic,Fibrotic,Fibrotic,Fibrotic,Fibrotic,true,true,true,true,true,true,Lesion 18z19 Day 036 FG,Lesion 18z19 Day 050 FG,Lesion 18z19 Day 064 FG,Lesion 18z19 Day 079 FG,Lesion 18z19 Day 092 FG,Lesion 18z19 Day 104 FG,0.9923269,4.403794,15,hot
DEL,M289,1,-199.1,-113.48,-198.78,-63.27,-32.51,-32.61,-142.12,-40.68,-127.62,-19.54,5.73,-4.73,185.84,211.98,208.88,156.73,135.52,112.18,0.75,1.31,0.92,0.96,1.0,1.01,0.71,1.21,0.89,0.94,0.99,0.99,0.2,0.37,0.19,0.15,0.14,0.09,1.62,2.33,1.53,1.27,1.28,1.26,0.0,0.0,0.0,0.0,0.0,0.0,,,,,,,0.0,0.0,0.0,0.0,0.0,0.0,0.03,0.04,0.06,0.02,0.05,0.04,0.03,0.04,0.06,0.02,0.05,0.04,0.0,0.0,0.0,0.0,0.0,0.0,0.02,0.01,0.03,0.01,0.01,0.0,0.02,0.02,0.03,0.02,0.04,0.03,,,,,,0.88,Fibrotic,Fibrotic,Fibrotic,Fibrotic,Fibrotic,Fibrotic,Fibrotic,Fibrotic,Fibrotic,Fibrotic,Fibrotic,Fibrotic,false,false,false,false,false,false,Lesion 01 Day 034 FG,Lesion 01 Day 046 FG,Lesion 01 Day 061 FG,Lesion 01 Day 075 FG,Lesion 01 Day 089 FG,Lesion 01 Day 102 FG,3.7189114,6.485948,6,cool
DEL,M289,2,-308.04,-81.9,-78.99,-83.52,-136.59,-153.49,-326.15,6.05,5.66,7.2,-56.13,-98.75,224.96,196.02,195.91,199.17,215.05,221.39,1.88,3.23,2.99,2.76,2.55,1.94,1.87,3.36,3.07,2.75,2.52,1.9,0.57,1.21,0.98,0.8,0.83,0.58,3.13,5.78,5.09,5.04,4.33,3.43,0.1,0.62,0.55,0.44,0.32,0.17,,,,,,,0.1,0.62,0.55,0.44,0.32,0.17,0.46,2.44,1.98,1.54,1.15,0.76,0.36,2.35,1.9,1.49,1.08,0.7,0.0,0.0,0.0,0.0,0.0,0.0,0.14,0.2,0.16,0.15,0.16,0.15,0.07,0.51,0.46,0.39,0.25,0.19,,,,,,3.77,Necrotic Consol,Necrotic Consol,Necrotic Consol,Necrotic Consol,Necrotic Consol,Necrotic Consol,Necrotic,Necrotic,Necrotic,Necrotic,Necrotic,Necrotic,true,true,true,true,true,true,Lesion 02z03z04z05 Day 034 FG,Lesion 02z03z04z05 Day 046 FG,Lesion 02z03z04z05 Day 061 FG,Lesion 02z03z04z05 Day 075 FG,Lesion 02z03z04z05 Day 089 FG,Lesion 02z03z04z05 Day 102 FG,-3.1926904,5.1621256,11,hot
DEL,M289,6,-309.34,-129.56,-197.27,-215.61,-244.81,-319.7,-340.47,-54.9,-169.86,-198.5,-212.84,-319.48,211.46,227.14,253.92,252.35,268.14,205.77,0.65,1.96,1.13,1.01,0.65,0.63,0.63,1.82,0.91,0.94,0.65,0.62,0.15,0.82,0.58,0.3,0.1,0.08,1.0,3.76,2.88,1.86,0.87,0.91,0.0,0.03,0.01,0.0,0.0,0.0,,,,,,,0.0,0.03,0.01,0.0,0.0,0.0,0.02,0.14,0.11,0.08,0.03,0.02,0.02,0.13,0.09,0.06,0.03,0.01,0.0,0.0,0.0,0.0,0.0,0.0,0.02,0.03,0.04,0.04,0.02,0.01,0.01,0.04,0.04,0.03,0.02,0.0,,,,,,0.7,Fibrotic,Fibrotic,Fibrotic,Fibrotic,Fibrotic,Fibrotic,Fibrotic,Fibrotic,Fibrotic,Fibrotic,Fibrotic,Fibrotic,false,false,false,false,false,false,Lesion 06 Day 034 FG,Lesion 06 Day 046 FG,Lesion 06 Day 061 FG,Lesion 06 Day 075 FG,Lesion 06 Day 089 FG,Lesion 06 Day 102 FG,2.310294,3.87552,1,cool
DEL,M289,7,-725.79,-567.99,-818.73,-741.04,-250.27,-734.66,-731.04,-583.1,-819.38,-743.63,-235.53,-740.53,55.21,93.48,34.34,105.06,231.4,100.65,0.57,0.76,0.99,0.45,0.83,0.78,0.56,0.74,0.99,0.42,0.77,0.77,0.16,0.19,0.12,0.1,0.25,0.16,0.96,1.14,1.23,0.79,1.37,1.06,0.0,0.0,0.0,0.0,0.0,0.0,,,,,,,0.0,0.0,0.0,0.0,0.0,0.0,0.01,0.0,0.01,0.01,0.03,0.01,0.0,0.0,0.0,0.0,0.03,0.0,0.0,0.0,0.0,0.0,0.0,0.0,0.0,0.0,0.0,0.0,0.02,0.0,0.0,0.0,0.0,0.0,0.01,0.0,,,,,,0.7,Fibrotic Scar,Fibrotic Scar,Fibrotic Scar,Fibrotic Scar,Fibrotic Scar,Fibrotic Scar,Fibrotic,Fibrotic,Fibrotic,Fibrotic,Fibrotic,Fibrotic,false,false,false,false,false,false,Lesion 07 Day 034 FG,Lesion 07 Day 046 FG,Lesion 07 Day 061 FG,Lesion 07 Day 075 FG,Lesion 07 Day 089 FG,Lesion 07 Day 102 FG,12.472942,5.8366365,7,cool
DEL,M289,9,-338.76,-212.31,-238.74,-309.03,-328.03,-282.7,-371.14,-172.73,-213.97,-326.04,-346.88,-282.7,215.05,211.76,216.09,213.58,205.61,215.5,1.12,2.08,0.85,1.52,1.0,0.87,1.07,1.97,0.67,1.42,0.9,0.8,0.51,0.92,0.54,0.6,0.49,0.32,2.28,4.11,2.83,2.84,2.54,1.69,0.0,0.1,0.01,0.03,0.0,0.0,,,,,,,0.0,0.1,0.01,0.03,0.0,0.0,0.08,0.41,0.13,0.16,0.07,0.06,0.06,0.36,0.1,0.13,0.05,0.05,0.0,0.0,0.0,0.0,0.0,0.0,0.04,0.09,0.07,0.06,0.04,0.03,0.01,0.08,0.05,0.02,0.01,0.02,,,,,,1.16,Fibrotic,Fibrotic,Fibrotic,Fibrotic,Fibrotic,Fibrotic,Fibrotic,Fibrotic,Fibrotic,Fibrotic,Fibrotic,Fibrotic,false,false,false,false,false,false,Lesion 09 Day 034 FG,Lesion 09 Day 046 FG,Lesion 09 Day 061 FG,Lesion 09 Day 075 FG,Lesion 09 Day 089 FG,Lesion 09 Day 102 FG,1.8440999,2.0958743,1,cool
EMB+MOX+PZA+RIF,M291,1,-192.93,-199.62,-187.06,-134.55,-210.18,-139.95,-162.0,-148.0,-131.0,-81.0,-196.0,-111.0,184.22,213.78,213.09,181.85,199.06,162.6,1.32,1.27,2.03,1.75,1.26,1.3,1.06,1.04,1.63,1.23,1.05,1.03,0.66,0.59,1.3,1.22,0.72,0.68,3.68,2.96,6.15,5.84,3.27,3.46,0.03,0.04,0.06,0.06,0.03,0.02,0.03,0.04,0.06,0.06,0.03,0.02,0.02,0.02,0.05,0.04,0.02,0.01,0.17,0.18,0.24,0.25,0.13,0.1,0.16,0.17,0.23,0.24,0.12,0.1,0.008152173913043478,0.013513513513513514,0.009756097560975608,0.010273972602739725,0.009174311926605503,0.005780346820809249,0.06,0.06,0.04,0.05,0.05,0.03,0.06,0.07,0.06,0.08,0.04,0.04,,,,,,0.78,Fibrotic,Fibrotic,Fibrotic,Fibrotic,Fibrotic,Fibrotic,Fibrotic,Fibrotic,Fibrotic,Fibrotic,Fibrotic,Fibrotic,true,true,true,true,true,true,Lesion 01z02 Day 032 AA,Lesion 01z02 Day 047 AA,Lesion 01z02 Day 059 AA,Lesion 01z02 Day 074 AA,Lesion 01z02 Day 086 AA,Lesion 01z02 Day 100 AA,3.842296,3.6500943,1,cool
EMB+MOX+PZA+RIF,M291,3,-248.7,-161.12,-229.8,-183.77,-213.2,-211.55,-237.0,-114.0,-225.0,-172.0,-198.0,-179.0,173.74,148.39,174.85,169.69,167.85,172.62,1.56,1.59,2.69,1.73,1.18,1.15,1.5,1.54,2.41,1.7,1.14,1.16,0.43,0.47,1.19,0.76,0.32,0.28,2.69,2.67,5.94,3.37,1.9,1.7,0.02,0.03,0.05,0.03,0.01,0.01,0.02,0.03,0.05,0.03,0.01,0.01,0.01,0.01,0.04,0.02,0.0,0.0,0.07,0.1,0.16,0.1,0.06,0.05,0.06,0.1,0.16,0.1,0.06,0.05,0.007434944237918216,0.011235955056179775,0.008417508417508417,0.00890207715133531,0.005263157894736843,0.0058823529411764705,0.03,0.02,0.03,0.03,0.03,0.02,0.02,0.04,0.02,0.03,0.02,0.02,,,,,,0.48,Cavity,Cavity,Cavity,Cavity,Cavity,Cavity,Cavity,Cavity,Cavity,Cavity,Cavity,Cavity,false,false,false,false,false,false,Lesion 03 Day 032 AA,Lesion 03 Day 047 AA,Lesion 03 Day 059 AA,Lesion 03 Day 074 AA,Lesion 03 Day 086 AA,Lesion 03 Day 100 AA,4.225605,10.472958,4,hot
EMB+MOX+PZA+RIF,M291,4,-121.38,-92.89,-211.84,-108.17,-143.89,-143.88,-77.0,-50.0,-183.0,-71.0,-125.0,-78.0,159.04,146.81,152.05,147.26,176.3,170.32,1.77,2.26,2.23,1.82,1.6,1.48,1.62,2.21,1.88,1.6,1.5,1.39,0.7,0.64,1.13,0.86,0.55,0.54,3.83,3.67,5.84,4.18,3.13,2.94,0.06,0.09,0.14,0.04,0.03,0.03,0.06,0.09,0.14,0.04,0.03,0.03,0.03,0.06,0.11,0.03,0.02,0.01,0.18,0.23,0.52,0.14,0.11,0.11,0.18,0.22,0.48,0.14,0.11,0.11,0.015665796344647518,0.02452316076294278,0.02397260273972603,0.009569377990430623,0.009584664536741214,0.009036144578313253,0.04,0.03,0.04,0.03,0.03,0.02,0.07,0.07,0.1,0.05,0.04,0.05,,,,,,0.48,Necrotic,Necrotic,Necrotic,Necrotic,Necrotic,Necrotic,Necrotic,Necrotic,Necrotic,Necrotic,Necrotic,Necrotic,false,false,false,false,false,false,Lesion 04 Day 032 AA,Lesion 04 Day 047 AA,Lesion 04 Day 059 AA,Lesion 04 Day 074 AA,Lesion 04 Day 086 AA,Lesion 04 Day 100 AA,1.1985301,10.054732,4,hot
EMB+MOX+PZA+RIF,M291,5,-417.28,-344.06,-510.74,-544.85,-582.58,-603.64,-430.0,-345.0,-512.0,-551.0,-587.0,-608.0,108.71,114.11,110.93,79.88,74.88,83.15,0.49,0.53,0.49,0.38,0.32,0.33,0.48,0.52,0.49,0.38,0.32,0.33,0.05,0.06,0.03,0.01,0.01,0.01,0.62,0.64,0.55,0.41,0.37,0.36,0.0,0.0,0.0,0.0,0.0,0.0,0.0,0.0,0.0,0.0,0.0,0.0,0.0,0.0,0.0,0.0,0.0,0.0,0.01,0.0,0.01,0.0,0.0,0.0,0.0,0.0,0.0,0.0,0.0,0.0,0.0,0.0,0.0,0.0,0.0,0.0,0.01,0.01,0.01,0.0,0.0,0.0,0.0,0.0,0.0,0.0,0.0,0.0,,,,,,0.48,Fibrotic,Fibrotic,Fibrotic,Fibrotic,Fibrotic,Fibrotic,Fibrotic,Fibrotic,Fibrotic,Fibrotic,Fibrotic,Fibrotic,false,false,false,false,false,false,Lesion 05 Day 032 AA,Lesion 05 Day 047 AA,Lesion 05 Day 059 AA,Lesion 05 Day 074 AA,Lesion 05 Day 086 AA,Lesion 05 Day 100 AA,10.404533,8.612535,3,cool
EMB+MOX+PZA+RIF,M291,6,-366.25,-302.9,-364.2,-406.28,-537.9,-522.88,-386.0,-300.0,-378.0,-398.0,-567.0,-541.0,141.39,143.27,114.95,96.77,130.85,82.85,0.46,0.49,0.53,0.4,0.39,0.5,0.46,0.49,0.52,0.4,0.39,0.49,0.05,0.04,0.04,0.04,0.04,0.05,0.54,0.58,0.62,0.49,0.5,0.6,0.0,0.0,0.0,0.0,0.0,0.0,0.0,0.0,0.0,0.0,0.0,0.0,0.0,0.0,0.0,0.0,0.0,0.0,0.0,0.0,0.0,0.0,0.0,0.0,0.0,0.0,0.0,0.0,0.0,0.0,0.0,0.0,0.0,0.0,0.0,0.0,0.0,0.0,0.0,0.0,0.0,0.0,0.0,0.0,0.0,0.0,0.0,0.0,,,,,,0.48,Necrotic,Necrotic,Necrotic,Necrotic,Necrotic,Necrotic,Necrotic,Necrotic,Necrotic,Necrotic,Necrotic,Necrotic,false,false,false,false,false,false,Lesion 06 Day 032 AA,Lesion 06 Day 047 AA,Lesion 06 Day 059 AA,Lesion 06 Day 074 AA,Lesion 06 Day 086 AA,Lesion 06 Day 100 AA,8.747764,7.16717,8,cool
EMB+MOX+PZA+RIF,M291,7,-242.16,-178.88,-196.03,-184.97,-253.16,-249.78,-239.0,-123.0,-158.0,-179.0,-262.0,-229.0,147.93,168.62,188.93,172.49,162.2,172.07,1.35,1.53,2.1,1.39,1.18,1.01,1.16,1.52,1.91,1.14,1.11,0.89,0.69,0.43,0.92,0.87,0.4,0.47,3.59,2.47,4.69,3.96,2.29,2.3,0.04,0.11,0.21,0.12,0.06,0.03,0.04,0.11,0.21,0.12,0.06,0.03,0.02,0.04,0.14,0.07,0.01,0.01,0.16,0.33,0.65,0.45,0.28,0.19,0.16,0.32,0.62,0.44,0.27,0.18,0.011142061281337047,0.044534412955465584,0.04477611940298507,0.030303030303030304,0.026200873362445413,0.013043478260869566,0.08,0.09,0.14,0.17,0.15,0.1,0.04,0.12,0.15,0.15,0.07,0.07,,,,,,1.26,Cavity,Cavity,Cavity,Cavity,Cavity,Cavity,Cavity,Cavity,Cavity,Cavity,Cavity,Cavity,true,true,true,true,true,true,Lesion 07z08 Day 032 AA,Lesion 07z08 Day 047 AA,Lesion 07z08 Day 059 AA,Lesion 07z08 Day 047 AA,Lesion 07z08 Day 086 AA,Lesion 07z08 Day 100 AA,5.034829,8.872284,6,cool
EMB+MOX+PZA+RIF,M291,10,-158.79,-112.8,-147.41,-116.28,-156.05,-145.48,-131.0,-57.0,-67.0,-62.0,-118.0,-92.0,150.79,160.21,201.14,164.43,164.76,176.86,1.88,2.02,2.79,2.34,1.52,1.83,1.63,1.99,2.55,2.04,1.36,1.63,0.82,0.59,1.25,1.1,0.64,0.82,5.03,3.79,6.43,6.15,4.12,4.8,0.21,0.54,0.62,0.54,0.28,0.33,0.21,0.54,0.62,0.54,0.28,0.33,0.12,0.33,0.48,0.38,0.14,0.22,0.67,1.37,2.02,1.74,1.0,1.09,0.67,1.34,1.93,1.71,0.98,1.06,0.041749502982107355,0.1424802110817942,0.0964230171073095,0.08780487804878048,0.0679611650485437,0.06875,0.16,0.19,0.21,0.23,0.28,0.21,0.19,0.47,0.45,0.49,0.37,0.36,,,,,,0.95,Necrotic,Necrotic,Necrotic,Necrotic,Necrotic,Necrotic,Necrotic,Necrotic,Necrotic,Necrotic,Necrotic,Necrotic,true,true,true,true,true,true,Lesion 10z11z12 Day 032 AA,Lesion 10z11z12 Day 047 AA,Lesion 10z11z12 Day 059 AA,Lesion 10z11z12 Day 074 AA,Lesion 10z11z12 Day 086 AA,Lesion 10z11z12 Day 100 AA,-4.5143833,8.302801,0,hot
EMB+MOX+PZA+RIF,M291,13,-147.85,-59.12,-138.52,-152.71,-209.28,-149.63,-118.0,-6.0,-84.0,-158.0,-229.0,-106.0,141.33,145.01,186.4,134.96,178.81,158.21,1.55,2.27,2.83,1.74,1.71,1.7,1.26,2.21,2.58,1.46,1.58,1.42,0.91,0.61,1.22,1.0,0.79,1.02,4.49,3.79,6.52,4.43,3.67,4.61,0.07,0.27,0.32,0.17,0.19,0.1,0.07,0.27,0.32,0.17,0.19,0.1,0.05,0.18,0.25,0.12,0.12,0.06,0.28,0.67,1.04,0.62,0.56,0.35,0.28,0.66,1.02,0.62,0.56,0.34,0.015590200445434299,0.0712401055408971,0.049079754601226995,0.038374717832957116,0.051771117166212535,0.021691973969631236,0.08,0.07,0.14,0.18,0.18,0.08,0.11,0.22,0.21,0.17,0.13,0.12,,,,,,0.48,Necrotic,Necrotic,Necrotic,Necrotic,Necrotic,Necrotic,Necrotic,Necrotic,Necrotic,Necrotic,Necrotic,Necrotic,false,false,false,false,false,false,Lesion 13 Day 032 AA,Lesion 13 Day 047 AA,Lesion 13 Day 059 AA,Lesion 13 Day 074 AA,Lesion 13 Day 086 AA,Lesion 13 Day 100 AA,0.25916833,9.679977,4,hot
EMB+MOX+PZA+RIF,M291,14,-166.94,-92.4,-127.21,-123.03,-137.11,-123.06,-138.0,-44.0,-59.0,-86.0,-99.0,-72.0,154.05,161.8,178.29,149.9,167.95,166.13,1.96,2.16,2.86,2.31,2.09,1.97,1.73,2.15,2.58,2.0,1.91,1.8,0.99,0.66,1.31,1.26,0.82,0.89,4.42,3.89,6.53,5.31,4.37,4.94,0.14,0.45,0.56,0.37,0.39,0.24,0.14,0.45,0.56,0.37,0.39,0.24,0.1,0.33,0.45,0.29,0.26,0.17,0.48,1.22,1.89,1.33,1.15,0.78,0.48,1.21,1.86,1.33,1.14,0.76,0.031674208144796386,0.11568123393316196,0.08575803981623277,0.0696798493408663,0.08924485125858124,0.04878048780487805,0.11,0.14,0.21,0.21,0.21,0.13,0.13,0.41,0.43,0.35,0.32,0.25,,,,,,0.48,Necrotic,Necrotic,Necrotic,Necrotic,Necrotic,Necrotic,Necrotic,Necrotic,Necrotic,Necrotic,Necrotic,Necrotic,true,true,true,true,true,true,Lesion 14z15 Day 032 AA,Lesion 14z15 Day 047 AA,Lesion 14z15 Day 059 AA,Lesion 14z15 Day 074 AA,Lesion 14z15 Day 086 AA,Lesion 14z15 Day 100 AA,-3.3901076,8.199311,0,hot
PRE,M295,1,-127.69,-62.37,-125.26,-181.34,-214.66,-193.27,-63.04,3.23,-29.28,-113.69,-176.03,-140.96,191.26,185.0,231.76,230.22,216.3,232.7,1.57,2.19,1.84,1.51,0.98,0.92,1.53,2.14,1.91,1.53,0.97,0.89,0.34,0.43,0.4,0.38,0.19,0.22,2.51,3.38,2.59,2.19,1.6,1.68,0.02,0.14,0.07,0.01,0.0,0.0,,,,,,,0.02,0.14,0.07,0.01,0.0,0.0,0.24,0.48,0.35,0.16,0.11,0.09,0.24,0.47,0.34,0.15,0.11,0.08,0.0,0.0,0.0,0.0,0.0,0.0,0.04,0.04,0.05,0.05,0.05,0.04,0.11,0.18,0.13,0.06,0.06,0.06,,,,,,2.81,Necrotic,Necrotic,Necrotic,Necrotic,Necrotic,Necrotic,Necrotic,Necrotic,Necrotic,Necrotic,Necrotic,Necrotic,false,false,false,false,false,false,Lesion 01 Day 032 FG,Lesion 01 Day 044 FG,Lesion 01 Day 058 FG,Lesion 01 Day 072 FG,Lesion 01 Day 085 FG,Lesion 01 Day 101 FG,1.3181323,8.040561,15,hot
PRE,M295,2,-287.25,-69.6,-207.12,-247.64,-250.27,-271.57,-299.49,23.71,-172.06,-229.65,-243.6,-272.55,219.11,217.18,235.91,234.29,225.7,228.17,1.45,2.26,1.32,1.24,1.24,1.03,1.44,2.25,1.33,1.24,1.21,1.02,0.32,0.48,0.51,0.46,0.32,0.29,2.25,3.23,2.33,2.2,1.98,1.7,0.0,0.12,0.01,0.0,0.0,0.0,,,,,,,0.0,0.12,0.01,0.0,0.0,0.0,0.1,0.39,0.15,0.08,0.06,0.05,0.1,0.39,0.15,0.07,0.06,0.05,0.0,0.0,0.0,0.0,0.0,0.0,0.04,0.04,0.05,0.03,0.02,0.03,0.03,0.14,0.06,0.03,0.02,0.02,,,,,,3.08,Fibrotic Cavity,Fibrotic Cavity,Fibrotic Cavity,Fibrotic Cavity,Fibrotic Cavity,Fibrotic Cavity,Cavity,Cavity,Cavity,Cavity,Cavity,Cavity,true,true,true,true,true,true,Lesion 02z03 Day 032 FG,Lesion 02z03 Day 044 FG,Lesion 02z03 Day 058 FG,Lesion 02z03 Day 072 FG,Lesion 02z03 Day 085 FG,Lesion 02z03 Day 101 FG,1.3846822,4.4849253,15,hot
PRE,M295,4,-328.73,-325.43,-323.57,-307.59,-375.27,-401.68,-344.73,-351.09,-369.1,-341.61,-419.68,-454.77,210.14,231.43,231.13,255.85,218.07,220.99,1.08,1.64,0.83,0.67,1.08,1.52,1.12,1.6,0.86,0.68,1.01,1.49,0.21,0.31,0.14,0.09,0.5,0.65,1.59,2.5,1.06,0.8,2.38,2.93,0.0,0.01,0.0,0.0,0.0,0.0,,,,,,,0.0,0.01,0.0,0.0,0.0,0.0,0.05,0.09,0.03,0.01,0.02,0.02,0.05,0.09,0.03,0.01,0.02,0.02,0.0,0.0,0.0,0.0,0.0,0.0,0.03,0.03,0.02,0.01,0.02,0.01,0.01,0.02,0.01,0.01,0.0,0.0,,,,,,0.7,Fibrotic,Fibrotic,Fibrotic,Fibrotic,Fibrotic,Fibrotic,Fibrotic,Fibrotic,Fibrotic,Fibrotic,Fibrotic,Fibrotic,false,false,false,false,false,false,Lesion 04 Day 032 FG,Lesion 04 Day 044 FG,Lesion 04 Day 058 FG,Lesion 04 Day 072 FG,Lesion 04 Day 085 FG,Lesion 04 Day 101 FG,4.4160004,1.6857431,1,cool
PRE,M295,5,-344.43,-156.85,-197.54,-267.22,-315.5,-311.52,-359.12,-78.7,-150.17,-251.64,-348.02,-353.54,224.18,221.18,218.13,233.8,214.29,224.14,1.52,2.52,1.5,1.14,1.0,0.99,1.54,2.54,1.52,1.07,0.96,0.97,0.44,0.61,0.44,0.49,0.43,0.41,2.52,3.8,2.5,2.29,1.97,1.81,0.03,0.32,0.04,0.01,0.0,0.0,,,,,,,0.03,0.32,0.04,0.01,0.0,0.0,0.25,1.03,0.41,0.23,0.14,0.1,0.23,1.01,0.41,0.21,0.13,0.1,0.0,0.0,0.0,0.0,0.0,0.0,0.1,0.14,0.11,0.11,0.09,0.06,0.05,0.26,0.15,0.09,0.04,0.03,,,,,,2.72,Cavity,Cavity,Cavity,Cavity,Cavity,Cavity,Cavity,Cavity,Cavity,Cavity,Cavity,Cavity,true,true,true,true,true,true,Lesion 05z06 Day 032 FG,Lesion 05z06 Day 044 FG,Lesion 05z06 Day 058 FG,Lesion 05z06 Day 072 FG,Lesion 05z06 Day 085 FG,Lesion 05z06 Day 101 FG,-1.3293552,2.9191039,11,hot
PRE,M295,7,-376.16,-309.64,-357.27,-446.24,-514.34,-529.17,-392.02,-316.28,-386.24,-477.56,-526.15,-535.75,184.62,205.62,199.96,129.97,116.8,90.47,1.28,1.57,0.94,0.67,0.65,0.66,1.3,1.58,0.9,0.71,0.66,0.65,0.16,0.33,0.13,0.14,0.09,0.04,1.5,2.55,1.27,1.03,0.85,0.74,0.0,0.0,0.0,0.0,0.0,0.0,,,,,,,0.0,0.0,0.0,0.0,0.0,0.0,0.02,0.05,0.02,0.0,0.01,0.0,0.02,0.05,0.02,0.0,0.0,0.0,0.0,0.0,0.0,0.0,0.0,0.0,0.01,0.02,0.01,0.01,0.01,0.0,0.0,0.01,0.0,0.0,0.0,0.0,,,,,,0.88,Fibrotic,Fibrotic,Fibrotic,Fibrotic,Fibrotic,Fibrotic,Fibrotic,Fibrotic,Fibrotic,Fibrotic,Fibrotic,Fibrotic,false,false,false,false,false,false,Lesion 07 Day 032 FG,Lesion 07 Day 044 FG,Lesion 07 Day 058 FG,Lesion 07 Day 072 FG,Lesion 07 Day 085 FG,Lesion 07 Day 101 FG,6.423678,2.3374023,13,cool
PRE,M295,8,-306.76,-185.58,-225.58,-232.17,-314.18,-365.96,-318.0,-131.95,-214.9,-211.65,-325.5,-387.96,214.0,238.72,233.83,240.26,240.6,195.8,1.44,2.05,1.14,0.82,0.94,0.7,1.41,2.08,1.07,0.71,0.86,0.67,0.38,0.64,0.42,0.34,0.32,0.18,2.16,3.47,2.2,2.25,2.64,1.8,0.0,0.15,0.01,0.0,0.0,0.0,,,,,,,0.0,0.15,0.01,0.0,0.0,0.0,0.06,0.59,0.33,0.34,0.32,0.1,0.06,0.57,0.32,0.32,0.3,0.09,0.0,0.0,0.0,0.0,0.0,0.0,0.03,0.11,0.14,0.2,0.2,0.1,0.02,0.16,0.13,0.2,0.12,0.03,,,,,,1.8,Fibrotic Scar,Fibrotic Scar,Fibrotic Scar,Fibrotic Scar,Fibrotic Scar,Fibrotic Scar,Fibrotic,Fibrotic,Fibrotic,Fibrotic,Fibrotic,Fibrotic,true,true,true,true,true,true,Lesion 08z08b Day 032 FG,Lesion 08z08b Day 044 FG,Lesion 08z08b Day 058 FG,Lesion 08z08b Day 072 FG,Lesion 08z08b Day 085 FG,Lesion 08z08b Day 101 FG,0.9059812,2.6833792,11,hot
PRE,M295,9,-259.68,-231.65,-254.56,-275.95,-286.18,-257.35,-270.71,-220.02,-245.36,-285.63,-300.93,-276.61,234.73,231.13,236.99,232.89,246.97,251.02,0.98,1.83,1.16,0.85,0.87,0.76,0.96,1.84,1.18,0.79,0.86,0.75,0.25,0.48,0.32,0.31,0.28,0.23,1.54,2.94,1.84,1.55,1.56,1.32,0.0,0.08,0.0,0.0,0.0,0.0,,,,,,,0.0,0.08,0.0,0.0,0.0,0.0,0.03,0.38,0.12,0.06,0.05,0.03,0.03,0.36,0.12,0.06,0.04,0.03,0.0,0.0,0.0,0.0,0.0,0.0,0.02,0.1,0.06,0.04,0.03,0.02,0.01,0.1,0.05,0.03,0.02,0.02,,,,,,2.27,Cavity,Cavity,Cavity,Cavity,Cavity,Cavity,Cavity,Cavity,Cavity,Cavity,Cavity,Cavity,false,false,false,false,false,false,Lesion 09 Day 032 FG,Lesion 09 Day 044 FG,Lesion 09 Day 058 FG,Lesion 09 Day 072 FG,Lesion 09 Day 085 FG,Lesion 09 Day 101 FG,1.8705671,2.190777,1,cool
PRE,M295,10,-606.82,-436.05,-448.24,-475.92,-491.06,-577.0,-597.64,-461.69,-488.09,-505.55,-501.58,-588.39,67.43,160.76,153.71,127.08,87.13,104.97,0.78,1.72,0.55,0.5,0.96,0.72,0.78,1.75,0.56,0.5,0.95,0.7,0.08,0.19,0.13,0.08,0.28,0.19,0.87,2.13,0.78,0.69,1.57,1.05,0.0,0.0,0.0,0.0,0.0,0.0,,,,,,,0.0,0.0,0.0,0.0,0.0,0.0,0.0,0.04,0.01,0.0,0.0,0.0,0.0,0.04,0.01,0.0,0.0,0.0,0.0,0.0,0.0,0.0,0.0,0.0,0.0,0.02,0.01,0.01,0.01,0.0,0.0,0.0,0.0,0.0,0.0,0.0,,,,,,1.91,Necrotic,Necrotic,Necrotic,Necrotic,Necrotic,Necrotic,Necrotic,Necrotic,Necrotic,Necrotic,Necrotic,Necrotic,false,false,false,false,false,false,Lesion 10 Day 032 FG,Lesion 10 Day 044 FG,Lesion 10 Day 058 FG,Lesion 10 Day 072 FG,Lesion 10 Day 085 FG,Lesion 10 Day 101 FG,10.953336,4.7195444,7,cool
PRE,M295,11,-206.02,-102.64,-89.1,-157.16,-193.28,-255.25,-120.61,5.27,13.55,-69.71,-145.32,-262.43,263.14,218.73,212.15,228.88,232.39,252.94,1.63,2.58,1.22,1.12,1.23,1.23,1.64,2.57,1.18,1.12,1.18,1.32,0.38,0.53,0.39,0.41,0.47,0.31,2.35,4.02,2.14,1.94,2.24,1.69,0.01,0.19,0.01,0.0,0.0,0.0,,,,,,,0.01,0.19,0.01,0.0,0.0,0.0,0.08,0.57,0.23,0.11,0.12,0.07,0.08,0.56,0.23,0.11,0.12,0.07,0.0,0.0,0.0,0.0,0.0,0.0,0.02,0.05,0.04,0.04,0.04,0.03,0.03,0.16,0.14,0.06,0.05,0.03,,,,,,1.91,Necrotic,Necrotic,Necrotic,Necrotic,Necrotic,Necrotic,Necrotic,Necrotic,Necrotic,Necrotic,Necrotic,Necrotic,false,false,false,false,false,false,Lesion 11 Day 032 FG,Lesion 11 Day 044 FG,Lesion 11 Day 058 FG,Lesion 11 Day 072 FG,Lesion 11 Day 085 FG,Lesion 11 Day 101 FG,0.8601605,4.1405435,15,hot
PRE,M295,12,-573.91,-250.23,-363.25,-359.76,-426.09,-426.04,-560.62,-224.11,-394.8,-371.6,-472.91,-446.67,91.4,234.3,213.86,203.34,212.48,173.28,0.9,1.61,0.67,0.91,0.99,0.97,0.92,1.6,0.66,0.92,1.0,0.96,0.04,0.12,0.09,0.05,0.13,0.08,0.93,1.89,0.84,0.99,1.19,1.09,0.0,0.0,0.0,0.0,0.0,0.0,,,,,,,0.0,0.0,0.0,0.0,0.0,0.0,0.0,0.03,0.0,0.01,0.01,0.0,0.0,0.03,0.0,0.01,0.01,0.0,0.0,0.0,0.0,0.0,0.0,0.0,0.0,0.01,0.0,0.0,0.0,0.0,0.0,0.01,0.0,0.0,0.0,0.0,,,,,,0.7,Fibrotic,Fibrotic,Fibrotic,Fibrotic,Fibrotic,Fibrotic,Fibrotic,Fibrotic,Fibrotic,Fibrotic,Fibrotic,Fibrotic,false,false,false,false,false,false,Lesion 12 Day 032 FG,Lesion 12 Day 044 FG,Lesion 12 Day 058 FG,Lesion 12 Day 072 FG,Lesion 12 Day 085 FG,Lesion 12 Day 101 FG,4.1941752,2.6004674,1,cool
PRE,M295,13,-234.5,-218.64,-267.12,-262.23,-298.27,-308.21,-229.59,-189.3,-273.91,-263.63,-321.4,-335.32,224.67,241.66,228.87,226.35,220.82,222.83,1.06,1.2,0.99,0.78,0.84,0.85,1.03,1.09,0.93,0.72,0.87,0.82,0.31,0.48,0.33,0.25,0.29,0.26,1.7,2.99,1.89,1.47,1.58,1.5,0.0,0.02,0.0,0.0,0.0,0.0,,,,,,,0.0,0.02,0.0,0.0,0.0,0.0,0.19,0.36,0.22,0.15,0.12,0.11,0.19,0.34,0.22,0.15,0.11,0.1,0.0,0.0,0.0,0.0,0.0,0.0,0.09,0.14,0.12,0.1,0.08,0.08,0.08,0.15,0.1,0.09,0.05,0.05,,,,,,2.81,Cavity,Cavity,Cavity,Cavity,Cavity,Cavity,Cavity,Cavity,Cavity,Cavity,Cavity,Cavity,true,true,true,true,true,true,Lesion 13z14 Day 032 FG,Lesion 13z14 Day 044 FG,Lesion 13z14 Day 058 FG,Lesion 13z14 Day 072 FG,Lesion 13z14 Day 085 FG,Lesion 13z14 Day 101 FG,1.1541868,2.4107137,11,hot
PRE,M295,15,-256.69,-105.36,-258.07,-289.94,-286.67,-347.18,-264.54,15.52,-254.88,-309.62,-305.02,-369.73,236.72,237.76,250.92,242.65,252.89,226.26,0.81,1.94,0.88,0.75,0.99,0.81,0.82,1.9,0.81,0.72,1.01,0.8,0.13,0.71,0.25,0.17,0.2,0.14,1.03,3.54,1.55,1.24,1.43,1.09,0.0,0.21,0.0,0.0,0.0,0.0,,,,,,,0.0,0.21,0.0,0.0,0.0,0.0,0.03,0.91,0.11,0.09,0.04,0.03,0.03,0.89,0.1,0.08,0.04,0.03,0.0,0.0,0.0,0.0,0.0,0.0,0.02,0.11,0.06,0.06,0.02,0.02,0.02,0.34,0.05,0.05,0.02,0.01,,,,,,0.88,Fibrotic,Fibrotic,Fibrotic,Fibrotic,Fibrotic,Fibrotic,Fibrotic,Fibrotic,Fibrotic,Fibrotic,Fibrotic,Fibrotic,false,false,false,false,false,false,Lesion 15 Day 032 FG,Lesion 15 Day 044 FG,Lesion 15 Day 058 FG,Lesion 15 Day 072 FG,Lesion 15 Day 085 FG,Lesion 15 Day 101 FG,-1.0611196,3.252457,11,hot
INH,M299,1,-208.82,-80.14,-110.34,-84.44,-248.75,-191.4,-165.91,-4.73,-14.99,2.98,-251.62,-126.09,222.6,189.56,209.56,194.38,233.78,236.66,3.35,2.65,3.09,2.52,2.19,1.8,3.42,2.6,3.0,2.24,2.12,1.7,0.74,0.77,0.91,0.8,0.58,0.55,5.04,4.35,5.44,4.29,3.67,3.42,0.11,0.33,0.34,0.25,0.36,0.11,,,,,,,0.11,0.33,0.34,0.25,0.36,0.11,0.4,1.16,1.2,1.01,1.31,0.67,0.34,1.09,1.04,0.91,1.16,0.6,0.0,0.0,0.0,0.0,0.0,0.0,0.05,0.11,0.11,0.1,0.3,0.15,0.05,0.29,0.24,0.26,0.2,0.18,,,,,,3.09,Necrotic Consol,Necrotic Consol,Necrotic Consol,Necrotic Consol,Necrotic Consol,Necrotic Consol,Necrotic,Necrotic,Necrotic,Necrotic,Necrotic,Necrotic,true,true,true,true,true,true,Lesion 01 Day 035 FG,Lesion 01 Day 052 FG,Lesion 01 Day 064 FG,Lesion 01 Day 080 FG,Lesion 01 Day 092 FG,Lesion 01 Day 107 FG,-1.5410664,4.813626,11,hot
INH,M299,2,-274.23,-189.07,-220.27,-239.27,-270.98,-289.53,-290.52,-147.02,-185.03,-225.96,-276.36,-299.38,239.43,230.09,219.96,247.37,250.05,236.94,2.12,2.0,1.97,1.28,1.28,1.01,2.14,1.99,1.94,1.17,1.26,0.99,0.42,0.53,0.83,0.63,0.5,0.42,2.99,3.13,3.5,3.01,2.27,1.86,0.02,0.07,0.06,0.01,0.01,0.0,,,,,,,0.02,0.07,0.06,0.01,0.01,0.0,0.08,0.27,0.24,0.12,0.14,0.09,0.07,0.24,0.21,0.11,0.11,0.07,0.0,0.0,0.0,0.0,0.0,0.0,0.02,0.06,0.06,0.04,0.05,0.04,0.01,0.06,0.04,0.03,0.03,0.02,,,,,,3.74,Necrotic,Necrotic,Necrotic,Necrotic,Necrotic,Necrotic,Necrotic,Necrotic,Necrotic,Necrotic,Necrotic,Necrotic,false,false,false,false,false,false,Lesion 02 Day 035 FG,Lesion 02 Day 052 FG,Lesion 02 Day 064 FG,Lesion 02 Day 080 FG,Lesion 02 Day 092 FG,Lesion 02 Day 107 FG,2.2680027,3.0786965,1,cool
INH,M299,3,-279.38,-86.59,-108.36,-106.12,-226.62,-174.53,-274.17,9.71,-9.0,-11.46,-175.35,-76.58,219.11,216.99,232.28,230.99,276.85,281.2,2.64,2.45,3.16,2.44,1.78,1.31,2.55,2.42,3.21,2.47,1.78,1.32,1.08,0.78,0.85,0.83,0.57,0.39,5.33,4.28,5.02,4.25,3.14,2.31,0.2,1.09,1.57,0.95,0.45,0.05,,,,,,,0.2,1.09,1.57,0.95,0.45,0.05,0.76,3.88,5.5,3.39,2.14,1.36,0.64,3.63,5.09,3.13,1.71,1.16,0.0,0.0,0.0,0.0,0.0,0.0,0.15,0.35,0.47,0.4,0.48,0.34,0.08,1.1,1.11,0.87,0.48,0.53,,,,,,4.13,Cavity Consol,Cavity Consol,Cavity Consol,Cavity Consol,Cavity Consol,Cavity Consol,Cavity,Cavity,Cavity,Cavity,Cavity,Cavity,true,true,true,true,true,true,Lesion 03z04 Day 035 FG,Lesion 03z04 Day 052 FG,Lesion 03z04 Day 064 FG,Lesion 03z04 Day 080 FG,Lesion 03z04 Day 092 FG,Lesion 03z04 Day 107 FG,-5.6857367,7.361785,0,hot
INH,M299,5,-338.33,-214.18,-211.03,-282.04,-295.63,-396.89,-345.67,-188.27,-180.05,-285.78,-307.28,-406.65,215.12,245.67,254.4,266.57,252.35,231.71,1.4,2.01,2.41,1.43,0.78,0.46,1.29,1.98,2.33,1.36,0.68,0.43,0.7,0.69,0.93,0.47,0.37,0.16,3.09,3.56,4.41,2.43,1.8,0.84,0.01,0.13,0.15,0.02,0.0,0.0,,,,,,,0.01,0.13,0.15,0.02,0.0,0.0,0.07,0.53,0.54,0.17,0.07,0.03,0.05,0.46,0.47,0.13,0.06,0.02,0.0,0.0,0.0,0.0,0.0,0.0,0.03,0.11,0.09,0.06,0.04,0.03,0.01,0.1,0.09,0.03,0.02,0.01,,,,,,2.49,Fibrotic Consol,Fibrotic Consol,Fibrotic Consol,Fibrotic Consol,Fibrotic Consol,Fibrotic Consol,Fibrotic,Fibrotic,Fibrotic,Fibrotic,Fibrotic,Fibrotic,true,true,true,true,true,true,Lesion 05 Day 035 FG,Lesion 05 Day 052 FG,Lesion 05 Day 064 FG,Lesion 05 Day 080 FG,Lesion 05 Day 092 FG,Lesion 05 Day 107 FG,1.4167062,2.3596048,1,cool
INH,M299,6,-292.2,-148.26,-183.48,-209.7,-206.06,-250.25,-280.3,-70.71,-128.02,-170.27,-156.79,-210.68,232.82,224.73,231.74,236.15,246.4,260.43,2.01,2.3,2.24,1.91,1.02,0.97,1.94,2.27,2.14,1.81,0.84,0.87,0.52,0.73,0.81,0.71,0.62,0.45,3.1,3.89,3.89,3.37,3.05,2.12,0.02,0.13,0.12,0.07,0.02,0.0,,,,,,,0.02,0.13,0.12,0.07,0.02,0.0,0.09,0.48,0.47,0.29,0.18,0.16,0.08,0.43,0.42,0.25,0.15,0.12,0.0,0.0,0.0,0.0,0.0,0.0,0.02,0.07,0.09,0.06,0.07,0.07,0.01,0.11,0.1,0.06,0.08,0.06,,,,,,4.02,Necrotic,Necrotic,Necrotic,Necrotic,Necrotic,Necrotic,Necrotic,Necrotic,Necrotic,Necrotic,Necrotic,Necrotic,false,false,false,false,false,false,Lesion 06 Day 035 FG,Lesion 06 Day 052 FG,Lesion 06 Day 064 FG,Lesion 06 Day 080 FG,Lesion 06 Day 092 FG,Lesion 06 Day 107 FG,1.1324347,3.161761,1,cool
INH,M299,7,-219.36,-69.44,-94.77,-109.83,-236.39,-185.82,-188.38,24.14,7.96,-23.84,-206.27,-142.6,238.38,219.75,223.72,225.08,277.48,252.83,2.36,2.87,3.21,2.12,1.56,1.21,2.35,2.92,3.12,1.96,1.48,1.24,0.59,0.96,1.02,0.69,0.44,0.36,3.49,4.76,5.49,3.83,2.97,2.04,0.05,0.31,0.3,0.12,0.03,0.0,,,,,,,0.05,0.31,0.3,0.12,0.03,0.0,0.15,1.13,1.13,0.53,0.3,0.2,0.13,1.05,1.09,0.49,0.24,0.17,0.0,0.0,0.0,0.0,0.0,0.0,0.03,0.09,0.1,0.08,0.08,0.07,0.02,0.27,0.24,0.15,0.07,0.07,,,,,,4.01,Necrotic,Necrotic,Necrotic,Necrotic,Necrotic,Necrotic,Necrotic,Necrotic,Necrotic,Necrotic,Necrotic,Necrotic,false,false,false,false,false,false,Lesion 07 Day 035 FG,Lesion 07 Day 052 FG,Lesion 07 Day 064 FG,Lesion 07 Day 080 FG,Lesion 07 Day 092 FG,Lesion 07 Day 107 FG,-0.39068487,4.0413613,15,hot
INH,M299,8,-337.23,34.36,-131.74,-213.08,-218.38,-247.49,-359.97,48.89,-68.01,-188.84,-185.65,-220.99,240.32,99.78,220.22,271.45,241.64,301.98,1.85,3.13,2.43,2.03,1.62,1.24,1.73,3.19,2.4,1.98,1.52,1.17,0.62,0.47,0.86,0.65,0.47,0.4,3.55,4.09,4.4,3.57,2.69,2.17,0.04,0.2,0.29,0.15,0.04,0.01,,,,,,,0.04,0.2,0.29,0.15,0.04,0.01,0.18,0.65,1.09,0.6,0.27,0.23,0.13,0.64,0.99,0.49,0.24,0.18,0.0,0.0,0.0,0.0,0.0,0.0,0.05,0.01,0.17,0.12,0.08,0.06,0.02,0.19,0.23,0.11,0.07,0.08,,,,,,3.84,Cavity,Cavity,Cavity,Cavity,Cavity,Cavity,Cavity,Cavity,Cavity,Cavity,Cavity,Cavity,false,false,false,false,false,false,Lesion 08 Day 035 FG,Lesion 08 Day 052 FG,Lesion 08 Day 064 FG,Lesion 08 Day 080 FG,Lesion 08 Day 092 FG,Lesion 08 Day 107 FG,0.124627106,10.13739,4,hot
DEL+OPC,M307,1,-446.66,-252.35,-365.73,-581.63,-345.8,-33.65,-468.96,-263.71,-386.9,-594.39,-385.02,-7.1,126.8,233.36,179.67,146.87,208.63,161.18,0.64,1.27,0.55,0.41,1.06,0.91,0.62,1.28,0.54,0.4,0.95,0.92,0.12,0.23,0.11,0.06,0.25,0.06,0.9,1.77,0.87,0.58,1.9,0.99,0.0,0.0,0.03,0.0,0.0,0.0,,,,,,,0.0,0.0,0.03,0.0,0.0,0.0,0.0,0.05,0.01,0.0,0.01,0.01,0.0,0.04,0.01,0.0,0.01,0.01,0.0,0.0,0.0,0.0,0.0,0.0,0.01,0.02,0.02,0.01,0.01,0.0,0.0,0.01,0.01,0.0,0.0,0.01,,,,,,0.78,Scar,Scar,Scar,Scar,Scar,Scar,Scar,Scar,Scar,Scar,Scar,Scar,false,false,false,false,false,false,Lesion 01 Day 035 FG,Lesion 01 Day 047 FG,Lesion 01 Day 061 FG,Lesion 01 Day 075 FG,Lesion 01 Day 089 FG,Lesion 01 Day 103 FG,4.4523273,2.947489,1,cool
DEL+OPC,M307,2,-380.14,-210.94,-190.45,-357.96,-454.3,-409.89,-403.05,-179.6,-160.78,-383.46,-485.37,-434.66,172.04,217.8,217.16,209.34,170.98,170.94,0.97,1.92,0.89,0.52,0.58,0.65,0.9,1.9,0.93,0.5,0.5,0.61,0.26,0.52,0.22,0.1,0.18,0.14,1.98,3.29,1.26,0.93,1.34,1.11,0.0,0.15,0.33,0.0,0.0,0.0,,,,,,,0.0,0.15,0.33,0.0,0.0,0.0,0.06,0.66,0.17,0.06,0.05,0.07,0.06,0.63,0.17,0.06,0.04,0.07,0.0,0.0,0.0,0.0,0.0,0.0,0.05,0.15,0.09,0.08,0.07,0.09,0.01,0.18,0.1,0.03,0.01,0.02,,,,,,0.59,Fibrotic,Fibrotic,Fibrotic,Fibrotic,Fibrotic,Fibrotic,Fibrotic,Fibrotic,Fibrotic,Fibrotic,Fibrotic,Fibrotic,true,true,true,true,true,true,Lesion 02z03 Day 035 FG,Lesion 02z03 Day 047 FG,Lesion 02z03 Day 061 FG,Lesion 02z03 Day 075 FG,Lesion 02z03 Day 089 FG,Lesion 02z03 Day 103 FG,-0.285366,2.724523,11,hot
DEL+OPC,M307,4,-326.44,-177.78,-193.99,-326.78,-379.75,-400.89,-355.68,-128.31,-164.85,-355.07,-413.69,-416.24,216.06,218.38,205.0,216.25,201.26,173.21,1.51,2.31,0.86,0.59,0.62,0.6,1.51,2.32,0.82,0.57,0.59,0.59,0.38,0.79,0.27,0.21,0.24,0.12,2.39,3.97,1.48,1.08,1.52,1.07,0.01,0.21,0.31,0.0,0.0,0.0,,,,,,,0.01,0.21,0.31,0.0,0.0,0.0,0.11,0.76,0.24,0.07,0.06,0.04,0.11,0.75,0.24,0.07,0.05,0.03,0.0,0.0,0.0,0.0,0.0,0.0,0.05,0.13,0.13,0.08,0.07,0.05,0.02,0.19,0.15,0.04,0.02,0.01,,,,,,2.81,Fibrotic,Fibrotic,Fibrotic,Fibrotic,Fibrotic,Fibrotic,Fibrotic,Fibrotic,Fibrotic,Fibrotic,Fibrotic,Fibrotic,false,false,false,false,false,false,Lesion 04 Day 035 FG,Lesion 04 Day 047 FG,Lesion 04 Day 061 FG,Lesion 04 Day 075 FG,Lesion 04 Day 089 FG,Lesion 04 Day 103 FG,-1.0312499,2.6532354,11,hot
DEL+OPC,M307,5,-193.01,-101.93,-122.66,-202.69,-204.23,-235.98,-125.0,-11.38,-42.62,-170.5,-184.33,-240.31,204.45,202.21,212.09,225.59,233.02,241.0,2.4,2.96,1.18,0.83,0.89,0.72,2.43,3.03,1.17,0.78,0.91,0.72,0.71,0.92,0.38,0.29,0.24,0.15,3.62,4.72,2.11,1.58,1.42,1.03,0.03,0.41,0.5,0.0,0.0,0.0,,,,,,,0.03,0.41,0.5,0.0,0.0,0.0,0.12,1.48,0.46,0.15,0.08,0.04,0.12,1.47,0.46,0.15,0.07,0.04,0.0,0.0,0.0,0.0,0.0,0.0,0.02,0.13,0.12,0.08,0.04,0.03,0.03,0.35,0.27,0.1,0.04,0.03,,,,,,2.09,Fibrotic,Fibrotic,Fibrotic,Fibrotic,Fibrotic,Fibrotic,Fibrotic,Fibrotic,Fibrotic,Fibrotic,Fibrotic,Fibrotic,false,false,false,false,false,false,Lesion 05 Day 035 FG,Lesion 05 Day 047 FG,Lesion 05 Day 061 FG,Lesion 05 Day 075 FG,Lesion 05 Day 089 FG,Lesion 05 Day 103 FG,-2.1475844,4.6978507,11,hot
PRE,M331,1,-323.63,-314.85,-254.57,-312.07,-194.06,-350.93,-357.71,-323.84,-266.98,-336.84,-190.46,-368.21,198.65,198.53,234.75,201.22,254.82,180.87,3.88,3.67,3.68,1.86,4.09,1.87,3.86,3.75,3.8,1.9,4.34,1.92,1.27,0.84,0.79,0.64,0.71,0.5,6.13,5.18,4.88,2.96,4.92,2.56,0.02,0.06,0.02,0.01,0.01,0.01,,,,,,,0.02,0.06,0.02,0.01,0.01,0.01,0.08,0.21,0.08,0.03,0.06,0.02,0.08,0.21,0.08,0.03,0.05,0.02,0.0,0.0,0.0,0.0,0.0,0.0,0.01,0.04,0.01,0.01,0.01,0.01,0.01,0.02,0.01,0.01,0.01,0.0,,,,,,1.31,Fibrotic,Fibrotic,Fibrotic,Fibrotic,Fibrotic,Fibrotic,Fibrotic,Fibrotic,Fibrotic,Fibrotic,Fibrotic,Fibrotic,false,false,false,false,false,false,Lesion 01 Day 034 FG,Lesion 01 Day 044 FG,Lesion 01 Day 058 FG,Lesion 01 Day 074 FG,Lesion 01 Day 088 FG,Lesion 01 Day 102 FG,1.5603532,1.1656202,12,hot
PRE,M331,2,-256.98,-148.38,-161.51,-188.88,-231.39,-233.19,-261.28,-75.68,-85.16,-148.11,-217.16,-213.93,245.24,228.5,227.76,244.36,230.11,223.67,1.75,2.6,2.56,2.68,1.73,1.1,1.67,2.53,2.54,2.54,1.66,1.1,0.66,1.07,0.86,0.89,0.75,0.35,3.3,4.77,4.35,4.98,3.58,1.9,0.03,0.22,0.2,0.21,0.07,0.0,,,,,,,0.03,0.22,0.2,0.21,0.07,0.0,0.15,0.87,0.74,0.77,0.36,0.15,0.14,0.86,0.73,0.75,0.35,0.15,0.0,0.0,0.0,0.0,0.0,0.0,0.05,0.12,0.11,0.11,0.1,0.07,0.04,0.21,0.18,0.16,0.1,0.07,,,,,,3.24,Fibrotic Cavity,Fibrotic Cavity,Fibrotic Cavity,Fibrotic Cavity,Fibrotic Cavity,Fibrotic Cavity,Cavity,Cavity,Cavity,Cavity,Cavity,Cavity,true,true,true,true,true,true,Lesion 02z03 Day 034 FG,Lesion 02z03 Day 044 FG,Lesion 02z03 Day 058 FG,Lesion 02z03 Day 074 FG,Lesion 02z03 Day 088 FG,Lesion 02z03 Day 102 FG,-1.1176715,2.853951,11,hot
PRE,M331,4,-308.72,-174.75,-225.55,-256.45,-297.07,-324.5,-333.09,-112.29,-216.48,-252.73,-315.77,-343.53,219.09,211.91,214.23,219.08,229.48,199.69,1.55,2.19,2.14,1.96,1.33,0.84,1.44,1.96,1.85,1.73,1.18,0.82,0.6,0.9,0.94,0.89,0.58,0.31,2.99,4.54,4.72,4.63,2.83,1.48,0.02,0.2,0.16,0.13,0.04,0.0,,,,,,,0.02,0.2,0.16,0.13,0.04,0.0,0.14,0.94,0.76,0.69,0.33,0.15,0.14,0.92,0.76,0.67,0.32,0.15,0.0,0.0,0.0,0.0,0.0,0.0,0.06,0.16,0.18,0.19,0.15,0.12,0.03,0.26,0.17,0.15,0.09,0.05,,,,,,2.61,Fibrotic Consol,Fibrotic Consol,Fibrotic Consol,Fibrotic Consol,Fibrotic Consol,Fibrotic Consol,Fibrotic,Fibrotic,Fibrotic,Fibrotic,Fibrotic,Fibrotic,true,true,true,true,true,true,Lesion 04z05 Day 034 FG,Lesion 04z05 Day 044 FG,Lesion 04z05 Day 058 FG,Lesion 04z05 Day 074 FG,Lesion 04z05 Day 088 FG,Lesion 04z05 Day 102 FG,-1.8759042,3.1092086,11,hot
PRE,M331,6,-343.82,-167.23,-179.43,-186.26,-199.43,-244.23,-376.17,-120.43,-137.69,-152.21,-184.3,-261.24,220.61,231.29,233.73,245.73,252.03,257.41,0.97,2.01,2.1,1.83,0.91,0.72,0.81,1.71,2.0,1.65,0.76,0.68,0.48,1.0,0.7,0.76,0.47,0.32,2.3,4.37,3.77,3.65,2.38,1.41,0.0,0.06,0.07,0.04,0.0,0.0,,,,,,,0.0,0.06,0.07,0.04,0.0,0.0,0.05,0.32,0.29,0.2,0.07,0.05,0.04,0.31,0.28,0.2,0.07,0.05,0.0,0.0,0.0,0.0,0.0,0.0,0.03,0.07,0.06,0.05,0.03,0.04,0.01,0.1,0.08,0.06,0.04,0.03,,,,,,3.13,Cavity,Cavity,Cavity,Cavity,Cavity,Cavity,Cavity,Cavity,Cavity,Cavity,Cavity,Cavity,false,false,false,false,false,false,Lesion 06 Day 034 FG,Lesion 06 Day 044 FG,Lesion 06 Day 058 FG,Lesion 06 Day 074 FG,Lesion 06 Day 088 FG,Lesion 06 Day 102 FG,1.9001024,3.1507635,1,cool
PRE,M331,7,-348.91,-185.4,-209.64,-172.58,-204.05,-197.29,-382.33,-146.87,-190.21,-123.49,-178.14,-158.39,224.2,225.21,231.36,224.0,232.91,228.5,0.85,1.72,2.77,2.65,1.01,1.02,0.83,1.34,2.62,2.57,0.77,0.94,0.21,1.03,0.99,0.98,0.65,0.45,1.41,4.72,5.06,4.83,3.12,1.94,0.0,0.06,0.16,0.12,0.02,0.0,,,,,,,0.0,0.06,0.16,0.12,0.02,0.0,0.04,0.37,0.6,0.46,0.14,0.14,0.04,0.36,0.59,0.45,0.14,0.14,0.0,0.0,0.0,0.0,0.0,0.0,0.03,0.09,0.1,0.07,0.07,0.06,0.01,0.12,0.11,0.1,0.07,0.08,,,,,,3.5,Cavity,Cavity,Cavity,Cavity,Cavity,Cavity,Cavity,Cavity,Cavity,Cavity,Cavity,Cavity,true,true,true,true,true,true,Lesion 07z08 Day 034 FG,Lesion 07z08 Day 044 FG,Lesion 07z08 Day 058 FG,Lesion 07z08 Day 074 FG,Lesion 07z08 Day 088 FG,Lesion 07z08 Day 102 FG,1.5213872,2.8360581,1,cool
DEL,M333,1,-506.97,-409.83,-434.52,-413.3,-470.48,-560.5,-536.93,-434.07,-476.52,-433.05,-490.51,-570.59,173.27,181.57,184.34,147.86,136.73,111.85,0.7,1.15,0.73,0.84,0.73,0.62,0.67,1.14,0.71,0.85,0.74,0.59,0.18,0.37,0.17,0.17,0.1,0.15,1.07,1.79,1.04,1.13,0.9,0.94,0.0,0.0,0.0,0.0,0.0,0.0,,,,,,,0.0,0.0,0.0,0.0,0.0,0.0,0.01,0.02,0.01,0.0,0.0,0.0,0.0,0.02,0.0,0.0,0.0,0.0,0.0,0.0,0.0,0.0,0.0,0.0,0.0,0.01,0.01,0.0,0.0,0.0,0.0,0.0,0.0,0.0,0.0,0.0,,,,,,0.7,Fibrotic,Fibrotic,Fibrotic,Fibrotic,Fibrotic,Fibrotic,Fibrotic,Fibrotic,Fibrotic,Fibrotic,Fibrotic,Fibrotic,false,false,false,false,false,false,Lesion 01 Day 034 FG,Lesion 01 Day 045 FG,Lesion 01 Day 059 FG,Lesion 01 Day 073 FG,Lesion 01 Day 087 FG,Lesion 01 Day 102 FG,8.160033,3.0115585,13,cool
DEL,M333,2,-214.25,-209.85,-173.88,-270.88,-213.04,-322.0,-154.61,-169.32,-115.09,-276.43,-163.42,-328.55,236.75,215.48,218.87,240.46,206.43,207.0,1.08,1.94,1.9,1.84,2.12,1.36,1.06,1.88,1.75,1.8,1.99,1.36,0.09,0.5,0.69,0.38,0.61,0.15,1.41,3.0,3.91,2.6,4.2,1.81,0.0,0.04,0.04,0.03,0.02,0.0,,,,,,,0.0,0.04,0.04,0.03,0.02,0.0,0.02,0.18,0.2,0.15,0.1,0.06,0.02,0.16,0.18,0.12,0.08,0.05,0.0,0.0,0.0,0.0,0.0,0.0,0.01,0.04,0.04,0.03,0.02,0.03,0.01,0.04,0.05,0.03,0.02,0.01,,,,,,1.93,Fibrotic,Fibrotic,Fibrotic,Fibrotic,Fibrotic,Fibrotic,Fibrotic,Fibrotic,Fibrotic,Fibrotic,Fibrotic,Fibrotic,true,true,true,true,true,true,Lesion 02z03 Day 034 FG,Lesion 02z03 Day 045 FG,Lesion 02z03 Day 059 FG,Lesion 02z03 Day 073 FG,Lesion 02z03 Day 087 FG,Lesion 02z03 Day 102 FG,3.2959566,2.7846618,1,cool
DEL,M333,4,-701.23,-445.29,-494.42,-506.39,-601.96,-629.15,-699.32,-470.45,-534.02,-531.97,-627.48,-638.27,33.71,205.22,182.43,132.96,126.15,93.28,0.39,0.56,0.46,0.59,0.42,0.38,0.39,0.52,0.46,0.59,0.4,0.37,0.04,0.1,0.07,0.06,0.04,0.03,0.44,0.82,0.62,0.74,0.54,0.43,0.0,0.0,0.0,0.0,0.0,0.0,,,,,,,0.0,0.0,0.0,0.0,0.0,0.0,0.0,0.01,0.01,0.0,0.0,0.0,0.0,0.01,0.0,0.0,0.0,0.0,0.0,0.0,0.0,0.0,0.0,0.0,0.0,0.01,0.01,0.0,0.0,0.0,0.0,0.0,0.0,0.0,0.0,0.0,,,,,,0.7,Fibrotic,Fibrotic,Fibrotic,Fibrotic,Fibrotic,Fibrotic,Fibrotic,Fibrotic,Fibrotic,Fibrotic,Fibrotic,Fibrotic,false,false,false,false,false,false,Lesion 04 Day 034 FG,Lesion 04 Day 045 FG,Lesion 04 Day 059 FG,Lesion 04 Day 073 FG,Lesion 04 Day 087 FG,Lesion 04 Day 102 FG,7.6939573,2.8248758,13,cool
DEL,M333,5,-546.52,-312.62,-779.88,-765.84,-780.45,-835.2,-563.65,-328.98,-786.61,-773.08,-784.89,-831.08,118.57,228.78,69.98,61.07,59.51,66.02,0.27,0.55,0.39,0.31,0.3,0.36,0.26,0.54,0.36,0.32,0.29,0.32,0.03,0.13,0.09,0.05,0.04,0.1,0.34,0.96,0.69,0.43,0.41,0.68,0.0,0.0,0.0,0.0,0.0,0.0,,,,,,,0.0,0.0,0.0,0.0,0.0,0.0,0.0,0.03,0.01,0.01,0.0,0.01,0.0,0.02,0.0,0.0,0.0,0.0,0.0,0.0,0.0,0.0,0.0,0.0,0.0,0.02,0.0,0.0,0.0,0.0,0.0,0.01,0.0,0.0,0.0,0.0,,,,,,0.7,Fibrotic Scar,Fibrotic Scar,Fibrotic Scar,Fibrotic Scar,Fibrotic Scar,Fibrotic Scar,Fibrotic,Fibrotic,Fibrotic,Fibrotic,Fibrotic,Fibrotic,false,false,false,false,false,false,Lesion 05 Day 034 FG,Lesion 05 Day 045 FG,Lesion 05 Day 059 FG,Lesion 05 Day 073 FG,Lesion 05 Day 087 FG,Lesion 05 Day 102 FG,5.5658665,2.84352,13,cool
DEL,M333,6,-419.98,-232.48,-695.91,-706.04,-554.2,-717.95,-432.1,-225.91,-720.9,-727.75,-562.06,-744.93,145.31,198.54,121.93,106.43,127.11,113.59,0.31,0.48,0.35,0.33,0.35,0.22,0.31,0.47,0.34,0.32,0.35,0.23,0.03,0.09,0.06,0.06,0.04,0.05,0.36,0.78,0.54,0.5,0.43,0.31,0.0,0.0,0.0,0.0,0.0,0.0,,,,,,,0.0,0.0,0.0,0.0,0.0,0.0,0.01,0.02,0.02,0.01,0.01,0.01,0.0,0.02,0.0,0.0,0.0,0.0,0.0,0.0,0.0,0.0,0.0,0.0,0.01,0.02,0.0,0.0,0.01,0.0,0.0,0.01,0.0,0.0,0.0,0.0,,,,,,0.7,Fibrotic Scar,Fibrotic Scar,Fibrotic Scar,Fibrotic Scar,Fibrotic Scar,Fibrotic Scar,Fibrotic,Fibrotic,Fibrotic,Fibrotic,Fibrotic,Fibrotic,false,false,false,false,false,false,Lesion 06 Day 034 FG,Lesion 06 Day 045 FG,Lesion 06 Day 059 FG,Lesion 06 Day 073 FG,Lesion 06 Day 087 FG,Lesion 06 Day 102 FG,6.3044653,5.643171,9,cool
DEL,M333,7,-371.33,-276.83,-307.48,-289.33,-305.47,-357.51,-438.27,-290.58,-310.18,-315.59,-345.36,-388.03,209.14,220.84,195.57,220.47,227.76,224.24,0.9,1.21,1.09,1.11,1.03,0.86,0.93,1.08,0.95,1.02,0.98,0.87,0.12,0.33,0.35,0.28,0.21,0.11,1.09,2.05,2.19,1.89,1.74,1.13,0.0,0.0,0.0,0.0,0.0,0.0,,,,,,,0.0,0.0,0.0,0.0,0.0,0.0,0.01,0.09,0.07,0.06,0.05,0.03,0.0,0.07,0.06,0.04,0.04,0.02,0.0,0.0,0.0,0.0,0.0,0.0,0.0,0.04,0.04,0.03,0.02,0.02,0.0,0.02,0.01,0.01,0.01,0.01,,,,,,2.66,Necrotic,Necrotic,Necrotic,Necrotic,Necrotic,Necrotic,Necrotic,Necrotic,Necrotic,Necrotic,Necrotic,Necrotic,false,false,false,false,false,false,Lesion 07 Day 034 FG,Lesion 07 Day 045 FG,Lesion 07 Day 059 FG,Lesion 07 Day 073 FG,Lesion 07 Day 087 FG,Lesion 07 Day 102 FG,5.471845,2.5775208,13,cool
DEL,M333,8,-480.09,-422.46,-505.45,-496.05,-524.19,-519.78,-512.27,-436.09,-507.33,-513.42,-527.31,-554.18,176.09,154.95,169.61,157.73,122.5,163.61,0.55,2.14,1.51,1.24,1.0,0.62,0.49,2.28,1.48,1.12,0.89,0.6,0.13,0.38,0.6,0.4,0.31,0.12,0.84,2.74,2.86,2.07,1.77,0.86,0.0,0.0,0.0,0.0,0.0,0.0,,,,,,,0.0,0.0,0.0,0.0,0.0,0.0,0.0,0.01,0.01,0.01,0.0,0.0,0.0,0.01,0.0,0.0,0.0,0.0,0.0,0.0,0.0,0.0,0.0,0.0,0.0,0.0,0.0,0.0,0.0,0.0,0.0,0.0,0.0,0.0,0.0,0.0,,,,,,1.16,Fibrotic,Fibrotic,Fibrotic,Fibrotic,Fibrotic,Fibrotic,Fibrotic,Fibrotic,Fibrotic,Fibrotic,Fibrotic,Fibrotic,false,false,false,false,false,false,Lesion 08 Day 034 FG,Lesion 08 Day 045 FG,Lesion 08 Day 059 FG,Lesion 08 Day 073 FG,Lesion 08 Day 087 FG,Lesion 08 Day 102 FG,11.123312,4.777677,7,cool
DEL,M333,9,-214.85,-65.05,-107.02,-95.23,-125.46,-274.01,-169.0,16.6,-39.11,-20.89,-53.03,-303.93,274.36,204.35,203.88,206.11,209.15,241.67,0.82,1.01,0.97,0.96,0.91,0.73,0.83,0.99,0.94,0.91,0.9,0.75,0.09,0.17,0.21,0.22,0.12,0.08,1.1,1.75,2.11,1.9,1.44,0.84,0.0,0.0,0.0,0.0,0.0,0.0,,,,,,,0.0,0.0,0.0,0.0,0.0,0.0,0.02,0.07,0.05,0.05,0.03,0.03,0.02,0.07,0.05,0.05,0.03,0.02,0.0,0.0,0.0,0.0,0.0,0.0,0.01,0.02,0.02,0.02,0.01,0.02,0.01,0.05,0.03,0.03,0.02,0.01,,,,,,1.68,Fibrotic,Fibrotic,Fibrotic,Fibrotic,Fibrotic,Fibrotic,Fibrotic,Fibrotic,Fibrotic,Fibrotic,Fibrotic,Fibrotic,false,false,false,false,false,false,Lesion 09 Day 034 FG,Lesion 09 Day 045 FG,Lesion 09 Day 059 FG,Lesion 09 Day 073 FG,Lesion 09 Day 087 FG,Lesion 09 Day 102 FG,3.9288518,7.2709403,6,cool
